{"type": "FeatureCollection", "village": "с. Алтайский", "key": "altaisky", "features": [{"type": "Feature", "properties": {"osm_id": 496463480, "building": "yes", "housenumber": null, "street": null, "levels": null, "area_m2": 919.2, "clat": 50.2437867, "clon": 82.3608171}, "geometry": {"type": "Polygon", "coordinates": [[[82.3603177, 50.2437349], [82.3603214, 50.2438514], [82.3613165, 50.2438385], [82.3613128, 50.243722], [82.3603177, 50.2437349]]]}}, {"type": "Feature", "properties": {"osm_id": 496463481, "building": "yes", "housenumber": null, "street": null, "levels": null, "area_m2": 453.5, "clat": 50.24312836498913, "clon": 82.36179422507087}, "geometry": {"type": "Polygon", "coordinates": [[[82.3617057, 50.2432889], [82.3618841, 50.2432886], [82.3618827, 50.2429678], [82.3617044, 50.2429681], [82.3617057, 50.2432889]]]}}, {"type": "Feature", "properties": {"osm_id": 496463482, "building": "yes", "housenumber": null, "street": null, "levels": null, "area_m2": 906.4, "clat": 50.244028650000004, "clon": 82.36183945}, "geometry": {"type": "Polygon", "coordinates": [[[82.3617661, 50.244343], [82.361949, 50.2443387], [82.3619128, 50.2437143], [82.3617299, 50.2437186], [82.3617661, 50.244343]]]}}, {"type": "Feature", "properties": {"osm_id": 496463483, "building": "yes", "housenumber": null, "street": null, "levels": null, "area_m2": 914.0, "clat": 50.24507602577327, "clon": 82.36186944746389}, "geometry": {"type": "Polygon", "coordinates": [[[82.3617838, 50.2453836], [82.3619719, 50.2453814], [82.3619551, 50.2447685], [82.361767, 50.2447706], [82.3617838, 50.2453836]]]}}, {"type": "Feature", "properties": {"osm_id": 496463484, "building": "detached", "housenumber": null, "street": null, "levels": "1", "area_m2": 749.2, "clat": 50.247878716137215, "clon": 82.36034812629002}, "geometry": {"type": "Polygon", "coordinates": [[[82.3602533, 50.2480959], [82.3604738, 50.2480894], [82.3604429, 50.2476615], [82.3602225, 50.247668], [82.3602533, 50.2480959]]]}}, {"type": "Feature", "properties": {"osm_id": 496463485, "building": "yes", "housenumber": null, "street": null, "levels": null, "area_m2": 918.3, "clat": 50.245089027191405, "clon": 82.36102872672419}, "geometry": {"type": "Polygon", "coordinates": [[[82.3609534, 50.2453988], [82.3611416, 50.2453941], [82.361104, 50.2447792], [82.3609159, 50.2447839], [82.3609534, 50.2453988]]]}}, {"type": "Feature", "properties": {"osm_id": 496463486, "building": "detached", "housenumber": null, "street": null, "levels": "1", "area_m2": 292.5, "clat": 50.245716800000004, "clon": 82.3611619}, "geometry": {"type": "Polygon", "coordinates": [[[82.3610901, 50.2458433], [82.3612363, 50.2458427], [82.3612337, 50.2455903], [82.3610875, 50.2455909], [82.3610901, 50.2458433]]]}}, {"type": "Feature", "properties": {"osm_id": 496463487, "building": "detached", "housenumber": null, "street": null, "levels": "1", "area_m2": 325.5, "clat": 50.24607667434619, "clon": 82.36118185493936}, "geometry": {"type": "Polygon", "coordinates": [[[82.361109, 50.2462092], [82.3612654, 50.2462066], [82.3612547, 50.2459441], [82.3610983, 50.2459468], [82.361109, 50.2462092]]]}}, {"type": "Feature", "properties": {"osm_id": 496463488, "building": "detached", "housenumber": null, "street": null, "levels": "1", "area_m2": 332.8, "clat": 50.24646642476341, "clon": 82.36118130538719}, "geometry": {"type": "Polygon", "coordinates": [[[82.3611009, 50.2465943], [82.3612657, 50.2465933], [82.3612617, 50.2463385], [82.3610969, 50.2463396], [82.3611009, 50.2465943]]]}}, {"type": "Feature", "properties": {"osm_id": 496463489, "building": "detached", "housenumber": null, "street": null, "levels": "1", "area_m2": 342.2, "clat": 50.24685327484491, "clon": 82.3611833557754}, "geometry": {"type": "Polygon", "coordinates": [[[82.3610982, 50.2469784], [82.3612712, 50.2469777], [82.3612685, 50.2467281], [82.3610955, 50.2467289], [82.3610982, 50.2469784]]]}}, {"type": "Feature", "properties": {"osm_id": 496463490, "building": "detached", "housenumber": null, "street": null, "levels": "1", "area_m2": 329.9, "clat": 50.247230099999996, "clon": 82.36118055}, "geometry": {"type": "Polygon", "coordinates": [[[82.3611022, 50.2473601], [82.3612629, 50.2473591], [82.3612589, 50.2471001], [82.3610982, 50.2471011], [82.3611022, 50.2473601]]]}}, {"type": "Feature", "properties": {"osm_id": 496463491, "building": "detached", "housenumber": null, "street": null, "levels": "2", "area_m2": 173.8, "clat": 50.249269793199026, "clon": 82.35832027466958}, "geometry": {"type": "Polygon", "coordinates": [[[82.3582404, 50.2493377], [82.3584042, 50.2493357], [82.3584002, 50.2492019], [82.3582363, 50.2492039], [82.3582404, 50.2493377]]]}}, {"type": "Feature", "properties": {"osm_id": 496463492, "building": "detached", "housenumber": null, "street": null, "levels": "2", "area_m2": 194.4, "clat": 50.2492659, "clon": 82.35896115}, "geometry": {"type": "Polygon", "coordinates": [[[82.3588774, 50.2493386], [82.3590476, 50.2493373], [82.3590449, 50.2491932], [82.3588747, 50.2491945], [82.3588774, 50.2493386]]]}}, {"type": "Feature", "properties": {"osm_id": 496463493, "building": "detached", "housenumber": null, "street": null, "levels": "2", "area_m2": 196.6, "clat": 50.24926362510649, "clon": 82.35955659072127}, "geometry": {"type": "Polygon", "coordinates": [[[82.3594742, 50.2493386], [82.3596404, 50.2493379], [82.359639, 50.2491887], [82.3594728, 50.2491893], [82.3594742, 50.2493386]]]}}, {"type": "Feature", "properties": {"osm_id": 496463494, "building": "detached", "housenumber": null, "street": null, "levels": "2", "area_m2": 186.8, "clat": 50.24888875699557, "clon": 82.35954447542}, "geometry": {"type": "Polygon", "coordinates": [[[82.3594634, 50.2489604], [82.3596309, 50.2489578], [82.3596255, 50.2488171], [82.3594581, 50.2488197], [82.3594634, 50.2489604]]]}}, {"type": "Feature", "properties": {"osm_id": 496463495, "building": "detached", "housenumber": null, "street": null, "levels": "2", "area_m2": 186.2, "clat": 50.2488892, "clon": 82.3589605}, "geometry": {"type": "Polygon", "coordinates": [[[82.358876, 50.2489587], [82.359045, 50.2489587], [82.359045, 50.2488197], [82.358876, 50.2488197], [82.358876, 50.2489587]]]}}, {"type": "Feature", "properties": {"osm_id": 496463496, "building": "detached", "housenumber": null, "street": null, "levels": "2", "area_m2": 177.6, "clat": 50.24888965, "clon": 82.35831745}, "geometry": {"type": "Polygon", "coordinates": [[[82.3582363, 50.2489587], [82.3583986, 50.2489587], [82.3583986, 50.2488206], [82.3582363, 50.2488206], [82.3582363, 50.2489587]]]}}, {"type": "Feature", "properties": {"osm_id": 496463497, "building": "detached", "housenumber": null, "street": null, "levels": "1", "area_m2": 199.9, "clat": 50.24855445952023, "clon": 82.35958597440633}, "geometry": {"type": "Polygon", "coordinates": [[[82.3595077, 50.2486379], [82.3596562, 50.2486408], [82.3596642, 50.248471], [82.3595158, 50.2484681], [82.3595077, 50.2486379]]]}}, {"type": "Feature", "properties": {"osm_id": 496463498, "building": "detached", "housenumber": null, "street": null, "levels": "1", "area_m2": 209.1, "clat": 50.24855830957298, "clon": 82.35914162509816}, "geometry": {"type": "Polygon", "coordinates": [[[82.3590665, 50.2486456], [82.3592181, 50.2486451], [82.3592167, 50.248471], [82.3590652, 50.2484715], [82.3590665, 50.2486456]]]}}, {"type": "Feature", "properties": {"osm_id": 496463499, "building": "detached", "housenumber": null, "street": null, "levels": "1", "area_m2": 205.3, "clat": 50.24856045, "clon": 82.35880230000001}, "geometry": {"type": "Polygon", "coordinates": [[[82.3587299, 50.2486482], [82.3588787, 50.2486468], [82.3588747, 50.2484727], [82.3587259, 50.2484741], [82.3587299, 50.2486482]]]}}, {"type": "Feature", "properties": {"osm_id": 496463500, "building": "detached", "housenumber": null, "street": null, "levels": "1", "area_m2": 203.8, "clat": 50.24856705, "clon": 82.35834775}, "geometry": {"type": "Polygon", "coordinates": [[[82.3582726, 50.2486516], [82.3584256, 50.2486506], [82.3584229, 50.2484825], [82.3582699, 50.2484835], [82.3582726, 50.2486516]]]}}, {"type": "Feature", "properties": {"osm_id": 496463501, "building": "detached", "housenumber": null, "street": null, "levels": "1", "area_m2": 80.2, "clat": 50.2482358, "clon": 82.358341}, "geometry": {"type": "Polygon", "coordinates": [[[82.3582833, 50.2482795], [82.3584001, 50.2482787], [82.3583987, 50.2481921], [82.3582819, 50.2481929], [82.3582833, 50.2482795]]]}}, {"type": "Feature", "properties": {"osm_id": 496463502, "building": "detached", "housenumber": null, "street": null, "levels": "1", "area_m2": 84.0, "clat": 50.2482325, "clon": 82.35866695}, "geometry": {"type": "Polygon", "coordinates": [[[82.3586091, 50.2482778], [82.3587301, 50.2482747], [82.3587248, 50.2481872], [82.3586038, 50.2481903], [82.3586091, 50.2482778]]]}}, {"type": "Feature", "properties": {"osm_id": 496463503, "building": "detached", "housenumber": null, "street": null, "levels": "1", "area_m2": 104.9, "clat": 50.24816437588667, "clon": 82.3592444883661}, "geometry": {"type": "Polygon", "coordinates": [[[82.3591804, 50.2482152], [82.3593166, 50.2482105], [82.3593086, 50.2481136], [82.3591724, 50.2481182], [82.3591804, 50.2482152]]]}}, {"type": "Feature", "properties": {"osm_id": 496463504, "building": "detached", "housenumber": null, "street": null, "levels": "1", "area_m2": 82.9, "clat": 50.248233619311215, "clon": 82.35899001297652}, "geometry": {"type": "Polygon", "coordinates": [[[82.3589297, 50.2482769], [82.3590517, 50.2482761], [82.3590504, 50.2481904], [82.3589283, 50.2481911], [82.3589297, 50.2482769]]]}}, {"type": "Feature", "properties": {"osm_id": 496463505, "building": "detached", "housenumber": null, "street": null, "levels": "1", "area_m2": 76.2, "clat": 50.248249079389545, "clon": 82.3595815895958}, "geometry": {"type": "Polygon", "coordinates": [[[82.3595197, 50.248288], [82.3596472, 50.2482855], [82.3596434, 50.2482101], [82.359516, 50.2482127], [82.3595197, 50.248288]]]}}, {"type": "Feature", "properties": {"osm_id": 496463506, "building": "detached", "housenumber": null, "street": null, "levels": "1", "area_m2": 95.1, "clat": 50.248060253788545, "clon": 82.3595860254393}, "geometry": {"type": "Polygon", "coordinates": [[[82.3595063, 50.2480985], [82.3596686, 50.2480959], [82.3596657, 50.248022], [82.3595035, 50.2480246], [82.3595063, 50.2480985]]]}}, {"type": "Feature", "properties": {"osm_id": 496463507, "building": "detached", "housenumber": null, "street": null, "levels": "1", "area_m2": 89.7, "clat": 50.2478702256575, "clon": 82.35957623624746}, "geometry": {"type": "Polygon", "coordinates": [[[82.3595104, 50.2479133], [82.3596472, 50.2479098], [82.3596421, 50.2478272], [82.3595053, 50.2478306], [82.3595104, 50.2479133]]]}}, {"type": "Feature", "properties": {"osm_id": 496463508, "building": "detached", "housenumber": null, "street": null, "levels": "1", "area_m2": 93.8, "clat": 50.247676150000004, "clon": 82.3595774}, "geometry": {"type": "Polygon", "coordinates": [[[82.3595117, 50.2477212], [82.3596431, 50.2477212], [82.3596431, 50.2476311], [82.3595117, 50.2476311], [82.3595117, 50.2477212]]]}}, {"type": "Feature", "properties": {"osm_id": 496463509, "building": "detached", "housenumber": null, "street": null, "levels": "1", "area_m2": 81.3, "clat": 50.24771851857428, "clon": 82.35898863570155}, "geometry": {"type": "Polygon", "coordinates": [[[82.358931, 50.2477632], [82.3590449, 50.2477639], [82.3590463, 50.2476738], [82.3589323, 50.2476732], [82.358931, 50.2477632]]]}}, {"type": "Feature", "properties": {"osm_id": 496463510, "building": "detached", "housenumber": null, "street": null, "levels": "1", "area_m2": 91.0, "clat": 50.24772075, "clon": 82.35866685}, "geometry": {"type": "Polygon", "coordinates": [[[82.3586065, 50.2477683], [82.3587272, 50.2477683], [82.3587272, 50.2476732], [82.3586065, 50.2476732], [82.3586065, 50.2477683]]]}}, {"type": "Feature", "properties": {"osm_id": 496463511, "building": "detached", "housenumber": null, "street": null, "levels": "1", "area_m2": 93.9, "clat": 50.2477114, "clon": 82.35832945}, "geometry": {"type": "Polygon", "coordinates": [[[82.3582779, 50.2477675], [82.358385, 50.2477659], [82.358381, 50.2476553], [82.3582739, 50.2476569], [82.3582779, 50.2477675]]]}}, {"type": "Feature", "properties": {"osm_id": 496463512, "building": "yes", "housenumber": null, "street": null, "levels": null, "area_m2": 997.4, "clat": 50.247088834286956, "clon": 82.36025492656891}, "geometry": {"type": "Polygon", "coordinates": [[[82.3601836, 50.2474502], [82.3603584, 50.247447], [82.3603262, 50.2467274], [82.3601515, 50.2467306], [82.3601836, 50.2474502]]]}}, {"type": "Feature", "properties": {"osm_id": 496463513, "building": "yes", "housenumber": null, "street": null, "levels": null, "area_m2": 1100.7, "clat": 50.24611295, "clon": 82.36022444999999}, "geometry": {"type": "Polygon", "coordinates": [[[82.3601702, 50.2465496], [82.3603297, 50.2465459], [82.3602787, 50.2456763], [82.3601192, 50.24568], [82.3601702, 50.2465496]]]}}, {"type": "Feature", "properties": {"osm_id": 496463514, "building": "yes", "housenumber": null, "street": null, "levels": null, "area_m2": 916.8, "clat": 50.245130223319094, "clon": 82.36019540239242}, "geometry": {"type": "Polygon", "coordinates": [[[82.3601206, 50.2454433], [82.3603064, 50.2454389], [82.3602702, 50.2448171], [82.3600844, 50.2448216], [82.3601206, 50.2454433]]]}}, {"type": "Feature", "properties": {"osm_id": 496463515, "building": "detached", "housenumber": null, "street": null, "levels": null, "area_m2": 913.7, "clat": 50.24434647623497, "clon": 82.36015939750796}, "geometry": {"type": "Polygon", "coordinates": [[[82.360079, 50.2446552], [82.3602666, 50.2446518], [82.3602398, 50.2440378], [82.3600522, 50.2440411], [82.360079, 50.2446552]]]}}, {"type": "Feature", "properties": {"osm_id": 496463516, "building": "detached", "housenumber": null, "street": null, "levels": "1", "area_m2": 241.5, "clat": 50.24439219242942, "clon": 82.3595656753636}, "geometry": {"type": "Polygon", "coordinates": [[[82.3594715, 50.2444742], [82.3596545, 50.2444766], [82.3596599, 50.2443102], [82.3594768, 50.2443078], [82.3594715, 50.2444742]]]}}, {"type": "Feature", "properties": {"osm_id": 496463517, "building": "detached", "housenumber": null, "street": null, "levels": "1", "area_m2": 200.7, "clat": 50.24449065, "clon": 82.3590082}, "geometry": {"type": "Polygon", "coordinates": [[[82.3588841, 50.2445437], [82.3591389, 50.2445368], [82.3591323, 50.2444376], [82.3588775, 50.2444445], [82.3588841, 50.2445437]]]}}, {"type": "Feature", "properties": {"osm_id": 496463518, "building": "detached", "housenumber": null, "street": null, "levels": "1", "area_m2": 210.5, "clat": 50.24434800950578, "clon": 82.35834472557833}, "geometry": {"type": "Polygon", "coordinates": [[[82.3582725, 50.2444365], [82.358425, 50.2444336], [82.3584169, 50.2442595], [82.3582645, 50.2442624], [82.3582725, 50.2444365]]]}}, {"type": "Feature", "properties": {"osm_id": 496463519, "building": "detached", "housenumber": null, "street": null, "levels": "1", "area_m2": 257.1, "clat": 50.24485696659168, "clon": 82.35957743326057}, "geometry": {"type": "Polygon", "coordinates": [[[82.3594876, 50.2449476], [82.3596659, 50.2449482], [82.3596673, 50.2447663], [82.3594889, 50.2447658], [82.3594876, 50.2449476]]]}}, {"type": "Feature", "properties": {"osm_id": 496463520, "building": "detached", "housenumber": null, "street": null, "levels": "1", "area_m2": 231.7, "clat": 50.2448362, "clon": 82.35895465}, "geometry": {"type": "Polygon", "coordinates": [[[82.3588277, 50.2448953], [82.3590879, 50.2448893], [82.3590816, 50.2447771], [82.3588214, 50.2447831], [82.3588277, 50.2448953]]]}}, {"type": "Feature", "properties": {"osm_id": 496463521, "building": "detached", "housenumber": null, "street": null, "levels": "1", "area_m2": 208.9, "clat": 50.2448721, "clon": 82.35836435}, "geometry": {"type": "Polygon", "coordinates": [[[82.35829, 50.2449596], [82.3584414, 50.2449587], [82.3584387, 50.2447846], [82.3582873, 50.2447855], [82.35829, 50.2449596]]]}}, {"type": "Feature", "properties": {"osm_id": 496463522, "building": "detached", "housenumber": null, "street": null, "levels": "1", "area_m2": 257.9, "clat": 50.2452467, "clon": 82.35950225}, "geometry": {"type": "Polygon", "coordinates": [[[82.3594151, 50.2453396], [82.3595907, 50.2453391], [82.3595894, 50.2451538], [82.3594138, 50.2451543], [82.3594151, 50.2453396]]]}}, {"type": "Feature", "properties": {"osm_id": 496463523, "building": "detached", "housenumber": null, "street": null, "levels": "1", "area_m2": 85.9, "clat": 50.24729720661629, "clon": 82.35898582559352}, "geometry": {"type": "Polygon", "coordinates": [[[82.358925, 50.2472521], [82.35893, 50.2473449], [82.3590467, 50.2473423], [82.3590416, 50.2472495], [82.358925, 50.2472521]]]}}, {"type": "Feature", "properties": {"osm_id": 496463524, "building": "detached", "housenumber": null, "street": null, "levels": "1", "area_m2": 90.1, "clat": 50.247298799999996, "clon": 82.3586648}, "geometry": {"type": "Polygon", "coordinates": [[[82.3585991, 50.2473421], [82.3587298, 50.2473425], [82.3587305, 50.2472555], [82.3585998, 50.2472551], [82.3585991, 50.2473421]]]}}, {"type": "Feature", "properties": {"osm_id": 496463525, "building": "detached", "housenumber": null, "street": null, "levels": "1", "area_m2": 89.5, "clat": 50.24729549396064, "clon": 82.35833387460148}, "geometry": {"type": "Polygon", "coordinates": [[[82.3582732, 50.2473417], [82.3583979, 50.2473398], [82.3583946, 50.2472493], [82.3582698, 50.2472512], [82.3582732, 50.2473417]]]}}, {"type": "Feature", "properties": {"osm_id": 496463526, "building": "detached", "housenumber": null, "street": null, "levels": "1", "area_m2": 92.1, "clat": 50.24678255, "clon": 82.3589797}, "geometry": {"type": "Polygon", "coordinates": [[[82.3589156, 50.246828], [82.3590423, 50.2468288], [82.3590438, 50.2467371], [82.3589171, 50.2467363], [82.3589156, 50.246828]]]}}, {"type": "Feature", "properties": {"osm_id": 496463527, "building": "detached", "housenumber": null, "street": null, "levels": "1", "area_m2": 98.9, "clat": 50.2467793, "clon": 82.35865575}, "geometry": {"type": "Polygon", "coordinates": [[[82.3585917, 50.246828], [82.3587198, 50.246828], [82.3587198, 50.2467306], [82.3585917, 50.2467306], [82.3585917, 50.246828]]]}}, {"type": "Feature", "properties": {"osm_id": 496463528, "building": "detached", "housenumber": null, "street": null, "levels": "1", "area_m2": 94.1, "clat": 50.24678555585005, "clon": 82.35832652491544}, "geometry": {"type": "Polygon", "coordinates": [[[82.3582611, 50.246831], [82.3583912, 50.2468314], [82.3583919, 50.2467401], [82.3582619, 50.2467397], [82.3582611, 50.246831]]]}}, {"type": "Feature", "properties": {"osm_id": 496463529, "building": "detached", "housenumber": null, "street": null, "levels": "1", "area_m2": 129.3, "clat": 50.2462055, "clon": 82.3589836}, "geometry": {"type": "Polygon", "coordinates": [[[82.3589183, 50.2461432], [82.3589176, 50.2462675], [82.3590489, 50.2462678], [82.3590496, 50.2461435], [82.3589183, 50.2461432]]]}}, {"type": "Feature", "properties": {"osm_id": 496463530, "building": "detached", "housenumber": null, "street": null, "levels": "1", "area_m2": 209.6, "clat": 50.24646305, "clon": 82.35835465}, "geometry": {"type": "Polygon", "coordinates": [[[82.3582772, 50.2465484], [82.3584321, 50.2465484], [82.3584321, 50.2463777], [82.3582772, 50.2463777], [82.3582772, 50.2465484]]]}}, {"type": "Feature", "properties": {"osm_id": 496463531, "building": "detached", "housenumber": null, "street": null, "levels": "1", "area_m2": 54.0, "clat": 50.24623045, "clon": 82.35821215}, "geometry": {"type": "Polygon", "coordinates": [[[82.3581652, 50.2462667], [82.3582591, 50.2462667], [82.3582591, 50.2461942], [82.3581652, 50.2461942], [82.3581652, 50.2462667]]]}}, {"type": "Feature", "properties": {"osm_id": 496463532, "building": "detached", "housenumber": null, "street": null, "levels": "1", "area_m2": 177.9, "clat": 50.24610935, "clon": 82.3583671}, "geometry": {"type": "Polygon", "coordinates": [[[82.35829, 50.2461809], [82.3584496, 50.2461784], [82.3584442, 50.2460378], [82.3582846, 50.2460403], [82.35829, 50.2461809]]]}}, {"type": "Feature", "properties": {"osm_id": 496463533, "building": "detached", "housenumber": null, "street": null, "levels": "1", "area_m2": 181.1, "clat": 50.24566355, "clon": 82.35837235}, "geometry": {"type": "Polygon", "coordinates": [[[82.3582893, 50.2457328], [82.3584527, 50.2457341], [82.3584554, 50.2455943], [82.358292, 50.245593], [82.3582893, 50.2457328]]]}}, {"type": "Feature", "properties": {"osm_id": 496463534, "building": "detached", "housenumber": null, "street": null, "levels": "1", "area_m2": 222.2, "clat": 50.24557062540145, "clon": 82.35903598474333}, "geometry": {"type": "Polygon", "coordinates": [[[82.358925, 50.2456342], [82.3591516, 50.2456307], [82.359147, 50.2455071], [82.3589204, 50.2455105], [82.358925, 50.2456342]]]}}, {"type": "Feature", "properties": {"osm_id": 496463535, "building": "detached", "housenumber": null, "street": null, "levels": "1", "area_m2": 221.8, "clat": 50.245574170284435, "clon": 82.35954069005247}, "geometry": {"type": "Polygon", "coordinates": [[[82.3594286, 50.2456367], [82.3596545, 50.2456355], [82.3596528, 50.2455116], [82.3594268, 50.2455129], [82.3594286, 50.2456367]]]}}, {"type": "Feature", "properties": {"osm_id": 496463536, "building": "detached", "housenumber": null, "street": null, "levels": "1", "area_m2": 81.1, "clat": 50.24579937449839, "clon": 82.35955751435817}, "geometry": {"type": "Polygon", "coordinates": [[[82.3594929, 50.2458391], [82.3596257, 50.2458366], [82.3596221, 50.2457596], [82.3594893, 50.2457622], [82.3594929, 50.2458391]]]}}, {"type": "Feature", "properties": {"osm_id": 496463537, "building": "detached", "housenumber": null, "street": null, "levels": "1", "area_m2": 79.7, "clat": 50.2459871, "clon": 82.35955630000001}, "geometry": {"type": "Polygon", "coordinates": [[[82.3594896, 50.2460248], [82.359623, 50.2460248], [82.359623, 50.2459494], [82.3594896, 50.2459494], [82.3594896, 50.2460248]]]}}, {"type": "Feature", "properties": {"osm_id": 496463538, "building": "detached", "housenumber": null, "street": null, "levels": "1", "area_m2": 68.3, "clat": 50.24618004538437, "clon": 82.35955767491502}, "geometry": {"type": "Polygon", "coordinates": [[[82.3594956, 50.2462148], [82.3596203, 50.2462144], [82.3596198, 50.2461453], [82.359495, 50.2461457], [82.3594956, 50.2462148]]]}}, {"type": "Feature", "properties": {"osm_id": 496463539, "building": "detached", "housenumber": null, "street": null, "levels": "1", "area_m2": 193.6, "clat": 50.2464621746999, "clon": 82.35956660687486}, "geometry": {"type": "Polygon", "coordinates": [[[82.3594976, 50.2465488], [82.3596396, 50.2465475], [82.3596356, 50.2463755], [82.3594936, 50.2463769], [82.3594976, 50.2465488]]]}}, {"type": "Feature", "properties": {"osm_id": 496463540, "building": "detached", "housenumber": null, "street": null, "levels": "1", "area_m2": 86.5, "clat": 50.2467613, "clon": 82.35957205}, "geometry": {"type": "Polygon", "coordinates": [[[82.359501, 50.2467997], [82.3596431, 50.2467997], [82.3596431, 50.2467229], [82.359501, 50.2467229], [82.359501, 50.2467997]]]}}, {"type": "Feature", "properties": {"osm_id": 496463541, "building": "detached", "housenumber": null, "street": null, "levels": "1", "area_m2": 81.4, "clat": 50.24694971986677, "clon": 82.3595693616147}, "geometry": {"type": "Polygon", "coordinates": [[[82.3595057, 50.2469901], [82.3596337, 50.2469896], [82.3596331, 50.2469094], [82.359505, 50.2469098], [82.3595057, 50.2469901]]]}}, {"type": "Feature", "properties": {"osm_id": 496463542, "building": "detached", "housenumber": null, "street": null, "levels": "1", "area_m2": 82.7, "clat": 50.24714075, "clon": 82.35957105}, "geometry": {"type": "Polygon", "coordinates": [[[82.3595023, 50.2471787], [82.3596398, 50.2471787], [82.3596398, 50.2471028], [82.3595023, 50.2471028], [82.3595023, 50.2471787]]]}}, {"type": "Feature", "properties": {"osm_id": 496463543, "building": "detached", "housenumber": null, "street": null, "levels": "1", "area_m2": 80.2, "clat": 50.24733092482566, "clon": 82.35956706379535}, "geometry": {"type": "Polygon", "coordinates": [[[82.359503, 50.2473704], [82.3596324, 50.2473696], [82.3596311, 50.2472914], [82.3595017, 50.2472923], [82.359503, 50.2473704]]]}}, {"type": "Feature", "properties": {"osm_id": 637127230, "building": "industrial", "housenumber": null, "street": null, "levels": null, "area_m2": 1512.7, "clat": 50.23982295375104, "clon": 82.34949978317722}, "geometry": {"type": "Polygon", "coordinates": [[[82.3492763, 50.240156], [82.3495013, 50.2399436], [82.349529, 50.2399556], [82.3496474, 50.2398438], [82.3496858, 50.2398605], [82.3499111, 50.2396477], [82.3496201, 50.2395217], [82.3493948, 50.2397344], [82.3492764, 50.2398462], [82.3493097, 50.2398606], [82.3490848, 50.240073], [82.3492763, 50.240156]]]}}, {"type": "Feature", "properties": {"osm_id": 637127238, "building": "yes", "housenumber": null, "street": null, "levels": null, "area_m2": 1029.6, "clat": 50.23886406299606, "clon": 82.35051185871237}, "geometry": {"type": "Polygon", "coordinates": [[[82.3501843, 50.2390021], [82.3504082, 50.239106], [82.3508394, 50.2387261], [82.3506155, 50.2386221], [82.3501843, 50.2390021]]]}}, {"type": "Feature", "properties": {"osm_id": 637127239, "building": "yes", "housenumber": null, "street": null, "levels": null, "area_m2": 1704.3, "clat": 50.2387364, "clon": 82.34972365}, "geometry": {"type": "Polygon", "coordinates": [[[82.3493153, 50.238918], [82.349617, 50.2390471], [82.350132, 50.2385548], [82.3498303, 50.2384257], [82.3493153, 50.238918]]]}}, {"type": "Feature", "properties": {"osm_id": 637127246, "building": "yes", "housenumber": null, "street": null, "levels": null, "area_m2": 75.6, "clat": 50.24816025, "clon": 82.364801}, "geometry": {"type": "Polygon", "coordinates": [[[82.3647192, 50.2481894], [82.3648828, 50.2481894], [82.3648828, 50.2481311], [82.3647192, 50.2481311], [82.3647192, 50.2481894]]]}}, {"type": "Feature", "properties": {"osm_id": 637127247, "building": "yes", "housenumber": null, "street": null, "levels": null, "area_m2": 91.9, "clat": 50.2480428, "clon": 82.364797}, "geometry": {"type": "Polygon", "coordinates": [[[82.3647004, 50.2480728], [82.3648936, 50.2480728], [82.3648936, 50.2480128], [82.3647004, 50.2480128], [82.3647004, 50.2480728]]]}}, {"type": "Feature", "properties": {"osm_id": 637127248, "building": "yes", "housenumber": null, "street": null, "levels": null, "area_m2": 79.6, "clat": 50.24785065, "clon": 82.3647809}, "geometry": {"type": "Polygon", "coordinates": [[[82.3647058, 50.2478172], [82.3647058, 50.2478841], [82.364856, 50.2478841], [82.364856, 50.2478172], [82.3647058, 50.2478172]]]}}, {"type": "Feature", "properties": {"osm_id": 637127249, "building": "yes", "housenumber": null, "street": null, "levels": null, "area_m2": 97.7, "clat": 50.247676600000005, "clon": 82.36480105000001}, "geometry": {"type": "Polygon", "coordinates": [[[82.3647112, 50.2476423], [82.3647112, 50.2477109], [82.3648909, 50.2477109], [82.3648909, 50.2476423], [82.3647112, 50.2476423]]]}}, {"type": "Feature", "properties": {"osm_id": 637127250, "building": "yes", "housenumber": null, "street": null, "levels": null, "area_m2": 76.5, "clat": 50.2475068, "clon": 82.36477015}, "geometry": {"type": "Polygon", "coordinates": [[[82.3647031, 50.2474708], [82.3647031, 50.2475428], [82.3648372, 50.2475428], [82.3648372, 50.2474708], [82.3647031, 50.2474708]]]}}, {"type": "Feature", "properties": {"osm_id": 637127251, "building": "yes", "housenumber": null, "street": null, "levels": null, "area_m2": 89.4, "clat": 50.2473361, "clon": 82.36476615}, "geometry": {"type": "Polygon", "coordinates": [[[82.3646897, 50.2472992], [82.3646897, 50.247373], [82.3648426, 50.247373], [82.3648426, 50.2472992], [82.3646897, 50.2472992]]]}}, {"type": "Feature", "properties": {"osm_id": 637127252, "building": "yes", "housenumber": null, "street": null, "levels": null, "area_m2": 116.5, "clat": 50.2469416, "clon": 82.3647702}, "geometry": {"type": "Polygon", "coordinates": [[[82.364679, 50.2469013], [82.364679, 50.2469819], [82.3648614, 50.2469819], [82.3648614, 50.2469013], [82.364679, 50.2469013]]]}}, {"type": "Feature", "properties": {"osm_id": 637127253, "building": "yes", "housenumber": null, "street": null, "levels": null, "area_m2": 199.1, "clat": 50.24720405, "clon": 82.3641707}, "geometry": {"type": "Polygon", "coordinates": [[[82.3640996, 50.2472924], [82.3642418, 50.2472924], [82.3642418, 50.2471157], [82.3640996, 50.2471157], [82.3640996, 50.2472924]]]}}, {"type": "Feature", "properties": {"osm_id": 637127254, "building": "yes", "housenumber": null, "street": null, "levels": null, "area_m2": 210.3, "clat": 50.246912449999996, "clon": 82.3641586}, "geometry": {"type": "Polygon", "coordinates": [[[82.3640835, 50.2470008], [82.3642337, 50.2470008], [82.3642337, 50.2468241], [82.3640835, 50.2468241], [82.3640835, 50.2470008]]]}}, {"type": "Feature", "properties": {"osm_id": 637127255, "building": "yes", "housenumber": null, "street": null, "levels": null, "area_m2": 277.7, "clat": 50.24646395, "clon": 82.3641452}, "geometry": {"type": "Polygon", "coordinates": [[[82.3640701, 50.2463473], [82.3640701, 50.2465806], [82.3642203, 50.2465806], [82.3642203, 50.2463473], [82.3640701, 50.2463473]]]}}, {"type": "Feature", "properties": {"osm_id": 637127256, "building": "yes", "housenumber": null, "street": null, "levels": null, "area_m2": 271.5, "clat": 50.24613545, "clon": 82.36414520000001}, "geometry": {"type": "Polygon", "coordinates": [[[82.3640701, 50.2462495], [82.3642203, 50.2462495], [82.3642203, 50.2460214], [82.3640701, 50.2460214], [82.3640701, 50.2462495]]]}}, {"type": "Feature", "properties": {"osm_id": 637127257, "building": "yes", "housenumber": null, "street": null, "levels": null, "area_m2": 94.3, "clat": 50.245368150000004, "clon": 82.36471375}, "geometry": {"type": "Polygon", "coordinates": [[[82.3646521, 50.2454168], [82.3647727, 50.2454181], [82.3647754, 50.2453195], [82.3646548, 50.2453182], [82.3646521, 50.2454168]]]}}, {"type": "Feature", "properties": {"osm_id": 637127258, "building": "yes", "housenumber": null, "street": null, "levels": null, "area_m2": 100.1, "clat": 50.2448814, "clon": 82.36472690000001}, "geometry": {"type": "Polygon", "coordinates": [[[82.3646428, 50.2449185], [82.3648091, 50.2449202], [82.364811, 50.2448443], [82.3646447, 50.2448426], [82.3646428, 50.2449185]]]}}, {"type": "Feature", "properties": {"osm_id": 637127259, "building": "yes", "housenumber": null, "street": null, "levels": null, "area_m2": 50.2, "clat": 50.24450090458279, "clon": 82.36472112479768}, "geometry": {"type": "Polygon", "coordinates": [[[82.3646669, 50.24453], [82.3647742, 50.2445308], [82.3647753, 50.2444718], [82.3646681, 50.244471], [82.3646669, 50.24453]]]}}, {"type": "Feature", "properties": {"osm_id": 637127260, "building": "yes", "housenumber": null, "street": null, "levels": null, "area_m2": 96.4, "clat": 50.24467992027309, "clon": 82.36473274002014}, "geometry": {"type": "Polygon", "coordinates": [[[82.3646589, 50.2447212], [82.3648077, 50.2447204], [82.3648066, 50.2446386], [82.3646577, 50.2446395], [82.3646589, 50.2447212]]]}}, {"type": "Feature", "properties": {"osm_id": 637127261, "building": "yes", "housenumber": null, "street": null, "levels": null, "area_m2": 70.0, "clat": 50.2446899, "clon": 82.3642297}, "geometry": {"type": "Polygon", "coordinates": [[[82.3641787, 50.2447332], [82.3642807, 50.2447332], [82.3642807, 50.2446466], [82.3641787, 50.2446466], [82.3641787, 50.2447332]]]}}, {"type": "Feature", "properties": {"osm_id": 637127262, "building": "yes", "housenumber": null, "street": null, "levels": null, "area_m2": 196.9, "clat": 50.24431425, "clon": 82.3642163}, "geometry": {"type": "Polygon", "coordinates": [[[82.3641519, 50.2444107], [82.3642807, 50.2444107], [82.3642807, 50.2442178], [82.3641519, 50.2442178], [82.3641519, 50.2444107]]]}}, {"type": "Feature", "properties": {"osm_id": 637127263, "building": "yes", "housenumber": null, "street": null, "levels": null, "area_m2": 108.1, "clat": 50.24428907454995, "clon": 82.36474058646556}, "geometry": {"type": "Polygon", "coordinates": [[[82.3646642, 50.2443336], [82.3648131, 50.2443361], [82.364817, 50.2442446], [82.3646681, 50.244242], [82.3646642, 50.2443336]]]}}, {"type": "Feature", "properties": {"osm_id": 637127264, "building": "yes", "housenumber": null, "street": null, "levels": null, "area_m2": 68.7, "clat": 50.243886125165375, "clon": 82.36473557633694}, "geometry": {"type": "Polygon", "coordinates": [[[82.3646575, 50.2439142], [82.3648144, 50.2439133], [82.3648137, 50.2438581], [82.3646568, 50.2438589], [82.3646575, 50.2439142]]]}}, {"type": "Feature", "properties": {"osm_id": 637127265, "building": "yes", "housenumber": null, "street": null, "levels": null, "area_m2": 114.8, "clat": 50.244073624844766, "clon": 82.36474401488763}, "geometry": {"type": "Polygon", "coordinates": [[[82.3646642, 50.2441191], [82.3648251, 50.2441182], [82.3648238, 50.2440281], [82.3646629, 50.2440291], [82.3646642, 50.2441191]]]}}, {"type": "Feature", "properties": {"osm_id": 637127266, "building": "yes", "housenumber": null, "street": null, "levels": null, "area_m2": 147.8, "clat": 50.24393836619835, "clon": 82.36424047487202}, "geometry": {"type": "Polygon", "coordinates": [[[82.3641908, 50.2440334], [82.3642888, 50.2440337], [82.3642901, 50.2438433], [82.3641922, 50.243843], [82.3641908, 50.2440334]]]}}, {"type": "Feature", "properties": {"osm_id": 637127267, "building": "yes", "housenumber": null, "street": null, "levels": null, "area_m2": 198.6, "clat": 50.243574, "clon": 82.36423985}, "geometry": {"type": "Polygon", "coordinates": [[[82.3641868, 50.2436869], [82.3642983, 50.2436858], [82.3642929, 50.2434611], [82.3641814, 50.2434622], [82.3641868, 50.2436869]]]}}, {"type": "Feature", "properties": {"osm_id": 637127268, "building": "yes", "housenumber": null, "street": null, "levels": null, "area_m2": 83.9, "clat": 50.24316505, "clon": 82.3642157}, "geometry": {"type": "Polygon", "coordinates": [[[82.3641559, 50.2432092], [82.3642768, 50.2432084], [82.3642755, 50.2431209], [82.3641546, 50.2431217], [82.3641559, 50.2432092]]]}}, {"type": "Feature", "properties": {"osm_id": 637127269, "building": "yes", "housenumber": null, "street": null, "levels": null, "area_m2": 83.7, "clat": 50.24263397484652, "clon": 82.36419753974852}, "geometry": {"type": "Polygon", "coordinates": [[[82.3641399, 50.24268], [82.3642539, 50.2426806], [82.3642552, 50.242588], [82.3641412, 50.2425873], [82.3641399, 50.24268]]]}}, {"type": "Feature", "properties": {"osm_id": 637127270, "building": "yes", "housenumber": null, "street": null, "levels": null, "area_m2": 541.1, "clat": 50.241534900000005, "clon": 82.36418945000001}, "geometry": {"type": "Polygon", "coordinates": [[[82.3640969, 50.2417193], [82.364282, 50.2417193], [82.364282, 50.2413505], [82.3640969, 50.2413505], [82.3640969, 50.2417193]]]}}, {"type": "Feature", "properties": {"osm_id": 637127271, "building": "yes", "housenumber": null, "street": null, "levels": null, "area_m2": 561.6, "clat": 50.24098115, "clon": 82.364172}, "geometry": {"type": "Polygon", "coordinates": [[[82.3640782, 50.2411653], [82.3642712, 50.2411641], [82.3642658, 50.240797], [82.3640728, 50.2407982], [82.3640782, 50.2411653]]]}}, {"type": "Feature", "properties": {"osm_id": 637127272, "building": "yes", "housenumber": null, "street": null, "levels": null, "area_m2": 1399.0, "clat": 50.240690028637964, "clon": 82.36479259884176}, "geometry": {"type": "Polygon", "coordinates": [[[82.3647433, 50.2411996], [82.364917, 50.2411943], [82.3648419, 50.2401805], [82.3646682, 50.2401857], [82.3647433, 50.2411996]]]}}, {"type": "Feature", "properties": {"osm_id": 637127273, "building": "yes", "housenumber": null, "street": null, "levels": null, "area_m2": 213.6, "clat": 50.2520728, "clon": 82.3581475}, "geometry": {"type": "Polygon", "coordinates": [[[82.3581371, 50.2521685], [82.358284, 50.2521126], [82.3581579, 50.2519771], [82.358011, 50.252033], [82.3581371, 50.2521685]]]}}, {"type": "Feature", "properties": {"osm_id": 637127274, "building": "yes", "housenumber": null, "street": null, "levels": null, "area_m2": 866.7, "clat": 50.2523231, "clon": 82.35846719999999}, "geometry": {"type": "Polygon", "coordinates": [[[82.3583946, 50.2525046], [82.3587437, 50.2523851], [82.3585398, 50.2521416], [82.3581907, 50.2522611], [82.3583946, 50.2525046]]]}}, {"type": "Feature", "properties": {"osm_id": 637127275, "building": "yes", "housenumber": null, "street": null, "levels": null, "area_m2": 232.8, "clat": 50.24819024230729, "clon": 82.36186532471976}, "geometry": {"type": "Polygon", "coordinates": [[[82.3617782, 50.2482735], [82.3619565, 50.2482717], [82.3619525, 50.248107], [82.3617741, 50.2481088], [82.3617782, 50.2482735]]]}}, {"type": "Feature", "properties": {"osm_id": 637127276, "building": "yes", "housenumber": null, "street": null, "levels": null, "area_m2": 231.8, "clat": 50.241948724776734, "clon": 82.35912850022508}, "geometry": {"type": "Polygon", "coordinates": [[[82.3589189, 50.2419844], [82.3593387, 50.2419827], [82.359338, 50.241913], [82.3589182, 50.2419148], [82.3589189, 50.2419844]]]}}, {"type": "Feature", "properties": {"osm_id": 637127277, "building": "yes", "housenumber": null, "street": null, "levels": null, "area_m2": 239.2, "clat": 50.242062798451826, "clon": 82.35789962372651}, "geometry": {"type": "Polygon", "coordinates": [[[82.3578141, 50.2421955], [82.3579546, 50.2421952], [82.3579533, 50.2419087], [82.3578581, 50.2419089], [82.3578592, 50.242131], [82.3578138, 50.2421311], [82.3578141, 50.2421955]]]}}, {"type": "Feature", "properties": {"osm_id": 637127278, "building": "yes", "housenumber": null, "street": null, "levels": null, "area_m2": 1549.0, "clat": 50.24278919882793, "clon": 82.35832773608149}, "geometry": {"type": "Polygon", "coordinates": [[[82.3581907, 50.2431208], [82.358498, 50.2431201], [82.3584958, 50.2427142], [82.3584422, 50.2427143], [82.3584417, 50.2426211], [82.3583991, 50.2426212], [82.3583979, 50.2423983], [82.3581868, 50.2423988], [82.3581907, 50.2431208]]]}}, {"type": "Feature", "properties": {"osm_id": 637127279, "building": "yes", "housenumber": null, "street": null, "levels": null, "area_m2": 347.4, "clat": 50.24312315, "clon": 82.35937299999999}, "geometry": {"type": "Polygon", "coordinates": [[[82.359218, 50.2430531], [82.3592209, 50.2431958], [82.359528, 50.2431932], [82.3595251, 50.2430505], [82.359218, 50.2430531]]]}}, {"type": "Feature", "properties": {"osm_id": 637127280, "building": "yes", "housenumber": null, "street": null, "levels": null, "area_m2": 719.1, "clat": 50.242667124492996, "clon": 82.36011845317405}, "geometry": {"type": "Polygon", "coordinates": [[[82.3600307, 50.2429115], [82.3602169, 50.2429099], [82.3602062, 50.2424227], [82.36002, 50.2424244], [82.3600307, 50.2429115]]]}}, {"type": "Feature", "properties": {"osm_id": 637127281, "building": "yes", "housenumber": null, "street": null, "levels": null, "area_m2": 88.7, "clat": 50.2416353, "clon": 82.36298385}, "geometry": {"type": "Polygon", "coordinates": [[[82.3629436, 50.2417048], [82.3630241, 50.2417048], [82.3630241, 50.2415658], [82.3629436, 50.2415658], [82.3629436, 50.2417048]]]}}, {"type": "Feature", "properties": {"osm_id": 637127282, "building": "yes", "housenumber": null, "street": null, "levels": null, "area_m2": 523.0, "clat": 50.2409494, "clon": 82.36294485}, "geometry": {"type": "Polygon", "coordinates": [[[82.3628551, 50.2411284], [82.36304, 50.2411272], [82.3630346, 50.2407704], [82.3628497, 50.2407716], [82.3628551, 50.2411284]]]}}, {"type": "Feature", "properties": {"osm_id": 637127283, "building": "yes", "housenumber": null, "street": null, "levels": null, "area_m2": 265.1, "clat": 50.240919250000005, "clon": 82.3624205}, "geometry": {"type": "Polygon", "coordinates": [[[82.3623575, 50.2410495], [82.3624862, 50.2410489], [82.3624835, 50.240789], [82.3623548, 50.2407896], [82.3623575, 50.2410495]]]}}, {"type": "Feature", "properties": {"osm_id": 637127284, "building": "yes", "housenumber": null, "street": null, "levels": null, "area_m2": 470.1, "clat": 50.24093615, "clon": 82.3617935}, "geometry": {"type": "Polygon", "coordinates": [[[82.3617031, 50.2410941], [82.361892, 50.2410921], [82.3618839, 50.2407782], [82.361695, 50.2407802], [82.3617031, 50.2410941]]]}}, {"type": "Feature", "properties": {"osm_id": 637127285, "building": "yes", "housenumber": null, "street": null, "levels": null, "area_m2": 813.6, "clat": 50.24084125, "clon": 82.36039165}, "geometry": {"type": "Polygon", "coordinates": [[[82.3599905, 50.2407793], [82.3599922, 50.2409075], [82.3607928, 50.2409032], [82.3607911, 50.240775], [82.3599905, 50.2407793]]]}}, {"type": "Feature", "properties": {"osm_id": 637127286, "building": "yes", "housenumber": null, "street": null, "levels": null, "area_m2": 850.5, "clat": 50.241350470552554, "clon": 82.35929839075342}, "geometry": {"type": "Polygon", "coordinates": [[[82.3593159, 50.2414895], [82.3595304, 50.241489], [82.3595291, 50.2412309], [82.3593146, 50.2412313], [82.3593147, 50.2412527], [82.3590165, 50.2412534], [82.3590174, 50.2414275], [82.3593156, 50.2414269], [82.3593159, 50.2414895]]]}}, {"type": "Feature", "properties": {"osm_id": 637127287, "building": "yes", "housenumber": null, "street": null, "levels": null, "area_m2": 720.8, "clat": 50.241360197004134, "clon": 82.3600870282641}, "geometry": {"type": "Polygon", "coordinates": [[[82.3599958, 50.2416061], [82.3601809, 50.2416057], [82.3601782, 50.2411142], [82.3599932, 50.2411147], [82.3599958, 50.2416061]]]}}, {"type": "Feature", "properties": {"osm_id": 637127288, "building": "yes", "housenumber": null, "street": null, "levels": null, "area_m2": 288.5, "clat": 50.2420441, "clon": 82.3613674}, "geometry": {"type": "Polygon", "coordinates": [[[82.3612538, 50.2419638], [82.3612565, 50.2421259], [82.361481, 50.2421244], [82.3614783, 50.2419623], [82.3612538, 50.2419638]]]}}, {"type": "Feature", "properties": {"osm_id": 637127289, "building": "yes", "housenumber": null, "street": null, "levels": null, "area_m2": 523.2, "clat": 50.241531099999996, "clon": 82.36134965}, "geometry": {"type": "Polygon", "coordinates": [[[82.3612592, 50.2417099], [82.3614442, 50.2417091], [82.3614401, 50.2413523], [82.3612551, 50.2413531], [82.3612592, 50.2417099]]]}}, {"type": "Feature", "properties": {"osm_id": 637127290, "building": "yes", "housenumber": null, "street": null, "levels": null, "area_m2": 406.8, "clat": 50.2421151, "clon": 82.36248405}, "geometry": {"type": "Polygon", "coordinates": [[[82.3623897, 50.2422597], [82.362565, 50.242263], [82.3625784, 50.2419705], [82.3624031, 50.2419672], [82.3623897, 50.2422597]]]}}, {"type": "Feature", "properties": {"osm_id": 637127291, "building": "yes", "housenumber": null, "street": null, "levels": null, "area_m2": 429.6, "clat": 50.242115350000006, "clon": 82.3617976}, "geometry": {"type": "Polygon", "coordinates": [[[82.3617096, 50.2422686], [82.3618866, 50.2422683], [82.3618856, 50.2419621], [82.3617086, 50.2419624], [82.3617096, 50.2422686]]]}}, {"type": "Feature", "properties": {"osm_id": 637127292, "building": "yes", "housenumber": null, "street": null, "levels": null, "area_m2": 396.3, "clat": 50.24260065, "clon": 82.36246485}, "geometry": {"type": "Polygon", "coordinates": [[[82.3624045, 50.2428078], [82.3625252, 50.2428078], [82.3625252, 50.2423935], [82.3624045, 50.2423935], [82.3624045, 50.2428078]]]}}, {"type": "Feature", "properties": {"osm_id": 637127293, "building": "yes", "housenumber": null, "street": null, "levels": null, "area_m2": 571.8, "clat": 50.242217954152764, "clon": 82.36360572625709}, "geometry": {"type": "Polygon", "coordinates": [[[82.3637684, 50.2420015], [82.3636131, 50.2419773], [82.3635113, 50.2422437], [82.3635877, 50.2422556], [82.3635687, 50.2423056], [82.3634922, 50.2422936], [82.3634361, 50.2424404], [82.3635913, 50.2424647], [82.3637684, 50.2420015]]]}}, {"type": "Feature", "properties": {"osm_id": 637127294, "building": "yes", "housenumber": null, "street": null, "levels": null, "area_m2": 769.3, "clat": 50.242911473962984, "clon": 82.36347692398282}, "geometry": {"type": "Polygon", "coordinates": [[[82.3633992, 50.2431882], [82.3635753, 50.2431855], [82.3635547, 50.2426348], [82.3633785, 50.2426375], [82.3633992, 50.2431882]]]}}, {"type": "Feature", "properties": {"osm_id": 637127295, "building": "yes", "housenumber": null, "street": null, "levels": null, "area_m2": 1230.8, "clat": 50.243626910702076, "clon": 82.36311620009249}, "geometry": {"type": "Polygon", "coordinates": [[[82.362894, 50.2438087], [82.3633316, 50.2438068], [82.3633309, 50.2437408], [82.3632994, 50.2437409], [82.3632979, 50.2435951], [82.3634068, 50.2435946], [82.3634058, 50.243502], [82.3632672, 50.2435026], [82.3632665, 50.2434432], [82.3629162, 50.2434447], [82.3629173, 50.2435555], [82.3628914, 50.2435556], [82.362894, 50.2438087]]]}}, {"type": "Feature", "properties": {"osm_id": 637127296, "building": "yes", "housenumber": null, "street": null, "levels": null, "area_m2": 1657.9, "clat": 50.244557549614456, "clon": 82.36302009331398}, "geometry": {"type": "Polygon", "coordinates": [[[82.362502, 50.2447602], [82.3633277, 50.2447586], [82.3633272, 50.2446679], [82.362907, 50.2446688], [82.3629062, 50.2445155], [82.3635504, 50.2445142], [82.3635498, 50.2443874], [82.3630924, 50.2443884], [82.3630923, 50.244359], [82.3627529, 50.2443597], [82.3627544, 50.2446691], [82.3625016, 50.2446696], [82.362502, 50.2447602]]]}}, {"type": "Feature", "properties": {"osm_id": 637127297, "building": "yes", "housenumber": null, "street": null, "levels": null, "area_m2": 295.5, "clat": 50.2473353, "clon": 82.36198135000001}, "geometry": {"type": "Polygon", "coordinates": [[[82.3618788, 50.2474262], [82.3620839, 50.2474262], [82.3620839, 50.2472444], [82.3618788, 50.2472444], [82.3618788, 50.2474262]]]}}, {"type": "Feature", "properties": {"osm_id": 637127298, "building": "yes", "housenumber": null, "street": null, "levels": null, "area_m2": 198.9, "clat": 50.246906100000004, "clon": 82.3619579}, "geometry": {"type": "Polygon", "coordinates": [[[82.3618841, 50.2469896], [82.3620357, 50.2469881], [82.3620317, 50.2468226], [82.3618801, 50.2468241], [82.3618841, 50.2469896]]]}}, {"type": "Feature", "properties": {"osm_id": 637127299, "building": "yes", "housenumber": null, "street": null, "levels": null, "area_m2": 203.9, "clat": 50.24652715, "clon": 82.36193685}, "geometry": {"type": "Polygon", "coordinates": [[[82.361861, 50.2466112], [82.3620148, 50.2466104], [82.3620127, 50.2464431], [82.3618589, 50.2464439], [82.361861, 50.2466112]]]}}, {"type": "Feature", "properties": {"osm_id": 637127300, "building": "yes", "housenumber": null, "street": null, "levels": null, "area_m2": 180.4, "clat": 50.24606369031628, "clon": 82.36191347984354}, "geometry": {"type": "Polygon", "coordinates": [[[82.3618613, 50.246168], [82.361971, 50.2461669], [82.3619656, 50.2459593], [82.361856, 50.2459605], [82.3618613, 50.246168]]]}}, {"type": "Feature", "properties": {"osm_id": 637127301, "building": "yes", "housenumber": null, "street": null, "levels": null, "area_m2": 451.3, "clat": 50.246280669084754, "clon": 82.36297709813955}, "geometry": {"type": "Polygon", "coordinates": [[[82.3627612, 50.2463481], [82.363193, 50.2463456], [82.3631912, 50.246217], [82.3630429, 50.2462179], [82.3630425, 50.2461944], [82.3629822, 50.2461948], [82.3629825, 50.2462182], [82.3627593, 50.2462196], [82.3627612, 50.2463481]]]}}, {"type": "Feature", "properties": {"osm_id": 637135470, "building": "yes", "housenumber": null, "street": null, "levels": null, "area_m2": 121.1, "clat": 50.24491622460878, "clon": 82.35468565977}, "geometry": {"type": "Polygon", "coordinates": [[[82.3546207, 50.2449742], [82.3547546, 50.2449723], [82.3547506, 50.2448582], [82.3546167, 50.2448602], [82.3546207, 50.2449742]]]}}, {"type": "Feature", "properties": {"osm_id": 637135471, "building": "yes", "housenumber": null, "street": null, "levels": null, "area_m2": 127.0, "clat": 50.245010799999996, "clon": 82.35517815}, "geometry": {"type": "Polygon", "coordinates": [[[82.3551008, 50.2449588], [82.3551053, 50.2450654], [82.3552555, 50.2450628], [82.355251, 50.2449562], [82.3551008, 50.2449588]]]}}, {"type": "Feature", "properties": {"osm_id": 759800983, "building": "yes", "housenumber": null, "street": null, "levels": null, "area_m2": 42.9, "clat": 50.24650312774589, "clon": 82.36530918636663}, "geometry": {"type": "Polygon", "coordinates": [[[82.3652543, 50.2464806], [82.3652689, 50.2465359], [82.3653641, 50.2465256], [82.3653495, 50.2464704], [82.3652543, 50.2464806]]]}}, {"type": "Feature", "properties": {"osm_id": 759800984, "building": "yes", "housenumber": null, "street": null, "levels": null, "area_m2": 87.1, "clat": 50.2482061, "clon": 82.36577785}, "geometry": {"type": "Polygon", "coordinates": [[[82.3657009, 50.2481706], [82.3657019, 50.2482425], [82.3658548, 50.2482416], [82.3658538, 50.2481697], [82.3657009, 50.2481706]]]}}, {"type": "Feature", "properties": {"osm_id": 759800985, "building": "yes", "housenumber": null, "street": null, "levels": null, "area_m2": 76.8, "clat": 50.24804660326854, "clon": 82.36575262453256}, "geometry": {"type": "Polygon", "coordinates": [[[82.3656754, 50.2480145], [82.3656729, 50.2480762], [82.3658299, 50.2480787], [82.3658323, 50.248017], [82.3656754, 50.2480145]]]}}, {"type": "Feature", "properties": {"osm_id": 759800986, "building": "yes", "housenumber": null, "street": null, "levels": null, "area_m2": 93.0, "clat": 50.2478498, "clon": 82.3657599}, "geometry": {"type": "Polygon", "coordinates": [[[82.3656915, 50.2478927], [82.3658283, 50.2478927], [82.3658283, 50.2478069], [82.3656915, 50.2478069], [82.3656915, 50.2478927]]]}}, {"type": "Feature", "properties": {"osm_id": 759800987, "building": "yes", "housenumber": null, "street": null, "levels": null, "area_m2": 91.0, "clat": 50.247686971455025, "clon": 82.36575944394465}, "geometry": {"type": "Polygon", "coordinates": [[[82.3656794, 50.2476509], [82.3656785, 50.2477222], [82.3658394, 50.2477231], [82.3658404, 50.2476517], [82.3656794, 50.2476509]]]}}, {"type": "Feature", "properties": {"osm_id": 759800988, "building": "yes", "housenumber": null, "street": null, "levels": null, "area_m2": 46.7, "clat": 50.2473308, "clon": 82.36573335}, "geometry": {"type": "Polygon", "coordinates": [[[82.3656888, 50.2473636], [82.3657873, 50.2473572], [82.3657779, 50.247298], [82.3656794, 50.2473044], [82.3656888, 50.2473636]]]}}, {"type": "Feature", "properties": {"osm_id": 759800989, "building": "yes", "housenumber": null, "street": null, "levels": null, "area_m2": 45.9, "clat": 50.247509799999996, "clon": 82.3657351}, "geometry": {"type": "Polygon", "coordinates": [[[82.3656888, 50.2475411], [82.3657814, 50.2475411], [82.3657814, 50.2474785], [82.3656888, 50.2474785], [82.3656888, 50.2475411]]]}}, {"type": "Feature", "properties": {"osm_id": 759800990, "building": "yes", "housenumber": null, "street": null, "levels": null, "area_m2": 52.7, "clat": 50.247140550000005, "clon": 82.36574114999999}, "geometry": {"type": "Polygon", "coordinates": [[[82.3656902, 50.2471732], [82.3657934, 50.2471723], [82.3657921, 50.2471079], [82.3656889, 50.2471088], [82.3656902, 50.2471732]]]}}, {"type": "Feature", "properties": {"osm_id": 759800991, "building": "yes", "housenumber": null, "street": null, "levels": null, "area_m2": 58.1, "clat": 50.24697187445743, "clon": 82.36575037873581}, "geometry": {"type": "Polygon", "coordinates": [[[82.3656808, 50.2469974], [82.3658176, 50.2469999], [82.36582, 50.2469464], [82.3656832, 50.2469438], [82.3656808, 50.2469974]]]}}, {"type": "Feature", "properties": {"osm_id": 759800992, "building": "yes", "housenumber": null, "street": null, "levels": null, "area_m2": 76.1, "clat": 50.24686524516908, "clon": 82.36567872481204}, "geometry": {"type": "Polygon", "coordinates": [[[82.3656151, 50.246903], [82.3657437, 50.2469021], [82.3657424, 50.2468275], [82.3656137, 50.2468284], [82.3656151, 50.246903]]]}}, {"type": "Feature", "properties": {"osm_id": 759800993, "building": "yes", "housenumber": null, "street": null, "levels": null, "area_m2": 60.9, "clat": 50.24670097418765, "clon": 82.36575456309923}, "geometry": {"type": "Polygon", "coordinates": [[[82.3657022, 50.2467375], [82.3658122, 50.2467341], [82.3658069, 50.2466644], [82.3656969, 50.2466679], [82.3657022, 50.2467375]]]}}, {"type": "Feature", "properties": {"osm_id": 759800994, "building": "yes", "housenumber": null, "street": null, "levels": null, "area_m2": 56.6, "clat": 50.246449055728256, "clon": 82.3656922247864}, "geometry": {"type": "Polygon", "coordinates": [[[82.3656405, 50.2464837], [82.3657425, 50.2464845], [82.3657439, 50.2464144], [82.365642, 50.2464136], [82.3656405, 50.2464837]]]}}, {"type": "Feature", "properties": {"osm_id": 759800995, "building": "yes", "housenumber": null, "street": null, "levels": null, "area_m2": 84.7, "clat": 50.24579167405692, "clon": 82.36568951008513}, "geometry": {"type": "Polygon", "coordinates": [[[82.3656365, 50.2458404], [82.3657505, 50.2458364], [82.3657425, 50.2457429], [82.3656285, 50.245747], [82.3656365, 50.2458404]]]}}, {"type": "Feature", "properties": {"osm_id": 759800996, "building": "yes", "housenumber": null, "street": null, "levels": null, "area_m2": 57.3, "clat": 50.2450751, "clon": 82.3648834}, "geometry": {"type": "Polygon", "coordinates": [[[82.3648117, 50.2450514], [82.3648156, 50.2451031], [82.3649551, 50.2450988], [82.3649512, 50.2450471], [82.3648117, 50.2450514]]]}}, {"type": "Feature", "properties": {"osm_id": 759800997, "building": "yes", "housenumber": null, "street": null, "levels": null, "area_m2": 105.1, "clat": 50.248406800000005, "clon": 82.36577585}, "geometry": {"type": "Polygon", "coordinates": [[[82.3657022, 50.2484527], [82.3658605, 50.2484441], [82.3658495, 50.2483609], [82.3656912, 50.2483695], [82.3657022, 50.2484527]]]}}, {"type": "Feature", "properties": {"osm_id": 759800998, "building": "yes", "housenumber": null, "street": null, "levels": null, "area_m2": 110.7, "clat": 50.248605030460475, "clon": 82.36577708717981}, "geometry": {"type": "Polygon", "coordinates": [[[82.3657089, 50.2486559], [82.3658493, 50.2486536], [82.3658452, 50.2485541], [82.3657049, 50.2485565], [82.3657089, 50.2486559]]]}}, {"type": "Feature", "properties": {"osm_id": 759800999, "building": "yes", "housenumber": null, "street": null, "levels": null, "area_m2": 130.7, "clat": 50.24878924313551, "clon": 82.36575947449207}, "geometry": {"type": "Polygon", "coordinates": [[[82.3656915, 50.2488489], [82.3658328, 50.2488462], [82.3658275, 50.2487296], [82.3656861, 50.2487323], [82.3656915, 50.2488489]]]}}, {"type": "Feature", "properties": {"osm_id": 759801008, "building": "yes", "housenumber": null, "street": null, "levels": null, "area_m2": 102.0, "clat": 50.24897555, "clon": 82.36576915}, "geometry": {"type": "Polygon", "coordinates": [[[82.3657116, 50.2490299], [82.3658334, 50.2490267], [82.3658267, 50.2489212], [82.3657049, 50.2489244], [82.3657116, 50.2490299]]]}}, {"type": "Feature", "properties": {"osm_id": 759801009, "building": "yes", "housenumber": null, "street": null, "levels": null, "area_m2": 60.9, "clat": 50.24921562608004, "clon": 82.36579197972505}, "geometry": {"type": "Polygon", "coordinates": [[[82.365721, 50.2491902], [82.3657262, 50.2492462], [82.365863, 50.249241], [82.3658578, 50.2491851], [82.365721, 50.2491902]]]}}, {"type": "Feature", "properties": {"osm_id": 759801010, "building": "yes", "housenumber": null, "street": null, "levels": null, "area_m2": 61.5, "clat": 50.249566554849075, "clon": 82.36576537538761}, "geometry": {"type": "Polygon", "coordinates": [[[82.3657089, 50.249601], [82.3658243, 50.2495993], [82.3658218, 50.2495321], [82.3657065, 50.2495338], [82.3657089, 50.249601]]]}}, {"type": "Feature", "properties": {"osm_id": 759801011, "building": "yes", "housenumber": null, "street": null, "levels": null, "area_m2": 101.4, "clat": 50.24966765, "clon": 82.36579015}, "geometry": {"type": "Polygon", "coordinates": [[[82.3657022, 50.2497048], [82.3658806, 50.2497022], [82.3658781, 50.2496305], [82.3656997, 50.2496331], [82.3657022, 50.2497048]]]}}, {"type": "Feature", "properties": {"osm_id": 759801012, "building": "yes", "housenumber": null, "street": null, "levels": null, "area_m2": 111.9, "clat": 50.25003947556122, "clon": 82.36576903448372}, "geometry": {"type": "Polygon", "coordinates": [[[82.3656902, 50.2500847], [82.3658524, 50.2500812], [82.3658479, 50.2499943], [82.3656857, 50.2499977], [82.3656902, 50.2500847]]]}}, {"type": "Feature", "properties": {"osm_id": 759801013, "building": "yes", "housenumber": null, "street": null, "levels": null, "area_m2": 86.0, "clat": 50.25027809422125, "clon": 82.36573802428411}, "geometry": {"type": "Polygon", "coordinates": [[[82.3656727, 50.2502364], [82.3656786, 50.2503232], [82.3658033, 50.2503198], [82.3657975, 50.250233], [82.3656727, 50.2502364]]]}}, {"type": "Feature", "properties": {"osm_id": 759801014, "building": "yes", "housenumber": null, "street": null, "levels": null, "area_m2": 145.7, "clat": 50.2505044, "clon": 82.36581894999999}, "geometry": {"type": "Polygon", "coordinates": [[[82.3657224, 50.250552], [82.3659155, 50.250552], [82.3659155, 50.2504568], [82.3657224, 50.2504568], [82.3657224, 50.250552]]]}}, {"type": "Feature", "properties": {"osm_id": 759801015, "building": "yes", "housenumber": null, "street": null, "levels": null, "area_m2": 73.2, "clat": 50.2506694, "clon": 82.36580245}, "geometry": {"type": "Polygon", "coordinates": [[[82.3657237, 50.2506412], [82.365727, 50.250701], [82.3658812, 50.2506976], [82.3658779, 50.2506378], [82.3657237, 50.2506412]]]}}, {"type": "Feature", "properties": {"osm_id": 759801016, "building": "yes", "housenumber": null, "street": null, "levels": null, "area_m2": 99.3, "clat": 50.25083239999999, "clon": 82.36581155}, "geometry": {"type": "Polygon", "coordinates": [[[82.3657304, 50.250871], [82.3658927, 50.250871], [82.3658927, 50.2507938], [82.3657304, 50.2507938], [82.3657304, 50.250871]]]}}, {"type": "Feature", "properties": {"osm_id": 759801017, "building": "yes", "housenumber": null, "street": null, "levels": null, "area_m2": 66.5, "clat": 50.25100666880499, "clon": 82.36578198580862}, "geometry": {"type": "Polygon", "coordinates": [[[82.3657291, 50.2510468], [82.3658308, 50.2510489], [82.3658349, 50.2509665], [82.3657331, 50.2509645], [82.3657291, 50.2510468]]]}}, {"type": "Feature", "properties": {"osm_id": 759801018, "building": "yes", "housenumber": null, "street": null, "levels": null, "area_m2": 62.8, "clat": 50.2512011, "clon": 82.3658155}, "geometry": {"type": "Polygon", "coordinates": [[[82.3657344, 50.251178], [82.365737, 50.2512276], [82.3658966, 50.2512242], [82.365894, 50.2511746], [82.3657344, 50.251178]]]}}, {"type": "Feature", "properties": {"osm_id": 759801019, "building": "yes", "housenumber": null, "street": null, "levels": null, "area_m2": 91.7, "clat": 50.251363603658966, "clon": 82.36580392529363}, "geometry": {"type": "Polygon", "coordinates": [[[82.3657237, 50.2514001], [82.365886, 50.2513984], [82.3658841, 50.2513271], [82.3657219, 50.2513288], [82.3657237, 50.2514001]]]}}, {"type": "Feature", "properties": {"osm_id": 759801020, "building": "yes", "housenumber": null, "street": null, "levels": null, "area_m2": 81.5, "clat": 50.25151696761518, "clon": 82.36583101550725}, "geometry": {"type": "Polygon", "coordinates": [[[82.3657747, 50.2515631], [82.3658847, 50.2515643], [82.3658874, 50.2514709], [82.3657773, 50.2514696], [82.3657747, 50.2515631]]]}}, {"type": "Feature", "properties": {"osm_id": 759801021, "building": "yes", "housenumber": null, "street": null, "levels": null, "area_m2": 70.4, "clat": 50.25178367433084, "clon": 82.36580037269223}, "geometry": {"type": "Polygon", "coordinates": [[[82.365721, 50.2517569], [82.3657241, 50.2518139], [82.3658797, 50.2518105], [82.3658766, 50.2517534], [82.365721, 50.2517569]]]}}, {"type": "Feature", "properties": {"osm_id": 759801022, "building": "yes", "housenumber": null, "street": null, "levels": null, "area_m2": 206.5, "clat": 50.248894275291846, "clon": 82.36421940767926}, "geometry": {"type": "Polygon", "coordinates": [[[82.3641399, 50.2489775], [82.3642949, 50.2489791], [82.3642989, 50.248811], [82.3641439, 50.2488095], [82.3641399, 50.2489775]]]}}, {"type": "Feature", "properties": {"osm_id": 759801023, "building": "yes", "housenumber": null, "street": null, "levels": null, "area_m2": 205.9, "clat": 50.249170959435276, "clon": 82.36422227480561}, "geometry": {"type": "Polygon", "coordinates": [[[82.3641452, 50.2492562], [82.3642967, 50.2492572], [82.3642993, 50.2490857], [82.3641479, 50.2490847], [82.3641452, 50.2492562]]]}}, {"type": "Feature", "properties": {"osm_id": 759801024, "building": "yes", "housenumber": null, "street": null, "levels": null, "area_m2": 197.0, "clat": 50.24945707559535, "clon": 82.36422215737062}, "geometry": {"type": "Polygon", "coordinates": [[[82.3641439, 50.2495392], [82.3642924, 50.2495422], [82.3643004, 50.2493749], [82.3641519, 50.249372], [82.3641439, 50.2495392]]]}}, {"type": "Feature", "properties": {"osm_id": 759801025, "building": "yes", "housenumber": null, "street": null, "levels": null, "area_m2": 132.9, "clat": 50.24970980706193, "clon": 82.36420412487807}, "geometry": {"type": "Polygon", "coordinates": [[[82.3641331, 50.2497691], [82.3642738, 50.2497697], [82.3642751, 50.2496505], [82.3641345, 50.2496499], [82.3641331, 50.2497691]]]}}, {"type": "Feature", "properties": {"osm_id": 759801026, "building": "yes", "housenumber": null, "street": null, "levels": null, "area_m2": 315.8, "clat": 50.25006105, "clon": 82.36420445}, "geometry": {"type": "Polygon", "coordinates": [[[82.3641063, 50.250167], [82.3642905, 50.2501712], [82.3643026, 50.2499551], [82.3641184, 50.2499509], [82.3641063, 50.250167]]]}}, {"type": "Feature", "properties": {"osm_id": 759801027, "building": "yes", "housenumber": null, "street": null, "levels": null, "area_m2": 194.5, "clat": 50.2503149, "clon": 82.3642117}, "geometry": {"type": "Polygon", "coordinates": [[[82.3641342, 50.2503961], [82.3642832, 50.2503983], [82.3642892, 50.2502337], [82.3641402, 50.2502315], [82.3641342, 50.2503961]]]}}, {"type": "Feature", "properties": {"osm_id": 759801028, "building": "yes", "housenumber": null, "street": null, "levels": null, "area_m2": 172.3, "clat": 50.24892353971895, "clon": 82.36254932478788}, "geometry": {"type": "Polygon", "coordinates": [[[82.3624843, 50.2490059], [82.362617, 50.249005], [82.3626144, 50.2488412], [82.3624816, 50.2488421], [82.3624843, 50.2490059]]]}}, {"type": "Feature", "properties": {"osm_id": 759801029, "building": "yes", "housenumber": null, "street": null, "levels": null, "area_m2": 172.4, "clat": 50.24921255, "clon": 82.36255464999999}, "geometry": {"type": "Polygon", "coordinates": [[[82.3624896, 50.2492949], [82.3626224, 50.249294], [82.3626197, 50.2491302], [82.3624869, 50.2491311], [82.3624896, 50.2492949]]]}}, {"type": "Feature", "properties": {"osm_id": 759801030, "building": "yes", "housenumber": null, "street": null, "levels": null, "area_m2": 172.3, "clat": 50.24949036028105, "clon": 82.36256337521212}, "geometry": {"type": "Polygon", "coordinates": [[[82.3624983, 50.2495727], [82.3626311, 50.2495718], [82.3626284, 50.249408], [82.3624957, 50.2494089], [82.3624983, 50.2495727]]]}}, {"type": "Feature", "properties": {"osm_id": 759801031, "building": "yes", "housenumber": null, "street": null, "levels": null, "area_m2": 206.1, "clat": 50.249785, "clon": 82.3625946}, "geometry": {"type": "Polygon", "coordinates": [[[82.3625211, 50.2498694], [82.3626788, 50.2498652], [82.3626681, 50.2497006], [82.3625104, 50.2497048], [82.3625211, 50.2498694]]]}}, {"type": "Feature", "properties": {"osm_id": 759801032, "building": "yes", "housenumber": null, "street": null, "levels": null, "area_m2": 204.2, "clat": 50.25008331525205, "clon": 82.36263448173084}, "geometry": {"type": "Polygon", "coordinates": [[[82.3625641, 50.2501678], [82.3627223, 50.2501609], [82.3627049, 50.2499988], [82.3625466, 50.2500058], [82.3625641, 50.2501678]]]}}, {"type": "Feature", "properties": {"osm_id": 759801033, "building": "yes", "housenumber": null, "street": null, "levels": null, "area_m2": 219.1, "clat": 50.250378134777534, "clon": 82.36265526792347}, "geometry": {"type": "Polygon", "coordinates": [[[82.3625788, 50.250468], [82.3627331, 50.2504675], [82.3627317, 50.2502883], [82.3625775, 50.2502887], [82.3625788, 50.250468]]]}}, {"type": "Feature", "properties": {"osm_id": 759801034, "building": "yes", "housenumber": null, "street": null, "levels": null, "area_m2": 135.9, "clat": 50.24762827622591, "clon": 82.36247738597035}, "geometry": {"type": "Polygon", "coordinates": [[[82.3625683, 50.2476743], [82.3625568, 50.2475742], [82.3623865, 50.2475822], [82.362398, 50.2476824], [82.3625683, 50.2476743]]]}}, {"type": "Feature", "properties": {"osm_id": 759801035, "building": "yes", "housenumber": null, "street": null, "levels": null, "area_m2": 138.2, "clat": 50.247818119445114, "clon": 82.36249283806026}, "geometry": {"type": "Polygon", "coordinates": [[[82.3625788, 50.2478687], [82.3625748, 50.2477649], [82.3624068, 50.2477676], [82.3624109, 50.2478713], [82.3625788, 50.2478687]]]}}, {"type": "Feature", "properties": {"osm_id": 759801036, "building": "yes", "housenumber": null, "street": null, "levels": null, "area_m2": 104.8, "clat": 50.24792742451361, "clon": 82.36249901657355}, "geometry": {"type": "Polygon", "coordinates": [[[82.3624197, 50.2479696], [82.3625819, 50.2479667], [82.3625783, 50.2478852], [82.3624161, 50.2478882], [82.3624197, 50.2479696]]]}}, {"type": "Feature", "properties": {"osm_id": 759801037, "building": "yes", "housenumber": null, "street": null, "levels": null, "area_m2": 127.1, "clat": 50.248041, "clon": 82.36250770000001}, "geometry": {"type": "Polygon", "coordinates": [[[82.3624297, 50.2480924], [82.3625906, 50.2480892], [82.3625857, 50.2479896], [82.3624248, 50.2479928], [82.3624297, 50.2480924]]]}}, {"type": "Feature", "properties": {"osm_id": 759801038, "building": "yes", "housenumber": null, "street": null, "levels": null, "area_m2": 135.8, "clat": 50.24818028107026, "clon": 82.36251443622537}, "geometry": {"type": "Polygon", "coordinates": [[[82.3625909, 50.2482366], [82.3625882, 50.2481225], [82.362438, 50.248124], [82.3624406, 50.248238], [82.3625909, 50.2482366]]]}}, {"type": "Feature", "properties": {"osm_id": 759801039, "building": "yes", "housenumber": null, "street": null, "levels": null, "area_m2": 122.7, "clat": 50.24840005, "clon": 82.36252474999999}, "geometry": {"type": "Polygon", "coordinates": [[[82.3626015, 50.2484505], [82.3626007, 50.2483491], [82.362448, 50.2483496], [82.3624488, 50.248451], [82.3626015, 50.2484505]]]}}, {"type": "Feature", "properties": {"osm_id": 759801040, "building": "yes", "housenumber": null, "street": null, "levels": null, "area_m2": 96.0, "clat": 50.2485909074146, "clon": 82.3625198248554}, "geometry": {"type": "Polygon", "coordinates": [[[82.3625775, 50.2486431], [82.3625788, 50.2485393], [82.3624622, 50.2485387], [82.3624608, 50.2486425], [82.3625775, 50.2486431]]]}}, {"type": "Feature", "properties": {"osm_id": 759801041, "building": "yes", "housenumber": null, "street": null, "levels": null, "area_m2": 129.2, "clat": 50.248399, "clon": 82.36325049999999}, "geometry": {"type": "Polygon", "coordinates": [[[82.3633379, 50.2484458], [82.3633392, 50.2483532], [82.3631631, 50.2483522], [82.3631618, 50.2484448], [82.3633379, 50.2484458]]]}}, {"type": "Feature", "properties": {"osm_id": 759801042, "building": "yes", "housenumber": null, "street": null, "levels": null, "area_m2": 157.5, "clat": 50.24811255, "clon": 82.36326145}, "geometry": {"type": "Polygon", "coordinates": [[[82.3633365, 50.24818], [82.3633312, 50.2480428], [82.3631864, 50.2480451], [82.3631917, 50.2481823], [82.3633365, 50.24818]]]}}, {"type": "Feature", "properties": {"osm_id": 759801043, "building": "yes", "housenumber": null, "street": null, "levels": null, "area_m2": 148.4, "clat": 50.24756542465505, "clon": 82.36365246824266}, "geometry": {"type": "Polygon", "coordinates": [[[82.3635498, 50.2475205], [82.3635526, 50.2476129], [82.3637551, 50.2476104], [82.3637523, 50.2475179], [82.3635498, 50.2475205]]]}}, {"type": "Feature", "properties": {"osm_id": 759801044, "building": "yes", "housenumber": null, "street": null, "levels": null, "area_m2": 127.8, "clat": 50.24757375477906, "clon": 82.36339472526898}, "geometry": {"type": "Polygon", "coordinates": [[[82.3633097, 50.2475265], [82.3633121, 50.2476227], [82.3634798, 50.247621], [82.3634773, 50.2475248], [82.3633097, 50.2475265]]]}}, {"type": "Feature", "properties": {"osm_id": 759801045, "building": "yes", "housenumber": null, "street": null, "levels": null, "area_m2": 172.7, "clat": 50.247653, "clon": 82.36422595}, "geometry": {"type": "Polygon", "coordinates": [[[82.3641466, 50.247584], [82.3641484, 50.2477229], [82.3643053, 50.247722], [82.3643035, 50.2475831], [82.3641466, 50.247584]]]}}, {"type": "Feature", "properties": {"osm_id": 759801046, "building": "yes", "housenumber": null, "street": null, "levels": null, "area_m2": 83.9, "clat": 50.24785635542229, "clon": 82.36424107535034}, "geometry": {"type": "Polygon", "coordinates": [[[82.3641787, 50.2478987], [82.3643062, 50.247897], [82.3643034, 50.247814], [82.364176, 50.2478157], [82.3641787, 50.2478987]]]}}, {"type": "Feature", "properties": {"osm_id": 759801047, "building": "yes", "housenumber": null, "street": null, "levels": null, "area_m2": 104.9, "clat": 50.24801062455363, "clon": 82.3642470649672}, "geometry": {"type": "Polygon", "coordinates": [[[82.3641682, 50.2479691], [82.3641717, 50.2480548], [82.3643259, 50.2480522], [82.3643224, 50.2479664], [82.3641682, 50.2479691]]]}}, {"type": "Feature", "properties": {"osm_id": 759801048, "building": "yes", "housenumber": null, "street": null, "levels": null, "area_m2": 94.4, "clat": 50.2482848, "clon": 82.36426415}, "geometry": {"type": "Polygon", "coordinates": [[[82.3643309, 50.2483296], [82.3643271, 50.2482378], [82.3641974, 50.24824], [82.3642012, 50.2483318], [82.3643309, 50.2483296]]]}}, {"type": "Feature", "properties": {"osm_id": 759801049, "building": "yes", "housenumber": null, "street": null, "levels": null, "area_m2": 118.2, "clat": 50.248283900000004, "clon": 82.3637076}, "geometry": {"type": "Polygon", "coordinates": [[[82.3637764, 50.2483395], [82.3637684, 50.2482246], [82.3636388, 50.2482283], [82.3636468, 50.2483432], [82.3637764, 50.2483395]]]}}, {"type": "Feature", "properties": {"osm_id": 759801050, "building": "yes", "housenumber": null, "street": null, "levels": null, "area_m2": 143.9, "clat": 50.24857565, "clon": 82.3635949}, "geometry": {"type": "Polygon", "coordinates": [[[82.3635256, 50.2486388], [82.3636762, 50.2486326], [82.3636642, 50.2485125], [82.3635136, 50.2485187], [82.3635256, 50.2486388]]]}}, {"type": "Feature", "properties": {"osm_id": 759801053, "building": "yes", "housenumber": null, "street": null, "levels": null, "area_m2": 74.4, "clat": 50.248381957273544, "clon": 82.36490003761402}, "geometry": {"type": "Polygon", "coordinates": [[[82.3647997, 50.2483549], [82.3647972, 50.2483891], [82.3648398, 50.2483904], [82.3648382, 50.2484121], [82.3649063, 50.2484141], [82.3649069, 50.2484064], [82.3649561, 50.2484079], [82.3649566, 50.2484017], [82.3649978, 50.2484029], [82.3650008, 50.2483609], [82.3647997, 50.2483549]]]}}, {"type": "Feature", "properties": {"osm_id": 759801054, "building": "yes", "housenumber": null, "street": null, "levels": null, "area_m2": 55.5, "clat": 50.2483849341058, "clon": 82.36469188283944}, "geometry": {"type": "Polygon", "coordinates": [[[82.3646347, 50.2483567], [82.3646406, 50.2484233], [82.3647155, 50.2484206], [82.3647136, 50.2483989], [82.364758, 50.2483973], [82.3647541, 50.2483524], [82.3646347, 50.2483567]]]}}, {"type": "Feature", "properties": {"osm_id": 759801055, "building": "yes", "housenumber": null, "street": null, "levels": null, "area_m2": 29.6, "clat": 50.24852675, "clon": 82.36496345}, "geometry": {"type": "Polygon", "coordinates": [[[82.364915, 50.2485067], [82.3649126, 50.2485442], [82.3650119, 50.2485468], [82.3650143, 50.2485093], [82.364915, 50.2485067]]]}}, {"type": "Feature", "properties": {"osm_id": 759801056, "building": "yes", "housenumber": null, "street": null, "levels": null, "area_m2": 57.8, "clat": 50.248495045918425, "clon": 82.36478477480291}, "geometry": {"type": "Polygon", "coordinates": [[[82.3647232, 50.2484656], [82.3647243, 50.2485254], [82.3648463, 50.2485245], [82.3648453, 50.2484647], [82.3647232, 50.2484656]]]}}, {"type": "Feature", "properties": {"osm_id": 759801057, "building": "yes", "housenumber": null, "street": null, "levels": null, "area_m2": 57.0, "clat": 50.24867805, "clon": 82.3653864}, "geometry": {"type": "Polygon", "coordinates": [[[82.3653442, 50.2487211], [82.3654273, 50.2487216], [82.3654286, 50.248635], [82.3653455, 50.2486345], [82.3653442, 50.2487211]]]}}, {"type": "Feature", "properties": {"osm_id": 759801058, "building": "yes", "housenumber": null, "street": null, "levels": null, "area_m2": 112.9, "clat": 50.24865842513453, "clon": 82.3648031822021}, "geometry": {"type": "Polygon", "coordinates": [[[82.3647165, 50.2486997], [82.3648909, 50.2486988], [82.3648899, 50.2486172], [82.3647155, 50.248618], [82.3647165, 50.2486997]]]}}, {"type": "Feature", "properties": {"osm_id": 759801059, "building": "yes", "housenumber": null, "street": null, "levels": null, "area_m2": 37.6, "clat": 50.24888337567905, "clon": 82.36479872611301}, "geometry": {"type": "Polygon", "coordinates": [[[82.3647393, 50.2488643], [82.3647415, 50.248905], [82.3648582, 50.2489024], [82.364856, 50.2488618], [82.3647393, 50.2488643]]]}}, {"type": "Feature", "properties": {"osm_id": 759801060, "building": "yes", "housenumber": null, "street": null, "levels": null, "area_m2": 59.9, "clat": 50.2488515, "clon": 82.3649606}, "geometry": {"type": "Polygon", "coordinates": [[[82.3649137, 50.2488918], [82.3650075, 50.2488918], [82.3650075, 50.2488112], [82.3649137, 50.2488112], [82.3649137, 50.2488918]]]}}, {"type": "Feature", "properties": {"osm_id": 759801061, "building": "yes", "housenumber": null, "street": null, "levels": null, "area_m2": 93.3, "clat": 50.24877472485175, "clon": 82.36478738196811}, "geometry": {"type": "Polygon", "coordinates": [[[82.3647071, 50.2488112], [82.3648667, 50.248812], [82.3648677, 50.2487383], [82.3647081, 50.2487374], [82.3647071, 50.2488112]]]}}, {"type": "Feature", "properties": {"osm_id": 759801062, "building": "yes", "housenumber": null, "street": null, "levels": null, "area_m2": 118.4, "clat": 50.24908815, "clon": 82.36517694999999}, "geometry": {"type": "Polygon", "coordinates": [[[82.3650545, 50.249119], [82.3652999, 50.2491182], [82.3652994, 50.2490573], [82.365054, 50.2490581], [82.3650545, 50.249119]]]}}, {"type": "Feature", "properties": {"osm_id": 759801063, "building": "yes", "housenumber": null, "street": null, "levels": null, "area_m2": 81.1, "clat": 50.249027250000005, "clon": 82.36476415}, "geometry": {"type": "Polygon", "coordinates": [[[82.3646964, 50.249065], [82.3648319, 50.249065], [82.3648319, 50.2489895], [82.3646964, 50.2489895], [82.3646964, 50.249065]]]}}, {"type": "Feature", "properties": {"osm_id": 759801064, "building": "yes", "housenumber": null, "street": null, "levels": null, "area_m2": 107.2, "clat": 50.24920665, "clon": 82.364788}, "geometry": {"type": "Polygon", "coordinates": [[[82.3646951, 50.2491713], [82.3646985, 50.2492454], [82.3648809, 50.249242], [82.3648775, 50.2491679], [82.3646951, 50.2491713]]]}}, {"type": "Feature", "properties": {"osm_id": 759801065, "building": "yes", "housenumber": null, "street": null, "levels": null, "area_m2": 73.7, "clat": 50.2493257, "clon": 82.36477955000001}, "geometry": {"type": "Polygon", "coordinates": [[[82.3647206, 50.2493652], [82.3648372, 50.249366], [82.3648385, 50.2492862], [82.3647219, 50.2492854], [82.3647206, 50.2493652]]]}}, {"type": "Feature", "properties": {"osm_id": 759801066, "building": "yes", "housenumber": null, "street": null, "levels": null, "area_m2": 46.5, "clat": 50.24941705, "clon": 82.3647192}, "geometry": {"type": "Polygon", "coordinates": [[[82.3646495, 50.2494381], [82.3647501, 50.2494381], [82.3647889, 50.2494381], [82.3647889, 50.249396], [82.3646495, 50.249396], [82.3646495, 50.2494381]]]}}, {"type": "Feature", "properties": {"osm_id": 759801067, "building": "yes", "housenumber": null, "street": null, "levels": null, "area_m2": 51.9, "clat": 50.24947065, "clon": 82.3646998}, "geometry": {"type": "Polygon", "coordinates": [[[82.3646495, 50.2495032], [82.3647501, 50.2495032], [82.3647501, 50.2494381], [82.3646495, 50.2494381], [82.3646495, 50.2495032]]]}}, {"type": "Feature", "properties": {"osm_id": 759801068, "building": "yes", "housenumber": null, "street": null, "levels": null, "area_m2": 72.6, "clat": 50.2495761967379, "clon": 82.36481122532636}, "geometry": {"type": "Polygon", "coordinates": [[[82.364734, 50.2496053], [82.3648868, 50.249607], [82.3648885, 50.2495471], [82.3647356, 50.2495454], [82.364734, 50.2496053]]]}}, {"type": "Feature", "properties": {"osm_id": 759801069, "building": "yes", "housenumber": null, "street": null, "levels": null, "area_m2": 31.3, "clat": 50.249642599999994, "clon": 82.36470715}, "geometry": {"type": "Polygon", "coordinates": [[[82.3646602, 50.2496216], [82.3646602, 50.2496636], [82.3647541, 50.2496636], [82.3647541, 50.2496216], [82.3646602, 50.2496216]]]}}, {"type": "Feature", "properties": {"osm_id": 759801070, "building": "yes", "housenumber": null, "street": null, "levels": null, "area_m2": 46.3, "clat": 50.24978134947631, "clon": 82.36493906368833}, "geometry": {"type": "Polygon", "coordinates": [[[82.3648601, 50.2497916], [82.3648599, 50.2497993], [82.3650175, 50.2498005], [82.3650182, 50.2497634], [82.3648606, 50.2497622], [82.3648601, 50.2497916]]]}}, {"type": "Feature", "properties": {"osm_id": 759801071, "building": "yes", "housenumber": null, "street": null, "levels": null, "area_m2": 81.4, "clat": 50.24975460406193, "clon": 82.36479031872909}, "geometry": {"type": "Polygon", "coordinates": [[[82.3647192, 50.2497905], [82.3648601, 50.2497916], [82.3648606, 50.2497622], [82.3648614, 50.2497187], [82.3647206, 50.2497176], [82.3647192, 50.2497905]]]}}, {"type": "Feature", "properties": {"osm_id": 759801072, "building": "yes", "housenumber": null, "street": null, "levels": null, "area_m2": 56.2, "clat": 50.24992709268779, "clon": 82.3647828746171}, "geometry": {"type": "Polygon", "coordinates": [[[82.3647393, 50.2499672], [82.3648291, 50.2499659], [82.3648265, 50.249887], [82.3647366, 50.2498883], [82.3647393, 50.2499672]]]}}, {"type": "Feature", "properties": {"osm_id": 759801073, "building": "yes", "housenumber": null, "street": null, "levels": null, "area_m2": 32.7, "clat": 50.25014335, "clon": 82.364906}, "geometry": {"type": "Polygon", "coordinates": [[[82.3648533, 50.2501241], [82.3648541, 50.2501635], [82.3649587, 50.2501626], [82.3649579, 50.2501232], [82.3648533, 50.2501241]]]}}, {"type": "Feature", "properties": {"osm_id": 759801074, "building": "yes", "housenumber": null, "street": null, "levels": null, "area_m2": 38.7, "clat": 50.25002335, "clon": 82.36476075}, "geometry": {"type": "Polygon", "coordinates": [[[82.3647071, 50.2500461], [82.3648144, 50.2500461], [82.3648144, 50.2500006], [82.3647071, 50.2500006], [82.3647071, 50.2500461]]]}}, {"type": "Feature", "properties": {"osm_id": 759801075, "building": "yes", "housenumber": null, "street": null, "levels": null, "area_m2": 49.8, "clat": 50.25010784509477, "clon": 82.3647768252242}, "geometry": {"type": "Polygon", "coordinates": [[[82.3647246, 50.2501378], [82.3648278, 50.2501387], [82.3648291, 50.2500779], [82.3647258, 50.250077], [82.3647246, 50.2501378]]]}}, {"type": "Feature", "properties": {"osm_id": 759801076, "building": "yes", "housenumber": null, "street": null, "levels": null, "area_m2": 35.5, "clat": 50.2503631, "clon": 82.36471209999999}, "geometry": {"type": "Polygon", "coordinates": [[[82.3646615, 50.2503848], [82.3647608, 50.2503865], [82.3647627, 50.2503414], [82.3646634, 50.2503397], [82.3646615, 50.2503848]]]}}, {"type": "Feature", "properties": {"osm_id": 759801077, "building": "yes", "housenumber": null, "street": null, "levels": null, "area_m2": 100.8, "clat": 50.25029215347805, "clon": 82.36479832457636}, "geometry": {"type": "Polygon", "coordinates": [[[82.3647098, 50.2503273], [82.3648842, 50.2503299], [82.3648868, 50.250257], [82.3647125, 50.2502544], [82.3647098, 50.2503273]]]}}, {"type": "Feature", "properties": {"osm_id": 759801078, "building": "yes", "housenumber": null, "street": null, "levels": null, "area_m2": 65.2, "clat": 50.2504787, "clon": 82.36479095}, "geometry": {"type": "Polygon", "coordinates": [[[82.3647286, 50.2504457], [82.3647286, 50.2505117], [82.3648533, 50.2505117], [82.3648533, 50.2504457], [82.3647286, 50.2504457]]]}}, {"type": "Feature", "properties": {"osm_id": 759801079, "building": "yes", "housenumber": null, "street": null, "levels": null, "area_m2": 95.8, "clat": 50.25061888118166, "clon": 82.36480823699706}, "geometry": {"type": "Polygon", "coordinates": [[[82.3647366, 50.2506609], [82.3648731, 50.2506652], [82.3648798, 50.2505768], [82.3647434, 50.2505726], [82.3647366, 50.2506609]]]}}, {"type": "Feature", "properties": {"osm_id": 759801080, "building": "yes", "housenumber": null, "street": null, "levels": null, "area_m2": 88.4, "clat": 50.25085127515932, "clon": 82.36479406118619}, "geometry": {"type": "Polygon", "coordinates": [[[82.3646803, 50.2508762], [82.3649083, 50.2508753], [82.3649079, 50.2508264], [82.3646799, 50.2508272], [82.3646803, 50.2508762]]]}}, {"type": "Feature", "properties": {"osm_id": 759801081, "building": "yes", "housenumber": null, "street": null, "levels": null, "area_m2": 61.3, "clat": 50.25113185, "clon": 82.36480230000001}, "geometry": {"type": "Polygon", "coordinates": [[[82.3647554, 50.2511737], [82.3648465, 50.2511749], [82.3648492, 50.25109], [82.3647581, 50.2510888], [82.3647554, 50.2511737]]]}}, {"type": "Feature", "properties": {"osm_id": 759801082, "building": "yes", "housenumber": null, "street": null, "levels": null, "area_m2": 109.2, "clat": 50.2509763, "clon": 82.3648098}, "geometry": {"type": "Polygon", "coordinates": [[[82.3647447, 50.2510297], [82.3648722, 50.251031], [82.3648749, 50.2509229], [82.3647474, 50.2509216], [82.3647447, 50.2510297]]]}}, {"type": "Feature", "properties": {"osm_id": 759801083, "building": "yes", "housenumber": null, "street": null, "levels": null, "area_m2": 91.0, "clat": 50.250915124841974, "clon": 82.36424121467257}, "geometry": {"type": "Polygon", "coordinates": [[[82.3641707, 50.2509559], [82.3643129, 50.2509551], [82.3643117, 50.2508743], [82.3641695, 50.2508752], [82.3641707, 50.2509559]]]}}, {"type": "Feature", "properties": {"osm_id": 759801084, "building": "yes", "housenumber": null, "street": null, "levels": null, "area_m2": 80.1, "clat": 50.2532764, "clon": 82.36721745}, "geometry": {"type": "Polygon", "coordinates": [[[82.3671587, 50.2532326], [82.3671367, 50.2533022], [82.3672762, 50.2533202], [82.3672982, 50.2532506], [82.3671587, 50.2532326]]]}}, {"type": "Feature", "properties": {"osm_id": 759948639, "building": "yes", "housenumber": null, "street": null, "levels": null, "area_m2": 29.9, "clat": 50.23948207916173, "clon": 82.36221491678305}, "geometry": {"type": "Polygon", "coordinates": [[[82.3621785, 50.239455], [82.3621628, 50.239495], [82.3622513, 50.2395092], [82.362267, 50.2394691], [82.3621785, 50.239455]]]}}, {"type": "Feature", "properties": {"osm_id": 759948650, "building": "yes", "housenumber": null, "street": null, "levels": null, "area_m2": 353.0, "clat": 50.2408335, "clon": 82.34760685}, "geometry": {"type": "Polygon", "coordinates": [[[82.3474887, 50.2409268], [82.3477693, 50.2408937], [82.347725, 50.2407402], [82.3474444, 50.2407733], [82.3474887, 50.2409268]]]}}, {"type": "Feature", "properties": {"osm_id": 759948653, "building": "yes", "housenumber": null, "street": null, "levels": null, "area_m2": 87.5, "clat": 50.2424857, "clon": 82.34914090000001}, "geometry": {"type": "Polygon", "coordinates": [[[82.3490953, 50.2425462], [82.3491865, 50.2425462], [82.3491865, 50.2424252], [82.3490953, 50.2424252], [82.3490953, 50.2425462]]]}}, {"type": "Feature", "properties": {"osm_id": 759948654, "building": "yes", "housenumber": null, "street": null, "levels": null, "area_m2": 92.9, "clat": 50.24236024034663, "clon": 82.34862362355057}, "geometry": {"type": "Polygon", "coordinates": [[[82.3485804, 50.2424209], [82.3486803, 50.2424162], [82.3486669, 50.2422996], [82.3485669, 50.2423043], [82.3485804, 50.2424209]]]}}, {"type": "Feature", "properties": {"osm_id": 759948655, "building": "yes", "housenumber": null, "street": null, "levels": null, "area_m2": 472.3, "clat": 50.24196076490872, "clon": 82.34915442053513}, "geometry": {"type": "Polygon", "coordinates": [[[82.3489961, 50.2418857], [82.3489961, 50.2420641], [82.3492911, 50.2420641], [82.3492911, 50.2418223], [82.3491812, 50.2418223], [82.3491812, 50.2418857], [82.3489961, 50.2418857]]]}}, {"type": "Feature", "properties": {"osm_id": 759948656, "building": "yes", "housenumber": null, "street": null, "levels": null, "area_m2": 1291.2, "clat": 50.24157156242709, "clon": 82.3479293906233}, "geometry": {"type": "Polygon", "coordinates": [[[82.3481056, 50.241872], [82.3483191, 50.2417737], [82.3477531, 50.2412711], [82.3475397, 50.2413694], [82.3481056, 50.241872]]]}}, {"type": "Feature", "properties": {"osm_id": 760127302, "building": "yes", "housenumber": null, "street": null, "levels": null, "area_m2": 103.3, "clat": 50.259015600196015, "clon": 82.35809733340173}, "geometry": {"type": "Polygon", "coordinates": [[[82.3581196, 50.2590795], [82.3581998, 50.2590168], [82.358075, 50.2589517], [82.3579949, 50.2590144], [82.3581196, 50.2590795]]]}}, {"type": "Feature", "properties": {"osm_id": 760127315, "building": "yes", "housenumber": null, "street": null, "levels": null, "area_m2": 35.9, "clat": 50.26534325, "clon": 82.35251894999999}, "geometry": {"type": "Polygon", "coordinates": [[[82.3525085, 50.2653839], [82.3525677, 50.2653703], [82.3525294, 50.2653026], [82.3524702, 50.2653162], [82.3525085, 50.2653839]]]}}, {"type": "Feature", "properties": {"osm_id": 760127316, "building": "yes", "housenumber": null, "street": null, "levels": null, "area_m2": 101.1, "clat": 50.2654004701207, "clon": 82.35219456103202}, "geometry": {"type": "Polygon", "coordinates": [[[82.3521048, 50.2653724], [82.3521475, 50.2654568], [82.3522843, 50.2654286], [82.3522416, 50.2653441], [82.3521048, 50.2653724]]]}}, {"type": "Feature", "properties": {"osm_id": 760127317, "building": "yes", "housenumber": null, "street": null, "levels": null, "area_m2": 52.7, "clat": 50.26406889810101, "clon": 82.3495449340272}, "geometry": {"type": "Polygon", "coordinates": [[[82.3494709, 50.264077], [82.3495278, 50.2641157], [82.349619, 50.2640608], [82.349562, 50.2640221], [82.3494709, 50.264077]]]}}, {"type": "Feature", "properties": {"osm_id": 760127318, "building": "yes", "housenumber": null, "street": null, "levels": null, "area_m2": 49.0, "clat": 50.265577718740545, "clon": 82.34843502065662}, "geometry": {"type": "Polygon", "coordinates": [[[82.3484476, 50.2655318], [82.3483644, 50.2655893], [82.3484225, 50.2656236], [82.3485056, 50.2655662], [82.3484476, 50.2655318]]]}}, {"type": "Feature", "properties": {"osm_id": 760127319, "building": "yes", "housenumber": null, "street": null, "levels": null, "area_m2": 47.1, "clat": 50.26563284932819, "clon": 82.34864263351074}, "geometry": {"type": "Polygon", "coordinates": [[[82.3485737, 50.2656356], [82.3486311, 50.2656764], [82.3487116, 50.2656301], [82.3486541, 50.2655893], [82.3485737, 50.2656356]]]}}, {"type": "Feature", "properties": {"osm_id": 760127320, "building": "yes", "housenumber": null, "street": null, "levels": null, "area_m2": 31.2, "clat": 50.265432849999996, "clon": 82.34859545}, "geometry": {"type": "Polygon", "coordinates": [[[82.3486125, 50.2654692], [82.3486535, 50.265441], [82.3485784, 50.2653965], [82.3485374, 50.2654247], [82.3486125, 50.2654692]]]}}, {"type": "Feature", "properties": {"osm_id": 760127321, "building": "yes", "housenumber": null, "street": null, "levels": null, "area_m2": 61.8, "clat": 50.264644200617255, "clon": 82.34817363395986}, "geometry": {"type": "Polygon", "coordinates": [[[82.3482209, 50.2646908], [82.3482605, 50.2646473], [82.3481263, 50.2645976], [82.3480868, 50.2646411], [82.3482209, 50.2646908]]]}}, {"type": "Feature", "properties": {"osm_id": 760127322, "building": "yes", "housenumber": null, "street": null, "levels": null, "area_m2": 35.8, "clat": 50.264612050000004, "clon": 82.34782320000001}, "geometry": {"type": "Polygon", "coordinates": [[[82.3478146, 50.2645742], [82.3477634, 50.2646113], [82.3478318, 50.2646499], [82.347883, 50.2646128], [82.3478146, 50.2645742]]]}}, {"type": "Feature", "properties": {"osm_id": 760127323, "building": "yes", "housenumber": null, "street": null, "levels": null, "area_m2": 30.0, "clat": 50.26475323469605, "clon": 82.34805868748603}, "geometry": {"type": "Polygon", "coordinates": [[[82.3480506, 50.2647183], [82.3480037, 50.2647496], [82.3480667, 50.2647882], [82.3481137, 50.2647568], [82.3480506, 50.2647183]]]}}, {"type": "Feature", "properties": {"osm_id": 760127324, "building": "yes", "housenumber": null, "street": null, "levels": null, "area_m2": 109.0, "clat": 50.26497455, "clon": 82.34852185}, "geometry": {"type": "Polygon", "coordinates": [[[82.3485951, 50.265044], [82.3486471, 50.2649994], [82.3484486, 50.2649051], [82.3483966, 50.2649497], [82.3485951, 50.265044]]]}}, {"type": "Feature", "properties": {"osm_id": 760127325, "building": "yes", "housenumber": null, "street": null, "levels": null, "area_m2": 142.1, "clat": 50.26503669971624, "clon": 82.34874246603486}, "geometry": {"type": "Polygon", "coordinates": [[[82.3487677, 50.2651131], [82.3488537, 50.2650142], [82.3487078, 50.2649624], [82.3486392, 50.2650414], [82.3486754, 50.2650543], [82.3486581, 50.2650742], [82.3487677, 50.2651131]]]}}, {"type": "Feature", "properties": {"osm_id": 760127326, "building": "yes", "housenumber": null, "street": null, "levels": null, "area_m2": 64.2, "clat": 50.2652455, "clon": 82.34818015}, "geometry": {"type": "Polygon", "coordinates": [[[82.3480976, 50.2652575], [82.3481581, 50.2652978], [82.3482627, 50.2652335], [82.3482022, 50.2651932], [82.3480976, 50.2652575]]]}}, {"type": "Feature", "properties": {"osm_id": 760127327, "building": "yes", "housenumber": null, "street": null, "levels": null, "area_m2": 131.7, "clat": 50.265170367582535, "clon": 82.3480239804101}, "geometry": {"type": "Polygon", "coordinates": [[[82.3478883, 50.2652129], [82.3479504, 50.2652547], [82.3481596, 50.2651279], [82.3480976, 50.265086], [82.3478883, 50.2652129]]]}}, {"type": "Feature", "properties": {"osm_id": 760127328, "building": "yes", "housenumber": null, "street": null, "levels": null, "area_m2": 89.5, "clat": 50.26338151490416, "clon": 82.35030661839632}, "geometry": {"type": "Polygon", "coordinates": [[[82.350301, 50.2634417], [82.3503994, 50.2633925], [82.3503123, 50.2633213], [82.3502138, 50.2633706], [82.350301, 50.2634417]]]}}, {"type": "Feature", "properties": {"osm_id": 760127329, "building": "yes", "housenumber": null, "street": null, "levels": null, "area_m2": 19.7, "clat": 50.26341443339604, "clon": 82.3521387317134}, "geometry": {"type": "Polygon", "coordinates": [[[82.3521155, 50.2633886], [82.3520922, 50.2634162], [82.352162, 50.2634403], [82.3521852, 50.2634126], [82.3521155, 50.2633886]]]}}, {"type": "Feature", "properties": {"osm_id": 760127330, "building": "yes", "housenumber": null, "street": null, "levels": null, "area_m2": 41.8, "clat": 50.26345439405821, "clon": 82.35252693496338}, "geometry": {"type": "Polygon", "coordinates": [[[82.3524629, 50.2634752], [82.3525145, 50.2634996], [82.352591, 50.2634336], [82.3525393, 50.2634092], [82.3524629, 50.2634752]]]}}, {"type": "Feature", "properties": {"osm_id": 760127331, "building": "yes", "housenumber": null, "street": null, "levels": null, "area_m2": 57.3, "clat": 50.263263195707836, "clon": 82.35232103476685}, "geometry": {"type": "Polygon", "coordinates": [[[82.3522443, 50.2632814], [82.3523039, 50.2633144], [82.3523978, 50.263245], [82.3523381, 50.263212], [82.3522443, 50.2632814]]]}}, {"type": "Feature", "properties": {"osm_id": 760127332, "building": "yes", "housenumber": null, "street": null, "levels": null, "area_m2": 104.5, "clat": 50.263301459251565, "clon": 82.35133733706239}, "geometry": {"type": "Polygon", "coordinates": [[[82.3513846, 50.2633894], [82.3514457, 50.2633636], [82.3512901, 50.2632135], [82.351229, 50.2632394], [82.3513846, 50.2633894]]]}}, {"type": "Feature", "properties": {"osm_id": 760127333, "building": "yes", "housenumber": null, "street": null, "levels": null, "area_m2": 77.4, "clat": 50.2632341, "clon": 82.35152305}, "geometry": {"type": "Polygon", "coordinates": [[[82.3514302, 50.2632446], [82.3514898, 50.2632905], [82.3516159, 50.2632236], [82.3515563, 50.2631777], [82.3514302, 50.2632446]]]}}, {"type": "Feature", "properties": {"osm_id": 760127334, "building": "yes", "housenumber": null, "street": null, "levels": null, "area_m2": 32.3, "clat": 50.26270901506688, "clon": 82.35203537692811}, "geometry": {"type": "Polygon", "coordinates": [[[82.3520163, 50.262743], [82.352088, 50.2627222], [82.3520545, 50.262675], [82.3519827, 50.2626959], [82.3520163, 50.262743]]]}}, {"type": "Feature", "properties": {"osm_id": 760127335, "building": "yes", "housenumber": null, "street": null, "levels": null, "area_m2": 59.1, "clat": 50.26178425, "clon": 82.35473640000001}, "geometry": {"type": "Polygon", "coordinates": [[[82.3547816, 50.261833], [82.3548233, 50.2617955], [82.3546912, 50.2617355], [82.3546495, 50.261773], [82.3547816, 50.261833]]]}}, {"type": "Feature", "properties": {"osm_id": 760127336, "building": "yes", "housenumber": null, "street": null, "levels": null, "area_m2": 78.8, "clat": 50.2617915, "clon": 82.3545465}, "geometry": {"type": "Polygon", "coordinates": [[[82.3544598, 50.2618025], [82.3545548, 50.2618478], [82.3546332, 50.2617805], [82.3545382, 50.2617352], [82.3544598, 50.2618025]]]}}, {"type": "Feature", "properties": {"osm_id": 760127337, "building": "yes", "housenumber": null, "street": null, "levels": null, "area_m2": 130.0, "clat": 50.2610072, "clon": 82.35478155}, "geometry": {"type": "Polygon", "coordinates": [[[82.3547937, 50.2610798], [82.3548955, 50.2610126], [82.3547694, 50.2609346], [82.3546676, 50.2610018], [82.3547937, 50.2610798]]]}}, {"type": "Feature", "properties": {"osm_id": 760127338, "building": "yes", "housenumber": null, "street": null, "levels": null, "area_m2": 66.5, "clat": 50.2612162, "clon": 82.354662}, "geometry": {"type": "Polygon", "coordinates": [[[82.3545711, 50.2612581], [82.3546188, 50.2612823], [82.3547529, 50.2611743], [82.3547052, 50.2611501], [82.3545711, 50.2612581]]]}}, {"type": "Feature", "properties": {"osm_id": 760127339, "building": "yes", "housenumber": null, "street": null, "levels": null, "area_m2": 71.0, "clat": 50.26115305, "clon": 82.35428974999999}, "geometry": {"type": "Polygon", "coordinates": [[[82.3542908, 50.2612067], [82.3543732, 50.2611474], [82.3542887, 50.2610994], [82.3542063, 50.2611587], [82.3542908, 50.2612067]]]}}, {"type": "Feature", "properties": {"osm_id": 760127340, "building": "yes", "housenumber": null, "street": null, "levels": null, "area_m2": 127.1, "clat": 50.26099745, "clon": 82.35397345}, "geometry": {"type": "Polygon", "coordinates": [[[82.3540199, 50.2610738], [82.3540947, 50.261024], [82.353927, 50.2609211], [82.3538522, 50.2609709], [82.3540199, 50.2610738]]]}}, {"type": "Feature", "properties": {"osm_id": 760127341, "building": "yes", "housenumber": null, "street": null, "levels": null, "area_m2": 55.1, "clat": 50.25939405, "clon": 82.3567332}, "geometry": {"type": "Polygon", "coordinates": [[[82.3566632, 50.2594173], [82.3567308, 50.2594445], [82.3568032, 50.2593708], [82.3567356, 50.2593436], [82.3566632, 50.2594173]]]}}, {"type": "Feature", "properties": {"osm_id": 760127342, "building": "yes", "housenumber": null, "street": null, "levels": null, "area_m2": 54.3, "clat": 50.2596821545739, "clon": 82.35637731590666}, "geometry": {"type": "Polygon", "coordinates": [[[82.3563051, 50.2597011], [82.3563691, 50.2597318], [82.3564495, 50.2596632], [82.3563856, 50.2596325], [82.3563051, 50.2597011]]]}}, {"type": "Feature", "properties": {"osm_id": 760127343, "building": "yes", "housenumber": null, "street": null, "levels": null, "area_m2": 60.6, "clat": 50.2587908, "clon": 82.35838275}, "geometry": {"type": "Polygon", "coordinates": [[[82.3583067, 50.2588056], [82.3583803, 50.2588416], [82.3584588, 50.258776], [82.3583852, 50.25874], [82.3583067, 50.2588056]]]}}, {"type": "Feature", "properties": {"osm_id": 760127344, "building": "yes", "housenumber": null, "street": null, "levels": null, "area_m2": 62.3, "clat": 50.2567454, "clon": 82.36067165}, "geometry": {"type": "Polygon", "coordinates": [[[82.3605913, 50.256768], [82.3606514, 50.2568], [82.360752, 50.2567228], [82.3606919, 50.2566908], [82.3605913, 50.256768]]]}}, {"type": "Feature", "properties": {"osm_id": 760127345, "building": "yes", "housenumber": null, "street": null, "levels": null, "area_m2": 85.1, "clat": 50.25620049865946, "clon": 82.36132068293186}, "geometry": {"type": "Polygon", "coordinates": [[[82.3612297, 50.256208], [82.3613379, 50.2562581], [82.3614117, 50.256193], [82.3613034, 50.2561429], [82.3612297, 50.256208]]]}}, {"type": "Feature", "properties": {"osm_id": 760127346, "building": "yes", "housenumber": null, "street": null, "levels": null, "area_m2": 107.4, "clat": 50.25708654547645, "clon": 82.35922093314112}, "geometry": {"type": "Polygon", "coordinates": [[[82.3591228, 50.2571135], [82.3592238, 50.2571548], [82.3593191, 50.2570596], [82.359218, 50.2570183], [82.3591228, 50.2571135]]]}}, {"type": "Feature", "properties": {"osm_id": 760127347, "building": "yes", "housenumber": null, "street": null, "levels": null, "area_m2": 47.2, "clat": 50.25717786563414, "clon": 82.35939090412408}, "geometry": {"type": "Polygon", "coordinates": [[[82.3593226, 50.257195], [82.3593801, 50.2572242], [82.3594592, 50.2571608], [82.3594017, 50.2571315], [82.3593226, 50.257195]]]}}, {"type": "Feature", "properties": {"osm_id": 760127348, "building": "yes", "housenumber": null, "street": null, "levels": null, "area_m2": 95.0, "clat": 50.25722224953313, "clon": 82.35919998318535}, "geometry": {"type": "Polygon", "coordinates": [[[82.3592193, 50.2572833], [82.3592973, 50.2572195], [82.3591806, 50.2571612], [82.3591027, 50.257225], [82.3592193, 50.2572833]]]}}, {"type": "Feature", "properties": {"osm_id": 760127349, "building": "yes", "housenumber": null, "street": null, "levels": null, "area_m2": 79.6, "clat": 50.2568539, "clon": 82.35964580000001}, "geometry": {"type": "Polygon", "coordinates": [[[82.3596485, 50.2569111], [82.359733, 50.2568408], [82.3596431, 50.2567967], [82.3595586, 50.256867], [82.3596485, 50.2569111]]]}}, {"type": "Feature", "properties": {"osm_id": 760127350, "building": "yes", "housenumber": null, "street": null, "levels": null, "area_m2": 77.5, "clat": 50.2565907848607, "clon": 82.36002579372199}, "geometry": {"type": "Polygon", "coordinates": [[[82.3600052, 50.2566505], [82.3601152, 50.256569], [82.3600464, 50.2565311], [82.3599364, 50.2566125], [82.3600052, 50.2566505]]]}}, {"type": "Feature", "properties": {"osm_id": 760127351, "building": "yes", "housenumber": null, "street": null, "levels": null, "area_m2": 103.7, "clat": 50.2563809, "clon": 82.3602453}, "geometry": {"type": "Polygon", "coordinates": [[[82.3601447, 50.256389], [82.360248, 50.2564457], [82.3603459, 50.2563728], [82.3602426, 50.2563161], [82.3601447, 50.256389]]]}}, {"type": "Feature", "properties": {"osm_id": 760127352, "building": "yes", "housenumber": null, "street": null, "levels": null, "area_m2": 51.8, "clat": 50.25601425469359, "clon": 82.36066676554252}, "geometry": {"type": "Polygon", "coordinates": [[[82.3605953, 50.2560331], [82.3606551, 50.2560631], [82.3607382, 50.2559954], [82.3606785, 50.2559654], [82.3605953, 50.2560331]]]}}, {"type": "Feature", "properties": {"osm_id": 760127353, "building": "yes", "housenumber": null, "street": null, "levels": null, "area_m2": 73.8, "clat": 50.25569880881164, "clon": 82.36082561424972}, "geometry": {"type": "Polygon", "coordinates": [[[82.3609105, 50.255757], [82.3609433, 50.2557247], [82.3607408, 50.2556406], [82.360708, 50.255673], [82.3609105, 50.255757]]]}}, {"type": "Feature", "properties": {"osm_id": 760127354, "building": "yes", "housenumber": null, "street": null, "levels": null, "area_m2": 134.6, "clat": 50.255579882455535, "clon": 82.3609720561941}, "geometry": {"type": "Polygon", "coordinates": [[[82.3608595, 50.2555958], [82.3610001, 50.2556514], [82.3610846, 50.2555639], [82.360944, 50.2555084], [82.3608595, 50.2555958]]]}}, {"type": "Feature", "properties": {"osm_id": 760127355, "building": "yes", "housenumber": null, "street": null, "levels": null, "area_m2": 102.8, "clat": 50.25499225, "clon": 82.36262165}, "geometry": {"type": "Polygon", "coordinates": [[[82.3625211, 50.2549965], [82.3626256, 50.2550566], [82.3627222, 50.254988], [82.3626177, 50.2549279], [82.3625211, 50.2549965]]]}}, {"type": "Feature", "properties": {"osm_id": 760127363, "building": "yes", "housenumber": null, "street": null, "levels": null, "area_m2": 50.3, "clat": 50.252024999999996, "clon": 82.35843675}, "geometry": {"type": "Polygon", "coordinates": [[[82.3583597, 50.2520261], [82.3583958, 50.2520668], [82.3585138, 50.2520239], [82.3584777, 50.2519832], [82.3583597, 50.2520261]]]}}, {"type": "Feature", "properties": {"osm_id": 760127364, "building": "yes", "housenumber": null, "street": null, "levels": null, "area_m2": 96.7, "clat": 50.24302527151252, "clon": 82.36470330578969}, "geometry": {"type": "Polygon", "coordinates": [[[82.3646203, 50.2430623], [82.3647873, 50.2430613], [82.3647864, 50.2429883], [82.3646193, 50.2429892], [82.3646203, 50.2430623]]]}}, {"type": "Feature", "properties": {"osm_id": 760127365, "building": "yes", "housenumber": null, "street": null, "levels": null, "area_m2": 57.3, "clat": 50.24316772514202, "clon": 82.3647175806792}, "geometry": {"type": "Polygon", "coordinates": [[[82.3646532, 50.243196], [82.3647827, 50.2431953], [82.364782, 50.2431395], [82.3646525, 50.2431401], [82.3646532, 50.243196]]]}}, {"type": "Feature", "properties": {"osm_id": 760127366, "building": "yes", "housenumber": null, "street": null, "levels": null, "area_m2": 66.6, "clat": 50.24342890029363, "clon": 82.36468326878504}, "geometry": {"type": "Polygon", "coordinates": [[[82.364621, 50.2434628], [82.3647465, 50.243462], [82.3647456, 50.2433951], [82.3646201, 50.2433957], [82.364621, 50.2434628]]]}}, {"type": "Feature", "properties": {"osm_id": 760127367, "building": "yes", "housenumber": null, "street": null, "levels": null, "area_m2": 68.7, "clat": 50.24365852516537, "clon": 82.36472857633693}, "geometry": {"type": "Polygon", "coordinates": [[[82.3646505, 50.2436866], [82.3648074, 50.2436857], [82.3648067, 50.2436305], [82.3646498, 50.2436313], [82.3646505, 50.2436866]]]}}, {"type": "Feature", "properties": {"osm_id": 760127371, "building": "yes", "housenumber": null, "street": null, "levels": null, "area_m2": 126.8, "clat": 50.25360179778677, "clon": 82.36355687512092}, "geometry": {"type": "Polygon", "coordinates": [[[82.3634344, 50.2535688], [82.3634339, 50.253634], [82.3636793, 50.2536348], [82.3636799, 50.2535696], [82.3634344, 50.2535688]]]}}, {"type": "Feature", "properties": {"osm_id": 1327888331, "building": "yes", "housenumber": null, "street": null, "levels": null, "area_m2": 53.8, "clat": 50.2402501, "clon": 82.34900195}, "geometry": {"type": "Polygon", "coordinates": [[[82.3489302, 50.2402714], [82.3489923, 50.2403003], [82.3490737, 50.2402288], [82.3490116, 50.2401999], [82.3489302, 50.2402714]]]}}, {"type": "Feature", "properties": {"osm_id": 1327888332, "building": "yes", "housenumber": null, "street": null, "levels": null, "area_m2": 66.7, "clat": 50.2403465, "clon": 82.34877355}, "geometry": {"type": "Polygon", "coordinates": [[[82.3487263, 50.2402943], [82.3486814, 50.2403338], [82.3488208, 50.2403987], [82.3488657, 50.2403592], [82.3487263, 50.2402943]]]}}, {"type": "Feature", "properties": {"osm_id": 1327888336, "building": "yes", "housenumber": null, "street": null, "levels": null, "area_m2": 115.0, "clat": 50.25231515, "clon": 82.35721079999999}, "geometry": {"type": "Polygon", "coordinates": [[[82.3571556, 50.2523752], [82.3572844, 50.2523665], [82.357266, 50.2522551], [82.3571372, 50.2522638], [82.3571556, 50.2523752]]]}}, {"type": "Feature", "properties": {"osm_id": 1327888337, "building": "yes", "housenumber": null, "street": null, "levels": null, "area_m2": 170.9, "clat": 50.25267505, "clon": 82.35717460000001}, "geometry": {"type": "Polygon", "coordinates": [[[82.3571167, 50.2527565], [82.357255, 50.2527482], [82.3572325, 50.2525936], [82.3570942, 50.2526019], [82.3571167, 50.2527565]]]}}, {"type": "Feature", "properties": {"osm_id": 1327888338, "building": "yes", "housenumber": null, "street": null, "levels": null, "area_m2": 1479.8, "clat": 50.25273475, "clon": 82.35675395}, "geometry": {"type": "Polygon", "coordinates": [[[82.3566597, 50.2530683], [82.3569445, 50.2530511], [82.3568482, 50.2524012], [82.3565634, 50.2524184], [82.3566597, 50.2530683]]]}}]}