{"type": "FeatureCollection", "village": "с. Перевальное", "key": "perevalnoe", "features": [{"type": "Feature", "properties": {"osm_id": 496322807, "building": "yes", "housenumber": null, "street": null, "levels": "1", "area_m2": 1986.7, "clat": 50.238067863120136, "clon": 82.29114320457306}, "geometry": {"type": "Polygon", "coordinates": [[[82.2914682, 50.2385014], [82.2912656, 50.2385124], [82.2912128, 50.2381146], [82.2911914, 50.2381157], [82.2911642, 50.237911], [82.2909259, 50.2379239], [82.2909404, 50.2380337], [82.2909711, 50.238032], [82.2909839, 50.2381287], [82.2907312, 50.2381424], [82.2906896, 50.2378285], [82.291374, 50.2377913], [82.2914682, 50.2385014]]]}}, {"type": "Feature", "properties": {"osm_id": 515222683, "building": "yes", "housenumber": null, "street": null, "levels": "1", "area_m2": 506.2, "clat": 50.23718142629683, "clon": 82.2942588945601}, "geometry": {"type": "Polygon", "coordinates": [[[82.2939357, 50.2372376], [82.2945875, 50.2372231], [82.2945822, 50.2371253], [82.2939304, 50.2371397], [82.2939357, 50.2372376]]]}}, {"type": "Feature", "properties": {"osm_id": 515222684, "building": "yes", "housenumber": null, "street": null, "levels": "1", "area_m2": 107.8, "clat": 50.2372002, "clon": 82.2936792}, "geometry": {"type": "Polygon", "coordinates": [[[82.293587, 50.2371664], [82.2935984, 50.2372443], [82.2937714, 50.237234], [82.29376, 50.2371561], [82.293587, 50.2371664]]]}}, {"type": "Feature", "properties": {"osm_id": 515222685, "building": "yes", "housenumber": null, "street": null, "levels": "1", "area_m2": 918.3, "clat": 50.23682268327235, "clon": 82.29394734336522}, "geometry": {"type": "Polygon", "coordinates": [[[82.2937052, 50.2370071], [82.2939148, 50.2369951], [82.293896, 50.2368612], [82.2943221, 50.2368368], [82.294303, 50.2367001], [82.2936673, 50.2367366], [82.2937052, 50.2370071]]]}}, {"type": "Feature", "properties": {"osm_id": 515222686, "building": "yes", "housenumber": null, "street": null, "levels": "1", "area_m2": 163.3, "clat": 50.23663352620531, "clon": 82.29323772566673}, "geometry": {"type": "Polygon", "coordinates": [[[82.293119, 50.2366801], [82.2933644, 50.2366706], [82.2933565, 50.236587], [82.2931111, 50.2365964], [82.293119, 50.2366801]]]}}, {"type": "Feature", "properties": {"osm_id": 515222687, "building": "yes", "housenumber": null, "street": null, "levels": "1", "area_m2": 477.1, "clat": 50.23688118513124, "clon": 82.29292717479335}, "geometry": {"type": "Polygon", "coordinates": [[[82.2928374, 50.2370455], [82.293021, 50.2370446], [82.293017, 50.2367169], [82.2928333, 50.2367178], [82.2928374, 50.2370455]]]}}, {"type": "Feature", "properties": {"osm_id": 515222690, "building": "yes", "housenumber": null, "street": null, "levels": "1", "area_m2": 472.4, "clat": 50.236979000000005, "clon": 82.29086104999999}, "geometry": {"type": "Polygon", "coordinates": [[[82.2905883, 50.2369228], [82.2905866, 50.2370317], [82.2911338, 50.2370352], [82.2911355, 50.2369263], [82.2905883, 50.2369228]]]}}, {"type": "Feature", "properties": {"osm_id": 515222691, "building": "detached", "housenumber": null, "street": null, "levels": "1", "area_m2": 265.8, "clat": 50.240595568010576, "clon": 82.27820119710128}, "geometry": {"type": "Polygon", "coordinates": [[[82.278222, 50.2407055], [82.2783414, 50.2405306], [82.2781804, 50.2404856], [82.278061, 50.2406606], [82.278222, 50.2407055]]]}}, {"type": "Feature", "properties": {"osm_id": 515222692, "building": "detached", "housenumber": null, "street": null, "levels": "1", "area_m2": 272.0, "clat": 50.24093003247257, "clon": 82.27795300200845}, "geometry": {"type": "Polygon", "coordinates": [[[82.2779672, 50.2410418], [82.2780986, 50.2408676], [82.2779388, 50.2408183], [82.2778074, 50.2409924], [82.2779672, 50.2410418]]]}}, {"type": "Feature", "properties": {"osm_id": 515222693, "building": "detached", "housenumber": null, "street": null, "levels": "1", "area_m2": 218.0, "clat": 50.2418642, "clon": 82.27721679999999}, "geometry": {"type": "Polygon", "coordinates": [[[82.2772349, 50.2419621], [82.2773476, 50.241812], [82.2771987, 50.2417663], [82.277086, 50.2419164], [82.2772349, 50.2419621]]]}}, {"type": "Feature", "properties": {"osm_id": 515222694, "building": "detached", "housenumber": null, "street": null, "levels": "1", "area_m2": 236.3, "clat": 50.242274099999996, "clon": 82.2769085}, "geometry": {"type": "Polygon", "coordinates": [[[82.2767709, 50.2423266], [82.2769254, 50.242376], [82.2770461, 50.2422216], [82.2768916, 50.2421722], [82.2767709, 50.2423266]]]}}, {"type": "Feature", "properties": {"osm_id": 515222695, "building": "detached", "housenumber": null, "street": null, "levels": "1", "area_m2": 198.5, "clat": 50.24258285, "clon": 82.2766533}, "geometry": {"type": "Polygon", "coordinates": [[[82.2765282, 50.2426276], [82.2766819, 50.2426727], [82.2767784, 50.2425381], [82.2766247, 50.242493], [82.2765282, 50.2426276]]]}}, {"type": "Feature", "properties": {"osm_id": 515222696, "building": "detached", "housenumber": null, "street": null, "levels": "1", "area_m2": 180.0, "clat": 50.242904404733586, "clon": 82.2763959178198}, "geometry": {"type": "Polygon", "coordinates": [[[82.2764169, 50.2429904], [82.2765188, 50.2428669], [82.276375, 50.2428184], [82.276273, 50.2429419], [82.2764169, 50.2429904]]]}}, {"type": "Feature", "properties": {"osm_id": 515222697, "building": "detached", "housenumber": null, "street": null, "levels": "1", "area_m2": 188.8, "clat": 50.24321102737633, "clon": 82.27615188639236}, "geometry": {"type": "Polygon", "coordinates": [[[82.2761768, 50.2432984], [82.2762774, 50.2431731], [82.2761269, 50.2431237], [82.2760264, 50.2432489], [82.2761768, 50.2432984]]]}}, {"type": "Feature", "properties": {"osm_id": 515222700, "building": "detached", "housenumber": null, "street": null, "levels": "1", "area_m2": 225.2, "clat": 50.243556067207194, "clon": 82.27587919870928}, "geometry": {"type": "Polygon", "coordinates": [[[82.275745, 50.2436123], [82.2758874, 50.2436585], [82.2760134, 50.2434999], [82.275871, 50.2434536], [82.275745, 50.2436123]]]}}, {"type": "Feature", "properties": {"osm_id": 515222701, "building": "detached", "housenumber": null, "street": null, "levels": "1", "area_m2": 207.1, "clat": 50.243829176415396, "clon": 82.27566023317782}, "geometry": {"type": "Polygon", "coordinates": [[[82.2755291, 50.2438841], [82.2756586, 50.2439295], [82.2757914, 50.2437742], [82.2756618, 50.2437289], [82.2755291, 50.2438841]]]}}, {"type": "Feature", "properties": {"osm_id": 515222702, "building": "detached", "housenumber": null, "street": null, "levels": "1", "area_m2": 226.5, "clat": 50.24410080723871, "clon": 82.27544311703103}, "geometry": {"type": "Polygon", "coordinates": [[[82.2753091, 50.2441603], [82.2754484, 50.2442051], [82.2755771, 50.2440413], [82.2754379, 50.2439965], [82.2753091, 50.2441603]]]}}, {"type": "Feature", "properties": {"osm_id": 515222703, "building": "detached", "housenumber": null, "street": null, "levels": "1", "area_m2": 189.2, "clat": 50.24445498312653, "clon": 82.27516420044302}, "geometry": {"type": "Polygon", "coordinates": [[[82.2750422, 50.2445119], [82.2751668, 50.2445516], [82.2752862, 50.244398], [82.2751616, 50.2443584], [82.2750422, 50.2445119]]]}}, {"type": "Feature", "properties": {"osm_id": 515222704, "building": "detached", "housenumber": null, "street": null, "levels": "1", "area_m2": 212.6, "clat": 50.2443412, "clon": 82.27468895}, "geometry": {"type": "Polygon", "coordinates": [[[82.2745286, 50.2443404], [82.2747807, 50.2444253], [82.2748493, 50.244342], [82.2745972, 50.2442571], [82.2745286, 50.2443404]]]}}, {"type": "Feature", "properties": {"osm_id": 515222705, "building": "detached", "housenumber": null, "street": null, "levels": "1", "area_m2": 202.1, "clat": 50.24420955, "clon": 82.2742881}, "geometry": {"type": "Polygon", "coordinates": [[[82.2741316, 50.2442101], [82.2743797, 50.2442907], [82.2744446, 50.244209], [82.2741965, 50.2441284], [82.2741316, 50.2442101]]]}}, {"type": "Feature", "properties": {"osm_id": 515222714, "building": "detached", "housenumber": null, "street": null, "levels": "1", "area_m2": 215.0, "clat": 50.24401705720242, "clon": 82.27384681679723}, "geometry": {"type": "Polygon", "coordinates": [[[82.2738487, 50.2441191], [82.2739787, 50.2439596], [82.273845, 50.243915], [82.2737149, 50.2440745], [82.2738487, 50.2441191]]]}}, {"type": "Feature", "properties": {"osm_id": 515222716, "building": "detached", "housenumber": null, "street": null, "levels": "1", "area_m2": 211.3, "clat": 50.24366924058885, "clon": 82.27416906664311}, "geometry": {"type": "Polygon", "coordinates": [[[82.2740377, 50.2437263], [82.274169, 50.2437708], [82.2743004, 50.2436121], [82.2741692, 50.2435677], [82.2740377, 50.2437263]]]}}, {"type": "Feature", "properties": {"osm_id": 515222718, "building": "detached", "housenumber": null, "street": null, "levels": "1", "area_m2": 200.3, "clat": 50.24341009211389, "clon": 82.2744153840054}, "geometry": {"type": "Polygon", "coordinates": [[[82.2742859, 50.243469], [82.2744067, 50.2435116], [82.2745449, 50.2433512], [82.274424, 50.2433086], [82.2742859, 50.243469]]]}}, {"type": "Feature", "properties": {"osm_id": 515222720, "building": "detached", "housenumber": null, "street": null, "levels": "1", "area_m2": 203.4, "clat": 50.2431474566419, "clon": 82.27465796689066}, "geometry": {"type": "Polygon", "coordinates": [[[82.2745286, 50.2431997], [82.2746613, 50.2432453], [82.2747873, 50.2430952], [82.2746547, 50.2430496], [82.2745286, 50.2431997]]]}}, {"type": "Feature", "properties": {"osm_id": 515222721, "building": "detached", "housenumber": null, "street": null, "levels": "1", "area_m2": 214.0, "clat": 50.24281823310851, "clon": 82.27493315058574}, "geometry": {"type": "Polygon", "coordinates": [[[82.2747995, 50.2428695], [82.2749367, 50.2429179], [82.2750668, 50.2427669], [82.2749296, 50.2427186], [82.2747995, 50.2428695]]]}}, {"type": "Feature", "properties": {"osm_id": 515222722, "building": "detached", "housenumber": null, "street": null, "levels": "1", "area_m2": 395.9, "clat": 50.24246905, "clon": 82.275726}, "geometry": {"type": "Polygon", "coordinates": [[[82.2755478, 50.2425487], [82.2757285, 50.2426081], [82.2759042, 50.2423894], [82.2757235, 50.24233], [82.2755478, 50.2425487]]]}}, {"type": "Feature", "properties": {"osm_id": 515222723, "building": "detached", "housenumber": null, "street": null, "levels": "1", "area_m2": 229.3, "clat": 50.2419598, "clon": 82.2757909}, "geometry": {"type": "Polygon", "coordinates": [[[82.2757946, 50.2420633], [82.2759287, 50.2419055], [82.2757872, 50.2418563], [82.2756531, 50.2420141], [82.2757946, 50.2420633]]]}}, {"type": "Feature", "properties": {"osm_id": 515222724, "building": "detached", "housenumber": null, "street": null, "levels": "1", "area_m2": 205.5, "clat": 50.241702556710386, "clon": 82.27602901733117}, "geometry": {"type": "Polygon", "coordinates": [[[82.2760387, 50.2418], [82.2761567, 50.241649], [82.2760194, 50.2416051], [82.2759013, 50.2417561], [82.2760387, 50.2418]]]}}, {"type": "Feature", "properties": {"osm_id": 515222725, "building": "detached", "housenumber": null, "street": null, "levels": "1", "area_m2": 254.7, "clat": 50.24141575, "clon": 82.2763157}, "geometry": {"type": "Polygon", "coordinates": [[[82.2763324, 50.2415212], [82.2764598, 50.2413634], [82.276299, 50.2413103], [82.2761716, 50.2414681], [82.2763324, 50.2415212]]]}}, {"type": "Feature", "properties": {"osm_id": 515222726, "building": "detached", "housenumber": null, "street": null, "levels": "1", "area_m2": 256.9, "clat": 50.24109555, "clon": 82.2766081}, "geometry": {"type": "Polygon", "coordinates": [[[82.2766207, 50.2412039], [82.2767508, 50.2410366], [82.2765955, 50.2409872], [82.2764654, 50.2411545], [82.2766207, 50.2412039]]]}}, {"type": "Feature", "properties": {"osm_id": 515222727, "building": "detached", "housenumber": null, "street": null, "levels": "1", "area_m2": 243.2, "clat": 50.24063406743092, "clon": 82.2770405979673}, "geometry": {"type": "Polygon", "coordinates": [[[82.2770539, 50.2407381], [82.2771813, 50.2405812], [82.2770273, 50.24053], [82.2768999, 50.240687], [82.2770539, 50.2407381]]]}}, {"type": "Feature", "properties": {"osm_id": 515222728, "building": "detached", "housenumber": null, "street": null, "levels": "1", "area_m2": 278.1, "clat": 50.2403236, "clon": 82.27733365}, "geometry": {"type": "Polygon", "coordinates": [[[82.2773556, 50.2404362], [82.2774763, 50.2402561], [82.2773117, 50.240211], [82.277191, 50.2403911], [82.2773556, 50.2404362]]]}}, {"type": "Feature", "properties": {"osm_id": 515222729, "building": "detached", "housenumber": null, "street": null, "levels": "1", "area_m2": 460.6, "clat": 50.24651455, "clon": 82.2718203}, "geometry": {"type": "Polygon", "coordinates": [[[82.2716211, 50.2466183], [82.2717875, 50.2466775], [82.2720195, 50.2464108], [82.2718531, 50.2463516], [82.2716211, 50.2466183]]]}}, {"type": "Feature", "properties": {"osm_id": 515222730, "building": "detached", "housenumber": null, "street": null, "levels": "1", "area_m2": 508.9, "clat": 50.24584645, "clon": 82.2724244}, "geometry": {"type": "Polygon", "coordinates": [[[82.2722138, 50.2459476], [82.2723936, 50.2460137], [82.272635, 50.2457453], [82.2724552, 50.2456792], [82.2722138, 50.2459476]]]}}, {"type": "Feature", "properties": {"osm_id": 515222731, "building": "detached", "housenumber": null, "street": null, "levels": "1", "area_m2": 202.1, "clat": 50.24448015, "clon": 82.27427970000001}, "geometry": {"type": "Polygon", "coordinates": [[[82.2741236, 50.2444819], [82.2743717, 50.2445608], [82.2744358, 50.2444784], [82.2741877, 50.2443995], [82.2741236, 50.2444819]]]}}, {"type": "Feature", "properties": {"osm_id": 515222732, "building": "detached", "housenumber": null, "street": null, "levels": "1", "area_m2": 199.3, "clat": 50.244307499688965, "clon": 82.27376633300653}, "geometry": {"type": "Polygon", "coordinates": [[[82.2738513, 50.2443884], [82.2739187, 50.2443046], [82.2736813, 50.2442266], [82.273614, 50.2443104], [82.2738513, 50.2443884]]]}}, {"type": "Feature", "properties": {"osm_id": 515222733, "building": "detached", "housenumber": null, "street": null, "levels": "1", "area_m2": 209.2, "clat": 50.2447391769879, "clon": 82.27318993289086}, "geometry": {"type": "Polygon", "coordinates": [[[82.2730561, 50.2447915], [82.2731856, 50.2448395], [82.2733238, 50.2446868], [82.2731942, 50.2446389], [82.2730561, 50.2447915]]]}}, {"type": "Feature", "properties": {"osm_id": 515222734, "building": "detached", "housenumber": null, "street": null, "levels": "1", "area_m2": 216.2, "clat": 50.24498929258404, "clon": 82.2729089834947}, "geometry": {"type": "Polygon", "coordinates": [[[82.2727758, 50.245048], [82.2729067, 50.2450927], [82.2730422, 50.2449306], [82.2729112, 50.2448859], [82.2727758, 50.245048]]]}}, {"type": "Feature", "properties": {"osm_id": 515222735, "building": "detached", "housenumber": null, "street": null, "levels": "1", "area_m2": 218.9, "clat": 50.24550965, "clon": 82.2727825}, "geometry": {"type": "Polygon", "coordinates": [[[82.2728737, 50.2455994], [82.2729488, 50.2455219], [82.2726913, 50.2454199], [82.2726162, 50.2454974], [82.2728737, 50.2455994]]]}}, {"type": "Feature", "properties": {"osm_id": 515222736, "building": "detached", "housenumber": null, "street": null, "levels": "1", "area_m2": 214.6, "clat": 50.24571495, "clon": 82.2733291}, "geometry": {"type": "Polygon", "coordinates": [[[82.2732384, 50.2456295], [82.2731676, 50.2457121], [82.2734198, 50.2458004], [82.2734906, 50.2457178], [82.2732384, 50.2456295]]]}}, {"type": "Feature", "properties": {"osm_id": 515222737, "building": "detached", "housenumber": null, "street": null, "levels": "1", "area_m2": 203.6, "clat": 50.24582936025365, "clon": 82.27404538152894}, "geometry": {"type": "Polygon", "coordinates": [[[82.2739184, 50.2458842], [82.274053, 50.2459272], [82.2741724, 50.2457746], [82.2740377, 50.2457315], [82.2739184, 50.2458842]]]}}, {"type": "Feature", "properties": {"osm_id": 515222738, "building": "detached", "housenumber": null, "street": null, "levels": "1", "area_m2": 208.9, "clat": 50.24547724317853, "clon": 82.2743309829029}, "geometry": {"type": "Polygon", "coordinates": [[[82.2742014, 50.2455317], [82.2743372, 50.2455763], [82.2744606, 50.2454228], [82.2743247, 50.2453782], [82.2742014, 50.2455317]]]}}, {"type": "Feature", "properties": {"osm_id": 515222739, "building": "detached", "housenumber": null, "street": null, "levels": "1", "area_m2": 223.9, "clat": 50.2451724, "clon": 82.2745811}, "geometry": {"type": "Polygon", "coordinates": [[[82.2744468, 50.2452264], [82.2745907, 50.2452737], [82.2747154, 50.2451184], [82.2745715, 50.2450711], [82.2744468, 50.2452264]]]}}, {"type": "Feature", "properties": {"osm_id": 515222740, "building": "detached", "housenumber": null, "street": null, "levels": "1", "area_m2": 269.0, "clat": 50.24482715, "clon": 82.27486195}, "geometry": {"type": "Polygon", "coordinates": [[[82.274715, 50.244897], [82.2748587, 50.2449442], [82.2750089, 50.2447573], [82.2748652, 50.2447101], [82.274715, 50.244897]]]}}, {"type": "Feature", "properties": {"osm_id": 515222741, "building": "yes", "housenumber": null, "street": null, "levels": "1", "area_m2": 127.0, "clat": 50.24474945, "clon": 82.27543515}, "geometry": {"type": "Polygon", "coordinates": [[[82.2753359, 50.2448113], [82.2754231, 50.2448377], [82.2755344, 50.2446876], [82.2754472, 50.2446612], [82.2753359, 50.2448113]]]}}, {"type": "Feature", "properties": {"osm_id": 515222742, "building": "detached", "housenumber": null, "street": null, "levels": "1", "area_m2": 130.5, "clat": 50.2444131, "clon": 82.27598255000001}, "geometry": {"type": "Polygon", "coordinates": [[[82.2758858, 50.2444553], [82.2760109, 50.2444858], [82.2760793, 50.2443709], [82.2759542, 50.2443404], [82.2758858, 50.2444553]]]}}, {"type": "Feature", "properties": {"osm_id": 515222743, "building": "detached", "housenumber": null, "street": null, "levels": "1", "area_m2": 70.2, "clat": 50.243604850000004, "clon": 82.2763967}, "geometry": {"type": "Polygon", "coordinates": [[[82.2763203, 50.243626], [82.2764276, 50.2436543], [82.2764731, 50.2435837], [82.2763658, 50.2435554], [82.2763203, 50.243626]]]}}, {"type": "Feature", "properties": {"osm_id": 515222744, "building": "detached", "housenumber": null, "street": null, "levels": "1", "area_m2": 66.2, "clat": 50.2430078, "clon": 82.2769206}, "geometry": {"type": "Polygon", "coordinates": [[[82.2768474, 50.2430342], [82.2769308, 50.2430612], [82.2769938, 50.2429814], [82.2769104, 50.2429544], [82.2768474, 50.2430342]]]}}, {"type": "Feature", "properties": {"osm_id": 515222745, "building": "detached", "housenumber": null, "street": null, "levels": "1", "area_m2": 64.3, "clat": 50.24138285, "clon": 82.27842955}, "geometry": {"type": "Polygon", "coordinates": [[[82.2784594, 50.2414337], [82.2785137, 50.2413903], [82.2783997, 50.241332], [82.2783454, 50.2413754], [82.2784594, 50.2414337]]]}}, {"type": "Feature", "properties": {"osm_id": 515222746, "building": "detached", "housenumber": null, "street": null, "levels": "1", "area_m2": 61.9, "clat": 50.241212468615, "clon": 82.27856730181618}, "geometry": {"type": "Polygon", "coordinates": [[[82.2786123, 50.241257], [82.2786498, 50.2412074], [82.2785224, 50.2411679], [82.2784848, 50.2412176], [82.2786123, 50.241257]]]}}, {"type": "Feature", "properties": {"osm_id": 515222747, "building": "detached", "housenumber": null, "street": null, "levels": "1", "area_m2": 59.6, "clat": 50.240952403196935, "clon": 82.27875866844505}, "geometry": {"type": "Polygon", "coordinates": [[[82.278686, 50.240968], [82.2787844, 50.2409986], [82.2788313, 50.2409368], [82.278733, 50.2409062], [82.278686, 50.240968]]]}}, {"type": "Feature", "properties": {"osm_id": 515222748, "building": "detached", "housenumber": null, "street": null, "levels": "1", "area_m2": 115.8, "clat": 50.2407932, "clon": 82.2788836}, "geometry": {"type": "Polygon", "coordinates": [[[82.2787839, 50.240829], [82.278884, 50.2408663], [82.2789833, 50.2407574], [82.2788832, 50.2407201], [82.2787839, 50.240829]]]}}, {"type": "Feature", "properties": {"osm_id": 515222749, "building": "detached", "housenumber": null, "street": null, "levels": "1", "area_m2": 73.0, "clat": 50.24061225, "clon": 82.279076}, "geometry": {"type": "Polygon", "coordinates": [[[82.2790052, 50.2406472], [82.2790945, 50.2406682], [82.2791468, 50.2405773], [82.2790575, 50.2405563], [82.2790052, 50.2406472]]]}}, {"type": "Feature", "properties": {"osm_id": 515222751, "building": "detached", "housenumber": null, "street": null, "levels": "1", "area_m2": 72.9, "clat": 50.24039865, "clon": 82.27924589999999}, "geometry": {"type": "Polygon", "coordinates": [[[82.2791648, 50.2404148], [82.2792774, 50.2404491], [82.279327, 50.2403825], [82.2792144, 50.2403482], [82.2791648, 50.2404148]]]}}, {"type": "Feature", "properties": {"osm_id": 515222752, "building": "detached", "housenumber": null, "street": null, "levels": "1", "area_m2": 73.0, "clat": 50.24017210264855, "clon": 82.2794561183371}, "geometry": {"type": "Polygon", "coordinates": [[[82.279374, 50.2401866], [82.279488, 50.2402226], [82.2795382, 50.2401576], [82.2794243, 50.2401216], [82.279374, 50.2401866]]]}}, {"type": "Feature", "properties": {"osm_id": 515222753, "building": "detached", "housenumber": null, "street": null, "levels": "1", "area_m2": 89.2, "clat": 50.2397803, "clon": 82.2795522}, "geometry": {"type": "Polygon", "coordinates": [[[82.2795711, 50.2398392], [82.2796422, 50.2397629], [82.2795333, 50.2397214], [82.2794622, 50.2397977], [82.2795711, 50.2398392]]]}}, {"type": "Feature", "properties": {"osm_id": 515222754, "building": "detached", "housenumber": null, "street": null, "levels": "1", "area_m2": 50.0, "clat": 50.23956100258597, "clon": 82.27969066892128}, "geometry": {"type": "Polygon", "coordinates": [[[82.2796221, 50.2395733], [82.2797254, 50.2396008], [82.2797592, 50.2395487], [82.279656, 50.2395212], [82.2796221, 50.2395733]]]}}, {"type": "Feature", "properties": {"osm_id": 515222755, "building": "detached", "housenumber": null, "street": null, "levels": "1", "area_m2": 64.8, "clat": 50.239426099999996, "clon": 82.2800145}, "geometry": {"type": "Polygon", "coordinates": [[[82.2799399, 50.2394447], [82.2800475, 50.2394727], [82.2800891, 50.2394075], [82.2799815, 50.2393795], [82.2799399, 50.2394447]]]}}, {"type": "Feature", "properties": {"osm_id": 515222756, "building": "detached", "housenumber": null, "street": null, "levels": "1", "area_m2": 57.8, "clat": 50.239174500000004, "clon": 82.2801623}, "geometry": {"type": "Polygon", "coordinates": [[[82.2800982, 50.2392054], [82.2801754, 50.2392251], [82.2802264, 50.2391436], [82.2801492, 50.2391239], [82.2800982, 50.2392054]]]}}, {"type": "Feature", "properties": {"osm_id": 515222757, "building": "detached", "housenumber": null, "street": null, "levels": "1", "area_m2": 84.5, "clat": 50.2390302, "clon": 82.28022805}, "geometry": {"type": "Polygon", "coordinates": [[[82.2801425, 50.239051], [82.2802685, 50.2390827], [82.2803136, 50.2390094], [82.2801876, 50.2389777], [82.2801425, 50.239051]]]}}, {"type": "Feature", "properties": {"osm_id": 515222758, "building": "detached", "housenumber": null, "street": null, "levels": "1", "area_m2": 54.9, "clat": 50.2388362, "clon": 82.2803586}, "geometry": {"type": "Polygon", "coordinates": [[[82.2803074, 50.2387971], [82.2802797, 50.2388436], [82.2804098, 50.2388753], [82.2804375, 50.2388288], [82.2803074, 50.2387971]]]}}, {"type": "Feature", "properties": {"osm_id": 515222759, "building": "detached", "housenumber": null, "street": null, "levels": "1", "area_m2": 62.2, "clat": 50.2386686182184, "clon": 82.28055684188449}, "geometry": {"type": "Polygon", "coordinates": [[[82.2804818, 50.238683], [82.2805823, 50.238716], [82.2806319, 50.2386543], [82.2805314, 50.2386212], [82.2804818, 50.238683]]]}}, {"type": "Feature", "properties": {"osm_id": 515222760, "building": "detached", "housenumber": null, "street": null, "levels": "1", "area_m2": 131.5, "clat": 50.236876179737656, "clon": 82.28190280674514}, "geometry": {"type": "Polygon", "coordinates": [[[82.2818121, 50.2369245], [82.2819398, 50.2369479], [82.2819935, 50.2368278], [82.2818658, 50.2368045], [82.2818121, 50.2369245]]]}}, {"type": "Feature", "properties": {"osm_id": 515222761, "building": "detached", "housenumber": null, "street": null, "levels": "1", "area_m2": 95.0, "clat": 50.236535871784426, "clon": 82.28204048618261}, "geometry": {"type": "Polygon", "coordinates": [[[82.2819664, 50.2365797], [82.2820743, 50.2365967], [82.2821146, 50.236492], [82.2820066, 50.2364751], [82.2819664, 50.2365797]]]}}, {"type": "Feature", "properties": {"osm_id": 515222762, "building": "detached", "housenumber": null, "street": null, "levels": "1", "area_m2": 140.1, "clat": 50.23594574068474, "clon": 82.28229772904488}, "geometry": {"type": "Polygon", "coordinates": [[[82.2822145, 50.2360084], [82.282334, 50.2360246], [82.282381, 50.2358831], [82.2822614, 50.2358669], [82.2822145, 50.2360084]]]}}, {"type": "Feature", "properties": {"osm_id": 515222763, "building": "detached", "housenumber": null, "street": null, "levels": "1", "area_m2": 86.9, "clat": 50.23573125, "clon": 82.2824041}, "geometry": {"type": "Polygon", "coordinates": [[[82.2823244, 50.2357614], [82.2824518, 50.235782], [82.2824838, 50.2357011], [82.2823564, 50.2356805], [82.2823244, 50.2357614]]]}}, {"type": "Feature", "properties": {"osm_id": 515222764, "building": "detached", "housenumber": null, "street": null, "levels": "1", "area_m2": 64.4, "clat": 50.235485129461786, "clon": 82.28255055758278}, "geometry": {"type": "Polygon", "coordinates": [[[82.2824867, 50.2355177], [82.2825795, 50.235534], [82.2826144, 50.2354525], [82.2825216, 50.2354363], [82.2824867, 50.2355177]]]}}, {"type": "Feature", "properties": {"osm_id": 515222765, "building": "detached", "housenumber": null, "street": null, "levels": "1", "area_m2": 113.4, "clat": 50.23496839266467, "clon": 82.28272657970376}, "geometry": {"type": "Polygon", "coordinates": [[[82.2826436, 50.2350151], [82.2827599, 50.2350358], [82.2828096, 50.2349217], [82.2826932, 50.234901], [82.2826436, 50.2350151]]]}}, {"type": "Feature", "properties": {"osm_id": 515222766, "building": "detached", "housenumber": null, "street": null, "levels": "1", "area_m2": 101.1, "clat": 50.2347545, "clon": 82.2827885}, "geometry": {"type": "Polygon", "coordinates": [[[82.2826798, 50.234768], [82.2828689, 50.2348032], [82.2828972, 50.234741], [82.2827081, 50.2347058], [82.2826798, 50.234768]]]}}, {"type": "Feature", "properties": {"osm_id": 515222767, "building": "detached", "housenumber": null, "street": null, "levels": "1", "area_m2": 105.0, "clat": 50.237002004163486, "clon": 82.28369287185475}, "geometry": {"type": "Polygon", "coordinates": [[[82.2836038, 50.2370343], [82.2837567, 50.2370532], [82.2837819, 50.2369697], [82.2836291, 50.2369508], [82.2836038, 50.2370343]]]}}, {"type": "Feature", "properties": {"osm_id": 515222768, "building": "detached", "housenumber": null, "street": null, "levels": "1", "area_m2": 103.5, "clat": 50.23674092824246, "clon": 82.28379106316788}, "geometry": {"type": "Polygon", "coordinates": [[[82.2837044, 50.2367744], [82.2838506, 50.2367933], [82.2838777, 50.2367074], [82.2837315, 50.2366886], [82.2837044, 50.2367744]]]}}, {"type": "Feature", "properties": {"osm_id": 515222769, "building": "detached", "housenumber": null, "street": null, "levels": "1", "area_m2": 64.4, "clat": 50.236490599999996, "clon": 82.28391675}, "geometry": {"type": "Polygon", "coordinates": [[[82.2838573, 50.2365274], [82.283948, 50.2365396], [82.2839762, 50.2364538], [82.2838855, 50.2364416], [82.2838573, 50.2365274]]]}}, {"type": "Feature", "properties": {"osm_id": 515222770, "building": "detached", "housenumber": null, "street": null, "levels": "1", "area_m2": 97.0, "clat": 50.23601265, "clon": 82.2840727}, "geometry": {"type": "Polygon", "coordinates": [[[82.2839901, 50.2360462], [82.2841282, 50.2360642], [82.2841553, 50.2359791], [82.2840172, 50.2359611], [82.2839901, 50.2360462]]]}}, {"type": "Feature", "properties": {"osm_id": 515222771, "building": "detached", "housenumber": null, "street": null, "levels": "1", "area_m2": 65.4, "clat": 50.23580549306781, "clon": 82.28418522908684}, "geometry": {"type": "Polygon", "coordinates": [[[82.2841229, 50.2358403], [82.2842154, 50.2358548], [82.2842476, 50.2357707], [82.284155, 50.2357562], [82.2841229, 50.2358403]]]}}, {"type": "Feature", "properties": {"osm_id": 515222772, "building": "detached", "housenumber": null, "street": null, "levels": "1", "area_m2": 75.6, "clat": 50.23559935577684, "clon": 82.28425892089768}, "geometry": {"type": "Polygon", "coordinates": [[[82.2842959, 50.2356498], [82.2843294, 50.2355666], [82.284222, 50.2355489], [82.2841884, 50.2356321], [82.2842959, 50.2356498]]]}}, {"type": "Feature", "properties": {"osm_id": 515222773, "building": "detached", "housenumber": null, "street": null, "levels": "1", "area_m2": 73.6, "clat": 50.2353948, "clon": 82.28433475}, "geometry": {"type": "Polygon", "coordinates": [[[82.2842677, 50.2354294], [82.2843736, 50.235444], [82.2844018, 50.2353602], [82.2842959, 50.2353456], [82.2842677, 50.2354294]]]}}, {"type": "Feature", "properties": {"osm_id": 515222774, "building": "detached", "housenumber": null, "street": null, "levels": "1", "area_m2": 84.0, "clat": 50.23517737153585, "clon": 82.28441573863107}, "geometry": {"type": "Polygon", "coordinates": [[[82.2843401, 50.2352098], [82.2844635, 50.2352269], [82.2844914, 50.235145], [82.284368, 50.2351278], [82.2843401, 50.2352098]]]}}, {"type": "Feature", "properties": {"osm_id": 515222775, "building": "detached", "housenumber": null, "street": null, "levels": "1", "area_m2": 70.5, "clat": 50.2349633, "clon": 82.2844981}, "geometry": {"type": "Polygon", "coordinates": [[[82.2844233, 50.2349876], [82.284548, 50.2350065], [82.2845729, 50.234939], [82.2844482, 50.2349201], [82.2844233, 50.2349876]]]}}, {"type": "Feature", "properties": {"osm_id": 515222776, "building": "detached", "housenumber": null, "street": null, "levels": "1", "area_m2": 85.7, "clat": 50.23475195, "clon": 82.2845976}, "geometry": {"type": "Polygon", "coordinates": [[[82.2845064, 50.234774], [82.28467, 50.2347937], [82.2846888, 50.2347299], [82.2845252, 50.2347102], [82.2845064, 50.234774]]]}}, {"type": "Feature", "properties": {"osm_id": 515222777, "building": "detached", "housenumber": null, "street": null, "levels": "1", "area_m2": 70.9, "clat": 50.23456745, "clon": 82.28466075}, "geometry": {"type": "Polygon", "coordinates": [[[82.2845855, 50.2345922], [82.2847143, 50.2346093], [82.284736, 50.2345427], [82.2846072, 50.2345256], [82.2845855, 50.2345922]]]}}, {"type": "Feature", "properties": {"osm_id": 515222778, "building": "detached", "housenumber": null, "street": null, "levels": "1", "area_m2": 261.2, "clat": 50.23399715, "clon": 82.28490120000001}, "geometry": {"type": "Polygon", "coordinates": [[[82.2847934, 50.2341366], [82.284899, 50.2341528], [82.285009, 50.2338577], [82.2849034, 50.2338415], [82.2847934, 50.2341366]]]}}, {"type": "Feature", "properties": {"osm_id": 515222780, "building": "detached", "housenumber": null, "street": null, "levels": "1", "area_m2": 58.9, "clat": 50.234064599999996, "clon": 82.28551755000001}, "geometry": {"type": "Polygon", "coordinates": [[[82.2854277, 50.2340775], [82.2855967, 50.2340946], [82.2856074, 50.2340517], [82.2854384, 50.2340346], [82.2854277, 50.2340775]]]}}, {"type": "Feature", "properties": {"osm_id": 515222782, "building": "detached", "housenumber": null, "street": null, "levels": "1", "area_m2": 59.3, "clat": 50.233921335698085, "clon": 82.28540142843042}, "geometry": {"type": "Polygon", "coordinates": [[[82.2853392, 50.2339513], [82.2854301, 50.2339677], [82.2854636, 50.2338913], [82.2853728, 50.233875], [82.2853392, 50.2339513]]]}}, {"type": "Feature", "properties": {"osm_id": 515222784, "building": "detached", "housenumber": null, "street": null, "levels": "1", "area_m2": 31.8, "clat": 50.234392168419255, "clon": 82.28522265670723}, "geometry": {"type": "Polygon", "coordinates": [[[82.2851636, 50.2344026], [82.2852688, 50.234418], [82.2852818, 50.2343818], [82.2851765, 50.2343663], [82.2851636, 50.2344026]]]}}, {"type": "Feature", "properties": {"osm_id": 515222786, "building": "detached", "housenumber": null, "street": null, "levels": "1", "area_m2": 154.5, "clat": 50.23460405, "clon": 82.28514515}, "geometry": {"type": "Polygon", "coordinates": [[[82.2850549, 50.2346724], [82.2851717, 50.2346919], [82.2852354, 50.2345357], [82.2851186, 50.2345162], [82.2850549, 50.2346724]]]}}, {"type": "Feature", "properties": {"osm_id": 515222787, "building": "detached", "housenumber": null, "street": null, "levels": "1", "area_m2": 109.6, "clat": 50.23490996537937, "clon": 82.28502671910172}, "geometry": {"type": "Polygon", "coordinates": [[[82.2849456, 50.2349529], [82.2850743, 50.23497], [82.2851079, 50.2348671], [82.2849791, 50.2348499], [82.2849456, 50.2349529]]]}}, {"type": "Feature", "properties": {"osm_id": 515222788, "building": "detached", "housenumber": null, "street": null, "levels": "1", "area_m2": 98.6, "clat": 50.235231218816786, "clon": 82.28492450814093}, "geometry": {"type": "Polygon", "coordinates": [[[82.2848276, 50.2352557], [82.2850019, 50.2352758], [82.2850215, 50.2352068], [82.2848471, 50.2351866], [82.2848276, 50.2352557]]]}}, {"type": "Feature", "properties": {"osm_id": 515222789, "building": "detached", "housenumber": null, "street": null, "levels": "1", "area_m2": 82.2, "clat": 50.23547685, "clon": 82.2848298}, "geometry": {"type": "Polygon", "coordinates": [[[82.2847525, 50.2355066], [82.2848833, 50.2355233], [82.2849071, 50.2354471], [82.2847763, 50.2354304], [82.2847525, 50.2355066]]]}}, {"type": "Feature", "properties": {"osm_id": 515222790, "building": "detached", "housenumber": null, "street": null, "levels": "1", "area_m2": 92.2, "clat": 50.2356915, "clon": 82.28477029999999}, "geometry": {"type": "Polygon", "coordinates": [[[82.2846814, 50.2357172], [82.284835, 50.2357382], [82.2848592, 50.2356658], [82.2847056, 50.2356448], [82.2846814, 50.2357172]]]}}, {"type": "Feature", "properties": {"osm_id": 515222791, "building": "detached", "housenumber": null, "street": null, "levels": "1", "area_m2": 68.9, "clat": 50.235906071451055, "clon": 82.28467163542042}, "geometry": {"type": "Polygon", "coordinates": [[[82.2845976, 50.2359304], [82.284723, 50.2359479], [82.2847457, 50.2358818], [82.2846203, 50.2358642], [82.2845976, 50.2359304]]]}}, {"type": "Feature", "properties": {"osm_id": 515222792, "building": "detached", "housenumber": null, "street": null, "levels": "1", "area_m2": 62.7, "clat": 50.236100050000005, "clon": 82.28461785}, "geometry": {"type": "Polygon", "coordinates": [[[82.28455, 50.2361255], [82.2846586, 50.2361431], [82.2846857, 50.2360746], [82.2845771, 50.236057], [82.28455, 50.2361255]]]}}, {"type": "Feature", "properties": {"osm_id": 515222793, "building": "detached", "housenumber": null, "street": null, "levels": "1", "area_m2": 69.3, "clat": 50.236564428171604, "clon": 82.28444216314658}, "geometry": {"type": "Polygon", "coordinates": [[[82.2843716, 50.2365921], [82.284491, 50.2366072], [82.2845127, 50.2365367], [82.2843933, 50.2365217], [82.2843716, 50.2365921]]]}}, {"type": "Feature", "properties": {"osm_id": 515222794, "building": "detached", "housenumber": null, "street": null, "levels": "1", "area_m2": 66.2, "clat": 50.23683396624719, "clon": 82.28435841775872}, "geometry": {"type": "Polygon", "coordinates": [[[82.2843991, 50.2368786], [82.2844277, 50.2368074], [82.2843177, 50.2367893], [82.2842892, 50.2368606], [82.2843991, 50.2368786]]]}}, {"type": "Feature", "properties": {"osm_id": 515222795, "building": "detached", "housenumber": null, "street": null, "levels": "1", "area_m2": 56.0, "clat": 50.237092499999996, "clon": 82.28422135}, "geometry": {"type": "Polygon", "coordinates": [[[82.2841564, 50.2371158], [82.2842635, 50.2371318], [82.2842863, 50.2370692], [82.2841792, 50.2370532], [82.2841564, 50.2371158]]]}}, {"type": "Feature", "properties": {"osm_id": 515222796, "building": "detached", "housenumber": null, "street": null, "levels": "1", "area_m2": 152.0, "clat": 50.2370686, "clon": 82.28576385000001}, "geometry": {"type": "Polygon", "coordinates": [[[82.2856732, 50.2371321], [82.2857955, 50.2371522], [82.2858545, 50.2370051], [82.2857322, 50.236985], [82.2856732, 50.2371321]]]}}, {"type": "Feature", "properties": {"osm_id": 515222797, "building": "detached", "housenumber": null, "street": null, "levels": "1", "area_m2": 138.8, "clat": 50.2367111, "clon": 82.2859131}, "geometry": {"type": "Polygon", "coordinates": [[[82.2858227, 50.2367684], [82.2859405, 50.2367906], [82.2860035, 50.2366538], [82.2858857, 50.2366316], [82.2858227, 50.2367684]]]}}, {"type": "Feature", "properties": {"osm_id": 515222798, "building": "detached", "housenumber": null, "street": null, "levels": "1", "area_m2": 152.8, "clat": 50.2360636, "clon": 82.2861842}, "geometry": {"type": "Polygon", "coordinates": [[[82.2860876, 50.2361251], [82.2862057, 50.2361497], [82.2862808, 50.2360021], [82.2861627, 50.2359775], [82.2860876, 50.2361251]]]}}, {"type": "Feature", "properties": {"osm_id": 515222799, "building": "detached", "housenumber": null, "street": null, "levels": "1", "area_m2": 159.1, "clat": 50.235715459152615, "clon": 82.28633796975826}, "geometry": {"type": "Polygon", "coordinates": [[[82.2862431, 50.2357794], [82.2863671, 50.2358016], [82.2864328, 50.2356515], [82.2863089, 50.2356293], [82.2862431, 50.2357794]]]}}, {"type": "Feature", "properties": {"osm_id": 515222800, "building": "detached", "housenumber": null, "street": null, "levels": "1", "area_m2": 150.6, "clat": 50.23530795841963, "clon": 82.28651227089507}, "geometry": {"type": "Polygon", "coordinates": [[[82.2864228, 50.2353685], [82.2865521, 50.2353872], [82.2866017, 50.2352474], [82.2864725, 50.2352287], [82.2864228, 50.2353685]]]}}, {"type": "Feature", "properties": {"osm_id": 515222801, "building": "detached", "housenumber": null, "street": null, "levels": "1", "area_m2": 103.6, "clat": 50.234924799999995, "clon": 82.28667035000001}, "geometry": {"type": "Polygon", "coordinates": [[[82.2865905, 50.234967], [82.2867086, 50.2349864], [82.2867502, 50.2348826], [82.2866321, 50.2348632], [82.2865905, 50.234967]]]}}, {"type": "Feature", "properties": {"osm_id": 515222802, "building": "detached", "housenumber": null, "street": null, "levels": "1", "area_m2": 344.5, "clat": 50.234358, "clon": 82.28689735}, "geometry": {"type": "Polygon", "coordinates": [[[82.2867554, 50.2344455], [82.2869481, 50.2344798], [82.2870393, 50.2342705], [82.2868466, 50.2342362], [82.2867554, 50.2344455]]]}}, {"type": "Feature", "properties": {"osm_id": 515222803, "building": "detached", "housenumber": null, "street": null, "levels": "1", "area_m2": 161.1, "clat": 50.2340017764647, "clon": 82.28706673904131}, "geometry": {"type": "Polygon", "coordinates": [[[82.2871108, 50.2340775], [82.2871806, 50.2339668], [82.2870226, 50.2339261], [82.2869529, 50.2340367], [82.2871108, 50.2340775]]]}}, {"type": "Feature", "properties": {"osm_id": 515222804, "building": "detached", "housenumber": null, "street": null, "levels": "1", "area_m2": 101.0, "clat": 50.235000476497675, "clon": 82.2871792138145}, "geometry": {"type": "Polygon", "coordinates": [[[82.2870974, 50.2350417], [82.2872061, 50.2350648], [82.287261, 50.2349593], [82.2871524, 50.2349361], [82.2870974, 50.2350417]]]}}, {"type": "Feature", "properties": {"osm_id": 515222805, "building": "detached", "housenumber": null, "street": null, "levels": "1", "area_m2": 244.5, "clat": 50.23601375, "clon": 82.28674960000001}, "geometry": {"type": "Polygon", "coordinates": [[[82.2866388, 50.2361474], [82.2867397, 50.2361649], [82.2868604, 50.2358801], [82.2867595, 50.2358626], [82.2866388, 50.2361474]]]}}, {"type": "Feature", "properties": {"osm_id": 515222807, "building": "detached", "housenumber": null, "street": null, "levels": "1", "area_m2": 248.8, "clat": 50.2378774, "clon": 82.28145065}, "geometry": {"type": "Polygon", "coordinates": [[[82.281336, 50.2380105], [82.2814379, 50.2380291], [82.2815653, 50.2377443], [82.2814634, 50.2377257], [82.281336, 50.2380105]]]}}, {"type": "Feature", "properties": {"osm_id": 515222809, "building": "detached", "housenumber": null, "street": null, "levels": "1", "area_m2": 79.4, "clat": 50.243727201971076, "clon": 82.28038036623475}, "geometry": {"type": "Polygon", "coordinates": [[[82.2803678, 50.2437847], [82.2804697, 50.2437169], [82.280393, 50.2436697], [82.280291, 50.2437375], [82.2803678, 50.2437847]]]}}, {"type": "Feature", "properties": {"osm_id": 515222812, "building": "detached", "housenumber": null, "street": null, "levels": "1", "area_m2": 84.1, "clat": 50.24424515, "clon": 82.27943475}, "geometry": {"type": "Polygon", "coordinates": [[[82.2793432, 50.2442478], [82.2794244, 50.2443034], [82.2795263, 50.2442425], [82.2794451, 50.2441869], [82.2793432, 50.2442478]]]}}, {"type": "Feature", "properties": {"osm_id": 515222814, "building": "detached", "housenumber": null, "street": null, "levels": "1", "area_m2": 140.5, "clat": 50.244552266388936, "clon": 82.27906829519404}, "geometry": {"type": "Polygon", "coordinates": [[[82.2790897, 50.2446277], [82.2791877, 50.2445592], [82.2790469, 50.2444768], [82.2789489, 50.2445454], [82.2790897, 50.2446277]]]}}, {"type": "Feature", "properties": {"osm_id": 515222816, "building": "detached", "housenumber": null, "street": null, "levels": "1", "area_m2": 42.1, "clat": 50.24468555, "clon": 82.27888134999999}, "geometry": {"type": "Polygon", "coordinates": [[[82.2788188, 50.2446972], [82.2788862, 50.2447271], [82.2789439, 50.2446739], [82.2788765, 50.244644], [82.2788188, 50.2446972]]]}}, {"type": "Feature", "properties": {"osm_id": 515222819, "building": "detached", "housenumber": null, "street": null, "levels": "1", "area_m2": 72.7, "clat": 50.24487885, "clon": 82.2783917}, "geometry": {"type": "Polygon", "coordinates": [[[82.2783065, 50.2448919], [82.2783804, 50.2449344], [82.2784769, 50.2448658], [82.278403, 50.2448233], [82.2783065, 50.2448919]]]}}, {"type": "Feature", "properties": {"osm_id": 515222821, "building": "detached", "housenumber": null, "street": null, "levels": "1", "area_m2": 80.9, "clat": 50.2391387077794, "clon": 82.2863786267186}, "geometry": {"type": "Polygon", "coordinates": [[[82.2863343, 50.2391908], [82.2864377, 50.2391844], [82.2864229, 50.2390866], [82.2863196, 50.239093], [82.2863343, 50.2391908]]]}}, {"type": "Feature", "properties": {"osm_id": 515222824, "building": "detached", "housenumber": null, "street": null, "levels": "1", "area_m2": 78.8, "clat": 50.2392169, "clon": 82.2856936}, "geometry": {"type": "Polygon", "coordinates": [[[82.2856356, 50.2392594], [82.285763, 50.2392517], [82.2857516, 50.2391744], [82.2856242, 50.2391821], [82.2856356, 50.2392594]]]}}, {"type": "Feature", "properties": {"osm_id": 515222826, "building": "detached", "housenumber": null, "street": null, "levels": "1", "area_m2": 83.5, "clat": 50.239198599999995, "clon": 82.28608345}, "geometry": {"type": "Polygon", "coordinates": [[[82.2860219, 50.2392414], [82.286156, 50.2392337], [82.286145, 50.2391558], [82.2860109, 50.2391635], [82.2860219, 50.2392414]]]}}, {"type": "Feature", "properties": {"osm_id": 515222827, "building": "detached", "housenumber": null, "street": null, "levels": "1", "area_m2": 142.3, "clat": 50.23916817342131, "clon": 82.28667883171848}, "geometry": {"type": "Polygon", "coordinates": [[[82.2865516, 50.2392079], [82.2868131, 50.2391968], [82.286806, 50.2391284], [82.2865445, 50.2391396], [82.2865516, 50.2392079]]]}}, {"type": "Feature", "properties": {"osm_id": 515222828, "building": "detached", "housenumber": null, "street": null, "levels": "1", "area_m2": 159.9, "clat": 50.23914727658217, "clon": 82.2872109211887}, "geometry": {"type": "Polygon", "coordinates": [[[82.2870746, 50.2391153], [82.2870831, 50.2391913], [82.2873473, 50.2391792], [82.2873388, 50.2391033], [82.2870746, 50.2391153]]]}}, {"type": "Feature", "properties": {"osm_id": 515222829, "building": "detached", "housenumber": null, "street": null, "levels": "1", "area_m2": 74.1, "clat": 50.23886635399434, "clon": 82.28728712632572}, "geometry": {"type": "Polygon", "coordinates": [[[82.2872221, 50.2389034], [82.2873603, 50.2388966], [82.2873521, 50.2388293], [82.287214, 50.2388361], [82.2872221, 50.2389034]]]}}, {"type": "Feature", "properties": {"osm_id": 515222830, "building": "detached", "housenumber": null, "street": null, "levels": "1", "area_m2": 106.4, "clat": 50.23888415233998, "clon": 82.28678017596776}, "geometry": {"type": "Polygon", "coordinates": [[[82.2866736, 50.238918], [82.2868909, 50.238912], [82.2868867, 50.2388503], [82.2866695, 50.2388563], [82.2866736, 50.238918]]]}}, {"type": "Feature", "properties": {"osm_id": 515222831, "building": "detached", "housenumber": null, "street": null, "levels": "1", "area_m2": 89.7, "clat": 50.238904947498234, "clon": 82.28631377366408}, "geometry": {"type": "Polygon", "coordinates": [[[82.286215, 50.2388794], [82.2862208, 50.2389382], [82.2864125, 50.2389305], [82.2864068, 50.2388717], [82.286215, 50.2388794]]]}}, {"type": "Feature", "properties": {"osm_id": 515222832, "building": "detached", "housenumber": null, "street": null, "levels": "1", "area_m2": 88.4, "clat": 50.238921000000005, "clon": 82.2857998}, "geometry": {"type": "Polygon", "coordinates": [[[82.285696, 50.2388974], [82.2857011, 50.2389523], [82.2859036, 50.2389446], [82.2858985, 50.2388897], [82.285696, 50.2388974]]]}}, {"type": "Feature", "properties": {"osm_id": 515222834, "building": "detached", "housenumber": null, "street": null, "levels": "1", "area_m2": 65.3, "clat": 50.24138565, "clon": 82.2813763}, "geometry": {"type": "Polygon", "coordinates": [[[82.2812971, 50.2413986], [82.281375, 50.2414379], [82.2814555, 50.2413727], [82.2813776, 50.2413334], [82.2812971, 50.2413986]]]}}, {"type": "Feature", "properties": {"osm_id": 515222835, "building": "detached", "housenumber": null, "street": null, "levels": "1", "area_m2": 48.6, "clat": 50.242206868144386, "clon": 82.2804740888278}, "geometry": {"type": "Polygon", "coordinates": [[[82.2804053, 50.242216], [82.280504, 50.2422475], [82.2805429, 50.2421978], [82.2804442, 50.2421662], [82.2804053, 50.242216]]]}}, {"type": "Feature", "properties": {"osm_id": 515222836, "building": "detached", "housenumber": null, "street": null, "levels": "1", "area_m2": 59.1, "clat": 50.24174738243412, "clon": 82.28100755394186}, "geometry": {"type": "Polygon", "coordinates": [[[82.280935, 50.2417639], [82.2810197, 50.241796], [82.2810801, 50.2417308], [82.2809954, 50.2416988], [82.280935, 50.2417639]]]}}, {"type": "Feature", "properties": {"osm_id": 515222837, "building": "detached", "housenumber": null, "street": null, "levels": "1", "area_m2": 69.0, "clat": 50.24243076701044, "clon": 82.28020271451486}, "geometry": {"type": "Polygon", "coordinates": [[[82.2801518, 50.2423866], [82.2801195, 50.2424441], [82.2802536, 50.2424749], [82.280286, 50.2424175], [82.2801518, 50.2423866]]]}}, {"type": "Feature", "properties": {"osm_id": 515222838, "building": "detached", "housenumber": null, "street": null, "levels": "1", "area_m2": 105.9, "clat": 50.24261725, "clon": 82.2801821}, "geometry": {"type": "Polygon", "coordinates": [[[82.2800881, 50.2426431], [82.2802164, 50.2426789], [82.2802761, 50.2425914], [82.2801478, 50.2425556], [82.2800881, 50.2426431]]]}}, {"type": "Feature", "properties": {"osm_id": 515222839, "building": "detached", "housenumber": null, "street": null, "levels": "1", "area_m2": 103.8, "clat": 50.238047424585645, "clon": 82.28600436874981}, "geometry": {"type": "Polygon", "coordinates": [[[82.2859199, 50.2380868], [82.2860916, 50.2380843], [82.2860888, 50.238008], [82.2859171, 50.2380106], [82.2859199, 50.2380868]]]}}, {"type": "Feature", "properties": {"osm_id": 515222840, "building": "detached", "housenumber": null, "street": null, "levels": "1", "area_m2": 150.3, "clat": 50.2380529, "clon": 82.28547455}, "geometry": {"type": "Polygon", "coordinates": [[[82.2853661, 50.2380971], [82.2855847, 50.2380954], [82.285583, 50.2380087], [82.2853644, 50.2380104], [82.2853661, 50.2380971]]]}}, {"type": "Feature", "properties": {"osm_id": 515222841, "building": "detached", "housenumber": null, "street": null, "levels": "1", "area_m2": 127.8, "clat": 50.23806452894945, "clon": 82.28504040426942}, "geometry": {"type": "Polygon", "coordinates": [[[82.2849409, 50.2381066], [82.2851448, 50.2381014], [82.2851399, 50.2380225], [82.2849361, 50.2380276], [82.2849409, 50.2381066]]]}}, {"type": "Feature", "properties": {"osm_id": 515222842, "building": "detached", "housenumber": null, "street": null, "levels": "1", "area_m2": 135.9, "clat": 50.23806852548134, "clon": 82.28451432533002}, "geometry": {"type": "Polygon", "coordinates": [[[82.2844031, 50.2381083], [82.2846284, 50.2381048], [82.2846256, 50.2380288], [82.2844003, 50.2380322], [82.2844031, 50.2381083]]]}}, {"type": "Feature", "properties": {"osm_id": 515222843, "building": "detached", "housenumber": null, "street": null, "levels": "1", "area_m2": 116.5, "clat": 50.238069196760605, "clon": 82.2840600748754}, "geometry": {"type": "Polygon", "coordinates": [[[82.2839633, 50.2381074], [82.2841577, 50.2381066], [82.2841569, 50.238031], [82.2839624, 50.2380318], [82.2839633, 50.2381074]]]}}, {"type": "Feature", "properties": {"osm_id": 515222844, "building": "detached", "housenumber": null, "street": null, "levels": "1", "area_m2": 110.9, "clat": 50.23847925, "clon": 82.28371700000001}, "geometry": {"type": "Polygon", "coordinates": [[[82.2836441, 50.2385294], [82.2837698, 50.2385389], [82.2837899, 50.2384291], [82.2836642, 50.2384196], [82.2836441, 50.2385294]]]}}, {"type": "Feature", "properties": {"osm_id": 515222845, "building": "detached", "housenumber": null, "street": null, "levels": "1", "area_m2": 128.8, "clat": 50.23807942450481, "clon": 82.2833910696496}, "geometry": {"type": "Polygon", "coordinates": [[[82.2832914, 50.2380397], [82.2832949, 50.2381226], [82.2834907, 50.2381192], [82.2834872, 50.2380362], [82.2832914, 50.2380397]]]}}, {"type": "Feature", "properties": {"osm_id": 515222846, "building": "detached", "housenumber": null, "street": null, "levels": "1", "area_m2": 60.6, "clat": 50.239827970428365, "clon": 82.28253808946413}, "geometry": {"type": "Polygon", "coordinates": [[[82.2824706, 50.2398521], [82.2825739, 50.2398718], [82.2826056, 50.2398039], [82.2825023, 50.2397841], [82.2824706, 50.2398521]]]}}, {"type": "Feature", "properties": {"osm_id": 515222847, "building": "detached", "housenumber": null, "street": null, "levels": "1", "area_m2": 44.5, "clat": 50.240052776257784, "clon": 82.2824216458161}, "geometry": {"type": "Polygon", "coordinates": [[[82.282358, 50.2400682], [82.2824652, 50.2400863], [82.2824853, 50.2400373], [82.282378, 50.2400193], [82.282358, 50.2400682]]]}}, {"type": "Feature", "properties": {"osm_id": 515222848, "building": "detached", "housenumber": null, "street": null, "levels": "1", "area_m2": 47.6, "clat": 50.2392272, "clon": 82.2828971}, "geometry": {"type": "Polygon", "coordinates": [[[82.2828408, 50.2392611], [82.2829038, 50.2392765], [82.2829534, 50.2391933], [82.2828904, 50.2391779], [82.2828408, 50.2392611]]]}}, {"type": "Feature", "properties": {"osm_id": 515222849, "building": "detached", "housenumber": null, "street": null, "levels": "1", "area_m2": 67.7, "clat": 50.23883980342797, "clon": 82.28305261954928}, "geometry": {"type": "Polygon", "coordinates": [[[82.2829762, 50.2388588], [82.2830915, 50.238886], [82.283129, 50.2388208], [82.2830138, 50.2387936], [82.2829762, 50.2388588]]]}}, {"type": "Feature", "properties": {"osm_id": 515222850, "building": "detached", "housenumber": null, "street": null, "levels": "1", "area_m2": 72.9, "clat": 50.239021419807656, "clon": 82.2836145619088}, "geometry": {"type": "Polygon", "coordinates": [[[82.2835556, 50.2390604], [82.2836749, 50.2390595], [82.2836736, 50.2389825], [82.2835542, 50.2389833], [82.2835556, 50.2390604]]]}}, {"type": "Feature", "properties": {"osm_id": 515222851, "building": "detached", "housenumber": null, "street": null, "levels": "1", "area_m2": 92.3, "clat": 50.23902206745108, "clon": 82.28404393448463}, "geometry": {"type": "Polygon", "coordinates": [[[82.283978, 50.2389772], [82.2839878, 50.2390721], [82.2841098, 50.239067], [82.2841001, 50.238972], [82.283978, 50.2389772]]]}}, {"type": "Feature", "properties": {"osm_id": 515222852, "building": "detached", "housenumber": null, "street": null, "levels": "1", "area_m2": 88.0, "clat": 50.23895969512621, "clon": 82.28488492385942}, "geometry": {"type": "Polygon", "coordinates": [[[82.2848122, 50.2389223], [82.2848209, 50.2390031], [82.2849576, 50.2389971], [82.284949, 50.2389163], [82.2848122, 50.2389223]]]}}, {"type": "Feature", "properties": {"osm_id": 515222853, "building": "detached", "housenumber": null, "street": null, "levels": "1", "area_m2": 73.4, "clat": 50.23925535, "clon": 82.28487635}, "geometry": {"type": "Polygon", "coordinates": [[[82.2848216, 50.2392971], [82.2849382, 50.2392928], [82.2849311, 50.2392136], [82.2848145, 50.2392179], [82.2848216, 50.2392971]]]}}, {"type": "Feature", "properties": {"osm_id": 515222854, "building": "detached", "housenumber": null, "street": null, "levels": "1", "area_m2": 77.6, "clat": 50.23927295522654, "clon": 82.28447022552906}, "geometry": {"type": "Polygon", "coordinates": [[[82.2844098, 50.2393134], [82.2845346, 50.2393109], [82.2845306, 50.2392325], [82.2844059, 50.239235], [82.2844098, 50.2393134]]]}}, {"type": "Feature", "properties": {"osm_id": 515222856, "building": "detached", "housenumber": null, "street": null, "levels": "1", "area_m2": 73.0, "clat": 50.23929044471014, "clon": 82.28407592369636}, "geometry": {"type": "Polygon", "coordinates": [[[82.2840115, 50.2392551], [82.284021, 50.2393318], [82.2841403, 50.2393258], [82.2841309, 50.2392491], [82.2840115, 50.2392551]]]}}, {"type": "Feature", "properties": {"osm_id": 515222857, "building": "detached", "housenumber": null, "street": null, "levels": "1", "area_m2": 65.1, "clat": 50.239308300000005, "clon": 82.2836783}, "geometry": {"type": "Polygon", "coordinates": [[[82.2836213, 50.2393443], [82.2837353, 50.2393443], [82.2837353, 50.2392723], [82.2836213, 50.2392723], [82.2836213, 50.2393443]]]}}, {"type": "Feature", "properties": {"osm_id": 515222859, "building": "detached", "housenumber": null, "street": null, "levels": "1", "area_m2": 50.1, "clat": 50.240696127065625, "clon": 82.28270289487637}, "geometry": {"type": "Polygon", "coordinates": [[[82.2826476, 50.2407261], [82.2827657, 50.2407193], [82.2827581, 50.2406661], [82.2826401, 50.240673], [82.2826476, 50.2407261]]]}}, {"type": "Feature", "properties": {"osm_id": 515222862, "building": "detached", "housenumber": null, "street": null, "levels": "1", "area_m2": 55.2, "clat": 50.24072022112399, "clon": 82.28318565714854}, "geometry": {"type": "Polygon", "coordinates": [[[82.2831586, 50.2407664], [82.2832409, 50.2407547], [82.2832127, 50.240674], [82.2831304, 50.2406858], [82.2831586, 50.2407664]]]}}, {"type": "Feature", "properties": {"osm_id": 515222864, "building": "detached", "housenumber": null, "street": null, "levels": "1", "area_m2": 74.2, "clat": 50.240591323385694, "clon": 82.28351977377395}, "geometry": {"type": "Polygon", "coordinates": [[[82.2834416, 50.240624], [82.2836052, 50.2406155], [82.2835979, 50.2405586], [82.2834343, 50.2405672], [82.2834416, 50.240624]]]}}, {"type": "Feature", "properties": {"osm_id": 515222867, "building": "detached", "housenumber": null, "street": null, "levels": "1", "area_m2": 117.7, "clat": 50.24052115, "clon": 82.28445155}, "geometry": {"type": "Polygon", "coordinates": [[[82.2843696, 50.24057], [82.2845533, 50.2405511], [82.2845335, 50.2404723], [82.2843498, 50.2404912], [82.2843696, 50.24057]]]}}, {"type": "Feature", "properties": {"osm_id": 515222869, "building": "detached", "housenumber": null, "street": null, "levels": "1", "area_m2": 127.5, "clat": 50.24048004686212, "clon": 82.28489897205476}, "geometry": {"type": "Polygon", "coordinates": [[[82.2848122, 50.2405306], [82.2850066, 50.24051], [82.2849858, 50.2404295], [82.2847913, 50.2404501], [82.2848122, 50.2405306]]]}}, {"type": "Feature", "properties": {"osm_id": 515222871, "building": "detached", "housenumber": null, "street": null, "levels": "1", "area_m2": 73.3, "clat": 50.24038872757239, "clon": 82.28585503530556}, "geometry": {"type": "Polygon", "coordinates": [[[82.2857992, 50.2404302], [82.285928, 50.2404173], [82.2859109, 50.2403473], [82.2857821, 50.2403601], [82.2857992, 50.2404302]]]}}, {"type": "Feature", "properties": {"osm_id": 515222872, "building": "detached", "housenumber": null, "street": null, "levels": "1", "area_m2": 56.9, "clat": 50.24035990353074, "clon": 82.28625207854435}, "geometry": {"type": "Polygon", "coordinates": [[[82.2861828, 50.2403393], [82.286202, 50.2403968], [82.2863214, 50.2403805], [82.2863021, 50.240323], [82.2861828, 50.2403393]]]}}, {"type": "Feature", "properties": {"osm_id": 515222873, "building": "detached", "housenumber": null, "street": null, "levels": "1", "area_m2": 97.7, "clat": 50.2402415548829, "clon": 82.28747742686693}, "geometry": {"type": "Polygon", "coordinates": [[[82.2874139, 50.2402895], [82.2875561, 50.2402792], [82.2875409, 50.2401936], [82.2873988, 50.2402039], [82.2874139, 50.2402895]]]}}, {"type": "Feature", "properties": {"osm_id": 515222874, "building": "detached", "housenumber": null, "street": null, "levels": "1", "area_m2": 44.9, "clat": 50.23996855, "clon": 82.28743899999999}, "geometry": {"type": "Polygon", "coordinates": [[[82.2874059, 50.2400073], [82.2874829, 50.2400027], [82.2874721, 50.2399298], [82.2873951, 50.2399344], [82.2874059, 50.2400073]]]}}, {"type": "Feature", "properties": {"osm_id": 515222875, "building": "detached", "housenumber": null, "street": null, "levels": "1", "area_m2": 116.7, "clat": 50.2400028, "clon": 82.28703945}, "geometry": {"type": "Polygon", "coordinates": [[[82.2869325, 50.2399799], [82.2869614, 50.2400549], [82.2871464, 50.2400257], [82.2871175, 50.2399507], [82.2869325, 50.2399799]]]}}, {"type": "Feature", "properties": {"osm_id": 515222876, "building": "detached", "housenumber": null, "street": null, "levels": "1", "area_m2": 113.0, "clat": 50.240048127056745, "clon": 82.28650883451489}, "geometry": {"type": "Polygon", "coordinates": [[[82.2864188, 50.2400116], [82.2864353, 50.2400975], [82.2865989, 50.2400846], [82.2865824, 50.2399988], [82.2864188, 50.2400116]]]}}, {"type": "Feature", "properties": {"osm_id": 515222877, "building": "detached", "housenumber": null, "street": null, "levels": "1", "area_m2": 133.0, "clat": 50.24012494724864, "clon": 82.28590222271372}, "geometry": {"type": "Polygon", "coordinates": [[[82.2858006, 50.2401712], [82.2860178, 50.2401549], [82.2860039, 50.2400787], [82.2857866, 50.240095], [82.2858006, 50.2401712]]]}}, {"type": "Feature", "properties": {"osm_id": 515222878, "building": "detached", "housenumber": null, "street": null, "levels": "1", "area_m2": 67.6, "clat": 50.24018875, "clon": 82.2855749}, "geometry": {"type": "Polygon", "coordinates": [[[82.2854948, 50.2401746], [82.285533, 50.2402346], [82.285655, 50.2402029], [82.2856168, 50.2401429], [82.2854948, 50.2401746]]]}}, {"type": "Feature", "properties": {"osm_id": 515222879, "building": "detached", "housenumber": null, "street": null, "levels": "1", "area_m2": 32.7, "clat": 50.24020175, "clon": 82.2850374}, "geometry": {"type": "Polygon", "coordinates": [[[82.285004, 50.2402312], [82.2850858, 50.2402209], [82.2850708, 50.2401723], [82.284989, 50.2401826], [82.285004, 50.2402312]]]}}, {"type": "Feature", "properties": {"osm_id": 515222880, "building": "detached", "housenumber": null, "street": null, "levels": "1", "area_m2": 51.9, "clat": 50.240275021715675, "clon": 82.28465636166293}, "geometry": {"type": "Polygon", "coordinates": [[[82.2846177, 50.2403135], [82.2847156, 50.2403007], [82.284695, 50.2402365], [82.2845971, 50.2402494], [82.2846177, 50.2403135]]]}}, {"type": "Feature", "properties": {"osm_id": 515222881, "building": "detached", "housenumber": null, "street": null, "levels": "1", "area_m2": 137.5, "clat": 50.240297850000005, "clon": 82.28429995}, "geometry": {"type": "Polygon", "coordinates": [[[82.2842194, 50.2403556], [82.2844139, 50.2403238], [82.2843805, 50.2402401], [82.284186, 50.2402719], [82.2842194, 50.2403556]]]}}, {"type": "Feature", "properties": {"osm_id": 515222882, "building": "detached", "housenumber": null, "street": null, "levels": "1", "area_m2": 198.0, "clat": 50.23976605, "clon": 82.2830001}, "geometry": {"type": "Polygon", "coordinates": [[[82.2828957, 50.2398435], [82.2830253, 50.239867], [82.2831045, 50.2396886], [82.2829749, 50.2396651], [82.2828957, 50.2398435]]]}}, {"type": "Feature", "properties": {"osm_id": 515222883, "building": "detached", "housenumber": null, "street": null, "levels": "1", "area_m2": 92.5, "clat": 50.240323700000005, "clon": 82.28322415}, "geometry": {"type": "Polygon", "coordinates": [[[82.2831546, 50.2403659], [82.2832977, 50.240363], [82.2832937, 50.2402815], [82.2831506, 50.2402844], [82.2831546, 50.2403659]]]}}, {"type": "Feature", "properties": {"osm_id": 515222884, "building": "detached", "housenumber": null, "street": null, "levels": "1", "area_m2": 196.0, "clat": 50.24027868087226, "clon": 82.28281396583097}, "geometry": {"type": "Polygon", "coordinates": [[[82.282716, 50.2403582], [82.2828476, 50.2403776], [82.2829119, 50.2401992], [82.2827804, 50.2401797], [82.282716, 50.2403582]]]}}, {"type": "Feature", "properties": {"osm_id": 515222885, "building": "detached", "housenumber": null, "street": null, "levels": "1", "area_m2": 73.3, "clat": 50.240647, "clon": 82.2821449}, "geometry": {"type": "Polygon", "coordinates": [[[82.2820884, 50.2406026], [82.2820579, 50.2406605], [82.2822014, 50.2406914], [82.2822319, 50.2406335], [82.2820884, 50.2406026]]]}}, {"type": "Feature", "properties": {"osm_id": 515222886, "building": "detached", "housenumber": null, "street": null, "levels": "1", "area_m2": 62.6, "clat": 50.24081035, "clon": 82.28203255}, "geometry": {"type": "Polygon", "coordinates": [[[82.281961, 50.2408316], [82.2820558, 50.2408586], [82.2821041, 50.2407891], [82.2820093, 50.2407621], [82.281961, 50.2408316]]]}}, {"type": "Feature", "properties": {"osm_id": 515222887, "building": "detached", "housenumber": null, "street": null, "levels": "1", "area_m2": 227.1, "clat": 50.24108955590687, "clon": 82.28171031509244}, "geometry": {"type": "Polygon", "coordinates": [[[82.2815613, 50.2411378], [82.2816823, 50.2411948], [82.2818593, 50.2410413], [82.2817384, 50.2409843], [82.2815613, 50.2411378]]]}}, {"type": "Feature", "properties": {"osm_id": 515222888, "building": "detached", "housenumber": null, "street": null, "levels": "1", "area_m2": 209.8, "clat": 50.2412175, "clon": 82.2821544}, "geometry": {"type": "Polygon", "coordinates": [[[82.2820441, 50.2411421], [82.2819938, 50.2412277], [82.2822647, 50.2412929], [82.282315, 50.2412073], [82.2820441, 50.2411421]]]}}, {"type": "Feature", "properties": {"osm_id": 515222889, "building": "detached", "housenumber": null, "street": null, "levels": "1", "area_m2": 100.7, "clat": 50.241393446592845, "clon": 82.28263037750177}, "geometry": {"type": "Polygon", "coordinates": [[[82.2825377, 50.2414226], [82.2827066, 50.241438], [82.2827231, 50.2413643], [82.2825541, 50.2413489], [82.2825377, 50.2414226]]]}}, {"type": "Feature", "properties": {"osm_id": 515222890, "building": "detached", "housenumber": null, "street": null, "levels": "1", "area_m2": 92.2, "clat": 50.24143897235268, "clon": 82.28298753901935}, "geometry": {"type": "Polygon", "coordinates": [[[82.2829132, 50.2414775], [82.2830391, 50.2414905], [82.2830619, 50.2414005], [82.282936, 50.2413874], [82.2829132, 50.2414775]]]}}, {"type": "Feature", "properties": {"osm_id": 515222891, "building": "detached", "housenumber": null, "street": null, "levels": "1", "area_m2": 224.2, "clat": 50.24143187046111, "clon": 82.2840121225519}, "geometry": {"type": "Polygon", "coordinates": [[[82.2838546, 50.2414054], [82.2838906, 50.2415012], [82.2841696, 50.2414584], [82.2841336, 50.2413625], [82.2838546, 50.2414054]]]}}, {"type": "Feature", "properties": {"osm_id": 515222892, "building": "detached", "housenumber": null, "street": null, "levels": "1", "area_m2": 81.3, "clat": 50.2413146, "clon": 82.28514030000001}, "geometry": {"type": "Polygon", "coordinates": [[[82.2850603, 50.2412879], [82.2850849, 50.2413602], [82.2852203, 50.2413413], [82.2851957, 50.241269], [82.2850603, 50.2412879]]]}}, {"type": "Feature", "properties": {"osm_id": 515222893, "building": "detached", "housenumber": null, "street": null, "levels": "1", "area_m2": 61.6, "clat": 50.2412412, "clon": 82.2858037}, "geometry": {"type": "Polygon", "coordinates": [[[82.2857335, 50.2412193], [82.2857626, 50.2412837], [82.2858739, 50.2412631], [82.2858448, 50.2411987], [82.2857335, 50.2412193]]]}}, {"type": "Feature", "properties": {"osm_id": 515222894, "building": "detached", "housenumber": null, "street": null, "levels": "1", "area_m2": 66.2, "clat": 50.24116057441785, "clon": 82.28642646274808}, "geometry": {"type": "Polygon", "coordinates": [[[82.2863719, 50.2411987], [82.286485, 50.2411962], [82.286481, 50.2411224], [82.2863679, 50.241125], [82.2863719, 50.2411987]]]}}, {"type": "Feature", "properties": {"osm_id": 515222895, "building": "detached", "housenumber": null, "street": null, "levels": "1", "area_m2": 89.9, "clat": 50.2410816449633, "clon": 82.28704612132451}, "geometry": {"type": "Polygon", "coordinates": [[[82.2869982, 50.2411335], [82.2871249, 50.2411147], [82.2870941, 50.2410298], [82.2869673, 50.2410486], [82.2869982, 50.2411335]]]}}, {"type": "Feature", "properties": {"osm_id": 515222896, "building": "detached", "housenumber": null, "street": null, "levels": "1", "area_m2": 88.8, "clat": 50.241062646252885, "clon": 82.28722402349193}, "geometry": {"type": "Polygon", "coordinates": [[[82.2871511, 50.2411027], [82.2873066, 50.2410941], [82.287297, 50.2410226], [82.2871414, 50.2410312], [82.2871511, 50.2411027]]]}}, {"type": "Feature", "properties": {"osm_id": 515222897, "building": "detached", "housenumber": null, "street": null, "levels": "1", "area_m2": 67.1, "clat": 50.24105217762285, "clon": 82.28755189049042}, "geometry": {"type": "Polygon", "coordinates": [[[82.2875118, 50.2410984], [82.2876121, 50.2410883], [82.287592, 50.241006], [82.2874917, 50.241016], [82.2875118, 50.2410984]]]}}, {"type": "Feature", "properties": {"osm_id": 515222898, "building": "detached", "housenumber": null, "street": null, "levels": "1", "area_m2": 94.5, "clat": 50.2432601, "clon": 82.28234574999999}, "geometry": {"type": "Polygon", "coordinates": [[[82.282303, 50.2433155], [82.2824344, 50.2432846], [82.2823885, 50.2432047], [82.2822571, 50.2432356], [82.282303, 50.2433155]]]}}, {"type": "Feature", "properties": {"osm_id": 515222899, "building": "detached", "housenumber": null, "street": null, "levels": "1", "area_m2": 89.2, "clat": 50.243047499999996, "clon": 82.28551215}, "geometry": {"type": "Polygon", "coordinates": [[[82.2854666, 50.2431011], [82.2855818, 50.2430891], [82.2855577, 50.2429939], [82.2854425, 50.2430059], [82.2854666, 50.2431011]]]}}, {"type": "Feature", "properties": {"osm_id": 515222900, "building": "detached", "housenumber": null, "street": null, "levels": "1", "area_m2": 88.4, "clat": 50.24308705, "clon": 82.28507305000001}, "geometry": {"type": "Polygon", "coordinates": [[[82.2849905, 50.2430548], [82.284996, 50.2431245], [82.2851556, 50.2431193], [82.2851501, 50.2430496], [82.2849905, 50.2430548]]]}}, {"type": "Feature", "properties": {"osm_id": 515222901, "building": "detached", "housenumber": null, "street": null, "levels": "1", "area_m2": 304.6, "clat": 50.2431391, "clon": 82.2844447}, "geometry": {"type": "Polygon", "coordinates": [[[82.2842784, 50.2430865], [82.2842918, 50.2432063], [82.284611, 50.2431917], [82.2845976, 50.2430719], [82.2842784, 50.2430865]]]}}, {"type": "Feature", "properties": {"osm_id": 515222902, "building": "detached", "housenumber": null, "street": null, "levels": "1", "area_m2": 59.6, "clat": 50.2428138, "clon": 82.28373925}, "geometry": {"type": "Polygon", "coordinates": [[[82.2836883, 50.2428506], [82.2837915, 50.2428499], [82.2837902, 50.242777], [82.283687, 50.2427777], [82.2836883, 50.2428506]]]}}, {"type": "Feature", "properties": {"osm_id": 515222903, "building": "detached", "housenumber": null, "street": null, "levels": "1", "area_m2": 83.3, "clat": 50.2427397, "clon": 82.28410715}, "geometry": {"type": "Polygon", "coordinates": [[[82.2840236, 50.2427674], [82.2841786, 50.2427789], [82.2841907, 50.242712], [82.2840357, 50.2427005], [82.2840236, 50.2427674]]]}}, {"type": "Feature", "properties": {"osm_id": 515222904, "building": "detached", "housenumber": null, "street": null, "levels": "1", "area_m2": 65.7, "clat": 50.24275457638625, "clon": 82.28481199366036}, "geometry": {"type": "Polygon", "coordinates": [[[82.2847773, 50.2428078], [82.2848574, 50.2428043], [82.2848467, 50.2427014], [82.2847666, 50.2427048], [82.2847773, 50.2428078]]]}}, {"type": "Feature", "properties": {"osm_id": 515222905, "building": "detached", "housenumber": null, "street": null, "levels": "1", "area_m2": 70.8, "clat": 50.242767923794965, "clon": 82.2844512614797}, "geometry": {"type": "Polygon", "coordinates": [[[82.2843911, 50.2427306], [82.2844001, 50.2428104], [82.2845114, 50.2428053], [82.2845024, 50.2427254], [82.2843911, 50.2427306]]]}}, {"type": "Feature", "properties": {"osm_id": 515222906, "building": "detached", "housenumber": null, "street": null, "levels": "1", "area_m2": 53.0, "clat": 50.242705823984124, "clon": 82.28548505245398}, "geometry": {"type": "Polygon", "coordinates": [[[82.285409, 50.2426903], [82.2854216, 50.2427368], [82.2855611, 50.2427214], [82.2855484, 50.2426748], [82.285409, 50.2426903]]]}}, {"type": "Feature", "properties": {"osm_id": 515222907, "building": "detached", "housenumber": null, "street": null, "levels": "1", "area_m2": 80.0, "clat": 50.24267011981143, "clon": 82.28584726127275}, "geometry": {"type": "Polygon", "coordinates": [[[82.2857657, 50.2426474], [82.2858054, 50.2427203], [82.2859288, 50.2426929], [82.2858891, 50.2426199], [82.2857657, 50.2426474]]]}}, {"type": "Feature", "properties": {"osm_id": 515222908, "building": "detached", "housenumber": null, "street": null, "levels": "1", "area_m2": 62.9, "clat": 50.24261586381904, "clon": 82.28613052743663}, "geometry": {"type": "Polygon", "coordinates": [[[82.2861037, 50.2426645], [82.2861949, 50.242647], [82.2861574, 50.2425672], [82.2860661, 50.2425848], [82.2861037, 50.2426645]]]}}, {"type": "Feature", "properties": {"osm_id": 515222909, "building": "detached", "housenumber": null, "street": null, "levels": "1", "area_m2": 35.4, "clat": 50.24250533166437, "clon": 82.28691673911422}, "geometry": {"type": "Polygon", "coordinates": [[[82.2868587, 50.2424964], [82.2868916, 50.24254], [82.2869748, 50.2425142], [82.2869419, 50.2424707], [82.2868587, 50.2424964]]]}}, {"type": "Feature", "properties": {"osm_id": 515222910, "building": "detached", "housenumber": null, "street": null, "levels": "1", "area_m2": 36.5, "clat": 50.24256408309665, "clon": 82.28662821513396}, "geometry": {"type": "Polygon", "coordinates": [[[82.2865677, 50.2425547], [82.2865922, 50.2425966], [82.2866888, 50.2425734], [82.2866642, 50.2425316], [82.2865677, 50.2425547]]]}}, {"type": "Feature", "properties": {"osm_id": 515222911, "building": "detached", "housenumber": null, "street": null, "levels": "1", "area_m2": 109.3, "clat": 50.24242705, "clon": 82.28726165}, "geometry": {"type": "Polygon", "coordinates": [[[82.2872302, 50.2424913], [82.2873521, 50.2424615], [82.2872931, 50.2423628], [82.2871712, 50.2423926], [82.2872302, 50.2424913]]]}}, {"type": "Feature", "properties": {"osm_id": 515222912, "building": "detached", "housenumber": null, "street": null, "levels": "1", "area_m2": 136.7, "clat": 50.242068219435886, "clon": 82.2882613595545}, "geometry": {"type": "Polygon", "coordinates": [[[82.2882146, 50.2421362], [82.2883671, 50.2420989], [82.2883081, 50.2420002], [82.2881556, 50.2420376], [82.2882146, 50.2421362]]]}}, {"type": "Feature", "properties": {"osm_id": 515222913, "building": "detached", "housenumber": null, "street": null, "levels": "1", "area_m2": 64.0, "clat": 50.241944100000005, "clon": 82.28867325}, "geometry": {"type": "Polygon", "coordinates": [[[82.2886585, 50.2419955], [82.2887444, 50.2419699], [82.288688, 50.2418927], [82.2886021, 50.2419183], [82.2886585, 50.2419955]]]}}, {"type": "Feature", "properties": {"osm_id": 515222915, "building": "detached", "housenumber": null, "street": null, "levels": "1", "area_m2": 67.3, "clat": 50.241401816743696, "clon": 82.29004697710103}, "geometry": {"type": "Polygon", "coordinates": [[[82.289962, 50.2414029], [82.2900153, 50.2414522], [82.2901319, 50.2414008], [82.2900787, 50.2413514], [82.289962, 50.2414029]]]}}, {"type": "Feature", "properties": {"osm_id": 515222917, "building": "detached", "housenumber": null, "street": null, "levels": "1", "area_m2": 78.1, "clat": 50.240678254107, "clon": 82.2899508272945}, "geometry": {"type": "Polygon", "coordinates": [[[82.2898749, 50.2406489], [82.28989, 50.2407196], [82.2900268, 50.2407076], [82.2900116, 50.2406369], [82.2898749, 50.2406489]]]}}, {"type": "Feature", "properties": {"osm_id": 515222919, "building": "detached", "housenumber": null, "street": null, "levels": "1", "area_m2": 60.6, "clat": 50.240729255786135, "clon": 82.28947082828628}, "geometry": {"type": "Polygon", "coordinates": [[[82.2894095, 50.2406987], [82.2894329, 50.2407727], [82.2895322, 50.2407598], [82.2895087, 50.2406858], [82.2894095, 50.2406987]]]}}, {"type": "Feature", "properties": {"osm_id": 515222920, "building": "detached", "housenumber": null, "street": null, "levels": "1", "area_m2": 51.7, "clat": 50.24077957476609, "clon": 82.2892325122353}, "geometry": {"type": "Polygon", "coordinates": [[[82.2891828, 50.2407467], [82.2891843, 50.2408133], [82.2892822, 50.2408125], [82.2892807, 50.2407458], [82.2891828, 50.2407467]]]}}, {"type": "Feature", "properties": {"osm_id": 515222921, "building": "detached", "housenumber": null, "street": null, "levels": "1", "area_m2": 59.9, "clat": 50.24089888374372, "clon": 82.2887321676458}, "geometry": {"type": "Polygon", "coordinates": [[[82.2886679, 50.2408719], [82.2886932, 50.2409413], [82.2887965, 50.2409258], [82.2887711, 50.2408565], [82.2886679, 50.2408719]]]}}, {"type": "Feature", "properties": {"osm_id": 515222922, "building": "detached", "housenumber": null, "street": null, "levels": "1", "area_m2": 51.5, "clat": 50.24093807077028, "clon": 82.28845835764145}, "geometry": {"type": "Polygon", "coordinates": [[[82.2884318, 50.2409817], [82.2885144, 50.2409682], [82.2884849, 50.2408944], [82.2884023, 50.240908], [82.2884318, 50.2409817]]]}}, {"type": "Feature", "properties": {"osm_id": 515222923, "building": "detached", "housenumber": null, "street": null, "levels": "1", "area_m2": 146.4, "clat": 50.240286668566455, "clon": 82.28826373986422}, "geometry": {"type": "Polygon", "coordinates": [[[82.2881757, 50.2403427], [82.2883768, 50.2403196], [82.2883518, 50.2402306], [82.2881506, 50.2402538], [82.2881757, 50.2403427]]]}}, {"type": "Feature", "properties": {"osm_id": 515222924, "building": "detached", "housenumber": null, "street": null, "levels": "1", "area_m2": 57.0, "clat": 50.23975, "clon": 82.29035895}, "geometry": {"type": "Polygon", "coordinates": [[[82.290308, 50.2397852], [82.2904126, 50.2397835], [82.2904099, 50.2397148], [82.2903053, 50.2397165], [82.290308, 50.2397852]]]}}, {"type": "Feature", "properties": {"osm_id": 515222926, "building": "detached", "housenumber": null, "street": null, "levels": "1", "area_m2": 69.0, "clat": 50.2397418, "clon": 82.2909111}, "geometry": {"type": "Polygon", "coordinates": [[[82.2908619, 50.2397843], [82.2909724, 50.2397773], [82.2909603, 50.2396993], [82.2908498, 50.2397063], [82.2908619, 50.2397843]]]}}, {"type": "Feature", "properties": {"osm_id": 515222927, "building": "detached", "housenumber": null, "street": null, "levels": "1", "area_m2": 75.6, "clat": 50.23968432349388, "clon": 82.29167846010226}, "geometry": {"type": "Polygon", "coordinates": [[[82.2916304, 50.2397311], [82.2917386, 50.239725], [82.2917265, 50.2396375], [82.2916183, 50.2396437], [82.2916304, 50.2397311]]]}}, {"type": "Feature", "properties": {"osm_id": 515222930, "building": "detached", "housenumber": null, "street": null, "levels": "1", "area_m2": 69.8, "clat": 50.2396522558803, "clon": 82.29212962580254}, "geometry": {"type": "Polygon", "coordinates": [[[82.2920769, 50.2396934], [82.2921883, 50.23969], [82.2921823, 50.2396111], [82.292071, 50.2396145], [82.2920769, 50.2396934]]]}}, {"type": "Feature", "properties": {"osm_id": 515222932, "building": "detached", "housenumber": null, "street": null, "levels": "1", "area_m2": 77.0, "clat": 50.2396101, "clon": 82.29270515}, "geometry": {"type": "Polygon", "coordinates": [[[82.292655, 50.2396557], [82.2927757, 50.2396428], [82.2927553, 50.2395645], [82.2926346, 50.2395774], [82.292655, 50.2396557]]]}}, {"type": "Feature", "properties": {"osm_id": 515222934, "building": "detached", "housenumber": null, "street": null, "levels": "1", "area_m2": 85.0, "clat": 50.23978377634125, "clon": 82.29354715008625}, "geometry": {"type": "Polygon", "coordinates": [[[82.2934636, 50.2398186], [82.293638, 50.2398101], [82.2936306, 50.2397489], [82.2934563, 50.2397575], [82.2934636, 50.2398186]]]}}, {"type": "Feature", "properties": {"osm_id": 515222936, "building": "detached", "housenumber": null, "street": null, "levels": "1", "area_m2": 83.0, "clat": 50.239869726586576, "clon": 82.29257203995924}, "geometry": {"type": "Polygon", "coordinates": [[[82.2925222, 50.239919], [82.2926353, 50.2399122], [82.2926219, 50.2398205], [82.2925088, 50.2398272], [82.2925222, 50.239919]]]}}, {"type": "Feature", "properties": {"osm_id": 515222938, "building": "detached", "housenumber": null, "street": null, "levels": "1", "area_m2": 58.8, "clat": 50.239899444910876, "clon": 82.29211012179307}, "geometry": {"type": "Polygon", "coordinates": [[[82.2920689, 50.2399404], [82.2921728, 50.2399271], [82.2921514, 50.2398585], [82.2920474, 50.2398718], [82.2920689, 50.2399404]]]}}, {"type": "Feature", "properties": {"osm_id": 515222939, "building": "detached", "housenumber": null, "street": null, "levels": "1", "area_m2": 147.2, "clat": 50.23999167765469, "clon": 82.29171543181049}, "geometry": {"type": "Polygon", "coordinates": [[[82.2916035, 50.2399567], [82.2916249, 50.2400464], [82.2918274, 50.2400266], [82.291806, 50.239937], [82.2916035, 50.2399567]]]}}, {"type": "Feature", "properties": {"osm_id": 515222940, "building": "detached", "housenumber": null, "street": null, "levels": "1", "area_m2": 104.8, "clat": 50.23999702111402, "clon": 82.29144920719689}, "geometry": {"type": "Polygon", "coordinates": [[[82.2914118, 50.2400605], [82.2915255, 50.2400442], [82.2914866, 50.2399335], [82.2913729, 50.2399499], [82.2914118, 50.2400605]]]}}, {"type": "Feature", "properties": {"osm_id": 515222942, "building": "detached", "housenumber": null, "street": null, "levels": "1", "area_m2": 78.4, "clat": 50.23996102207438, "clon": 82.29118746143786}, "geometry": {"type": "Polygon", "coordinates": [[[82.2911395, 50.2400082], [82.2912582, 50.2399945], [82.2912354, 50.2399138], [82.2911167, 50.2399276], [82.2911395, 50.2400082]]]}}, {"type": "Feature", "properties": {"osm_id": 515222945, "building": "detached", "housenumber": null, "street": null, "levels": "1", "area_m2": 96.2, "clat": 50.239997979574255, "clon": 82.2909572861115}, "geometry": {"type": "Polygon", "coordinates": [[[82.2909142, 50.2400562], [82.2910272, 50.2400444], [82.2910003, 50.2399397], [82.2908874, 50.2399516], [82.2909142, 50.2400562]]]}}, {"type": "Feature", "properties": {"osm_id": 515222947, "building": "detached", "housenumber": null, "street": null, "levels": "1", "area_m2": 56.6, "clat": 50.2400079, "clon": 82.29075230000001}, "geometry": {"type": "Polygon", "coordinates": [[[82.2907224, 50.2400554], [82.2908023, 50.2400479], [82.2907822, 50.2399604], [82.2907023, 50.2399679], [82.2907224, 50.2400554]]]}}, {"type": "Feature", "properties": {"osm_id": 515222948, "building": "detached", "housenumber": null, "street": null, "levels": "1", "area_m2": 70.9, "clat": 50.24003613202595, "clon": 82.29045796395445}, "geometry": {"type": "Polygon", "coordinates": [[[82.2903912, 50.2400039], [82.2904054, 50.2400778], [82.2905248, 50.2400683], [82.2905105, 50.2399945], [82.2903912, 50.2400039]]]}}, {"type": "Feature", "properties": {"osm_id": 515222949, "building": "detached", "housenumber": null, "street": null, "levels": "1", "area_m2": 59.5, "clat": 50.24003715, "clon": 82.2900295}, "geometry": {"type": "Polygon", "coordinates": [[[82.2899687, 50.2400073], [82.2899803, 50.2400747], [82.2900903, 50.240067], [82.2900787, 50.2399996], [82.2899687, 50.2400073]]]}}, {"type": "Feature", "properties": {"osm_id": 515222950, "building": "detached", "housenumber": null, "street": null, "levels": "1", "area_m2": 43.8, "clat": 50.2400528, "clon": 82.2898329}, "geometry": {"type": "Polygon", "coordinates": [[[82.2897877, 50.2400837], [82.2898883, 50.240076], [82.2898781, 50.2400219], [82.2897775, 50.2400296], [82.2897877, 50.2400837]]]}}, {"type": "Feature", "properties": {"osm_id": 515222952, "building": "detached", "housenumber": null, "street": null, "levels": "1", "area_m2": 70.5, "clat": 50.2400905, "clon": 82.28961735}, "geometry": {"type": "Polygon", "coordinates": [[[82.2895677, 50.2401343], [82.2896723, 50.2401316], [82.289667, 50.2400467], [82.2895624, 50.2400494], [82.2895677, 50.2401343]]]}}, {"type": "Feature", "properties": {"osm_id": 515222953, "building": "detached", "housenumber": null, "street": null, "levels": "1", "area_m2": 59.2, "clat": 50.23992970524176, "clon": 82.2885807756253}, "geometry": {"type": "Polygon", "coordinates": [[[82.2885284, 50.2399653], [82.2886372, 50.2399627], [82.2886331, 50.2398941], [82.2885244, 50.2398967], [82.2885284, 50.2399653]]]}}, {"type": "Feature", "properties": {"osm_id": 515222954, "building": "detached", "housenumber": null, "street": null, "levels": "1", "area_m2": 48.3, "clat": 50.239852156279625, "clon": 82.28884222521108}, "geometry": {"type": "Polygon", "coordinates": [[[82.2887979, 50.2398864], [82.2888879, 50.2398857], [82.2888865, 50.2398179], [82.2887966, 50.2398186], [82.2887979, 50.2398864]]]}}, {"type": "Feature", "properties": {"osm_id": 515222955, "building": "detached", "housenumber": null, "street": null, "levels": "1", "area_m2": 117.7, "clat": 50.2399134, "clon": 82.28817985}, "geometry": {"type": "Polygon", "coordinates": [[[82.2880831, 50.239955], [82.2882856, 50.2399447], [82.2882766, 50.2398718], [82.2880741, 50.2398821], [82.2880831, 50.239955]]]}}, {"type": "Feature", "properties": {"osm_id": 515222956, "building": "detached", "housenumber": null, "street": null, "levels": "1", "area_m2": 155.9, "clat": 50.2399227, "clon": 82.287827}, "geometry": {"type": "Polygon", "coordinates": [[[82.2877184, 50.2399705], [82.2879437, 50.2399619], [82.2879356, 50.2398749], [82.2877103, 50.2398835], [82.2877184, 50.2399705]]]}}, {"type": "Feature", "properties": {"osm_id": 515222958, "building": "detached", "housenumber": null, "street": null, "levels": "1", "area_m2": 96.5, "clat": 50.239114924144104, "clon": 82.28774912446931}, "geometry": {"type": "Polygon", "coordinates": [[[82.2876567, 50.2391496], [82.2878458, 50.2391445], [82.2878415, 50.2390802], [82.2876524, 50.2390854], [82.2876567, 50.2391496]]]}}, {"type": "Feature", "properties": {"osm_id": 515222959, "building": "detached", "housenumber": null, "street": null, "levels": "1", "area_m2": 102.6, "clat": 50.2390706, "clon": 82.2884813}, "geometry": {"type": "Polygon", "coordinates": [[[82.288413, 50.2391179], [82.2885576, 50.2391125], [82.2885496, 50.2390233], [82.288405, 50.2390287], [82.288413, 50.2391179]]]}}, {"type": "Feature", "properties": {"osm_id": 515222972, "building": "detached", "housenumber": null, "street": null, "levels": "1", "area_m2": 87.4, "clat": 50.239092902775106, "clon": 82.28822877634315}, "geometry": {"type": "Polygon", "coordinates": [[[82.2881421, 50.2391273], [82.2883219, 50.2391196], [82.2883154, 50.2390585], [82.2881357, 50.2390662], [82.2881421, 50.2391273]]]}}, {"type": "Feature", "properties": {"osm_id": 515222973, "building": "detached", "housenumber": null, "street": null, "levels": "1", "area_m2": 140.3, "clat": 50.2390667, "clon": 82.2887369}, "geometry": {"type": "Polygon", "coordinates": [[[82.2886303, 50.2391101], [82.2888489, 50.2391041], [82.2888435, 50.2390233], [82.2886249, 50.2390293], [82.2886303, 50.2391101]]]}}, {"type": "Feature", "properties": {"osm_id": 515222974, "building": "detached", "housenumber": null, "street": null, "levels": "1", "area_m2": 111.5, "clat": 50.239046120805504, "clon": 82.2892406956999}, "geometry": {"type": "Polygon", "coordinates": [[[82.289148, 50.2390861], [82.2893397, 50.2390793], [82.2893334, 50.2390061], [82.2891416, 50.239013], [82.289148, 50.2390861]]]}}, {"type": "Feature", "properties": {"osm_id": 515222975, "building": "detached", "housenumber": null, "street": null, "levels": "1", "area_m2": 109.6, "clat": 50.23901945, "clon": 82.2897452}, "geometry": {"type": "Polygon", "coordinates": [[[82.2896589, 50.2390612], [82.2898386, 50.2390544], [82.2898315, 50.2389777], [82.2896518, 50.2389845], [82.2896589, 50.2390612]]]}}, {"type": "Feature", "properties": {"osm_id": 515222976, "building": "detached", "housenumber": null, "street": null, "levels": "1", "area_m2": 135.5, "clat": 50.23899915, "clon": 82.29027635}, "geometry": {"type": "Polygon", "coordinates": [[[82.2901605, 50.2390389], [82.2903979, 50.2390312], [82.2903922, 50.2389594], [82.2901548, 50.2389671], [82.2901605, 50.2390389]]]}}, {"type": "Feature", "properties": {"osm_id": 515222977, "building": "detached", "housenumber": null, "street": null, "levels": "1", "area_m2": 129.0, "clat": 50.23897707133716, "clon": 82.29073094782112}, "geometry": {"type": "Polygon", "coordinates": [[[82.2906259, 50.2390175], [82.2908404, 50.2390124], [82.290836, 50.2389366], [82.2906214, 50.2389418], [82.2906259, 50.2390175]]]}}, {"type": "Feature", "properties": {"osm_id": 515222978, "building": "detached", "housenumber": null, "street": null, "levels": "1", "area_m2": 133.1, "clat": 50.23895309731261, "clon": 82.29121657402374}, "geometry": {"type": "Polygon", "coordinates": [[[82.291106, 50.2389935], [82.2913326, 50.2389866], [82.2913272, 50.2389127], [82.2911005, 50.2389196], [82.291106, 50.2389935]]]}}, {"type": "Feature", "properties": {"osm_id": 515222979, "building": "detached", "housenumber": null, "street": null, "levels": "1", "area_m2": 108.4, "clat": 50.23892602419517, "clon": 82.29165597025245}, "geometry": {"type": "Polygon", "coordinates": [[[82.2915673, 50.238966], [82.2917497, 50.2389609], [82.2917446, 50.238886], [82.2915622, 50.2388912], [82.2915673, 50.238966]]]}}, {"type": "Feature", "properties": {"osm_id": 515222980, "building": "detached", "housenumber": null, "street": null, "levels": "1", "area_m2": 129.5, "clat": 50.23891067402127, "clon": 82.29207462316278}, "geometry": {"type": "Polygon", "coordinates": [[[82.291971, 50.2389523], [82.2921842, 50.2389455], [82.2921782, 50.238869], [82.291965, 50.2388759], [82.291971, 50.2389523]]]}}, {"type": "Feature", "properties": {"osm_id": 515222981, "building": "detached", "housenumber": null, "street": null, "levels": "1", "area_m2": 111.7, "clat": 50.238898853363956, "clon": 82.29248047619046}, "geometry": {"type": "Polygon", "coordinates": [[[82.2923841, 50.2388648], [82.2923918, 50.2389406], [82.2925769, 50.2389329], [82.2925691, 50.2388571], [82.2923841, 50.2388648]]]}}, {"type": "Feature", "properties": {"osm_id": 515222982, "building": "detached", "housenumber": null, "street": null, "levels": "1", "area_m2": 100.4, "clat": 50.23886655, "clon": 82.2929243}, "geometry": {"type": "Polygon", "coordinates": [[[82.2928226, 50.2388391], [82.2928302, 50.2389034], [82.293026, 50.238894], [82.2930184, 50.2388297], [82.2928226, 50.2388391]]]}}, {"type": "Feature", "properties": {"osm_id": 515222983, "building": "detached", "housenumber": null, "street": null, "levels": "1", "area_m2": 96.7, "clat": 50.23878424715596, "clon": 82.28921742357802}, "geometry": {"type": "Polygon", "coordinates": [[[82.2891279, 50.2388211], [82.2893143, 50.2388125], [82.289307, 50.2387474], [82.2891205, 50.238756], [82.2891279, 50.2388211]]]}}, {"type": "Feature", "properties": {"osm_id": 515222984, "building": "detached", "housenumber": null, "street": null, "levels": "1", "area_m2": 109.3, "clat": 50.23880345, "clon": 82.2887131}, "geometry": {"type": "Polygon", "coordinates": [[[82.2886062, 50.2388387], [82.2888254, 50.2388309], [82.28882, 50.2387682], [82.2886008, 50.238776], [82.2886062, 50.2388387]]]}}, {"type": "Feature", "properties": {"osm_id": 515222985, "building": "detached", "housenumber": null, "street": null, "levels": "1", "area_m2": 96.3, "clat": 50.23882645267341, "clon": 82.28822042578581}, "geometry": {"type": "Polygon", "coordinates": [[[82.2881254, 50.2388601], [82.2883192, 50.2388554], [82.2883154, 50.2387928], [82.2881217, 50.2387975], [82.2881254, 50.2388601]]]}}, {"type": "Feature", "properties": {"osm_id": 515222986, "building": "detached", "housenumber": null, "street": null, "levels": "1", "area_m2": 47.5, "clat": 50.23884469474004, "clon": 82.28782212449023}, "geometry": {"type": "Polygon", "coordinates": [[[82.287775, 50.2388764], [82.2878722, 50.2388745], [82.2878693, 50.238813], [82.287772, 50.2388149], [82.287775, 50.2388764]]]}}, {"type": "Feature", "properties": {"osm_id": 515222987, "building": "detached", "housenumber": null, "street": null, "levels": "1", "area_m2": 136.1, "clat": 50.23802565, "clon": 82.28771495000001}, "geometry": {"type": "Polygon", "coordinates": [[[82.2876124, 50.2380688], [82.2878216, 50.2380645], [82.2878175, 50.2379825], [82.2876083, 50.2379868], [82.2876124, 50.2380688]]]}}, {"type": "Feature", "properties": {"osm_id": 515222988, "building": "detached", "housenumber": null, "street": null, "levels": "1", "area_m2": 111.6, "clat": 50.2380211, "clon": 82.2881565}, "geometry": {"type": "Polygon", "coordinates": [[[82.288067, 50.2379822], [82.2880689, 50.2380617], [82.288246, 50.23806], [82.2882441, 50.2379805], [82.288067, 50.2379822]]]}}, {"type": "Feature", "properties": {"osm_id": 515222989, "building": "detached", "housenumber": null, "street": null, "levels": "1", "area_m2": 155.9, "clat": 50.23801297755214, "clon": 82.28906869851475}, "geometry": {"type": "Polygon", "coordinates": [[[82.2889535, 50.2380568], [82.2891869, 50.2380534], [82.2891838, 50.2379691], [82.2889505, 50.2379726], [82.2889535, 50.2380568]]]}}, {"type": "Feature", "properties": {"osm_id": 515222990, "building": "detached", "housenumber": null, "street": null, "levels": "1", "area_m2": 107.8, "clat": 50.23813585951823, "clon": 82.28961647673819}, "geometry": {"type": "Polygon", "coordinates": [[[82.2895711, 50.2382013], [82.2896793, 50.2381952], [82.2896618, 50.2380704], [82.2895537, 50.2380765], [82.2895711, 50.2382013]]]}}, {"type": "Feature", "properties": {"osm_id": 515222991, "building": "detached", "housenumber": null, "street": null, "levels": "1", "area_m2": 117.9, "clat": 50.23840895, "clon": 82.2896467}, "geometry": {"type": "Polygon", "coordinates": [[[82.2895959, 50.2384763], [82.2897096, 50.238472], [82.2896975, 50.2383416], [82.2895838, 50.2383459], [82.2895959, 50.2384763]]]}}, {"type": "Feature", "properties": {"osm_id": 515222992, "building": "detached", "housenumber": null, "street": null, "levels": "1", "area_m2": 131.3, "clat": 50.2387085, "clon": 82.28966935}, "geometry": {"type": "Polygon", "coordinates": [[[82.2896267, 50.2387893], [82.2897321, 50.2387838], [82.289712, 50.2386277], [82.2896066, 50.2386332], [82.2896267, 50.2387893]]]}}, {"type": "Feature", "properties": {"osm_id": 515222993, "building": "detached", "housenumber": null, "street": null, "levels": "1", "area_m2": 151.6, "clat": 50.238675474200626, "clon": 82.29033570655386}, "geometry": {"type": "Polygon", "coordinates": [[[82.2904019, 50.2387516], [82.2903925, 50.2385963], [82.2902695, 50.2385994], [82.2902789, 50.2387546], [82.2904019, 50.2387516]]]}}, {"type": "Feature", "properties": {"osm_id": 515222994, "building": "detached", "housenumber": null, "street": null, "levels": "1", "area_m2": 148.8, "clat": 50.23838183919046, "clon": 82.29030162407408}, "geometry": {"type": "Polygon", "coordinates": [[[82.290367, 50.2384582], [82.2903563, 50.2383021], [82.2902362, 50.2383055], [82.290247, 50.2384616], [82.290367, 50.2384582]]]}}, {"type": "Feature", "properties": {"osm_id": 515222995, "building": "detached", "housenumber": null, "street": null, "levels": "1", "area_m2": 146.1, "clat": 50.23777425, "clon": 82.29255905000001}, "geometry": {"type": "Polygon", "coordinates": [[[82.292435, 50.2377412], [82.292443, 50.2378176], [82.2926831, 50.2378073], [82.2926751, 50.2377309], [82.292435, 50.2377412]]]}}, {"type": "Feature", "properties": {"osm_id": 515222996, "building": "detached", "housenumber": null, "street": null, "levels": "1", "area_m2": 149.3, "clat": 50.237794452495265, "clon": 82.2921200769541}, "geometry": {"type": "Polygon", "coordinates": [[[82.2919925, 50.2377635], [82.2920036, 50.23784], [82.2922477, 50.2378254], [82.2922365, 50.2377489], [82.2919925, 50.2377635]]]}}, {"type": "Feature", "properties": {"osm_id": 515222997, "building": "detached", "housenumber": null, "street": null, "levels": "1", "area_m2": 52.4, "clat": 50.23780185, "clon": 82.29174985}, "geometry": {"type": "Polygon", "coordinates": [[[82.2916907, 50.2377746], [82.291695, 50.2378325], [82.291809, 50.2378291], [82.2918047, 50.2377712], [82.2916907, 50.2377746]]]}}, {"type": "Feature", "properties": {"osm_id": 515222998, "building": "detached", "housenumber": null, "street": null, "levels": "1", "area_m2": 100.6, "clat": 50.2379184559441, "clon": 82.2931909256054}, "geometry": {"type": "Polygon", "coordinates": [[[82.293127, 50.2379676], [82.2932602, 50.2379645], [82.2932548, 50.2378693], [82.2931217, 50.2378724], [82.293127, 50.2379676]]]}}, {"type": "Feature", "properties": {"osm_id": 515222999, "building": "detached", "housenumber": null, "street": null, "levels": "1", "area_m2": 166.1, "clat": 50.23823625967283, "clon": 82.2932366765142}, "geometry": {"type": "Polygon", "coordinates": [[[82.2931793, 50.2383176], [82.2933128, 50.238311], [82.293294, 50.2381549], [82.2931606, 50.2381615], [82.2931793, 50.2383176]]]}}, {"type": "Feature", "properties": {"osm_id": 515223000, "building": "detached", "housenumber": null, "street": null, "levels": "1", "area_m2": 130.2, "clat": 50.23853600792558, "clon": 82.29327187659719}, "geometry": {"type": "Polygon", "coordinates": [[[82.2932155, 50.2386023], [82.2933457, 50.2385949], [82.2933282, 50.2384697], [82.2931981, 50.2384771], [82.2932155, 50.2386023]]]}}, {"type": "Feature", "properties": {"osm_id": 515223001, "building": "detached", "housenumber": null, "street": null, "levels": "1", "area_m2": 118.2, "clat": 50.23842215, "clon": 82.2961007}, "geometry": {"type": "Polygon", "coordinates": [[[82.2960386, 50.2384797], [82.2961749, 50.2384735], [82.2961628, 50.2383646], [82.2960265, 50.2383708], [82.2960386, 50.2384797]]]}}, {"type": "Feature", "properties": {"osm_id": 515223002, "building": "detached", "housenumber": null, "street": null, "levels": "1", "area_m2": 170.9, "clat": 50.23783975, "clon": 82.29532335}, "geometry": {"type": "Polygon", "coordinates": [[[82.2952607, 50.2379187], [82.2954021, 50.2379126], [82.295386, 50.2377608], [82.2952446, 50.2377669], [82.2952607, 50.2379187]]]}}, {"type": "Feature", "properties": {"osm_id": 515223003, "building": "detached", "housenumber": null, "street": null, "levels": "1", "area_m2": 69.2, "clat": 50.23779248052478, "clon": 82.29600546106671}, "geometry": {"type": "Polygon", "coordinates": [[[82.295946, 50.2378295], [82.2960708, 50.2378252], [82.2960649, 50.2377555], [82.2959402, 50.2377597], [82.295946, 50.2378295]]]}}, {"type": "Feature", "properties": {"osm_id": 515223004, "building": "detached", "housenumber": null, "street": null, "levels": "1", "area_m2": 66.7, "clat": 50.23807862408458, "clon": 82.29604836470932}, "geometry": {"type": "Polygon", "coordinates": [[[82.2959903, 50.2381151], [82.2961123, 50.2381109], [82.2961064, 50.2380421], [82.2959844, 50.2380464], [82.2959903, 50.2381151]]]}}, {"type": "Feature", "properties": {"osm_id": 515223005, "building": "detached", "housenumber": null, "street": null, "levels": "1", "area_m2": 98.0, "clat": 50.238075349999995, "clon": 82.29646305}, "geometry": {"type": "Polygon", "coordinates": [[[82.2964208, 50.2381417], [82.296516, 50.2381385], [82.2965053, 50.238009], [82.2964101, 50.2380122], [82.2964208, 50.2381417]]]}}, {"type": "Feature", "properties": {"osm_id": 515223006, "building": "detached", "housenumber": null, "street": null, "levels": "1", "area_m2": 100.5, "clat": 50.23881505, "clon": 82.2940332}, "geometry": {"type": "Polygon", "coordinates": [[[82.2939357, 50.2387876], [82.2939483, 50.2388562], [82.2941307, 50.2388425], [82.2941181, 50.2387739], [82.2939357, 50.2387876]]]}}, {"type": "Feature", "properties": {"osm_id": 515223007, "building": "detached", "housenumber": null, "street": null, "levels": "1", "area_m2": 127.3, "clat": 50.23883474779186, "clon": 82.29363642360191}, "geometry": {"type": "Polygon", "coordinates": [[[82.2935119, 50.2388065], [82.2935182, 50.2388724], [82.2937609, 50.238863], [82.2937547, 50.2387971], [82.2935119, 50.2388065]]]}}, {"type": "Feature", "properties": {"osm_id": 515223008, "building": "detached", "housenumber": null, "street": null, "levels": "1", "area_m2": 178.7, "clat": 50.2397139, "clon": 82.29467525}, "geometry": {"type": "Polygon", "coordinates": [[[82.2945727, 50.23966], [82.29459, 50.239779], [82.2947778, 50.2397678], [82.2947605, 50.2396488], [82.2945727, 50.23966]]]}}, {"type": "Feature", "properties": {"osm_id": 515223009, "building": "detached", "housenumber": null, "street": null, "levels": "1", "area_m2": 50.9, "clat": 50.239323173589746, "clon": 82.29735115959427}, "geometry": {"type": "Polygon", "coordinates": [[[82.2973126, 50.2393623], [82.2973991, 50.2393578], [82.2973897, 50.239284], [82.2973032, 50.2392886], [82.2973126, 50.2393623]]]}}, {"type": "Feature", "properties": {"osm_id": 515223010, "building": "detached", "housenumber": null, "street": null, "levels": "1", "area_m2": 79.4, "clat": 50.23928465725264, "clon": 82.2976764262795}, "geometry": {"type": "Polygon", "coordinates": [[[82.2977351, 50.2393289], [82.2977243, 50.2392354], [82.2976178, 50.2392404], [82.2976285, 50.2393339], [82.2977351, 50.2393289]]]}}, {"type": "Feature", "properties": {"osm_id": 515223011, "building": "detached", "housenumber": null, "street": null, "levels": "1", "area_m2": 72.0, "clat": 50.23925965, "clon": 82.29809025}, "geometry": {"type": "Polygon", "coordinates": [[[82.2980462, 50.2393074], [82.2981464, 50.2393019], [82.2981343, 50.2392119], [82.2980341, 50.2392174], [82.2980462, 50.2393074]]]}}, {"type": "Feature", "properties": {"osm_id": 515223012, "building": "detached", "housenumber": null, "street": null, "levels": "1", "area_m2": 70.7, "clat": 50.23925765, "clon": 82.29837985}, "geometry": {"type": "Polygon", "coordinates": [[[82.2983158, 50.2392928], [82.2984472, 50.2392903], [82.2984439, 50.2392225], [82.2983125, 50.239225], [82.2983158, 50.2392928]]]}}, {"type": "Feature", "properties": {"osm_id": 515223013, "building": "detached", "housenumber": null, "street": null, "levels": "1", "area_m2": 81.8, "clat": 50.2392275, "clon": 82.2987229}, "geometry": {"type": "Polygon", "coordinates": [[[82.2986591, 50.2391856], [82.2986767, 50.239278], [82.2987867, 50.2392694], [82.2987691, 50.239177], [82.2986591, 50.2391856]]]}}, {"type": "Feature", "properties": {"osm_id": 515223014, "building": "detached", "housenumber": null, "street": null, "levels": "1", "area_m2": 98.3, "clat": 50.23919679480228, "clon": 82.29920832356989}, "geometry": {"type": "Polygon", "coordinates": [[[82.2991446, 50.2392448], [82.299284, 50.2392371], [82.2992721, 50.2391488], [82.2991326, 50.2391565], [82.2991446, 50.2392448]]]}}, {"type": "Feature", "properties": {"osm_id": 515223015, "building": "detached", "housenumber": null, "street": null, "levels": "1", "area_m2": 215.0, "clat": 50.23918155, "clon": 82.2996072}, "geometry": {"type": "Polygon", "coordinates": [[[82.2994557, 50.2391462], [82.2994744, 50.2392401], [82.2997587, 50.2392169], [82.29974, 50.239123], [82.2994557, 50.2391462]]]}}, {"type": "Feature", "properties": {"osm_id": 515223016, "building": "detached", "housenumber": null, "street": null, "levels": "1", "area_m2": 252.2, "clat": 50.239430756459946, "clon": 82.30006918810803}, "geometry": {"type": "Polygon", "coordinates": [[[82.2999211, 50.2395013], [82.3000483, 50.2395481], [82.3002173, 50.2393603], [82.30009, 50.2393134], [82.2999211, 50.2395013]]]}}, {"type": "Feature", "properties": {"osm_id": 515223017, "building": "detached", "housenumber": null, "street": null, "levels": "1", "area_m2": 146.1, "clat": 50.23947127695204, "clon": 82.2996201773936}, "geometry": {"type": "Polygon", "coordinates": [[[82.2995147, 50.2395193], [82.2997387, 50.2395047], [82.2997257, 50.2394233], [82.2995017, 50.2394378], [82.2995147, 50.2395193]]]}}, {"type": "Feature", "properties": {"osm_id": 515223018, "building": "detached", "housenumber": null, "street": null, "levels": "1", "area_m2": 138.0, "clat": 50.23950125, "clon": 82.29918085}, "geometry": {"type": "Polygon", "coordinates": [[[82.2990815, 50.2395476], [82.2992894, 50.2395382], [82.2992802, 50.2394549], [82.2990723, 50.2394643], [82.2990815, 50.2395476]]]}}, {"type": "Feature", "properties": {"osm_id": 515223019, "building": "detached", "housenumber": null, "street": null, "levels": "1", "area_m2": 159.6, "clat": 50.2395596, "clon": 82.2983053}, "geometry": {"type": "Polygon", "coordinates": [[[82.2982085, 50.2396145], [82.298419, 50.2395991], [82.2984021, 50.2395047], [82.2981916, 50.2395201], [82.2982085, 50.2396145]]]}}, {"type": "Feature", "properties": {"osm_id": 515223020, "building": "detached", "housenumber": null, "street": null, "levels": "1", "area_m2": 109.4, "clat": 50.239600100000004, "clon": 82.29788185}, "geometry": {"type": "Polygon", "coordinates": [[[82.297778, 50.2396368], [82.2979926, 50.2396274], [82.2979857, 50.2395634], [82.2977711, 50.2395728], [82.297778, 50.2396368]]]}}, {"type": "Feature", "properties": {"osm_id": 515223021, "building": "detached", "housenumber": null, "street": null, "levels": "1", "area_m2": 254.0, "clat": 50.23964495, "clon": 82.29707499999999}, "geometry": {"type": "Polygon", "coordinates": [[[82.2969183, 50.2396016], [82.2969366, 50.2397089], [82.2972317, 50.2396883], [82.2972134, 50.239581], [82.2969183, 50.2396016]]]}}, {"type": "Feature", "properties": {"osm_id": 515223022, "building": "detached", "housenumber": null, "street": null, "levels": "1", "area_m2": 86.3, "clat": 50.240075745301695, "clon": 82.29868747402004}, "geometry": {"type": "Polygon", "coordinates": [[[82.2986148, 50.2400391], [82.298622, 50.2401176], [82.2987601, 50.2401124], [82.298753, 50.2400339], [82.2986148, 50.2400391]]]}}, {"type": "Feature", "properties": {"osm_id": 515223023, "building": "detached", "housenumber": null, "street": null, "levels": "1", "area_m2": 81.3, "clat": 50.24008035453218, "clon": 82.29837362582745}, "geometry": {"type": "Polygon", "coordinates": [[[82.2983024, 50.2400451], [82.2983081, 50.2401199], [82.2984449, 50.2401156], [82.2984391, 50.2400408], [82.2983024, 50.2400451]]]}}, {"type": "Feature", "properties": {"osm_id": 515223024, "building": "detached", "housenumber": null, "street": null, "levels": "1", "area_m2": 79.3, "clat": 50.2400927, "clon": 82.29802745}, "geometry": {"type": "Polygon", "coordinates": [[[82.2979604, 50.2400554], [82.2979604, 50.24013], [82.2980945, 50.24013], [82.2980945, 50.2400554], [82.2979604, 50.2400554]]]}}, {"type": "Feature", "properties": {"osm_id": 515223025, "building": "detached", "housenumber": null, "street": null, "levels": "1", "area_m2": 97.5, "clat": 50.240082, "clon": 82.2976087}, "geometry": {"type": "Polygon", "coordinates": [[[82.2975151, 50.2401146], [82.2977015, 50.2401154], [82.2977023, 50.2400494], [82.2975159, 50.2400486], [82.2975151, 50.2401146]]]}}, {"type": "Feature", "properties": {"osm_id": 515223026, "building": "detached", "housenumber": null, "street": null, "levels": "1", "area_m2": 91.9, "clat": 50.240090949999995, "clon": 82.2971483}, "geometry": {"type": "Polygon", "coordinates": [[[82.2970498, 50.2401197], [82.2972456, 50.2401214], [82.2972468, 50.2400622], [82.297051, 50.2400605], [82.2970498, 50.2401197]]]}}, {"type": "Feature", "properties": {"osm_id": 515223027, "building": "detached", "housenumber": null, "street": null, "levels": "1", "area_m2": 62.7, "clat": 50.2400871, "clon": 82.2967664}, "geometry": {"type": "Polygon", "coordinates": [[[82.2966997, 50.2400579], [82.2967016, 50.240118], [82.2968331, 50.2401163], [82.2968312, 50.2400562], [82.2966997, 50.2400579]]]}}, {"type": "Feature", "properties": {"osm_id": 515223028, "building": "detached", "housenumber": null, "street": null, "levels": "1", "area_m2": 87.5, "clat": 50.24008752408949, "clon": 82.29634422776107}, "geometry": {"type": "Polygon", "coordinates": [[[82.2962464, 50.2400614], [82.2962502, 50.2401188], [82.296442, 50.2401137], [82.2964382, 50.2400562], [82.2962464, 50.2400614]]]}}, {"type": "Feature", "properties": {"osm_id": 515223029, "building": "detached", "housenumber": null, "street": null, "levels": "1", "area_m2": 88.6, "clat": 50.2404222, "clon": 82.2963889}, "geometry": {"type": "Polygon", "coordinates": [[[82.2962974, 50.2403942], [82.2963034, 50.2404571], [82.2964804, 50.2404502], [82.2964744, 50.2403873], [82.2962974, 50.2403942]]]}}, {"type": "Feature", "properties": {"osm_id": 515223030, "building": "detached", "housenumber": null, "street": null, "levels": "1", "area_m2": 116.5, "clat": 50.24094557472768, "clon": 82.29655461671842}, "geometry": {"type": "Polygon", "coordinates": [[[82.2964677, 50.2409037], [82.2964698, 50.2409892], [82.2966415, 50.2409875], [82.2966394, 50.2409019], [82.2964677, 50.2409037]]]}}, {"type": "Feature", "properties": {"osm_id": 515223031, "building": "detached", "housenumber": null, "street": null, "levels": "1", "area_m2": 155.1, "clat": 50.241242750000005, "clon": 82.29654285}, "geometry": {"type": "Polygon", "coordinates": [[[82.2964355, 50.2411979], [82.2964383, 50.2412902], [82.2966502, 50.2412876], [82.2966474, 50.2411953], [82.2964355, 50.2411979]]]}}, {"type": "Feature", "properties": {"osm_id": 515223032, "building": "detached", "housenumber": null, "street": null, "levels": "1", "area_m2": 106.0, "clat": 50.241561250000004, "clon": 82.2965628}, "geometry": {"type": "Polygon", "coordinates": [[[82.2964691, 50.2415272], [82.2964741, 50.2416004], [82.2966565, 50.2415953], [82.2966515, 50.2415221], [82.2964691, 50.2415272]]]}}, {"type": "Feature", "properties": {"osm_id": 515223033, "building": "detached", "housenumber": null, "street": null, "levels": "1", "area_m2": 110.4, "clat": 50.24189262406607, "clon": 82.29657487832164}, "geometry": {"type": "Polygon", "coordinates": [[[82.2964825, 50.2418531], [82.2964769, 50.2419261], [82.2966673, 50.2419321], [82.2966729, 50.2418592], [82.2964825, 50.2418531]]]}}, {"type": "Feature", "properties": {"osm_id": 515223034, "building": "detached", "housenumber": null, "street": null, "levels": "1", "area_m2": 129.9, "clat": 50.2414428, "clon": 82.2975679}, "geometry": {"type": "Polygon", "coordinates": [[[82.2974695, 50.2414835], [82.2976626, 50.2414869], [82.2976663, 50.2414021], [82.2974732, 50.2413987], [82.2974695, 50.2414835]]]}}, {"type": "Feature", "properties": {"osm_id": 515223035, "building": "detached", "housenumber": null, "street": null, "levels": "1", "area_m2": 112.9, "clat": 50.2414293, "clon": 82.297048}, "geometry": {"type": "Polygon", "coordinates": [[[82.2969572, 50.2413891], [82.2969537, 50.241466], [82.2971388, 50.2414695], [82.2971423, 50.2413926], [82.2969572, 50.2413891]]]}}, {"type": "Feature", "properties": {"osm_id": 515223036, "building": "detached", "housenumber": null, "street": null, "levels": "1", "area_m2": 50.5, "clat": 50.24172832584039, "clon": 82.29749466502618}, "geometry": {"type": "Polygon", "coordinates": [[[82.2974387, 50.2417562], [82.297546, 50.2417597], [82.2975506, 50.2417004], [82.2974433, 50.241697], [82.2974387, 50.2417562]]]}}, {"type": "Feature", "properties": {"osm_id": 515223037, "building": "detached", "housenumber": null, "street": null, "levels": "1", "area_m2": 98.3, "clat": 50.24174642815822, "clon": 82.29803244785803}, "geometry": {"type": "Polygon", "coordinates": [[[82.2979403, 50.2417125], [82.2979395, 50.2417795], [82.2981246, 50.2417804], [82.2981253, 50.2417133], [82.2979403, 50.2417125]]]}}, {"type": "Feature", "properties": {"osm_id": 515223039, "building": "detached", "housenumber": null, "street": null, "levels": "1", "area_m2": 137.1, "clat": 50.2414637, "clon": 82.2982499}, "geometry": {"type": "Polygon", "coordinates": [[[82.2981374, 50.2415006], [82.2983587, 50.2415049], [82.2983624, 50.2414268], [82.2981411, 50.2414225], [82.2981374, 50.2415006]]]}}, {"type": "Feature", "properties": {"osm_id": 515223041, "building": "detached", "housenumber": null, "street": null, "levels": "1", "area_m2": 72.4, "clat": 50.24148985, "clon": 82.2992218}, "geometry": {"type": "Polygon", "coordinates": [[[82.299162, 50.2415281], [82.2992773, 50.2415307], [82.2992816, 50.2414516], [82.2991663, 50.241449], [82.299162, 50.2415281]]]}}, {"type": "Feature", "properties": {"osm_id": 515223043, "building": "detached", "housenumber": null, "street": null, "levels": "1", "area_m2": 121.1, "clat": 50.2415002, "clon": 82.29965755}, "geometry": {"type": "Polygon", "coordinates": [[[82.2995657, 50.2414586], [82.2995657, 50.2415418], [82.2997494, 50.2415418], [82.2997494, 50.2414586], [82.2995657, 50.2414586]]]}}, {"type": "Feature", "properties": {"osm_id": 515223045, "building": "detached", "housenumber": null, "street": null, "levels": "1", "area_m2": 114.4, "clat": 50.24177857512928, "clon": 82.29914417152592}, "geometry": {"type": "Polygon", "coordinates": [[[82.299048, 50.2417408], [82.2990472, 50.2418155], [82.2992403, 50.2418164], [82.2992411, 50.2417416], [82.299048, 50.2417408]]]}}, {"type": "Feature", "properties": {"osm_id": 515223047, "building": "detached", "housenumber": null, "street": null, "levels": "1", "area_m2": 108.4, "clat": 50.2423316, "clon": 82.29833740000001}, "geometry": {"type": "Polygon", "coordinates": [[[82.2982447, 50.2423], [82.2982665, 50.2423812], [82.2984301, 50.2423632], [82.2984083, 50.242282], [82.2982447, 50.2423]]]}}, {"type": "Feature", "properties": {"osm_id": 515223050, "building": "detached", "housenumber": null, "street": null, "levels": "1", "area_m2": 117.5, "clat": 50.2423753, "clon": 82.29793945}, "geometry": {"type": "Polygon", "coordinates": [[[82.2978584, 50.2424235], [82.2980368, 50.2424089], [82.2980205, 50.2423271], [82.2978421, 50.2423417], [82.2978584, 50.2424235]]]}}]}