{"type": "FeatureCollection", "village": "с. Пригородное", "key": "prigorodnoe", "features": [{"type": "Feature", "properties": {"osm_id": 435768770, "building": "construction", "housenumber": null, "street": null, "levels": null, "area_m2": 1892.7, "clat": 50.3212339, "clon": 83.51530860000001}, "geometry": {"type": "Polygon", "coordinates": [[[83.5151986, 50.3218123], [83.5154052, 50.3218132], [83.5154186, 50.3206555], [83.515212, 50.3206546], [83.5151986, 50.3218123]]]}}, {"type": "Feature", "properties": {"osm_id": 435768789, "building": "construction", "housenumber": "17А", "street": "5-й микрорайон", "levels": null, "area_m2": 898.7, "clat": 50.32225482497763, "clon": 83.51528102608184}, "geometry": {"type": "Polygon", "coordinates": [[[83.5151718, 50.3225452], [83.5153661, 50.3225485], [83.5153903, 50.3219645], [83.5151959, 50.3219612], [83.5151718, 50.3225452]]]}}, {"type": "Feature", "properties": {"osm_id": 435768796, "building": "construction", "housenumber": null, "street": null, "levels": null, "area_m2": 1184.5, "clat": 50.32066565, "clon": 83.5144806}, "geometry": {"type": "Polygon", "coordinates": [[[83.51382, 50.3207248], [83.5151423, 50.3207197], [83.5151412, 50.3206065], [83.5138189, 50.3206116], [83.51382, 50.3207248]]]}}, {"type": "Feature", "properties": {"osm_id": 435778772, "building": "kindergarten", "housenumber": "9", "street": "6-й микрорайон", "levels": null, "area_m2": 2045.1, "clat": 50.326157218861766, "clon": 83.51131946148791}, "geometry": {"type": "Polygon", "coordinates": [[[83.510655, 50.3262204], [83.510875, 50.3262218], [83.5108735, 50.3263174], [83.5110665, 50.3263187], [83.511068, 50.326223], [83.5115696, 50.3262263], [83.511568, 50.3263258], [83.5117853, 50.3263272], [83.5117868, 50.3262277], [83.5119854, 50.3262289], [83.5119875, 50.3260956], [83.5117735, 50.3260942], [83.511775, 50.3259999], [83.5115845, 50.3259987], [83.511583, 50.326093], [83.5110734, 50.3260897], [83.5110751, 50.3259812], [83.5108632, 50.3259798], [83.5108615, 50.3260883], [83.5106571, 50.326087], [83.510655, 50.3262204]]]}}, {"type": "Feature", "properties": {"osm_id": 435778854, "building": "yes", "housenumber": null, "street": null, "levels": null, "area_m2": 157.9, "clat": 50.327777744004, "clon": 83.508232829461}, "geometry": {"type": "Polygon", "coordinates": [[[83.5081927, 50.3278882], [83.5082837, 50.3278864], [83.5082729, 50.3276672], [83.508182, 50.3276691], [83.5081927, 50.3278882]]]}}, {"type": "Feature", "properties": {"osm_id": 435778872, "building": "yes", "housenumber": null, "street": null, "levels": null, "area_m2": 379.7, "clat": 50.3272292, "clon": 83.50830425000001}, "geometry": {"type": "Polygon", "coordinates": [[[83.5082088, 50.3273489], [83.5084131, 50.3273441], [83.5083997, 50.3271095], [83.5081954, 50.3271143], [83.5082088, 50.3273489]]]}}, {"type": "Feature", "properties": {"osm_id": 435778884, "building": "yes", "housenumber": "65", "street": "улица Гоголя", "levels": null, "area_m2": 663.7, "clat": 50.3288998, "clon": 83.5088306}, "geometry": {"type": "Polygon", "coordinates": [[[83.508587, 50.3289524], [83.5088847, 50.3290603], [83.5090742, 50.3288472], [83.5087765, 50.3287393], [83.508587, 50.3289524]]]}}, {"type": "Feature", "properties": {"osm_id": 435778914, "building": "yes", "housenumber": null, "street": null, "levels": null, "area_m2": 855.0, "clat": 50.329512565877884, "clon": 83.51095923627103}, "geometry": {"type": "Polygon", "coordinates": [[[83.5106993, 50.3294913], [83.5106909, 50.3296015], [83.5108916, 50.3296077], [83.5108885, 50.3296489], [83.5110588, 50.3296541], [83.5110619, 50.329613], [83.5111871, 50.3296168], [83.5112031, 50.3294069], [83.5110578, 50.3294025], [83.5110555, 50.3294329], [83.5110084, 50.3294315], [83.5110126, 50.3293754], [83.5108164, 50.3293693], [83.5108122, 50.3294254], [83.5107574, 50.3294237], [83.5107521, 50.3294929], [83.5106993, 50.3294913]]]}}, {"type": "Feature", "properties": {"osm_id": 435778955, "building": "yes", "housenumber": null, "street": null, "levels": null, "area_m2": 247.9, "clat": 50.32547635867226, "clon": 83.50915967095779}, "geometry": {"type": "Polygon", "coordinates": [[[83.509094, 50.3255988], [83.5092215, 50.3255996], [83.5092254, 50.325354], [83.5090978, 50.3253531], [83.509094, 50.3255988]]]}}, {"type": "Feature", "properties": {"osm_id": 685403000, "building": "yes", "housenumber": "13", "street": "Урожайная улица", "levels": "1", "area_m2": 288.4, "clat": 50.32267888156133, "clon": 83.52380761301917}, "geometry": {"type": "Polygon", "coordinates": [[[83.5237084, 50.3227711], [83.5239082, 50.3227704], [83.5239068, 50.3226043], [83.5238613, 50.3226045], [83.5238611, 50.322574], [83.5237538, 50.3225743], [83.523754, 50.3226048], [83.5237071, 50.322605], [83.5237084, 50.3227711]]]}}, {"type": "Feature", "properties": {"osm_id": 685403001, "building": "yes", "housenumber": "11", "street": "Урожайная улица", "levels": "1", "area_m2": 235.5, "clat": 50.3229555775337, "clon": 83.5237964246422}, "geometry": {"type": "Polygon", "coordinates": [[[83.5237084, 50.3230416], [83.5238815, 50.3230422], [83.5238828, 50.322883], [83.5238573, 50.3228829], [83.5238574, 50.3228612], [83.5237556, 50.3228608], [83.5237554, 50.3228825], [83.5237098, 50.3228824], [83.5237084, 50.3230416]]]}}, {"type": "Feature", "properties": {"osm_id": 685403002, "building": "yes", "housenumber": "9", "street": "Урожайная улица", "levels": "1", "area_m2": 294.9, "clat": 50.323230374749095, "clon": 83.52381090951086}, "geometry": {"type": "Polygon", "coordinates": [[[83.5237098, 50.3233216], [83.5239161, 50.3233198], [83.523912, 50.3231391], [83.5237057, 50.323141], [83.5237098, 50.3233216]]]}}, {"type": "Feature", "properties": {"osm_id": 685403003, "building": "yes", "housenumber": "7", "street": "Урожайная улица", "levels": "1", "area_m2": 92.1, "clat": 50.323544831496605, "clon": 83.52378753577838}, "geometry": {"type": "Polygon", "coordinates": [[[83.5237252, 50.3235916], [83.5238487, 50.3235923], [83.5238498, 50.323498], [83.5237264, 50.3234974], [83.5237252, 50.3235916]]]}}, {"type": "Feature", "properties": {"osm_id": 685403004, "building": "yes", "housenumber": "5", "street": "Урожайная улица", "levels": "1", "area_m2": 107.3, "clat": 50.3240051250717, "clon": 83.5240429621773}, "geometry": {"type": "Polygon", "coordinates": [[[83.5239729, 50.3239568], [83.5239722, 50.3240531], [83.524113, 50.3240535], [83.5241137, 50.3239571], [83.5239729, 50.3239568]]]}}, {"type": "Feature", "properties": {"osm_id": 685403005, "building": "yes", "housenumber": "3", "street": "Урожайная улица", "levels": "1", "area_m2": 64.1, "clat": 50.324238199999996, "clon": 83.5240249}, "geometry": {"type": "Polygon", "coordinates": [[[83.523978, 50.3242814], [83.5240718, 50.3242814], [83.5240718, 50.324195], [83.523978, 50.324195], [83.523978, 50.3242814]]]}}, {"type": "Feature", "properties": {"osm_id": 685403006, "building": "yes", "housenumber": "1", "street": "Урожайная улица", "levels": "1", "area_m2": 63.4, "clat": 50.324487245978865, "clon": 83.5240809246397}, "geometry": {"type": "Polygon", "coordinates": [[[83.5240155, 50.324457], [83.5240176, 50.3245192], [83.5241463, 50.3245175], [83.5241443, 50.3244553], [83.5240155, 50.324457]]]}}, {"type": "Feature", "properties": {"osm_id": 685403007, "building": "yes", "housenumber": null, "street": null, "levels": "1", "area_m2": 148.0, "clat": 50.324808055184235, "clon": 83.52349202473366}, "geometry": {"type": "Polygon", "coordinates": [[[83.523404, 50.3248611], [83.5235774, 50.3248629], [83.52358, 50.324755], [83.5234067, 50.3247532], [83.523404, 50.3248611]]]}}, {"type": "Feature", "properties": {"osm_id": 685403008, "building": "yes", "housenumber": "135", "street": "Семипалатинская улица", "levels": "1", "area_m2": 104.1, "clat": 50.3251458, "clon": 83.5237601}, "geometry": {"type": "Polygon", "coordinates": [[[83.5236897, 50.3251925], [83.5238345, 50.3251899], [83.5238305, 50.3250991], [83.5236857, 50.3251017], [83.5236897, 50.3251925]]]}}, {"type": "Feature", "properties": {"osm_id": 685403009, "building": "yes", "housenumber": null, "street": null, "levels": "1", "area_m2": 116.9, "clat": 50.32518206629011, "clon": 83.52396858295089}, "geometry": {"type": "Polygon", "coordinates": [[[83.5239096, 50.3252438], [83.5240302, 50.3252428], [83.5240276, 50.3251203], [83.5239069, 50.3251214], [83.5239096, 50.3252438]]]}}, {"type": "Feature", "properties": {"osm_id": 685403010, "building": "yes", "housenumber": "123", "street": "Семипалатинская улица", "levels": "1", "area_m2": 76.6, "clat": 50.325406291802814, "clon": 83.52378212436282}, "geometry": {"type": "Polygon", "coordinates": [[[83.5237353, 50.3254562], [83.5238343, 50.325454], [83.523829, 50.3253564], [83.5237299, 50.3253586], [83.5237353, 50.3254562]]]}}, {"type": "Feature", "properties": {"osm_id": 685403011, "building": "yes", "housenumber": "121", "street": "Семипалатинская улица", "levels": "1", "area_m2": 66.1, "clat": 50.32563765629993, "clon": 83.52383447608729}, "geometry": {"type": "Polygon", "coordinates": [[[83.5237862, 50.3256796], [83.5238908, 50.3256753], [83.5238827, 50.3255957], [83.5237782, 50.3256], [83.5237862, 50.3256796]]]}}, {"type": "Feature", "properties": {"osm_id": 685403012, "building": "yes", "housenumber": "129", "street": "Семипалатинская улица", "levels": "1", "area_m2": 79.5, "clat": 50.32562745, "clon": 83.5233698}, "geometry": {"type": "Polygon", "coordinates": [[[83.5233155, 50.3255812], [83.5233155, 50.3256737], [83.5234241, 50.3256737], [83.5234241, 50.3255812], [83.5233155, 50.3255812]]]}}, {"type": "Feature", "properties": {"osm_id": 685403013, "building": "yes", "housenumber": "127", "street": "Семипалатинская улица", "levels": "1", "area_m2": 104.0, "clat": 50.32585015774264, "clon": 83.52332332358662}, "geometry": {"type": "Polygon", "coordinates": [[[83.5232712, 50.3257918], [83.5232574, 50.3259025], [83.5233755, 50.3259085], [83.5233892, 50.3257978], [83.5232712, 50.3257918]]]}}, {"type": "Feature", "properties": {"osm_id": 685403014, "building": "yes", "housenumber": "119", "street": "Семипалатинская улица", "levels": "1", "area_m2": 59.6, "clat": 50.32584274454723, "clon": 83.5238941752117}, "geometry": {"type": "Polygon", "coordinates": [[[83.5238399, 50.3258774], [83.5239471, 50.3258783], [83.5239485, 50.3258081], [83.5238412, 50.3258072], [83.5238399, 50.3258774]]]}}, {"type": "Feature", "properties": {"osm_id": 685403015, "building": "yes", "housenumber": "115", "street": "Семипалатинская улица", "levels": "1", "area_m2": 68.0, "clat": 50.3260427, "clon": 83.52393165}, "geometry": {"type": "Polygon", "coordinates": [[[83.5238707, 50.3260076], [83.5238746, 50.3260804], [83.5239926, 50.3260778], [83.5239887, 50.326005], [83.5238707, 50.3260076]]]}}, {"type": "Feature", "properties": {"osm_id": 685403016, "building": "yes", "housenumber": "99", "street": "Семипалатинская улица", "levels": "1", "area_m2": 112.2, "clat": 50.3261097, "clon": 83.52444715}, "geometry": {"type": "Polygon", "coordinates": [[[83.524379, 50.3260581], [83.5243745, 50.3261587], [83.5245153, 50.3261613], [83.5245198, 50.3260607], [83.524379, 50.3260581]]]}}, {"type": "Feature", "properties": {"osm_id": 685403017, "building": "yes", "housenumber": "103", "street": "Семипалатинская улица", "levels": "1", "area_m2": 97.5, "clat": 50.32626512518572, "clon": 83.52396813970438}, "geometry": {"type": "Polygon", "coordinates": [[[83.5239056, 50.3262156], [83.5239073, 50.3263155], [83.5240307, 50.3263146], [83.524029, 50.3262148], [83.5239056, 50.3262156]]]}}, {"type": "Feature", "properties": {"osm_id": 685403018, "building": "yes", "housenumber": null, "street": null, "levels": "1", "area_m2": 86.7, "clat": 50.326246324680554, "clon": 83.52322698892594}, "geometry": {"type": "Polygon", "coordinates": [[[83.5231653, 50.326291], [83.523286, 50.3262924], [83.5232887, 50.3262017], [83.523168, 50.3262002], [83.5231653, 50.326291]]]}}, {"type": "Feature", "properties": {"osm_id": 685403019, "building": "yes", "housenumber": "113", "street": "Семипалатинская улица", "levels": "1", "area_m2": 145.8, "clat": 50.326432807005666, "clon": 83.5232124228865}, "geometry": {"type": "Polygon", "coordinates": [[[83.5231277, 50.3264896], [83.523273, 50.326501], [83.5232971, 50.326376], [83.5231519, 50.3263646], [83.5231277, 50.3264896]]]}}, {"type": "Feature", "properties": {"osm_id": 685403020, "building": "yes", "housenumber": "109", "street": "Семипалатинская улица", "levels": "1", "area_m2": 80.6, "clat": 50.32663445, "clon": 83.52316525}, "geometry": {"type": "Polygon", "coordinates": [[[83.5230929, 50.3265975], [83.5230847, 50.3266637], [83.5232376, 50.3266714], [83.5232458, 50.3266052], [83.5230929, 50.3265975]]]}}, {"type": "Feature", "properties": {"osm_id": 685403021, "building": "yes", "housenumber": null, "street": null, "levels": "1", "area_m2": 56.9, "clat": 50.3268254695422, "clon": 83.52309183600444}, "geometry": {"type": "Polygon", "coordinates": [[[83.5230526, 50.3267833], [83.5230406, 50.326862], [83.523131, 50.3268677], [83.5231431, 50.3267889], [83.5230526, 50.3267833]]]}}, {"type": "Feature", "properties": {"osm_id": 685403022, "building": "yes", "housenumber": "107", "street": "Семипалатинская улица", "levels": "1", "area_m2": 111.9, "clat": 50.32700114348731, "clon": 83.52305017735274}, "geometry": {"type": "Polygon", "coordinates": [[[83.5229962, 50.3269424], [83.522973, 50.3270482], [83.5231041, 50.3270599], [83.5231274, 50.3269541], [83.5229962, 50.3269424]]]}}, {"type": "Feature", "properties": {"osm_id": 685403026, "building": "yes", "housenumber": "91", "street": "Семипалатинская улица", "levels": "1", "area_m2": 112.9, "clat": 50.3278258, "clon": 83.52290215000001}, "geometry": {"type": "Polygon", "coordinates": [[[83.5228528, 50.3277661], [83.5228093, 50.3278581], [83.5229515, 50.3278855], [83.522995, 50.3277935], [83.5228528, 50.3277661]]]}}, {"type": "Feature", "properties": {"osm_id": 685403028, "building": "yes", "housenumber": "93", "street": "Семипалатинская улица", "levels": "1", "area_m2": 83.7, "clat": 50.327579479955155, "clon": 83.52293156239831}, "geometry": {"type": "Polygon", "coordinates": [[[83.5228743, 50.3275341], [83.5228668, 50.3276206], [83.5229889, 50.3276248], [83.5229963, 50.3275384], [83.5228743, 50.3275341]]]}}, {"type": "Feature", "properties": {"osm_id": 685403030, "building": "yes", "housenumber": "95", "street": "Семипалатинская улица", "levels": "1", "area_m2": 84.3, "clat": 50.3274283736095, "clon": 83.52296063739904}, "geometry": {"type": "Polygon", "coordinates": [[[83.5229024, 50.3273834], [83.5228915, 50.3274665], [83.5230189, 50.3274733], [83.5230298, 50.3273903], [83.5229024, 50.3273834]]]}}, {"type": "Feature", "properties": {"osm_id": 685403032, "building": "yes", "housenumber": "105", "street": "Семипалатинская улица", "levels": "1", "area_m2": 133.3, "clat": 50.32727135, "clon": 83.52303859999999}, "geometry": {"type": "Polygon", "coordinates": [[[83.5229431, 50.3272266], [83.5229401, 50.3273134], [83.5231341, 50.3273161], [83.5231371, 50.3272293], [83.5229431, 50.3272266]]]}}, {"type": "Feature", "properties": {"osm_id": 685403034, "building": "yes", "housenumber": "97", "street": "Семипалатинская улица", "levels": "1", "area_m2": 91.4, "clat": 50.32667219744664, "clon": 83.52462093353134}, "geometry": {"type": "Polygon", "coordinates": [[[83.5245265, 50.3266865], [83.5246161, 50.3267341], [83.5247154, 50.3266579], [83.5246257, 50.3266103], [83.5245265, 50.3266865]]]}}, {"type": "Feature", "properties": {"osm_id": 685678849, "building": "yes", "housenumber": "67", "street": "Семипалатинская улица", "levels": "1", "area_m2": 167.9, "clat": 50.33227624676003, "clon": 83.52192447542754}, "geometry": {"type": "Polygon", "coordinates": [[[83.5218094, 50.3322291], [83.5218062, 50.33232], [83.5220395, 50.3323234], [83.5220428, 50.3322325], [83.5218094, 50.3322291]]]}}, {"type": "Feature", "properties": {"osm_id": 685678850, "building": "yes", "housenumber": "69", "street": "Семипалатинская улица", "levels": "1", "area_m2": 112.6, "clat": 50.332107807933895, "clon": 83.52194362486503}, "geometry": {"type": "Polygon", "coordinates": [[[83.5218818, 50.3321657], [83.5220041, 50.3321663], [83.5220054, 50.3320499], [83.5218832, 50.3320493], [83.5218818, 50.3321657]]]}}, {"type": "Feature", "properties": {"osm_id": 685678851, "building": "yes", "housenumber": "71", "street": "Семипалатинская улица", "levels": "1", "area_m2": 101.5, "clat": 50.331879275139514, "clon": 83.52187116011989}, "geometry": {"type": "Polygon", "coordinates": [[[83.5218081, 50.3319303], [83.5219329, 50.331931], [83.5219342, 50.3318282], [83.5218094, 50.3318276], [83.5218081, 50.3319303]]]}}, {"type": "Feature", "properties": {"osm_id": 685678852, "building": "yes", "housenumber": "73", "street": "Семипалатинская улица", "levels": "1", "area_m2": 73.3, "clat": 50.3316424, "clon": 83.52188455000001}, "geometry": {"type": "Polygon", "coordinates": [[[83.5218322, 50.3316872], [83.5219342, 50.3316884], [83.5219369, 50.3315976], [83.5218349, 50.3315964], [83.5218322, 50.3316872]]]}}, {"type": "Feature", "properties": {"osm_id": 685678853, "building": "yes", "housenumber": "75", "street": "Семипалатинская улица", "levels": "1", "area_m2": 98.3, "clat": 50.33144895, "clon": 83.5219217}, "geometry": {"type": "Polygon", "coordinates": [[[83.5218617, 50.3313978], [83.5218583, 50.3314984], [83.5219817, 50.3315001], [83.5219851, 50.3313995], [83.5218617, 50.3313978]]]}}, {"type": "Feature", "properties": {"osm_id": 685678854, "building": "yes", "housenumber": "77", "street": "Семипалатинская улица", "levels": "1", "area_m2": 73.0, "clat": 50.33126505, "clon": 83.5219379}, "geometry": {"type": "Polygon", "coordinates": [[[83.5218845, 50.3312223], [83.5218813, 50.3313061], [83.5219913, 50.3313078], [83.5219945, 50.331224], [83.5218845, 50.3312223]]]}}, {"type": "Feature", "properties": {"osm_id": 685678855, "building": "yes", "housenumber": "79", "street": "Семипалатинская улица", "levels": "1", "area_m2": 77.5, "clat": 50.33104107060241, "clon": 83.52196778920779}, "geometry": {"type": "Polygon", "coordinates": [[[83.5219073, 50.3310006], [83.5219022, 50.3310781], [83.5220282, 50.3310816], [83.5220334, 50.331004], [83.5219073, 50.3310006]]]}}, {"type": "Feature", "properties": {"osm_id": 685678856, "building": "yes", "housenumber": "81", "street": "Семипалатинская улица", "levels": "1", "area_m2": 92.7, "clat": 50.33083925, "clon": 83.5219938}, "geometry": {"type": "Polygon", "coordinates": [[[83.5219368, 50.3307891], [83.5219301, 50.330886], [83.5220508, 50.3308894], [83.5220575, 50.3307925], [83.5219368, 50.3307891]]]}}, {"type": "Feature", "properties": {"osm_id": 685678858, "building": "yes", "housenumber": "83", "street": "Семипалатинская улица", "levels": "1", "area_m2": 80.9, "clat": 50.33070205, "clon": 83.52208095}, "geometry": {"type": "Polygon", "coordinates": [[[83.5220146, 50.330742], [83.5221231, 50.3307537], [83.5221473, 50.3306621], [83.5220388, 50.3306504], [83.5220146, 50.330742]]]}}, {"type": "Feature", "properties": {"osm_id": 685678859, "building": "yes", "housenumber": "85", "street": "Семипалатинская улица", "levels": "1", "area_m2": 169.0, "clat": 50.33053748404815, "clon": 83.5221007277787}, "geometry": {"type": "Polygon", "coordinates": [[[83.5219897, 50.3305934], [83.522162, 50.3306093], [83.5221941, 50.3304672], [83.5220736, 50.3304561], [83.5220581, 50.3305246], [83.5220064, 50.3305199], [83.5219897, 50.3305934]]]}}, {"type": "Feature", "properties": {"osm_id": 685678860, "building": "yes", "housenumber": "85А", "street": "Семипалатинская улица", "levels": "1", "area_m2": 116.7, "clat": 50.3303001, "clon": 83.52215885}, "geometry": {"type": "Polygon", "coordinates": [[[83.5220736, 50.3303448], [83.5221985, 50.3303658], [83.5222441, 50.3302554], [83.5221192, 50.3302344], [83.5220736, 50.3303448]]]}}, {"type": "Feature", "properties": {"osm_id": 685678862, "building": "yes", "housenumber": null, "street": null, "levels": "1", "area_m2": 258.8, "clat": 50.315546987660866, "clon": 83.52601067633788}, "geometry": {"type": "Polygon", "coordinates": [[[83.5259266, 50.3156543], [83.5260746, 50.3156598], [83.5260948, 50.3154397], [83.5259467, 50.3154342], [83.5259266, 50.3156543]]]}}, {"type": "Feature", "properties": {"osm_id": 685678863, "building": "yes", "housenumber": null, "street": null, "levels": "1", "area_m2": 268.4, "clat": 50.31560674954918, "clon": 83.52507593692586}, "geometry": {"type": "Polygon", "coordinates": [[[83.5250026, 50.3157211], [83.5251446, 50.315719], [83.5251406, 50.3156064], [83.5251795, 50.3156058], [83.5251772, 50.3155441], [83.5251383, 50.3155446], [83.5251366, 50.3154972], [83.5249946, 50.3154993], [83.5250026, 50.3157211]]]}}, {"type": "Feature", "properties": {"osm_id": 685678864, "building": "yes", "housenumber": null, "street": null, "levels": "1", "area_m2": 375.6, "clat": 50.315547260463966, "clon": 83.52399718346018}, "geometry": {"type": "Polygon", "coordinates": [[[83.5237567, 50.3154993], [83.5237572, 50.3156167], [83.5238158, 50.3156166], [83.5238157, 50.3155925], [83.5242506, 50.3155917], [83.5242502, 50.3154984], [83.5237567, 50.3154993]]]}}, {"type": "Feature", "properties": {"osm_id": 685678865, "building": "yes", "housenumber": null, "street": null, "levels": "1", "area_m2": 159.5, "clat": 50.31593435, "clon": 83.52384995}, "geometry": {"type": "Polygon", "coordinates": [[[83.5237621, 50.3159917], [83.5239378, 50.3159917], [83.5239378, 50.315877], [83.5237621, 50.315877], [83.5237621, 50.3159917]]]}}, {"type": "Feature", "properties": {"osm_id": 685678866, "building": "yes", "housenumber": null, "street": null, "levels": "1", "area_m2": 140.5, "clat": 50.31616397799112, "clon": 83.52354611418971}, "geometry": {"type": "Polygon", "coordinates": [[[83.523467, 50.3162229], [83.523621, 50.3162215], [83.5236183, 50.3160991], [83.5235084, 50.3161001], [83.523509, 50.3161249], [83.5234649, 50.3161253], [83.523467, 50.3162229]]]}}, {"type": "Feature", "properties": {"osm_id": 685678867, "building": "yes", "housenumber": null, "street": null, "levels": "1", "area_m2": 81.4, "clat": 50.31643835266857, "clon": 83.52383952469043}, "geometry": {"type": "Polygon", "coordinates": [[[83.5237507, 50.3164088], [83.5237493, 50.3164662], [83.5239284, 50.3164679], [83.5239297, 50.3164105], [83.5237507, 50.3164088]]]}}, {"type": "Feature", "properties": {"osm_id": 685678868, "building": "yes", "housenumber": null, "street": null, "levels": "1", "area_m2": 78.7, "clat": 50.31612922469087, "clon": 83.52514884216517}, "geometry": {"type": "Polygon", "coordinates": [[[83.5250992, 50.3161801], [83.5251959, 50.3161811], [83.5251985, 50.3160784], [83.5251018, 50.3160773], [83.5250992, 50.3161801]]]}}, {"type": "Feature", "properties": {"osm_id": 685678869, "building": "yes", "housenumber": null, "street": null, "levels": "1", "area_m2": 264.4, "clat": 50.316467849999995, "clon": 83.5248445}, "geometry": {"type": "Polygon", "coordinates": [[[83.5247612, 50.3165706], [83.5249224, 50.3165723], [83.5249278, 50.3163651], [83.5247666, 50.3163634], [83.5247612, 50.3165706]]]}}, {"type": "Feature", "properties": {"osm_id": 685678870, "building": "yes", "housenumber": null, "street": null, "levels": "1", "area_m2": 939.2, "clat": 50.31626435, "clon": 83.5241034}, "geometry": {"type": "Polygon", "coordinates": [[[83.5236615, 50.3161852], [83.5236521, 50.3163178], [83.5245453, 50.3163435], [83.5245547, 50.3162109], [83.5236615, 50.3161852]]]}}, {"type": "Feature", "properties": {"osm_id": 685678871, "building": "yes", "housenumber": null, "street": null, "levels": "1", "area_m2": 1576.4, "clat": 50.31643085, "clon": 83.52543375}, "geometry": {"type": "Polygon", "coordinates": [[[83.5252574, 50.3168549], [83.5254867, 50.3168683], [83.5256101, 50.3160068], [83.5253808, 50.3159934], [83.5252574, 50.3168549]]]}}, {"type": "Feature", "properties": {"osm_id": 685678872, "building": "yes", "housenumber": null, "street": null, "levels": "1", "area_m2": 1357.8, "clat": 50.316796700000005, "clon": 83.5243443}, "geometry": {"type": "Polygon", "coordinates": [[[83.5236615, 50.316723], [83.5236565, 50.3168481], [83.5250271, 50.3168704], [83.5250321, 50.3167453], [83.5236615, 50.316723]]]}}, {"type": "Feature", "properties": {"osm_id": 685678873, "building": "yes", "housenumber": "51", "street": "Урожайная улица", "levels": "1", "area_m2": 143.9, "clat": 50.31730920795696, "clon": 83.52365459429936}, "geometry": {"type": "Polygon", "coordinates": [[[83.523585, 50.3173704], [83.5237393, 50.3173695], [83.5237379, 50.3172788], [83.5236803, 50.3172792], [83.5236797, 50.3172358], [83.523583, 50.3172364], [83.523585, 50.3173704]]]}}, {"type": "Feature", "properties": {"osm_id": 685678874, "building": "yes", "housenumber": "49", "street": "Урожайная улица", "levels": "1", "area_m2": 153.2, "clat": 50.3176677458392, "clon": 83.52366303072785}, "geometry": {"type": "Polygon", "coordinates": [[[83.523573, 50.3177181], [83.5237806, 50.3177168], [83.5237795, 50.3176419], [83.5236468, 50.3176427], [83.523646, 50.317592], [83.5235711, 50.3175925], [83.523573, 50.3177181]]]}}, {"type": "Feature", "properties": {"osm_id": 685678875, "building": "yes", "housenumber": "47", "street": "Урожайная улица", "levels": "1", "area_m2": 48.9, "clat": 50.3178457, "clon": 83.52370504999999}, "geometry": {"type": "Polygon", "coordinates": [[[83.52364, 50.3178697], [83.5237708, 50.3178689], [83.5237701, 50.3178217], [83.5236393, 50.3178225], [83.52364, 50.3178697]]]}}, {"type": "Feature", "properties": {"osm_id": 685678876, "building": "yes", "housenumber": "45", "street": "Урожайная улица", "levels": "1", "area_m2": 208.6, "clat": 50.3180940248051, "clon": 83.52366415713104}, "geometry": {"type": "Polygon", "coordinates": [[[83.5235904, 50.3181822], [83.5237406, 50.3181813], [83.5237379, 50.3180058], [83.5235877, 50.3180068], [83.5235904, 50.3181822]]]}}, {"type": "Feature", "properties": {"osm_id": 685678877, "building": "yes", "housenumber": "43", "street": "Урожайная улица", "levels": "1", "area_m2": 72.8, "clat": 50.318379624833426, "clon": 83.523724517201}, "geometry": {"type": "Polygon", "coordinates": [[[83.5236561, 50.3184134], [83.5237939, 50.3184126], [83.5237929, 50.3183458], [83.5236551, 50.3183467], [83.5236561, 50.3184134]]]}}, {"type": "Feature", "properties": {"osm_id": 685678878, "building": "yes", "housenumber": "41", "street": "Урожайная улица", "levels": "1", "area_m2": 46.0, "clat": 50.31862236821244, "clon": 83.52373863531945}, "geometry": {"type": "Polygon", "coordinates": [[[83.5236964, 50.3186566], [83.5237819, 50.3186561], [83.5237809, 50.3185881], [83.5236953, 50.3185887], [83.5236964, 50.3186566]]]}}, {"type": "Feature", "properties": {"osm_id": 685678879, "building": "yes", "housenumber": "39", "street": "Урожайная улица", "levels": "1", "area_m2": 184.4, "clat": 50.31892271965044, "clon": 83.52368998040572}, "geometry": {"type": "Polygon", "coordinates": [[[83.5236213, 50.3190069], [83.5237862, 50.3190059], [83.5237853, 50.3189478], [83.5237199, 50.3189482], [83.5237188, 50.3188761], [83.523767, 50.3188758], [83.5237663, 50.3188314], [83.5236186, 50.3188324], [83.5236213, 50.3190069]]]}}, {"type": "Feature", "properties": {"osm_id": 685678880, "building": "yes", "housenumber": "37", "street": "Урожайная улица", "levels": "1", "area_m2": 261.8, "clat": 50.319414069026436, "clon": 83.52372552590607}, "geometry": {"type": "Polygon", "coordinates": [[[83.5236293, 50.319495], [83.5238597, 50.3194935], [83.5238584, 50.319408], [83.5237449, 50.3194087], [83.5237444, 50.3193787], [83.5237792, 50.3193785], [83.5237782, 50.3193134], [83.5236266, 50.3193144], [83.5236293, 50.319495]]]}}, {"type": "Feature", "properties": {"osm_id": 685678881, "building": "yes", "housenumber": "33", "street": "Урожайная улица", "levels": "1", "area_m2": 89.7, "clat": 50.31982421877319, "clon": 83.52383718628153}, "geometry": {"type": "Polygon", "coordinates": [[[83.5237755, 50.31987], [83.5239002, 50.3198693], [83.5238989, 50.3197784], [83.5237741, 50.3197792], [83.5237755, 50.31987]]]}}, {"type": "Feature", "properties": {"osm_id": 685678882, "building": "yes", "housenumber": "35", "street": "Урожайная улица", "levels": "1", "area_m2": 230.8, "clat": 50.31966580722153, "clon": 83.52372252517418}, "geometry": {"type": "Polygon", "coordinates": [[[83.523632, 50.3197459], [83.5238155, 50.3197447], [83.523813, 50.3195857], [83.5236296, 50.3195869], [83.523632, 50.3197459]]]}}, {"type": "Feature", "properties": {"osm_id": 685678883, "building": "yes", "housenumber": "31", "street": "Урожайная улица", "levels": "1", "area_m2": 100.2, "clat": 50.32014232516169, "clon": 83.52387738743654}, "geometry": {"type": "Polygon", "coordinates": [[[83.523809, 50.3201886], [83.5239472, 50.3201877], [83.5239458, 50.3200961], [83.5238076, 50.3200969], [83.523809, 50.3201886]]]}}, {"type": "Feature", "properties": {"osm_id": 685678884, "building": "yes", "housenumber": "29", "street": "Урожайная улица", "levels": "1", "area_m2": 89.9, "clat": 50.320442, "clon": 83.52390224999999}, "geometry": {"type": "Polygon", "coordinates": [[[83.5238359, 50.3204848], [83.5239699, 50.320484], [83.5239686, 50.3203992], [83.5238346, 50.3204], [83.5238359, 50.3204848]]]}}, {"type": "Feature", "properties": {"osm_id": 685678885, "building": "yes", "housenumber": "27", "street": "Урожайная улица", "levels": "1", "area_m2": 317.6, "clat": 50.32065267518049, "clon": 83.52374999157114}, "geometry": {"type": "Polygon", "coordinates": [[[83.5236508, 50.3207529], [83.5238523, 50.3207516], [83.5238492, 50.3205525], [83.5236477, 50.3205537], [83.5236508, 50.3207529]]]}}, {"type": "Feature", "properties": {"osm_id": 685678886, "building": "yes", "housenumber": "25", "street": "Урожайная улица", "levels": "1", "area_m2": 119.3, "clat": 50.32088302521526, "clon": 83.52391429416166}, "geometry": {"type": "Polygon", "coordinates": [[[83.523864, 50.3209567], [83.5239668, 50.320956], [83.5239646, 50.3208094], [83.5238618, 50.32081], [83.523864, 50.3209567]]]}}, {"type": "Feature", "properties": {"osm_id": 685678887, "building": "yes", "housenumber": "23", "street": "Урожайная улица", "levels": "1", "area_m2": 213.7, "clat": 50.321177549999994, "clon": 83.523868}, "geometry": {"type": "Polygon", "coordinates": [[[83.5238036, 50.3212803], [83.5239355, 50.3212795], [83.5239324, 50.3210748], [83.5238005, 50.3210756], [83.5238036, 50.3212803]]]}}, {"type": "Feature", "properties": {"osm_id": 685678888, "building": "yes", "housenumber": "21", "street": "Урожайная улица", "levels": "1", "area_m2": 328.6, "clat": 50.32149525, "clon": 83.52389685}, "geometry": {"type": "Polygon", "coordinates": [[[83.5238077, 50.32161], [83.5239895, 50.3216089], [83.523986, 50.3213805], [83.5238042, 50.3213816], [83.5238077, 50.32161]]]}}, {"type": "Feature", "properties": {"osm_id": 685678889, "building": "yes", "housenumber": "19", "street": "Урожайная улица", "levels": "1", "area_m2": 254.2, "clat": 50.321807784113304, "clon": 83.5237734674107}, "geometry": {"type": "Polygon", "coordinates": [[[83.5236883, 50.3219011], [83.5238615, 50.3219], [83.5238586, 50.3217145], [83.5236855, 50.3217155], [83.5236883, 50.3219011]]]}}, {"type": "Feature", "properties": {"osm_id": 685678890, "building": "yes", "housenumber": "17", "street": "Урожайная улица", "levels": "1", "area_m2": 158.5, "clat": 50.322093086378764, "clon": 83.52375550738103}, "geometry": {"type": "Polygon", "coordinates": [[[83.5237004, 50.3221794], [83.5238321, 50.3221786], [83.5238315, 50.3221381], [83.5238058, 50.3221383], [83.5238036, 50.3219996], [83.5236977, 50.3220002], [83.5237004, 50.3221794]]]}}, {"type": "Feature", "properties": {"osm_id": 685678891, "building": "yes", "housenumber": "15", "street": "Урожайная улица", "levels": "1", "area_m2": 163.9, "clat": 50.32237344412673, "clon": 83.52375915040642}, "geometry": {"type": "Polygon", "coordinates": [[[83.5237004, 50.3224637], [83.5238367, 50.3224628], [83.5238358, 50.3224063], [83.5237831, 50.3224066], [83.5237819, 50.3223313], [83.5238347, 50.322331], [83.5238339, 50.3222817], [83.5236976, 50.3222826], [83.5237004, 50.3224637]]]}}, {"type": "Feature", "properties": {"osm_id": 685805066, "building": "yes", "housenumber": null, "street": null, "levels": "1", "area_m2": 243.7, "clat": 50.3156532, "clon": 83.52842365000001}, "geometry": {"type": "Polygon", "coordinates": [[[83.5282937, 50.3157571], [83.5284061, 50.3157857], [83.5285536, 50.3155493], [83.5284412, 50.3155207], [83.5282937, 50.3157571]]]}}, {"type": "Feature", "properties": {"osm_id": 685805067, "building": "yes", "housenumber": null, "street": null, "levels": "1", "area_m2": 1036.7, "clat": 50.3167344, "clon": 83.5279492}, "geometry": {"type": "Polygon", "coordinates": [[[83.5277438, 50.316562], [83.5276155, 50.3167732], [83.5281546, 50.3169068], [83.5282829, 50.3166956], [83.5277438, 50.316562]]]}}, {"type": "Feature", "properties": {"osm_id": 685805068, "building": "yes", "housenumber": null, "street": null, "levels": "1", "area_m2": 776.8, "clat": 50.31617849571344, "clon": 83.52809451622466}, "geometry": {"type": "Polygon", "coordinates": [[[83.5278618, 50.3163445], [83.5280285, 50.3163841], [83.5280701, 50.3163128], [83.5281538, 50.3163326], [83.5283268, 50.3160358], [83.5280764, 50.3159763], [83.5278618, 50.3163445]]]}}, {"type": "Feature", "properties": {"osm_id": 686131159, "building": "yes", "housenumber": null, "street": null, "levels": "1", "area_m2": 104.9, "clat": 50.32895612470867, "clon": 83.5178646379839}, "geometry": {"type": "Polygon", "coordinates": [[[83.5177942, 50.3290033], [83.5179325, 50.3290048], [83.5179351, 50.328909], [83.5177968, 50.3289074], [83.5177942, 50.3290033]]]}}, {"type": "Feature", "properties": {"osm_id": 686131160, "building": "yes", "housenumber": null, "street": null, "levels": "1", "area_m2": 118.0, "clat": 50.3289308047172, "clon": 83.51707077527477}, "geometry": {"type": "Polygon", "coordinates": [[[83.5169908, 50.3289776], [83.5171531, 50.3289759], [83.5171507, 50.328884], [83.5169885, 50.3288857], [83.5169908, 50.3289776]]]}}, {"type": "Feature", "properties": {"osm_id": 686131162, "building": "yes", "housenumber": null, "street": null, "levels": "1", "area_m2": 117.6, "clat": 50.328942068942666, "clon": 83.51681173659114}, "geometry": {"type": "Polygon", "coordinates": [[[83.5167401, 50.3289938], [83.5168847, 50.3289931], [83.5168834, 50.3288903], [83.5167387, 50.3288911], [83.5167401, 50.3289938]]]}}, {"type": "Feature", "properties": {"osm_id": 686131170, "building": "yes", "housenumber": "9", "street": "Семипалатинский переулок", "levels": "1", "area_m2": 181.4, "clat": 50.332347567474, "clon": 83.5161413538461}, "geometry": {"type": "Polygon", "coordinates": [[[83.5160132, 50.3323207], [83.5161207, 50.3324327], [83.5162695, 50.3323745], [83.516162, 50.3322624], [83.5160132, 50.3323207]]]}}, {"type": "Feature", "properties": {"osm_id": 686131172, "building": "yes", "housenumber": "11", "street": "Семипалатинский переулок", "levels": "1", "area_m2": 100.1, "clat": 50.33201215, "clon": 83.51597665}, "geometry": {"type": "Polygon", "coordinates": [[[83.5159622, 50.3320775], [83.5160662, 50.3320452], [83.5159911, 50.3319468], [83.5158871, 50.3319791], [83.5159622, 50.3320775]]]}}, {"type": "Feature", "properties": {"osm_id": 686131173, "building": "yes", "housenumber": "13", "street": "Семипалатинский переулок", "levels": "1", "area_m2": 61.1, "clat": 50.331800293229826, "clon": 83.51574681812855}, "geometry": {"type": "Polygon", "coordinates": [[[83.5157356, 50.3318524], [83.5158144, 50.3318304], [83.5157581, 50.3317482], [83.5156792, 50.3317702], [83.5157356, 50.3318524]]]}}, {"type": "Feature", "properties": {"osm_id": 686131175, "building": "yes", "housenumber": "15", "street": "Семипалатинский переулок", "levels": "1", "area_m2": 65.1, "clat": 50.33160686991288, "clon": 83.51567451446722}, "geometry": {"type": "Polygon", "coordinates": [[[83.5155974, 50.3315896], [83.5156282, 50.3316498], [83.5157516, 50.3316242], [83.5157208, 50.3315639], [83.5155974, 50.3315896]]]}}, {"type": "Feature", "properties": {"osm_id": 686131177, "building": "yes", "housenumber": "17", "street": "Семипалатинский переулок", "levels": "1", "area_m2": 89.0, "clat": 50.33150321842296, "clon": 83.51552967793647}, "geometry": {"type": "Polygon", "coordinates": [[[83.5154191, 50.3314963], [83.5154444, 50.3315487], [83.5156402, 50.3315102], [83.5156149, 50.3314577], [83.5154191, 50.3314963]]]}}, {"type": "Feature", "properties": {"osm_id": 686131180, "building": "yes", "housenumber": "19", "street": "Семипалатинский переулок", "levels": "1", "area_m2": 67.3, "clat": 50.3312739, "clon": 83.51551055}, "geometry": {"type": "Polygon", "coordinates": [[[83.5154405, 50.3312471], [83.5154666, 50.3313178], [83.5155806, 50.3313007], [83.5155545, 50.33123], [83.5154405, 50.3312471]]]}}, {"type": "Feature", "properties": {"osm_id": 686131182, "building": "yes", "housenumber": "21", "street": "Семипалатинский переулок", "levels": "1", "area_m2": 67.8, "clat": 50.331113681527725, "clon": 83.51544858553156}, "geometry": {"type": "Polygon", "coordinates": [[[83.5153976, 50.3311555], [83.5155009, 50.3311549], [83.5154995, 50.3310718], [83.5153963, 50.3310725], [83.5153976, 50.3311555]]]}}, {"type": "Feature", "properties": {"osm_id": 686131184, "building": "yes", "housenumber": "23", "street": "Семипалатинский переулок", "levels": "1", "area_m2": 75.6, "clat": 50.330920674838794, "clon": 83.51551653033745}, "geometry": {"type": "Polygon", "coordinates": [[[83.5154419, 50.3308884], [83.515441, 50.3309521], [83.5155912, 50.3309529], [83.5155921, 50.3308893], [83.5154419, 50.3308884]]]}}, {"type": "Feature", "properties": {"osm_id": 687285188, "building": "yes", "housenumber": null, "street": null, "levels": "1", "area_m2": 71.2, "clat": 50.330729495477, "clon": 83.52144657481828}, "geometry": {"type": "Polygon", "coordinates": [[[83.5213816, 50.330695], [83.5213828, 50.3307649], [83.5215115, 50.330764], [83.5215104, 50.3306941], [83.5213816, 50.330695]]]}}, {"type": "Feature", "properties": {"osm_id": 687731223, "building": "garages", "housenumber": null, "street": null, "levels": "1", "area_m2": 201.8, "clat": 50.31911039417643, "clon": 83.5121804527849}, "geometry": {"type": "Polygon", "coordinates": [[[83.5121288, 50.3190985], [83.5120495, 50.3191366], [83.5120972, 50.3191771], [83.5121765, 50.319139], [83.5122543, 50.3192051], [83.5123337, 50.3191671], [83.5121398, 50.3190022], [83.5120604, 50.3190403], [83.5121288, 50.3190985]]]}}, {"type": "Feature", "properties": {"osm_id": 687731236, "building": "garages", "housenumber": null, "street": null, "levels": "1", "area_m2": 137.2, "clat": 50.31940095, "clon": 83.512164}, "geometry": {"type": "Polygon", "coordinates": [[[83.5120969, 50.3194791], [83.5122974, 50.3193748], [83.5122311, 50.3193228], [83.5120306, 50.3194271], [83.5120969, 50.3194791]]]}}, {"type": "Feature", "properties": {"osm_id": 687731237, "building": "garages", "housenumber": null, "street": null, "levels": "1", "area_m2": 265.7, "clat": 50.319225599999996, "clon": 83.51250105000001}, "geometry": {"type": "Polygon", "coordinates": [[[83.5127283, 50.3191506], [83.512662, 50.3190986], [83.5122738, 50.3193006], [83.5123401, 50.3193526], [83.5127283, 50.3191506]]]}}, {"type": "Feature", "properties": {"osm_id": 687731238, "building": "garages", "housenumber": null, "street": null, "levels": "1", "area_m2": 42.4, "clat": 50.3190627, "clon": 83.5128142}, "geometry": {"type": "Polygon", "coordinates": [[[83.512812, 50.3190206], [83.5127501, 50.3190528], [83.5128164, 50.3191048], [83.5128783, 50.3190726], [83.512812, 50.3190206]]]}}, {"type": "Feature", "properties": {"osm_id": 687731239, "building": "garages", "housenumber": null, "street": null, "levels": "1", "area_m2": 86.3, "clat": 50.319532583960225, "clon": 83.51191104119145}, "geometry": {"type": "Polygon", "coordinates": [[[83.5118811, 50.3195914], [83.5120073, 50.3195257], [83.511941, 50.3194738], [83.5118148, 50.3195394], [83.5118811, 50.3195914]]]}}, {"type": "Feature", "properties": {"osm_id": 687731240, "building": "garages", "housenumber": null, "street": null, "levels": "1", "area_m2": 151.9, "clat": 50.31967316236732, "clon": 83.511640769489}, "geometry": {"type": "Polygon", "coordinates": [[[83.5115629, 50.3197569], [83.5117849, 50.3196414], [83.5117186, 50.3195894], [83.5114966, 50.319705], [83.5115629, 50.3197569]]]}}, {"type": "Feature", "properties": {"osm_id": 687731241, "building": "garages", "housenumber": null, "street": null, "levels": "1", "area_m2": 195.8, "clat": 50.319854050000004, "clon": 83.51129315}, "geometry": {"type": "Polygon", "coordinates": [[[83.5111831, 50.3199545], [83.5114695, 50.3198055], [83.5114032, 50.3197536], [83.5111168, 50.3199026], [83.5111831, 50.3199545]]]}}, {"type": "Feature", "properties": {"osm_id": 687731242, "building": "garages", "housenumber": null, "street": null, "levels": "1", "area_m2": 141.6, "clat": 50.31904711672116, "clon": 83.51247267324464}, "geometry": {"type": "Polygon", "coordinates": [[[83.5124432, 50.3191216], [83.512593, 50.3190465], [83.5125022, 50.3189726], [83.5123523, 50.3190478], [83.5124432, 50.3191216]]]}}, {"type": "Feature", "properties": {"osm_id": 687731243, "building": "garages", "housenumber": null, "street": null, "levels": "1", "area_m2": 1178.6, "clat": 50.31964553359827, "clon": 83.510434596586}, "geometry": {"type": "Polygon", "coordinates": [[[83.5108714, 50.319948], [83.5101882, 50.3193926], [83.5104571, 50.3192577], [83.5103987, 50.3192102], [83.5100574, 50.3193814], [83.5101679, 50.3194713], [83.5100983, 50.3195061], [83.5107294, 50.3200192], [83.5108714, 50.319948]]]}}, {"type": "Feature", "properties": {"osm_id": 687731244, "building": "garages", "housenumber": null, "street": null, "levels": "1", "area_m2": 133.8, "clat": 50.31902875572867, "clon": 83.51052541075423}, "geometry": {"type": "Polygon", "coordinates": [[[83.5104418, 50.3191098], [83.5106667, 50.3189929], [83.5106091, 50.3189477], [83.5103841, 50.3190646], [83.5104418, 50.3191098]]]}}, {"type": "Feature", "properties": {"osm_id": 687731245, "building": "garages", "housenumber": null, "street": null, "levels": "1", "area_m2": 166.3, "clat": 50.319213, "clon": 83.51017105}, "geometry": {"type": "Polygon", "coordinates": [[[83.51006, 50.3193083], [83.5103397, 50.3191629], [83.5102821, 50.3191177], [83.5100024, 50.3192631], [83.51006, 50.3193083]]]}}, {"type": "Feature", "properties": {"osm_id": 687731246, "building": "garages", "housenumber": null, "street": null, "levels": "1", "area_m2": 167.5, "clat": 50.3187586, "clon": 83.5110451}, "geometry": {"type": "Polygon", "coordinates": [[[83.5112147, 50.318708], [83.5111571, 50.3186628], [83.5108755, 50.3188092], [83.5109331, 50.3188544], [83.5112147, 50.318708]]]}}, {"type": "Feature", "properties": {"osm_id": 687731247, "building": "garages", "housenumber": null, "street": null, "levels": "1", "area_m2": 42.0, "clat": 50.3185385, "clon": 83.51150115}, "geometry": {"type": "Polygon", "coordinates": [[[83.5114963, 50.3185796], [83.511565, 50.3185445], [83.511506, 50.3184974], [83.5114373, 50.3185325], [83.5114963, 50.3185796]]]}}, {"type": "Feature", "properties": {"osm_id": 687731248, "building": "garages", "housenumber": null, "street": null, "levels": "1", "area_m2": 159.7, "clat": 50.31909058667216, "clon": 83.51069033163961}, "geometry": {"type": "Polygon", "coordinates": [[[83.5106139, 50.3191739], [83.5108358, 50.3190641], [83.5107668, 50.3190073], [83.5105449, 50.319117], [83.5106139, 50.3191739]]]}}, {"type": "Feature", "properties": {"osm_id": 687731249, "building": "garages", "housenumber": null, "street": null, "levels": "1", "area_m2": 558.3, "clat": 50.31881373297398, "clon": 83.51124996065532}, "geometry": {"type": "Polygon", "coordinates": [[[83.5108963, 50.3190341], [83.5116725, 50.3186502], [83.5116035, 50.3185934], [83.5108274, 50.3189773], [83.5108963, 50.3190341]]]}}, {"type": "Feature", "properties": {"osm_id": 687731250, "building": "garages", "housenumber": null, "street": null, "levels": "1", "area_m2": 154.9, "clat": 50.31852734654392, "clon": 83.51182898642963}, "geometry": {"type": "Polygon", "coordinates": [[[83.5119711, 50.3185025], [83.5119021, 50.3184457], [83.5116869, 50.3185522], [83.5117558, 50.318609], [83.5119711, 50.3185025]]]}}, {"type": "Feature", "properties": {"osm_id": 687731251, "building": "garages", "housenumber": null, "street": null, "levels": "1", "area_m2": 419.6, "clat": 50.318627479987214, "clon": 83.51231402410495}, "geometry": {"type": "Polygon", "coordinates": [[[83.5124767, 50.3188313], [83.5125712, 50.3187868], [83.5121515, 50.3184237], [83.5120569, 50.3184683], [83.5124767, 50.3188313]]]}}, {"type": "Feature", "properties": {"osm_id": 687731252, "building": "garages", "housenumber": null, "street": null, "levels": "1", "area_m2": 68.4, "clat": 50.31866013327693, "clon": 83.5119397497378}, "geometry": {"type": "Polygon", "coordinates": [[[83.5119389, 50.318714], [83.5120197, 50.3186773], [83.5119406, 50.3186063], [83.5118598, 50.3186429], [83.5119389, 50.318714]]]}}, {"type": "Feature", "properties": {"osm_id": 687731253, "building": "garages", "housenumber": null, "street": null, "levels": "1", "area_m2": 387.6, "clat": 50.31884699915766, "clon": 83.51219603673042}, "geometry": {"type": "Polygon", "coordinates": [[[83.512309, 50.3190163], [83.5123902, 50.3189741], [83.5122746, 50.3188834], [83.5123384, 50.3188503], [83.512166, 50.318715], [83.5121023, 50.3187481], [83.512063, 50.3187172], [83.5119818, 50.3187594], [83.512309, 50.3190163]]]}}, {"type": "Feature", "properties": {"osm_id": 687731254, "building": "garages", "housenumber": null, "street": null, "levels": "1", "area_m2": 27.9, "clat": 50.318769950000004, "clon": 83.5116801}, "geometry": {"type": "Polygon", "coordinates": [[[83.5117365, 50.3187651], [83.5117031, 50.3187367], [83.5116237, 50.3187748], [83.5116571, 50.3188032], [83.5117365, 50.3187651]]]}}, {"type": "Feature", "properties": {"osm_id": 687731255, "building": "garages", "housenumber": null, "street": null, "levels": "1", "area_m2": 103.5, "clat": 50.3188669, "clon": 83.51179425}, "geometry": {"type": "Polygon", "coordinates": [[[83.5118959, 50.3189005], [83.511772, 50.3187952], [83.5116926, 50.3188333], [83.5118165, 50.3189386], [83.5118959, 50.3189005]]]}}, {"type": "Feature", "properties": {"osm_id": 687731256, "building": "garages", "housenumber": null, "street": null, "levels": "1", "area_m2": 39.8, "clat": 50.3189712, "clon": 83.51191695}, "geometry": {"type": "Polygon", "coordinates": [[[83.5119805, 50.3189724], [83.5119328, 50.3189319], [83.5118534, 50.31897], [83.5119011, 50.3190105], [83.5119805, 50.3189724]]]}}, {"type": "Feature", "properties": {"osm_id": 687731257, "building": "garages", "housenumber": null, "street": null, "levels": "1", "area_m2": 809.3, "clat": 50.319132307042, "clon": 83.51179313079415}, "geometry": {"type": "Polygon", "coordinates": [[[83.5119711, 50.3193759], [83.5121243, 50.3192983], [83.5116152, 50.3188887], [83.511462, 50.3189664], [83.5119711, 50.3193759]]]}}, {"type": "Feature", "properties": {"osm_id": 687731258, "building": "garages", "housenumber": null, "street": null, "levels": "1", "area_m2": 68.8, "clat": 50.31886445, "clon": 83.51146015}, "geometry": {"type": "Polygon", "coordinates": [[[83.5113619, 50.3188859], [83.5114052, 50.3189207], [83.5115584, 50.318843], [83.5115151, 50.3188082], [83.5113619, 50.3188859]]]}}, {"type": "Feature", "properties": {"osm_id": 687731259, "building": "garages", "housenumber": null, "street": null, "levels": "1", "area_m2": 1017.4, "clat": 50.31921280636569, "clon": 83.51149027982781}, "geometry": {"type": "Polygon", "coordinates": [[[83.5116975, 50.3194898], [83.5118658, 50.3194046], [83.5112831, 50.3189358], [83.5111148, 50.3190211], [83.5116975, 50.3194898]]]}}, {"type": "Feature", "properties": {"osm_id": 687731260, "building": "garages", "housenumber": null, "street": null, "levels": "1", "area_m2": 914.4, "clat": 50.31934595437662, "clon": 83.51123547703817}, "geometry": {"type": "Polygon", "coordinates": [[[83.5114521, 50.3196191], [83.511603, 50.3195427], [83.5110189, 50.3190728], [83.510868, 50.3191493], [83.5114521, 50.3196191]]]}}, {"type": "Feature", "properties": {"osm_id": 687731261, "building": "garages", "housenumber": null, "street": null, "levels": "1", "area_m2": 979.1, "clat": 50.31947746514485, "clon": 83.51099209521107}, "geometry": {"type": "Polygon", "coordinates": [[[83.511212, 50.3197579], [83.5113699, 50.3196779], [83.5107721, 50.319197], [83.5106143, 50.319277], [83.511212, 50.3197579]]]}}, {"type": "Feature", "properties": {"osm_id": 687731262, "building": "garages", "housenumber": null, "street": null, "levels": "1", "area_m2": 923.1, "clat": 50.319608, "clon": 83.51074589999999}, "geometry": {"type": "Polygon", "coordinates": [[[83.5109545, 50.3198777], [83.5111099, 50.319799], [83.5105373, 50.3193383], [83.5103819, 50.319417], [83.5109545, 50.3198777]]]}}, {"type": "Feature", "properties": {"osm_id": 687731281, "building": "yes", "housenumber": "78", "street": "7-й микрорайон", "levels": null, "area_m2": 137.1, "clat": 50.32523832473434, "clon": 83.52142373603704}, "geometry": {"type": "Polygon", "coordinates": [[[83.5213373, 50.3252883], [83.5215077, 50.32529], [83.5215102, 50.3251884], [83.5213398, 50.3251866], [83.5213373, 50.3252883]]]}}, {"type": "Feature", "properties": {"osm_id": 687731282, "building": "yes", "housenumber": null, "street": null, "levels": null, "area_m2": 93.6, "clat": 50.325035, "clon": 83.51853645}, "geometry": {"type": "Polygon", "coordinates": [[[83.5185184, 50.3250991], [83.5186176, 50.3250745], [83.5185545, 50.3249709], [83.5184553, 50.3249955], [83.5185184, 50.3250991]]]}}, {"type": "Feature", "properties": {"osm_id": 687731283, "building": "yes", "housenumber": null, "street": null, "levels": null, "area_m2": 94.4, "clat": 50.3256712, "clon": 83.5183962}, "geometry": {"type": "Polygon", "coordinates": [[[83.51834, 50.325725], [83.5184497, 50.3257261], [83.5184524, 50.3256174], [83.5183427, 50.3256163], [83.51834, 50.325725]]]}}, {"type": "Feature", "properties": {"osm_id": 687731284, "building": "yes", "housenumber": "69", "street": "7-й микрорайон", "levels": null, "area_m2": 85.4, "clat": 50.32556721593144, "clon": 83.5180231948835}, "geometry": {"type": "Polygon", "coordinates": [[[83.5180409, 50.3256274], [83.5181168, 50.3255807], [83.5180055, 50.325507], [83.5179296, 50.3255538], [83.5180409, 50.3256274]]]}}, {"type": "Feature", "properties": {"osm_id": 687731285, "building": "yes", "housenumber": "70", "street": "7-й микрорайон", "levels": null, "area_m2": 120.2, "clat": 50.32541435, "clon": 83.51810935}, "geometry": {"type": "Polygon", "coordinates": [[[83.5181106, 50.3254844], [83.518218, 50.3254239], [83.5181081, 50.3253443], [83.5180007, 50.3254048], [83.5181106, 50.3254844]]]}}, {"type": "Feature", "properties": {"osm_id": 687731286, "building": "yes", "housenumber": null, "street": null, "levels": null, "area_m2": 137.3, "clat": 50.32459277404828, "clon": 83.51799797926579}, "geometry": {"type": "Polygon", "coordinates": [[[83.5178974, 50.3245477], [83.5178907, 50.324631], [83.5180986, 50.3246378], [83.5181053, 50.3245546], [83.5178974, 50.3245477]]]}}, {"type": "Feature", "properties": {"osm_id": 687731287, "building": "yes", "housenumber": "11А", "street": "улица Колчина", "levels": null, "area_m2": 119.8, "clat": 50.32326594621215, "clon": 83.51933767538107}, "geometry": {"type": "Polygon", "coordinates": [[[83.5192479, 50.3232232], [83.5192451, 50.3233062], [83.5194274, 50.3233087], [83.5194303, 50.3232257], [83.5192479, 50.3232232]]]}}, {"type": "Feature", "properties": {"osm_id": 687731288, "building": "yes", "housenumber": "96", "street": "7-й микрорайон", "levels": null, "area_m2": 119.9, "clat": 50.32413630189068, "clon": 83.51948797079216}, "geometry": {"type": "Polygon", "coordinates": [[[83.5193659, 50.3241547], [83.5195899, 50.324183], [83.51961, 50.3241179], [83.5193861, 50.3240896], [83.5193659, 50.3241547]]]}}, {"type": "Feature", "properties": {"osm_id": 687731289, "building": "yes", "housenumber": null, "street": null, "levels": null, "area_m2": 58.5, "clat": 50.32455322918235, "clon": 83.51884526544728}, "geometry": {"type": "Polygon", "coordinates": [[[83.5187973, 50.3245144], [83.5187738, 50.3245724], [83.5188932, 50.3245921], [83.5189167, 50.324534], [83.5187973, 50.3245144]]]}}, {"type": "Feature", "properties": {"osm_id": 687731291, "building": "yes", "housenumber": "120", "street": "7-й микрорайон", "levels": null, "area_m2": 116.1, "clat": 50.3235969, "clon": 83.51658385}, "geometry": {"type": "Polygon", "coordinates": [[[83.516508, 50.3236453], [83.516661, 50.3236444], [83.5166597, 50.3235485], [83.5165067, 50.3235494], [83.516508, 50.3236453]]]}}, {"type": "Feature", "properties": {"osm_id": 687731292, "building": "yes", "housenumber": null, "street": null, "levels": null, "area_m2": 64.4, "clat": 50.324553711767074, "clon": 83.5172634874637}, "geometry": {"type": "Polygon", "coordinates": [[[83.5171813, 50.3245803], [83.5172433, 50.3245998], [83.5172722, 50.3245624], [83.5173297, 50.3245806], [83.517357, 50.3245452], [83.5172376, 50.3245075], [83.5171813, 50.3245803]]]}}, {"type": "Feature", "properties": {"osm_id": 687731293, "building": "yes", "housenumber": null, "street": null, "levels": null, "area_m2": 50.4, "clat": 50.324392849999995, "clon": 83.5165191}, "geometry": {"type": "Polygon", "coordinates": [[[83.5164477, 50.3244142], [83.5165885, 50.3244167], [83.5165905, 50.3243715], [83.5164497, 50.324369], [83.5164477, 50.3244142]]]}}, {"type": "Feature", "properties": {"osm_id": 687731294, "building": "yes", "housenumber": "123", "street": "7-й микрорайон", "levels": null, "area_m2": 122.8, "clat": 50.32460845, "clon": 83.51652125}, "geometry": {"type": "Polygon", "coordinates": [[[83.5164329, 50.324564], [83.5164299, 50.3246503], [83.5166096, 50.3246529], [83.5166126, 50.3245666], [83.5164329, 50.324564]]]}}, {"type": "Feature", "properties": {"osm_id": 687731295, "building": "yes", "housenumber": "122", "street": "7-й микрорайон", "levels": null, "area_m2": 147.9, "clat": 50.324227949999994, "clon": 83.51617205000001}, "geometry": {"type": "Polygon", "coordinates": [[[83.5160936, 50.3241684], [83.5160936, 50.3242875], [83.5162505, 50.3242875], [83.5162505, 50.3241684], [83.5160936, 50.3241684]]]}}, {"type": "Feature", "properties": {"osm_id": 687731296, "building": "yes", "housenumber": null, "street": null, "levels": null, "area_m2": 74.3, "clat": 50.32400875, "clon": 83.5160252}, "geometry": {"type": "Polygon", "coordinates": [[[83.5159501, 50.32404], [83.5161003, 50.32404], [83.5161003, 50.3239775], [83.5159501, 50.3239775], [83.5159501, 50.32404]]]}}, {"type": "Feature", "properties": {"osm_id": 687731298, "building": "yes", "housenumber": "130", "street": "7-й микрорайон", "levels": null, "area_m2": 145.9, "clat": 50.323631895186956, "clon": 83.51796943028641}, "geometry": {"type": "Polygon", "coordinates": [[[83.5178639, 50.3236692], [83.5180146, 50.3237033], [83.518075, 50.3235946], [83.5179242, 50.3235605], [83.5178639, 50.3236692]]]}}, {"type": "Feature", "properties": {"osm_id": 687731299, "building": "yes", "housenumber": "128", "street": "7-й микрорайон", "levels": null, "area_m2": 144.5, "clat": 50.3234617, "clon": 83.5172278}, "geometry": {"type": "Polygon", "coordinates": [[[83.5171236, 50.3234995], [83.5172965, 50.3235244], [83.517332, 50.3234239], [83.5171591, 50.323399], [83.5171236, 50.3234995]]]}}, {"type": "Feature", "properties": {"osm_id": 687731300, "building": "yes", "housenumber": "124", "street": "7-й микрорайон", "levels": null, "area_m2": 148.4, "clat": 50.32386255, "clon": 83.5171347}, "geometry": {"type": "Polygon", "coordinates": [[[83.517023, 50.3238936], [83.5171987, 50.3239287], [83.5172464, 50.3238315], [83.5170707, 50.3237964], [83.517023, 50.3238936]]]}}, {"type": "Feature", "properties": {"osm_id": 687731301, "building": "yes", "housenumber": "127", "street": "7-й микрорайон", "levels": null, "area_m2": 156.2, "clat": 50.32427708039277, "clon": 83.51801030930136}, "geometry": {"type": "Polygon", "coordinates": [[[83.5178988, 50.3243123], [83.5180597, 50.32435], [83.5181218, 50.3242418], [83.5179609, 50.3242042], [83.5178988, 50.3243123]]]}}, {"type": "Feature", "properties": {"osm_id": 687731302, "building": "yes", "housenumber": "126", "street": "7-й микрорайон", "levels": null, "area_m2": 171.0, "clat": 50.32422035, "clon": 83.517735}, "geometry": {"type": "Polygon", "coordinates": [[[83.5176198, 50.3242592], [83.5177861, 50.3242969], [83.5178502, 50.3241815], [83.5176839, 50.3241438], [83.5176198, 50.3242592]]]}}, {"type": "Feature", "properties": {"osm_id": 687731303, "building": "yes", "housenumber": null, "street": null, "levels": null, "area_m2": 58.1, "clat": 50.324458645401485, "clon": 83.5174392305651}, "geometry": {"type": "Polygon", "coordinates": [[[83.5173717, 50.324481], [83.5174665, 50.324504], [83.5175068, 50.3244363], [83.5174119, 50.3244133], [83.5173717, 50.324481]]]}}, {"type": "Feature", "properties": {"osm_id": 687731304, "building": "yes", "housenumber": null, "street": null, "levels": null, "area_m2": 116.6, "clat": 50.3247676813755, "clon": 83.51770670577457}, "geometry": {"type": "Polygon", "coordinates": [[[83.5176104, 50.3248003], [83.5177332, 50.3248352], [83.517803, 50.324735], [83.5176802, 50.3247002], [83.5176104, 50.3248003]]]}}, {"type": "Feature", "properties": {"osm_id": 687731305, "building": "yes", "housenumber": "144", "street": "7-й микрорайон", "levels": null, "area_m2": 209.2, "clat": 50.324906539902166, "clon": 83.51722609922126}, "geometry": {"type": "Polygon", "coordinates": [[[83.517129, 50.324957], [83.5171732, 50.324957], [83.5171732, 50.3249904], [83.5172671, 50.3249904], [83.5172671, 50.324957], [83.5173248, 50.324957], [83.5173248, 50.324838], [83.517129, 50.324838], [83.517129, 50.324957]]]}}, {"type": "Feature", "properties": {"osm_id": 687731306, "building": "yes", "housenumber": "142", "street": "7-й микрорайон", "levels": null, "area_m2": 164.1, "clat": 50.3251183, "clon": 83.51639209999999}, "geometry": {"type": "Polygon", "coordinates": [[[83.5163096, 50.3251813], [83.5164733, 50.325182], [83.5164746, 50.3250553], [83.5163109, 50.3250546], [83.5163096, 50.3251813]]]}}, {"type": "Feature", "properties": {"osm_id": 687731307, "building": "yes", "housenumber": null, "street": null, "levels": null, "area_m2": 125.2, "clat": 50.3269409, "clon": 83.52052615}, "geometry": {"type": "Polygon", "coordinates": [[[83.5204536, 50.3269956], [83.5205971, 50.3269965], [83.5205987, 50.3268862], [83.5204552, 50.3268853], [83.5204536, 50.3269956]]]}}, {"type": "Feature", "properties": {"osm_id": 687731309, "building": "yes", "housenumber": "36", "street": "7-й микрорайон", "levels": null, "area_m2": 92.2, "clat": 50.32658505, "clon": 83.51979610000001}, "geometry": {"type": "Polygon", "coordinates": [[[83.5197039, 50.3266163], [83.5198876, 50.3266172], [83.5198883, 50.3265538], [83.5197046, 50.3265529], [83.5197039, 50.3266163]]]}}, {"type": "Feature", "properties": {"osm_id": 687731310, "building": "yes", "housenumber": "35", "street": "7-й микрорайон", "levels": null, "area_m2": 127.3, "clat": 50.32653785, "clon": 83.51940055}, "geometry": {"type": "Polygon", "coordinates": [[[83.5193077, 50.326494], [83.5193053, 50.3265795], [83.5194934, 50.3265817], [83.5194958, 50.3264962], [83.5193077, 50.326494]]]}}, {"type": "Feature", "properties": {"osm_id": 687731311, "building": "yes", "housenumber": null, "street": null, "levels": null, "area_m2": 62.0, "clat": 50.326194, "clon": 83.51729875000001}, "geometry": {"type": "Polygon", "coordinates": [[[83.5172175, 50.3261685], [83.5172151, 50.326216], [83.51738, 50.3262195], [83.5173824, 50.326172], [83.5172175, 50.3261685]]]}}, {"type": "Feature", "properties": {"osm_id": 687731312, "building": "yes", "housenumber": null, "street": null, "levels": null, "area_m2": 57.1, "clat": 50.32643739962337, "clon": 83.51655321660664}, "geometry": {"type": "Polygon", "coordinates": [[[83.5165456, 50.3263894], [83.5164777, 50.3264357], [83.5165609, 50.3264854], [83.5166287, 50.3264391], [83.5165456, 50.3263894]]]}}, {"type": "Feature", "properties": {"osm_id": 687731313, "building": "yes", "housenumber": null, "street": null, "levels": null, "area_m2": 96.6, "clat": 50.326260166620244, "clon": 83.51676560181984}, "geometry": {"type": "Polygon", "coordinates": [[[83.5167588, 50.3263226], [83.5168636, 50.3262577], [83.5167724, 50.3261977], [83.5166676, 50.3262627], [83.5167588, 50.3263226]]]}}, {"type": "Feature", "properties": {"osm_id": 687731314, "building": "yes", "housenumber": null, "street": null, "levels": null, "area_m2": 71.0, "clat": 50.327173949999995, "clon": 83.51780355}, "geometry": {"type": "Polygon", "coordinates": [[[83.5177553, 50.3272208], [83.5178505, 50.3272213], [83.5178518, 50.3271271], [83.5177566, 50.3271266], [83.5177553, 50.3272208]]]}}, {"type": "Feature", "properties": {"osm_id": 687731315, "building": "yes", "housenumber": "4А", "street": "7-й микрорайон", "levels": null, "area_m2": 96.3, "clat": 50.32782575, "clon": 83.51782535}, "geometry": {"type": "Polygon", "coordinates": [[[83.5178639, 50.3278971], [83.5178733, 50.3277567], [83.5177868, 50.3277544], [83.5177774, 50.3278948], [83.5178639, 50.3278971]]]}}, {"type": "Feature", "properties": {"osm_id": 687731316, "building": "yes", "housenumber": null, "street": null, "levels": null, "area_m2": 113.0, "clat": 50.32802194758569, "clon": 83.51695972633676}, "geometry": {"type": "Polygon", "coordinates": [[[83.5168532, 50.3279852], [83.516847, 50.3280501], [83.5170662, 50.3280587], [83.5170725, 50.3279938], [83.5168532, 50.3279852]]]}}, {"type": "Feature", "properties": {"osm_id": 687731317, "building": "yes", "housenumber": null, "street": null, "levels": null, "area_m2": 165.2, "clat": 50.3280585, "clon": 83.51574425}, "geometry": {"type": "Polygon", "coordinates": [[[83.5156497, 50.3281137], [83.5158388, 50.3281137], [83.5158388, 50.3280033], [83.5156497, 50.3280033], [83.5156497, 50.3281137]]]}}, {"type": "Feature", "properties": {"osm_id": 687731318, "building": "yes", "housenumber": null, "street": null, "levels": null, "area_m2": 279.1, "clat": 50.32784637387498, "clon": 83.51581388167271}, "geometry": {"type": "Polygon", "coordinates": [[[83.5155438, 50.3278749], [83.5160816, 50.3278834], [83.5160841, 50.3278179], [83.5155463, 50.3278093], [83.5155438, 50.3278749]]]}}, {"type": "Feature", "properties": {"osm_id": 687731319, "building": "yes", "housenumber": null, "street": null, "levels": null, "area_m2": 154.7, "clat": 50.32760042047076, "clon": 83.51577998926176}, "geometry": {"type": "Polygon", "coordinates": [[[83.5156926, 50.3275444], [83.5156876, 50.327653], [83.5158673, 50.3276565], [83.5158724, 50.3275478], [83.5156926, 50.3275444]]]}}, {"type": "Feature", "properties": {"osm_id": 687731320, "building": "yes", "housenumber": null, "street": null, "levels": null, "area_m2": 209.3, "clat": 50.32775105, "clon": 83.5167804}, "geometry": {"type": "Polygon", "coordinates": [[[83.5167119, 50.3278535], [83.5168395, 50.3278558], [83.5168489, 50.3276486], [83.5167213, 50.3276463], [83.5167119, 50.3278535]]]}}, {"type": "Feature", "properties": {"osm_id": 687731321, "building": "yes", "housenumber": null, "street": null, "levels": null, "area_m2": 142.7, "clat": 50.32759995, "clon": 83.51659055}, "geometry": {"type": "Polygon", "coordinates": [[[83.5164718, 50.3275607], [83.5164692, 50.3276358], [83.5167093, 50.3276392], [83.5167119, 50.3275641], [83.5164718, 50.3275607]]]}}, {"type": "Feature", "properties": {"osm_id": 687731322, "building": "yes", "housenumber": "1А", "street": "7-й микрорайон", "levels": null, "area_m2": 235.5, "clat": 50.32776928379064, "clon": 83.51650927363661}, "geometry": {"type": "Polygon", "coordinates": [[[83.5164646, 50.3278577], [83.5165074, 50.3278659], [83.5165502, 50.327858], [83.5165797, 50.3278366], [83.5165863, 50.3278085], [83.5166063, 50.3278085], [83.5166074, 50.3276916], [83.5164133, 50.3276908], [83.5164121, 50.3278078], [83.5164295, 50.3278078], [83.5164356, 50.327836], [83.5164646, 50.3278577]]]}}, {"type": "Feature", "properties": {"osm_id": 687731323, "building": "yes", "housenumber": "1/1", "street": "7-й микрорайон", "levels": null, "area_m2": 117.8, "clat": 50.328216000000005, "clon": 83.51647985}, "geometry": {"type": "Polygon", "coordinates": [[[83.5163779, 50.3281792], [83.5163772, 50.328252], [83.5165818, 50.3282528], [83.5165825, 50.32818], [83.5163779, 50.3281792]]]}}, {"type": "Feature", "properties": {"osm_id": 687731324, "building": "yes", "housenumber": "4/1", "street": "7-й микрорайон", "levels": null, "area_m2": 97.3, "clat": 50.3283081, "clon": 83.5181227}, "geometry": {"type": "Polygon", "coordinates": [[[83.5180717, 50.3283689], [83.5181725, 50.3283693], [83.5181737, 50.3282473], [83.5180729, 50.3282469], [83.5180717, 50.3283689]]]}}, {"type": "Feature", "properties": {"osm_id": 687731325, "building": "yes", "housenumber": null, "street": null, "levels": null, "area_m2": 95.9, "clat": 50.32825517484688, "clon": 83.51783504461639}, "geometry": {"type": "Polygon", "coordinates": [[[83.5177901, 50.3283235], [83.5178786, 50.3283238], [83.51788, 50.3281869], [83.5177915, 50.3281865], [83.5177901, 50.3283235]]]}}, {"type": "Feature", "properties": {"osm_id": 687731326, "building": "yes", "housenumber": "3/1", "street": "7-й микрорайон", "levels": null, "area_m2": 195.0, "clat": 50.328233524433855, "clon": 83.51746893705467}, "geometry": {"type": "Polygon", "coordinates": [[[83.5173744, 50.3281685], [83.5173677, 50.3282943], [83.5175635, 50.3282985], [83.5175702, 50.3281728], [83.5173744, 50.3281685]]]}}, {"type": "Feature", "properties": {"osm_id": 687731327, "building": "yes", "housenumber": "2Б", "street": "7-й микрорайон", "levels": null, "area_m2": 234.0, "clat": 50.3282172246332, "clon": 83.51700127806676}, "geometry": {"type": "Polygon", "coordinates": [[[83.5168634, 50.3281625], [83.5168602, 50.3282685], [83.5171392, 50.3282719], [83.5171424, 50.328166], [83.5168634, 50.3281625]]]}}, {"type": "Feature", "properties": {"osm_id": 687731328, "building": "yes", "housenumber": "2А", "street": "7-й микрорайон", "levels": null, "area_m2": 152.8, "clat": 50.327724700000005, "clon": 83.5170718}, "geometry": {"type": "Polygon", "coordinates": [[[83.5169761, 50.3276745], [83.5169784, 50.3277766], [83.5171675, 50.3277749], [83.5171652, 50.3276728], [83.5169761, 50.3276745]]]}}, {"type": "Feature", "properties": {"osm_id": 687731329, "building": "yes", "housenumber": "5А", "street": "7-й микрорайон", "levels": null, "area_m2": 258.1, "clat": 50.32781500305578, "clon": 83.51842412448211}, "geometry": {"type": "Polygon", "coordinates": [[[83.5182729, 50.3278672], [83.5185707, 50.3278723], [83.5185753, 50.3277628], [83.5182776, 50.3277577], [83.5182729, 50.3278672]]]}}, {"type": "Feature", "properties": {"osm_id": 687731330, "building": "yes", "housenumber": null, "street": null, "levels": null, "area_m2": 148.4, "clat": 50.32721795, "clon": 83.51926195}, "geometry": {"type": "Polygon", "coordinates": [[[83.5191232, 50.3272499], [83.5193981, 50.3272542], [83.5194007, 50.327186], [83.5191258, 50.3271817], [83.5191232, 50.3272499]]]}}, {"type": "Feature", "properties": {"osm_id": 687731331, "building": "yes", "housenumber": "7", "street": "7-й микрорайон", "levels": null, "area_m2": 275.5, "clat": 50.32745665, "clon": 83.51949175}, "geometry": {"type": "Polygon", "coordinates": [[[83.5193458, 50.3275153], [83.5196342, 50.3275187], [83.5196377, 50.327398], [83.5193493, 50.3273946], [83.5193458, 50.3275153]]]}}, {"type": "Feature", "properties": {"osm_id": 687731332, "building": "yes", "housenumber": null, "street": null, "levels": null, "area_m2": 449.3, "clat": 50.32735139202445, "clon": 83.51855196110431}, "geometry": {"type": "Polygon", "coordinates": [[[83.5185336, 50.3274236], [83.5185372, 50.3274947], [83.5186688, 50.327492], [83.518654, 50.3271992], [83.5185224, 50.3272019], [83.5185271, 50.3272951], [83.5183855, 50.327298], [83.518392, 50.3274265], [83.5185336, 50.3274236]]]}}, {"type": "Feature", "properties": {"osm_id": 687731333, "building": "yes", "housenumber": null, "street": null, "levels": null, "area_m2": 157.1, "clat": 50.32737958292188, "clon": 83.51764449015667}, "geometry": {"type": "Polygon", "coordinates": [[[83.517597, 50.3274382], [83.5177335, 50.327439], [83.5177352, 50.3273269], [83.5175465, 50.3273258], [83.5175452, 50.3274131], [83.5175974, 50.3274135], [83.517597, 50.3274382]]]}}, {"type": "Feature", "properties": {"osm_id": 687731334, "building": "yes", "housenumber": null, "street": null, "levels": null, "area_m2": 221.6, "clat": 50.32710989847181, "clon": 83.5173703752897}, "geometry": {"type": "Polygon", "coordinates": [[[83.5171746, 50.3271446], [83.5175651, 50.3271469], [83.5175662, 50.3270752], [83.5171756, 50.3270729], [83.5171746, 50.3271446]]]}}, {"type": "Feature", "properties": {"osm_id": 687731335, "building": "yes", "housenumber": null, "street": null, "levels": null, "area_m2": 258.4, "clat": 50.3273325, "clon": 83.5169164}, "geometry": {"type": "Polygon", "coordinates": [[[83.516842, 50.3274442], [83.5169876, 50.3274451], [83.5169908, 50.3272208], [83.5168452, 50.3272199], [83.516842, 50.3274442]]]}}, {"type": "Feature", "properties": {"osm_id": 687731336, "building": "yes", "housenumber": null, "street": null, "levels": null, "area_m2": 185.5, "clat": 50.3273325, "clon": 83.5165771}, "geometry": {"type": "Polygon", "coordinates": [[[83.5164866, 50.3272679], [83.5164847, 50.3273961], [83.5166676, 50.3273971], [83.5166695, 50.3272689], [83.5164866, 50.3272679]]]}}, {"type": "Feature", "properties": {"osm_id": 687731337, "building": "yes", "housenumber": null, "street": null, "levels": null, "area_m2": 255.6, "clat": 50.32681752483381, "clon": 83.51666829075836}, "geometry": {"type": "Polygon", "coordinates": [[[83.5165724, 50.3269023], [83.5167617, 50.3269034], [83.5167642, 50.3267328], [83.5165749, 50.3267316], [83.5165724, 50.3269023]]]}}, {"type": "Feature", "properties": {"osm_id": 687731338, "building": "yes", "housenumber": "73", "street": "7-й микрорайон", "levels": null, "area_m2": 135.5, "clat": 50.32508587213597, "clon": 83.519535549237}, "geometry": {"type": "Polygon", "coordinates": [[[83.5194196, 50.3251223], [83.5196505, 50.3251236], [83.5196516, 50.3250495], [83.5194206, 50.3250481], [83.5194196, 50.3251223]]]}}, {"type": "Feature", "properties": {"osm_id": 687731339, "building": "yes", "housenumber": "72", "street": "7-й микрорайон", "levels": null, "area_m2": 414.2, "clat": 50.32512227084606, "clon": 83.51916814126514}, "geometry": {"type": "Polygon", "coordinates": [[[83.5190079, 50.3252036], [83.519326, 50.3252055], [83.5193284, 50.3250409], [83.5190102, 50.3250391], [83.5190079, 50.3252036]]]}}, {"type": "Feature", "properties": {"osm_id": 687731340, "building": "yes", "housenumber": "58", "street": "7-й микрорайон", "levels": null, "area_m2": 193.6, "clat": 50.325627, "clon": 83.51883955}, "geometry": {"type": "Polygon", "coordinates": [[[83.518741, 50.3256891], [83.5189363, 50.3256902], [83.5189381, 50.3255649], [83.5187428, 50.3255638], [83.518741, 50.3256891]]]}}, {"type": "Feature", "properties": {"osm_id": 687731341, "building": "yes", "housenumber": "61", "street": "7-й микрорайон", "levels": null, "area_m2": 159.0, "clat": 50.32567065, "clon": 83.5199252}, "geometry": {"type": "Polygon", "coordinates": [[[83.51983, 50.3257233], [83.5200189, 50.3257244], [83.5200204, 50.325618], [83.5198315, 50.3256169], [83.51983, 50.3257233]]]}}, {"type": "Feature", "properties": {"osm_id": 687731342, "building": "yes", "housenumber": "60", "street": "7-й микрорайон", "levels": null, "area_m2": 159.5, "clat": 50.3256544, "clon": 83.5195805}, "geometry": {"type": "Polygon", "coordinates": [[[83.5194893, 50.3257096], [83.5196701, 50.3257107], [83.5196717, 50.3255992], [83.5194909, 50.3255981], [83.5194893, 50.3257096]]]}}, {"type": "Feature", "properties": {"osm_id": 687731343, "building": "yes", "housenumber": "59", "street": "7-й микрорайон", "levels": null, "area_m2": 154.5, "clat": 50.325643679463724, "clon": 83.51919964096344}, "geometry": {"type": "Polygon", "coordinates": [[[83.5191017, 50.3256933], [83.5192961, 50.3256945], [83.5192975, 50.325594], [83.5191032, 50.3255929], [83.5191017, 50.3256933]]]}}, {"type": "Feature", "properties": {"osm_id": 687731344, "building": "yes", "housenumber": "50", "street": "7-й микрорайон", "levels": null, "area_m2": 230.1, "clat": 50.326014853273506, "clon": 83.5198514248278}, "geometry": {"type": "Polygon", "coordinates": [[[83.5197146, 50.3260675], [83.5199867, 50.3260691], [83.5199882, 50.3259622], [83.5197162, 50.3259606], [83.5197146, 50.3260675]]]}}, {"type": "Feature", "properties": {"osm_id": 687731345, "building": "yes", "housenumber": "49", "street": "7-й микрорайон", "levels": null, "area_m2": 158.0, "clat": 50.32599599401034, "clon": 83.51944037515706}, "geometry": {"type": "Polygon", "coordinates": [[[83.5193579, 50.3259356], [83.5193562, 50.3260554], [83.5195228, 50.3260564], [83.5195246, 50.3259366], [83.5193579, 50.3259356]]]}}, {"type": "Feature", "properties": {"osm_id": 687731346, "building": "yes", "housenumber": "20", "street": "7-й микрорайон", "levels": null, "area_m2": 212.8, "clat": 50.3268795533125, "clon": 83.51871347483267}, "geometry": {"type": "Polygon", "coordinates": [[[83.5185827, 50.3269305], [83.5188428, 50.326932], [83.5188442, 50.3268286], [83.5185842, 50.3268271], [83.5185827, 50.3269305]]]}}, {"type": "Feature", "properties": {"osm_id": 687731347, "building": "yes", "housenumber": "19", "street": "7-й микрорайон", "levels": null, "area_m2": 224.4, "clat": 50.32685732517, "clon": 83.51806507005738}, "geometry": {"type": "Polygon", "coordinates": [[[83.5179336, 50.3269108], [83.5181949, 50.3269124], [83.5181965, 50.3268038], [83.5179352, 50.3268023], [83.5179336, 50.3269108]]]}}, {"type": "Feature", "properties": {"osm_id": 687731348, "building": "yes", "housenumber": null, "street": null, "levels": null, "area_m2": 155.4, "clat": 50.3265114, "clon": 83.51846675}, "geometry": {"type": "Polygon", "coordinates": [[[83.5183722, 50.3265632], [83.5185598, 50.3265643], [83.5185613, 50.3264596], [83.5183737, 50.3264585], [83.5183722, 50.3265632]]]}}, {"type": "Feature", "properties": {"osm_id": 687731349, "building": "yes", "housenumber": "32", "street": "7-й микрорайон", "levels": null, "area_m2": 150.0, "clat": 50.32649815505038, "clon": 83.51806842484147}, "geometry": {"type": "Polygon", "coordinates": [[[83.5179792, 50.3265512], [83.5181561, 50.3265523], [83.5181576, 50.3264451], [83.5179808, 50.326444], [83.5179792, 50.3265512]]]}}, {"type": "Feature", "properties": {"osm_id": 687731350, "building": "yes", "housenumber": "31", "street": "7-й микрорайон", "levels": null, "area_m2": 139.4, "clat": 50.326484474844754, "clon": 83.51767478798656}, "geometry": {"type": "Polygon", "coordinates": [[[83.5175943, 50.3265393], [83.5177537, 50.3265402], [83.5177553, 50.3264297], [83.5175959, 50.3264287], [83.5175943, 50.3265393]]]}}, {"type": "Feature", "properties": {"osm_id": 687731351, "building": "yes", "housenumber": "48", "street": "7-й микрорайон", "levels": null, "area_m2": 173.0, "clat": 50.32596687515062, "clon": 83.51886771300305}, "geometry": {"type": "Polygon", "coordinates": [[[83.5187745, 50.3260255], [83.5189592, 50.3260266], [83.5189609, 50.3259082], [83.5187762, 50.3259072], [83.5187745, 50.3260255]]]}}, {"type": "Feature", "properties": {"osm_id": 687731352, "building": "yes", "housenumber": "47", "street": "7-й микрорайон", "levels": null, "area_m2": 169.8, "clat": 50.3259549, "clon": 83.51850965}, "geometry": {"type": "Polygon", "coordinates": [[[83.5184218, 50.3260161], [83.5185957, 50.3260171], [83.5185975, 50.3258937], [83.5184236, 50.3258927], [83.5184218, 50.3260161]]]}}, {"type": "Feature", "properties": {"osm_id": 687731353, "building": "yes", "housenumber": "46", "street": "7-й микрорайон", "levels": null, "area_m2": 344.8, "clat": 50.32592843874915, "clon": 83.51816968258511}, "geometry": {"type": "Polygon", "coordinates": [[[83.5180423, 50.3260187], [83.5182758, 50.3260201], [83.5182775, 50.3259031], [83.5183274, 50.3259034], [83.5183282, 50.325846], [83.5180448, 50.3258444], [83.5180423, 50.3260187]]]}}, {"type": "Feature", "properties": {"osm_id": 687731354, "building": "yes", "housenumber": "45", "street": "7-й микрорайон", "levels": null, "area_m2": 131.9, "clat": 50.32592723134265, "clon": 83.5177681638223}, "geometry": {"type": "Polygon", "coordinates": [[[83.5176909, 50.3258731], [83.5176939, 50.3259831], [83.5178455, 50.3259813], [83.5178424, 50.3258714], [83.5176909, 50.3258731]]]}}, {"type": "Feature", "properties": {"osm_id": 687731355, "building": "yes", "housenumber": "44", "street": "7-й микрорайон", "levels": null, "area_m2": 203.7, "clat": 50.32593727318773, "clon": 83.51740277683614}, "geometry": {"type": "Polygon", "coordinates": [[[83.5173127, 50.3258629], [83.5173107, 50.3260054], [83.5174995, 50.3260065], [83.5175012, 50.3258913], [83.5174585, 50.3258911], [83.5174589, 50.3258637], [83.5173127, 50.3258629]]]}}, {"type": "Feature", "properties": {"osm_id": 687731356, "building": "yes", "housenumber": "139", "street": "7-й микрорайон", "levels": null, "area_m2": 325.1, "clat": 50.32605162566503, "clon": 83.51622703513537}, "geometry": {"type": "Polygon", "coordinates": [[[83.5160869, 50.3259793], [83.5160963, 50.3261308], [83.5163672, 50.3261239], [83.5163578, 50.3259725], [83.5160869, 50.3259793]]]}}, {"type": "Feature", "properties": {"osm_id": 687769575, "building": "garages", "housenumber": null, "street": null, "levels": "1", "area_m2": 604.0, "clat": 50.329055445424274, "clon": 83.5079967302081}, "geometry": {"type": "Polygon", "coordinates": [[[83.5078995, 50.3293277], [83.5080376, 50.3293335], [83.508094, 50.3287832], [83.5079558, 50.3287775], [83.5078995, 50.3293277]]]}}, {"type": "Feature", "properties": {"osm_id": 687769577, "building": "garages", "housenumber": null, "street": null, "levels": "1", "area_m2": 595.3, "clat": 50.3290331, "clon": 83.5074432}, "geometry": {"type": "Polygon", "coordinates": [[[83.507347, 50.3293055], [83.5074831, 50.3293112], [83.5075394, 50.3287607], [83.5074033, 50.328755], [83.507347, 50.3293055]]]}}, {"type": "Feature", "properties": {"osm_id": 687769580, "building": "yes", "housenumber": null, "street": null, "levels": "1", "area_m2": 50.8, "clat": 50.3304617, "clon": 83.5149926}, "geometry": {"type": "Polygon", "coordinates": [[[83.5149349, 50.3304339], [83.5149349, 50.3304895], [83.5150503, 50.3304895], [83.5150503, 50.3304339], [83.5149349, 50.3304339]]]}}, {"type": "Feature", "properties": {"osm_id": 687769581, "building": "yes", "housenumber": null, "street": null, "levels": "1", "area_m2": 50.4, "clat": 50.3302267, "clon": 83.5149352}, "geometry": {"type": "Polygon", "coordinates": [[[83.5148799, 50.3301976], [83.5148778, 50.3302541], [83.5149905, 50.3302558], [83.5149926, 50.3301993], [83.5148799, 50.3301976]]]}}, {"type": "Feature", "properties": {"osm_id": 687769582, "building": "yes", "housenumber": null, "street": null, "levels": "1", "area_m2": 205.0, "clat": 50.3302115, "clon": 83.51528795}, "geometry": {"type": "Polygon", "coordinates": [[[83.5151816, 50.3302721], [83.5153782, 50.3302819], [83.5153943, 50.3301509], [83.5151977, 50.3301411], [83.5151816, 50.3302721]]]}}, {"type": "Feature", "properties": {"osm_id": 687769583, "building": "yes", "housenumber": null, "street": null, "levels": "1", "area_m2": 154.9, "clat": 50.32926342337765, "clon": 83.51028772324847}, "geometry": {"type": "Polygon", "coordinates": [[[83.5103644, 50.3293235], [83.5103734, 50.3292011], [83.510229, 50.3291968], [83.5102235, 50.3292713], [83.5101847, 50.3292701], [83.5101812, 50.329318], [83.5103644, 50.3293235]]]}}, {"type": "Feature", "properties": {"osm_id": 687769584, "building": "greenhouse", "housenumber": null, "street": null, "levels": "1", "area_m2": 307.5, "clat": 50.3293835220598, "clon": 83.51018342127958}, "geometry": {"type": "Polygon", "coordinates": [[[83.5099264, 50.3294141], [83.510435, 50.3294292], [83.5104406, 50.329353], [83.5099319, 50.3293378], [83.5099264, 50.3294141]]]}}, {"type": "Feature", "properties": {"osm_id": 687769585, "building": "greenhouse", "housenumber": null, "street": null, "levels": "1", "area_m2": 310.3, "clat": 50.329117826728684, "clon": 83.51020295495326}, "geometry": {"type": "Polygon", "coordinates": [[[83.5099514, 50.3290718], [83.5099458, 50.3291487], [83.5104544, 50.3291639], [83.51046, 50.3290869], [83.5099514, 50.3290718]]]}}, {"type": "Feature", "properties": {"osm_id": 687769591, "building": "yes", "housenumber": null, "street": null, "levels": "5", "area_m2": 2767.0, "clat": 50.32985817071374, "clon": 83.51336785175504}, "geometry": {"type": "Polygon", "coordinates": [[[83.5132332, 50.3297887], [83.5132364, 50.3297357], [83.5129919, 50.3297296], [83.5125589, 50.3297189], [83.5125478, 50.3299007], [83.5126161, 50.3299024], [83.5126126, 50.3299607], [83.5132218, 50.3299758], [83.5132233, 50.3299508], [83.5138955, 50.3299675], [83.5142445, 50.3299761], [83.5142509, 50.3298705], [83.5142559, 50.3297878], [83.5139069, 50.3297792], [83.5139093, 50.3297401], [83.5137879, 50.3297371], [83.5136666, 50.3297341], [83.5136626, 50.3297994], [83.5134634, 50.3297944], [83.5132332, 50.3297887]]]}}, {"type": "Feature", "properties": {"osm_id": 688092387, "building": "yes", "housenumber": null, "street": null, "levels": null, "area_m2": 1067.8, "clat": 50.3148414347647, "clon": 83.52162462573847}, "geometry": {"type": "Polygon", "coordinates": [[[83.5214782, 50.3150874], [83.5217496, 50.3150922], [83.5217711, 50.3145955], [83.5214996, 50.3145907], [83.5214782, 50.3150874]]]}}, {"type": "Feature", "properties": {"osm_id": 688092389, "building": "yes", "housenumber": null, "street": null, "levels": null, "area_m2": 207.3, "clat": 50.31521495, "clon": 83.5220908}, "geometry": {"type": "Polygon", "coordinates": [[[83.52202, 50.3153049], [83.522167, 50.3153031], [83.5221616, 50.315125], [83.5220146, 50.3151268], [83.52202, 50.3153049]]]}}, {"type": "Feature", "properties": {"osm_id": 688092390, "building": "yes", "housenumber": null, "street": null, "levels": null, "area_m2": 201.7, "clat": 50.315596899999996, "clon": 83.52204145}, "geometry": {"type": "Polygon", "coordinates": [[[83.5219395, 50.3155344], [83.5219395, 50.3156594], [83.5221434, 50.3156594], [83.5221434, 50.3155344], [83.5219395, 50.3155344]]]}}, {"type": "Feature", "properties": {"osm_id": 688092392, "building": "yes", "housenumber": null, "street": null, "levels": null, "area_m2": 663.6, "clat": 50.31557522510923, "clon": 83.52161365896664}, "geometry": {"type": "Polygon", "coordinates": [[[83.5214621, 50.3157142], [83.5217625, 50.3157154], [83.5217652, 50.3154362], [83.5214648, 50.3154351], [83.5214621, 50.3157142]]]}}, {"type": "Feature", "properties": {"osm_id": 688092393, "building": "yes", "housenumber": null, "street": null, "levels": null, "area_m2": 304.9, "clat": 50.31618545349143, "clon": 83.52095202467956}, "geometry": {"type": "Polygon", "coordinates": [[[83.5208023, 50.3161202], [83.5207987, 50.3162473], [83.5211018, 50.3162507], [83.5211053, 50.3161236], [83.5208023, 50.3161202]]]}}, {"type": "Feature", "properties": {"osm_id": 688092395, "building": "yes", "housenumber": null, "street": null, "levels": null, "area_m2": 1576.4, "clat": 50.31605125, "clon": 83.52254895}, "geometry": {"type": "Polygon", "coordinates": [[[83.5219744, 50.3159557], [83.5219675, 50.3161279], [83.5231235, 50.3161468], [83.5231304, 50.3159746], [83.5219744, 50.3159557]]]}}, {"type": "Feature", "properties": {"osm_id": 688327393, "building": "yes", "housenumber": null, "street": null, "levels": null, "area_m2": 100.6, "clat": 50.31909077437162, "clon": 83.51667183719074}, "geometry": {"type": "Polygon", "coordinates": [[[83.5165992, 50.3191345], [83.5167391, 50.3191378], [83.5167445, 50.3190471], [83.5166046, 50.3190437], [83.5165992, 50.3191345]]]}}, {"type": "Feature", "properties": {"osm_id": 688327408, "building": "yes", "housenumber": "4", "street": "Совхозный микрорайон", "levels": null, "area_m2": 148.9, "clat": 50.317760374642255, "clon": 83.52026386684469}, "geometry": {"type": "Polygon", "coordinates": [[[83.5201263, 50.3177935], [83.5203999, 50.317796], [83.5204015, 50.3177273], [83.5201279, 50.3177247], [83.5201263, 50.3177935]]]}}, {"type": "Feature", "properties": {"osm_id": 688327410, "building": "yes", "housenumber": "2", "street": "Совхозный микрорайон", "levels": null, "area_m2": 227.9, "clat": 50.3187298, "clon": 83.52038275000001}, "geometry": {"type": "Polygon", "coordinates": [[[83.5201988, 50.3187697], [83.5205676, 50.318768], [83.5205667, 50.3186899], [83.5201979, 50.3186916], [83.5201988, 50.3187697]]]}}, {"type": "Feature", "properties": {"osm_id": 688327412, "building": "yes", "housenumber": null, "street": null, "levels": null, "area_m2": 112.0, "clat": 50.31846154189873, "clon": 83.52060442486413}, "geometry": {"type": "Polygon", "coordinates": [[[83.5205448, 50.3185205], [83.5206654, 50.3185199], [83.5206641, 50.3184026], [83.5205434, 50.3184032], [83.5205448, 50.3185205]]]}}, {"type": "Feature", "properties": {"osm_id": 688327414, "building": "yes", "housenumber": "3", "street": "Совхозный микрорайон", "levels": null, "area_m2": 208.1, "clat": 50.3182997253206, "clon": 83.52030930906243}, "geometry": {"type": "Polygon", "coordinates": [[[83.520129, 50.3182644], [83.5201303, 50.3183376], [83.5204897, 50.318335], [83.5204884, 50.3182619], [83.520129, 50.3182644]]]}}, {"type": "Feature", "properties": {"osm_id": 688327416, "building": "yes", "housenumber": "6", "street": "Совхозный микрорайон", "levels": null, "area_m2": 262.1, "clat": 50.31816806026268, "clon": 83.5196489295199}, "geometry": {"type": "Polygon", "coordinates": [[[83.5195819, 50.3182884], [83.51972, 50.3182875], [83.519716, 50.3180477], [83.5195778, 50.3180487], [83.5195819, 50.3182884]]]}}, {"type": "Feature", "properties": {"osm_id": 688327418, "building": "yes", "housenumber": "10", "street": "Совхозный микрорайон", "levels": null, "area_m2": 271.6, "clat": 50.3179216, "clon": 83.5186699}, "geometry": {"type": "Polygon", "coordinates": [[[83.5186002, 50.3180427], [83.5187423, 50.318042], [83.5187396, 50.3178005], [83.5185975, 50.3178012], [83.5186002, 50.3180427]]]}}, {"type": "Feature", "properties": {"osm_id": 688327421, "building": "yes", "housenumber": "5", "street": "Совхозный микрорайон", "levels": null, "area_m2": 246.3, "clat": 50.31791277519686, "clon": 83.51919565426165}, "geometry": {"type": "Polygon", "coordinates": [[[83.5191312, 50.3180358], [83.5192574, 50.3180364], [83.5192601, 50.3177897], [83.5191339, 50.3177892], [83.5191312, 50.3180358]]]}}, {"type": "Feature", "properties": {"osm_id": 688327425, "building": "yes", "housenumber": "22", "street": "Совхозный микрорайон", "levels": null, "area_m2": 125.3, "clat": 50.31660015, "clon": 83.51914395}, "geometry": {"type": "Polygon", "coordinates": [[[83.5190923, 50.3166768], [83.5191956, 50.3166768], [83.5191956, 50.3165235], [83.5190923, 50.3165235], [83.5190923, 50.3166768]]]}}, {"type": "Feature", "properties": {"osm_id": 688327427, "building": "yes", "housenumber": "20", "street": "Совхозный микрорайон", "levels": null, "area_m2": 133.8, "clat": 50.31661703892135, "clon": 83.51859017487799}, "geometry": {"type": "Polygon", "coordinates": [[[83.5185345, 50.3166922], [83.5186472, 50.3166918], [83.5186459, 50.3165419], [83.5185331, 50.3165423], [83.5185345, 50.3166922]]]}}, {"type": "Feature", "properties": {"osm_id": 688327429, "building": "yes", "housenumber": "18", "street": "Совхозный микрорайон", "levels": null, "area_m2": 138.2, "clat": 50.31662538710426, "clon": 83.51817647437929}, "geometry": {"type": "Polygon", "coordinates": [[[83.5181268, 50.3167085], [83.5182329, 50.3167067], [83.5182262, 50.3165423], [83.51812, 50.3165441], [83.5181268, 50.3167085]]]}}, {"type": "Feature", "properties": {"osm_id": 688327432, "building": "yes", "housenumber": "11", "street": "Совхозный микрорайон", "levels": null, "area_m2": 332.0, "clat": 50.317331037575755, "clon": 83.51816967499255}, "geometry": {"type": "Polygon", "coordinates": [[[83.5180859, 50.3174561], [83.5182536, 50.3174561], [83.5182535, 50.317206], [83.5180857, 50.317206], [83.5180859, 50.3174561]]]}}, {"type": "Feature", "properties": {"osm_id": 688327434, "building": "yes", "housenumber": "9", "street": "Совхозный микрорайон", "levels": null, "area_m2": 331.9, "clat": 50.31732505, "clon": 83.5186377}, "geometry": {"type": "Polygon", "coordinates": [[[83.5185539, 50.3174501], [83.5187216, 50.3174501], [83.5187215, 50.3172], [83.5185538, 50.3172], [83.5185539, 50.3174501]]]}}, {"type": "Feature", "properties": {"osm_id": 688327437, "building": "yes", "housenumber": "7", "street": "Совхозный микрорайон", "levels": null, "area_m2": 331.9, "clat": 50.317324074688365, "clon": 83.51917619441772}, "geometry": {"type": "Polygon", "coordinates": [[[83.5190897, 50.3174484], [83.5192574, 50.3174498], [83.5192627, 50.3171998], [83.519095, 50.3171983], [83.5190897, 50.3174484]]]}}, {"type": "Feature", "properties": {"osm_id": 688327439, "building": "yes", "housenumber": "14", "street": "Совхозный микрорайон", "levels": null, "area_m2": 599.3, "clat": 50.31824045, "clon": 83.51756215}, "geometry": {"type": "Polygon", "coordinates": [[[83.5172303, 50.3181906], [83.5172369, 50.3183057], [83.517894, 50.3182903], [83.5178874, 50.3181752], [83.5172303, 50.3181906]]]}}, {"type": "Feature", "properties": {"osm_id": 688327441, "building": "yes", "housenumber": "13", "street": "Совхозный микрорайон", "levels": null, "area_m2": 599.4, "clat": 50.31857804856848, "clon": 83.51759362380233}, "geometry": {"type": "Polygon", "coordinates": [[[83.5172617, 50.3185282], [83.5172684, 50.3186433], [83.5179255, 50.3186279], [83.5179189, 50.3185128], [83.5172617, 50.3185282]]]}}, {"type": "Feature", "properties": {"osm_id": 688327444, "building": "yes", "housenumber": "16", "street": "Совхозный микрорайон", "levels": null, "area_m2": 244.8, "clat": 50.31660222300534, "clon": 83.5173035416542}, "geometry": {"type": "Polygon", "coordinates": [[[83.5171276, 50.3165586], [83.5171282, 50.3166467], [83.5174795, 50.3166458], [83.517479, 50.3165578], [83.5171276, 50.3165586]]]}}, {"type": "Feature", "properties": {"osm_id": 688327446, "building": "yes", "housenumber": "23", "street": "Совхозный микрорайон", "levels": null, "area_m2": 180.5, "clat": 50.3167713, "clon": 83.5166108}, "geometry": {"type": "Polygon", "coordinates": [[[83.5165336, 50.3168455], [83.5166867, 50.3168461], [83.516688, 50.3166971], [83.5165349, 50.3166965], [83.5165336, 50.3168455]]]}}, {"type": "Feature", "properties": {"osm_id": 688327448, "building": "yes", "housenumber": "21", "street": "Совхозный микрорайон", "levels": null, "area_m2": 138.0, "clat": 50.3170265, "clon": 83.51664215}, "geometry": {"type": "Polygon", "coordinates": [[[83.5165717, 50.3170887], [83.5167112, 50.3170893], [83.5167126, 50.3169643], [83.5165731, 50.3169637], [83.5165717, 50.3170887]]]}}, {"type": "Feature", "properties": {"osm_id": 688327452, "building": "yes", "housenumber": "1", "street": "Совхозный микрорайон", "levels": null, "area_m2": 135.0, "clat": 50.3189735, "clon": 83.5203731}, "geometry": {"type": "Polygon", "coordinates": [[[83.5202605, 50.319012], [83.5204871, 50.3190103], [83.5204857, 50.318935], [83.5202591, 50.3189367], [83.5202605, 50.319012]]]}}, {"type": "Feature", "properties": {"osm_id": 688327455, "building": "yes", "housenumber": "28", "street": "Совхозный микрорайон", "levels": null, "area_m2": 166.5, "clat": 50.31571993814945, "clon": 83.52037593007411}, "geometry": {"type": "Polygon", "coordinates": [[[83.5203154, 50.3158093], [83.5204324, 50.3158104], [83.5204364, 50.3156305], [83.5203195, 50.3156295], [83.5203154, 50.3158093]]]}}, {"type": "Feature", "properties": {"osm_id": 688327457, "building": "yes", "housenumber": "27", "street": "Совхозный микрорайон", "levels": null, "area_m2": 172.1, "clat": 50.31615945, "clon": 83.5203845}, "geometry": {"type": "Polygon", "coordinates": [[[83.5203208, 50.3162478], [83.5204428, 50.3162493], [83.5204482, 50.3160711], [83.5203262, 50.3160696], [83.5203208, 50.3162478]]]}}, {"type": "Feature", "properties": {"osm_id": 688327458, "building": "yes", "housenumber": "25", "street": "Совхозный микрорайон", "levels": null, "area_m2": 185.9, "clat": 50.31615683841512, "clon": 83.519537524685}, "geometry": {"type": "Polygon", "coordinates": [[[83.5194746, 50.3162478], [83.5196045, 50.3162466], [83.5196005, 50.3160659], [83.5194705, 50.3160671], [83.5194746, 50.3162478]]]}}, {"type": "Feature", "properties": {"osm_id": 688327460, "building": "yes", "housenumber": "23", "street": "Совхозный микрорайон", "levels": null, "area_m2": 182.6, "clat": 50.31615938724846, "clon": 83.51916213072606}, "geometry": {"type": "Polygon", "coordinates": [[[83.5191004, 50.316252], [83.5192252, 50.3162517], [83.5192238, 50.3160667], [83.5190991, 50.3160671], [83.5191004, 50.316252]]]}}, {"type": "Feature", "properties": {"osm_id": 688327463, "building": "yes", "housenumber": "30", "street": "Совхозный микрорайон", "levels": null, "area_m2": 171.9, "clat": 50.3157152, "clon": 83.51951945}, "geometry": {"type": "Polygon", "coordinates": [[[83.5194612, 50.315805], [83.5195831, 50.3158035], [83.5195777, 50.3156254], [83.5194558, 50.3156269], [83.5194612, 50.315805]]]}}, {"type": "Feature", "properties": {"osm_id": 688327465, "building": "yes", "housenumber": "32", "street": "Совхозный микрорайон", "levels": null, "area_m2": 185.2, "clat": 50.3157116, "clon": 83.51915605}, "geometry": {"type": "Polygon", "coordinates": [[[83.5190923, 50.315805], [83.5192171, 50.3158057], [83.5192198, 50.3156182], [83.519095, 50.3156175], [83.5190923, 50.315805]]]}}, {"type": "Feature", "properties": {"osm_id": 688327467, "building": "yes", "housenumber": "34", "street": "Совхозный микрорайон", "levels": null, "area_m2": 158.8, "clat": 50.3157050254615, "clon": 83.5185574949414}, "geometry": {"type": "Polygon", "coordinates": [[[83.5185049, 50.3157965], [83.5186154, 50.3157951], [83.5186101, 50.3156136], [83.5184996, 50.3156149], [83.5185049, 50.3157965]]]}}, {"type": "Feature", "properties": {"osm_id": 688327469, "building": "yes", "housenumber": "21", "street": "Совхозный микрорайон", "levels": null, "area_m2": 166.2, "clat": 50.31614837521529, "clon": 83.51858010578721}, "geometry": {"type": "Polygon", "coordinates": [[[83.5185184, 50.3162349], [83.5186392, 50.3162357], [83.5186418, 50.3160618], [83.518521, 50.3160611], [83.5185184, 50.3162349]]]}}, {"type": "Feature", "properties": {"osm_id": 688327471, "building": "yes", "housenumber": "36", "street": "Совхозный микрорайон", "levels": null, "area_m2": 174.8, "clat": 50.3157136, "clon": 83.51815155}, "geometry": {"type": "Polygon", "coordinates": [[[83.5180905, 50.3158033], [83.5182139, 50.3158029], [83.5182126, 50.3156239], [83.5180892, 50.3156243], [83.5180905, 50.3158033]]]}}, {"type": "Feature", "properties": {"osm_id": 688327473, "building": "yes", "housenumber": "19", "street": "Совхозный микрорайон", "levels": null, "area_m2": 175.6, "clat": 50.31614428842149, "clon": 83.51816107532399}, "geometry": {"type": "Polygon", "coordinates": [[[83.5180959, 50.3162315], [83.5182222, 50.3162327], [83.5182263, 50.3160571], [83.5180999, 50.3160559], [83.5180959, 50.3162315]]]}}, {"type": "Feature", "properties": {"osm_id": 688327476, "building": "yes", "housenumber": "17", "street": "Совхозный микрорайон", "levels": null, "area_m2": 191.9, "clat": 50.31621507488323, "clon": 83.51727851317322}, "geometry": {"type": "Polygon", "coordinates": [[[83.5171799, 50.3161536], [83.5171813, 50.3162774], [83.5173771, 50.3162766], [83.5173757, 50.3161527], [83.5171799, 50.3161536]]]}}, {"type": "Feature", "properties": {"osm_id": 688327478, "building": "yes", "housenumber": "15", "street": "Совхозный микрорайон", "levels": null, "area_m2": 171.0, "clat": 50.316222755820895, "clon": 83.51682142550762}, "geometry": {"type": "Polygon", "coordinates": [[[83.5167307, 50.316163], [83.5167365, 50.3162859], [83.5169122, 50.3162825], [83.5169063, 50.3161596], [83.5167307, 50.316163]]]}}, {"type": "Feature", "properties": {"osm_id": 688327498, "building": "yes", "housenumber": "27", "street": "улица Колчина", "levels": null, "area_m2": 477.4, "clat": 50.31927146594107, "clon": 83.5192767192081}, "geometry": {"type": "Polygon", "coordinates": [[[83.5188845, 50.3193211], [83.5196095, 50.3193098], [83.519605, 50.3191914], [83.5194569, 50.3191937], [83.5194586, 50.319238], [83.5188816, 50.319247], [83.5188845, 50.3193211]]]}}, {"type": "Feature", "properties": {"osm_id": 688327501, "building": "yes", "housenumber": "8", "street": "Совхозный микрорайон", "levels": null, "area_m2": 132.9, "clat": 50.31700802524357, "clon": 83.51961454093025}, "geometry": {"type": "Polygon", "coordinates": [[[83.5195483, 50.3170707], [83.5196835, 50.3170695], [83.5196808, 50.3169454], [83.5195456, 50.3169465], [83.5195483, 50.3170707]]]}}, {"type": "Feature", "properties": {"osm_id": 688327504, "building": "yes", "housenumber": "24", "street": "Совхозный микрорайон", "levels": null, "area_m2": 122.0, "clat": 50.31659076172762, "clon": 83.51956712525624}, "geometry": {"type": "Polygon", "coordinates": [[[83.5195161, 50.3166648], [83.5196208, 50.316664], [83.5196181, 50.3165167], [83.5195135, 50.3165175], [83.5195161, 50.3166648]]]}}, {"type": "Feature", "properties": {"osm_id": 688327507, "building": "yes", "housenumber": null, "street": null, "levels": null, "area_m2": 94.2, "clat": 50.3165396, "clon": 83.52079020000001}, "geometry": {"type": "Polygon", "coordinates": [[[83.5207218, 50.3164961], [83.5207232, 50.316584], [83.5208586, 50.3165831], [83.5208572, 50.3164952], [83.5207218, 50.3164961]]]}}, {"type": "Feature", "properties": {"osm_id": 688327510, "building": "yes", "housenumber": "21А", "street": "Совхозный микрорайон", "levels": null, "area_m2": 244.0, "clat": 50.31658655471428, "clon": 83.5203440252907}, "geometry": {"type": "Polygon", "coordinates": [[[83.5202256, 50.3165218], [83.5202291, 50.3166539], [83.5204625, 50.3166513], [83.5204589, 50.3165192], [83.5202256, 50.3165218]]]}}, {"type": "Feature", "properties": {"osm_id": 688327513, "building": "yes", "housenumber": "36", "street": "Изобильная улица", "levels": null, "area_m2": 157.7, "clat": 50.31656455, "clon": 83.52110210000001}, "geometry": {"type": "Polygon", "coordinates": [[[83.521037, 50.31664], [83.5211699, 50.316639], [83.5211672, 50.3164891], [83.5210343, 50.3164901], [83.521037, 50.31664]]]}}, {"type": "Feature", "properties": {"osm_id": 688327517, "building": "yes", "housenumber": "34", "street": "Изобильная улица", "levels": null, "area_m2": 170.1, "clat": 50.31698061081446, "clon": 83.52109122532215}, "geometry": {"type": "Polygon", "coordinates": [[[83.5210289, 50.3170647], [83.5211576, 50.3170635], [83.5211535, 50.3168965], [83.5210249, 50.3168977], [83.5210289, 50.3170647]]]}}, {"type": "Feature", "properties": {"osm_id": 688327520, "building": "yes", "housenumber": "32", "street": "Изобильная улица", "levels": null, "area_m2": 162.6, "clat": 50.31734394047161, "clon": 83.52109592521907}, "geometry": {"type": "Polygon", "coordinates": [[[83.5210276, 50.3174201], [83.5211616, 50.3174211], [83.5211643, 50.3172678], [83.5210302, 50.3172668], [83.5210276, 50.3174201]]]}}, {"type": "Feature", "properties": {"osm_id": 688327523, "building": "yes", "housenumber": "30", "street": "Изобильная улица", "levels": null, "area_m2": 206.4, "clat": 50.317870850000006, "clon": 83.52110405}, "geometry": {"type": "Polygon", "coordinates": [[[83.521041, 50.3179716], [83.5211711, 50.3179705], [83.5211671, 50.3177701], [83.521037, 50.3177712], [83.521041, 50.3179716]]]}}, {"type": "Feature", "properties": {"osm_id": 688327526, "building": "yes", "housenumber": "28", "street": "Изобильная улица", "levels": null, "area_m2": 229.8, "clat": 50.3182238, "clon": 83.52106979999999}, "geometry": {"type": "Polygon", "coordinates": [[[83.5209846, 50.318309], [83.521155, 50.318309], [83.521155, 50.3181386], [83.5209846, 50.3181386], [83.5209846, 50.318309]]]}}, {"type": "Feature", "properties": {"osm_id": 688327529, "building": "yes", "housenumber": "26", "street": "Изобильная улица", "levels": null, "area_m2": 257.0, "clat": 50.318587799999996, "clon": 83.52112460000001}, "geometry": {"type": "Polygon", "coordinates": [[[83.5210665, 50.3187192], [83.5211908, 50.3187176], [83.5211827, 50.3184564], [83.5210584, 50.318458], [83.5210665, 50.3187192]]]}}, {"type": "Feature", "properties": {"osm_id": 688327531, "building": "yes", "housenumber": "24", "street": "Изобильная улица", "levels": null, "area_m2": 190.2, "clat": 50.318968164398484, "clon": 83.52114082510765}, "geometry": {"type": "Polygon", "coordinates": [[[83.5210825, 50.3190702], [83.5212005, 50.3190699], [83.5211991, 50.3188661], [83.5210812, 50.3188664], [83.5210825, 50.3190702]]]}}, {"type": "Feature", "properties": {"osm_id": 688327533, "building": "yes", "housenumber": "22", "street": "Изобильная улица", "levels": null, "area_m2": 154.9, "clat": 50.3193476, "clon": 83.5211394}, "geometry": {"type": "Polygon", "coordinates": [[[83.5210839, 50.3194376], [83.5211922, 50.3194383], [83.5211949, 50.3192576], [83.5210866, 50.3192569], [83.5210839, 50.3194376]]]}}, {"type": "Feature", "properties": {"osm_id": 688327536, "building": "yes", "housenumber": "20", "street": "Изобильная улица", "levels": null, "area_m2": 144.0, "clat": 50.31970536580699, "clon": 83.52114827487169}, "geometry": {"type": "Polygon", "coordinates": [[[83.5210986, 50.3197981], [83.5211966, 50.3197984], [83.5211979, 50.3196126], [83.5211, 50.3196123], [83.5210986, 50.3197981]]]}}, {"type": "Feature", "properties": {"osm_id": 688327538, "building": "yes", "housenumber": "18", "street": "Изобильная улица", "levels": null, "area_m2": 144.7, "clat": 50.3200628251217, "clon": 83.52115365437454}, "geometry": {"type": "Polygon", "coordinates": [[[83.521104, 50.320156], [83.521202, 50.3201563], [83.5212033, 50.3199696], [83.5211053, 50.3199694], [83.521104, 50.320156]]]}}, {"type": "Feature", "properties": {"osm_id": 688327540, "building": "yes", "housenumber": "16", "street": "Изобильная улица", "levels": null, "area_m2": 153.9, "clat": 50.32049913627122, "clon": 83.52116437511751}, "geometry": {"type": "Polygon", "coordinates": [[[83.5211094, 50.3205885], [83.521218, 50.3205888], [83.5212194, 50.3204098], [83.5211107, 50.3204095], [83.5211094, 50.3205885]]]}}, {"type": "Feature", "properties": {"osm_id": 688327542, "building": "yes", "housenumber": "14", "street": "Изобильная улица", "levels": null, "area_m2": 152.5, "clat": 50.3209113253587, "clon": 83.52116695482259}, "geometry": {"type": "Polygon", "coordinates": [[[83.5211121, 50.321002], [83.5212178, 50.321003], [83.5212218, 50.3208206], [83.5211161, 50.3208197], [83.5211121, 50.321002]]]}}, {"type": "Feature", "properties": {"osm_id": 688327544, "building": "yes", "housenumber": "12", "street": "Изобильная улица", "levels": null, "area_m2": 184.9, "clat": 50.32124395, "clon": 83.5211785}, "geometry": {"type": "Polygon", "coordinates": [[[83.5211228, 50.3213523], [83.5212302, 50.3213531], [83.5212342, 50.3211356], [83.5211268, 50.3211348], [83.5211228, 50.3213523]]]}}, {"type": "Feature", "properties": {"osm_id": 688327546, "building": "yes", "housenumber": "10", "street": "Изобильная улица", "levels": null, "area_m2": 150.7, "clat": 50.32162832417084, "clon": 83.52119049474489}, "geometry": {"type": "Polygon", "coordinates": [[[83.5211308, 50.3217136], [83.5212408, 50.321716], [83.5212502, 50.3215431], [83.5211402, 50.3215406], [83.5211308, 50.3217136]]]}}, {"type": "Feature", "properties": {"osm_id": 688327549, "building": "yes", "housenumber": "8", "street": "Изобильная улица", "levels": null, "area_m2": 172.6, "clat": 50.32196695, "clon": 83.5211992}, "geometry": {"type": "Polygon", "coordinates": [[[83.5211402, 50.3220612], [83.5212555, 50.3220619], [83.5212582, 50.3218727], [83.5211429, 50.321872], [83.5211402, 50.3220612]]]}}, {"type": "Feature", "properties": {"osm_id": 688327550, "building": "yes", "housenumber": "6", "street": "Изобильная улица", "levels": null, "area_m2": 134.7, "clat": 50.3223279652374, "clon": 83.52120117460764}, "geometry": {"type": "Polygon", "coordinates": [[[83.5211509, 50.3224157], [83.5212474, 50.3224166], [83.5212514, 50.3222402], [83.521155, 50.3222393], [83.5211509, 50.3224157]]]}}, {"type": "Feature", "properties": {"osm_id": 688327554, "building": "yes", "housenumber": "4", "street": "Изобильная улица", "levels": null, "area_m2": 124.1, "clat": 50.322680574871136, "clon": 83.52119120509313}, "geometry": {"type": "Polygon", "coordinates": [[[83.5211429, 50.3227608], [83.5212408, 50.3227605], [83.5212395, 50.3226003], [83.5211416, 50.3226007], [83.5211429, 50.3227608]]]}}, {"type": "Feature", "properties": {"osm_id": 688327557, "building": "yes", "housenumber": "2", "street": "Изобильная улица", "levels": null, "area_m2": 166.0, "clat": 50.32308205, "clon": 83.52121535}, "geometry": {"type": "Polygon", "coordinates": [[[83.5211563, 50.3231718], [83.521273, 50.3231721], [83.5212744, 50.3229923], [83.5211577, 50.322992], [83.5211563, 50.3231718]]]}}, {"type": "Feature", "properties": {"osm_id": 688327561, "building": "yes", "housenumber": "38", "street": "Изобильная улица", "levels": null, "area_m2": 178.3, "clat": 50.323398233335965, "clon": 83.5212180753493}, "geometry": {"type": "Polygon", "coordinates": [[[83.521163, 50.323504], [83.5212691, 50.3235048], [83.5212732, 50.3232925], [83.521167, 50.3232917], [83.521163, 50.323504]]]}}, {"type": "Feature", "properties": {"osm_id": 688327563, "building": "yes", "housenumber": "1", "street": "улица Колчина", "levels": null, "area_m2": 176.4, "clat": 50.3198172136257, "clon": 83.52003382510945}, "geometry": {"type": "Polygon", "coordinates": [[[83.5199761, 50.3199128], [83.5200929, 50.3199125], [83.5200915, 50.3197216], [83.5199748, 50.3197219], [83.5199761, 50.3199128]]]}}, {"type": "Feature", "properties": {"osm_id": 688327567, "building": "yes", "housenumber": "2", "street": "улица Колчина", "levels": null, "area_m2": 197.1, "clat": 50.3201695, "clon": 83.5200459}, "geometry": {"type": "Polygon", "coordinates": [[[83.5199788, 50.3202631], [83.5201116, 50.3202635], [83.520113, 50.3200759], [83.5199802, 50.3200755], [83.5199788, 50.3202631]]]}}, {"type": "Feature", "properties": {"osm_id": 688327570, "building": "yes", "housenumber": "3", "street": "улица Колчина", "levels": null, "area_m2": 168.8, "clat": 50.320521075111536, "clon": 83.5200438950382}, "geometry": {"type": "Polygon", "coordinates": [[[83.5199882, 50.3206159], [83.5201009, 50.3206155], [83.5200996, 50.3204263], [83.5199869, 50.3204266], [83.5199882, 50.3206159]]]}}, {"type": "Feature", "properties": {"osm_id": 688327573, "building": "yes", "housenumber": "4", "street": "улица Колчина", "levels": null, "area_m2": 147.3, "clat": 50.32088707451158, "clon": 83.52004790501678}, "geometry": {"type": "Polygon", "coordinates": [[[83.5199976, 50.3209755], [83.5201036, 50.3209742], [83.5200982, 50.3207986], [83.5199922, 50.3208], [83.5199976, 50.3209755]]]}}, {"type": "Feature", "properties": {"osm_id": 688327577, "building": "yes", "housenumber": "5", "street": "улица Колчина", "levels": null, "area_m2": 157.7, "clat": 50.3212353744172, "clon": 83.5200620051612}, "geometry": {"type": "Polygon", "coordinates": [[[83.5200097, 50.3213257], [83.520121, 50.321324], [83.5201143, 50.321145], [83.520003, 50.3211468], [83.5200097, 50.3213257]]]}}, {"type": "Feature", "properties": {"osm_id": 688327578, "building": "yes", "housenumber": "6", "street": "улица Колчина", "levels": null, "area_m2": 160.8, "clat": 50.32159731236323, "clon": 83.52006528055936}, "geometry": {"type": "Polygon", "coordinates": [[[83.520007, 50.3216853], [83.5201222, 50.3216857], [83.5201236, 50.3215093], [83.5200083, 50.321509], [83.520007, 50.3216853]]]}}, {"type": "Feature", "properties": {"osm_id": 688327581, "building": "yes", "housenumber": "8", "street": "улица Колчина", "levels": null, "area_m2": 158.1, "clat": 50.32194775, "clon": 83.52007}, "geometry": {"type": "Polygon", "coordinates": [[[83.5200217, 50.3220441], [83.5201263, 50.3220423], [83.5201183, 50.3218514], [83.5200137, 50.3218532], [83.5200217, 50.3220441]]]}}, {"type": "Feature", "properties": {"osm_id": 688327583, "building": "yes", "housenumber": null, "street": null, "levels": null, "area_m2": 62.1, "clat": 50.3221727, "clon": 83.5199587}, "geometry": {"type": "Polygon", "coordinates": [[[83.5199131, 50.3222154], [83.5200056, 50.3222148], [83.5200043, 50.32213], [83.5199118, 50.3221306], [83.5199131, 50.3222154]]]}}, {"type": "Feature", "properties": {"osm_id": 688327585, "building": "yes", "housenumber": "10", "street": "улица Колчина", "levels": null, "area_m2": 175.3, "clat": 50.32231001282079, "clon": 83.52007876918557}, "geometry": {"type": "Polygon", "coordinates": [[[83.5200191, 50.3224012], [83.5201411, 50.3224004], [83.5201385, 50.3222189], [83.5200164, 50.3222196], [83.5200191, 50.3224012]]]}}, {"type": "Feature", "properties": {"osm_id": 688327587, "building": "yes", "housenumber": "10А", "street": "улица Колчина", "levels": null, "area_m2": 231.3, "clat": 50.32268405, "clon": 83.5203221}, "geometry": {"type": "Polygon", "coordinates": [[[83.5201867, 50.3226324], [83.5201947, 50.3227434], [83.5204575, 50.3227357], [83.5204495, 50.3226247], [83.5201867, 50.3226324]]]}}, {"type": "Feature", "properties": {"osm_id": 688327590, "building": "yes", "housenumber": "25/1", "street": "улица Колчина", "levels": null, "area_m2": 146.7, "clat": 50.31985827512431, "clon": 83.51948873548375}, "geometry": {"type": "Polygon", "coordinates": [[[83.5193995, 50.3199103], [83.5195792, 50.3199094], [83.519578, 50.3198063], [83.5193983, 50.3198071], [83.5193995, 50.3199103]]]}}, {"type": "Feature", "properties": {"osm_id": 688327592, "building": "yes", "housenumber": null, "street": null, "levels": null, "area_m2": 109.0, "clat": 50.32031672231566, "clon": 83.51954875700048}, "geometry": {"type": "Polygon", "coordinates": [[[83.5194316, 50.3202888], [83.5194338, 50.3203481], [83.5196658, 50.3203447], [83.5196637, 50.3202853], [83.5194316, 50.3202888]]]}}, {"type": "Feature", "properties": {"osm_id": 688327594, "building": "yes", "housenumber": null, "street": null, "levels": null, "area_m2": 117.0, "clat": 50.32073875, "clon": 83.51954295}, "geometry": {"type": "Polygon", "coordinates": [[[83.5194826, 50.3208], [83.5196033, 50.3208], [83.5196033, 50.3206775], [83.5194826, 50.3206775], [83.5194826, 50.3208]]]}}, {"type": "Feature", "properties": {"osm_id": 688327597, "building": "yes", "housenumber": null, "street": null, "levels": null, "area_m2": 214.1, "clat": 50.32120111936034, "clon": 83.51949863757417}, "geometry": {"type": "Polygon", "coordinates": [[[83.5193981, 50.3212683], [83.5196018, 50.3212667], [83.5195992, 50.3211339], [83.5193954, 50.3211356], [83.5193981, 50.3212683]]]}}, {"type": "Feature", "properties": {"osm_id": 688327599, "building": "yes", "housenumber": "7", "street": "улица Колчина", "levels": null, "area_m2": 270.4, "clat": 50.3216195, "clon": 83.51952355}, "geometry": {"type": "Polygon", "coordinates": [[[83.5194343, 50.3217162], [83.5196101, 50.3217172], [83.5196128, 50.3215228], [83.519437, 50.3215218], [83.5194343, 50.3217162]]]}}, {"type": "Feature", "properties": {"osm_id": 688327601, "building": "yes", "housenumber": "9", "street": "улица Колчина", "levels": null, "area_m2": 256.7, "clat": 50.32198545, "clon": 83.51952890000001}, "geometry": {"type": "Polygon", "coordinates": [[[83.5194424, 50.3220792], [83.5196154, 50.3220792], [83.5196154, 50.3218917], [83.5194424, 50.3218917], [83.5194424, 50.3220792]]]}}, {"type": "Feature", "properties": {"osm_id": 688327603, "building": "yes", "housenumber": "11", "street": "улица Колчина", "levels": null, "area_m2": 214.5, "clat": 50.322344524716385, "clon": 83.51953365797246}, "geometry": {"type": "Polygon", "coordinates": [[[83.5194551, 50.3224294], [83.5196162, 50.3224279], [83.5196122, 50.3222596], [83.5194511, 50.3222612], [83.5194551, 50.3224294]]]}}, {"type": "Feature", "properties": {"osm_id": 688327605, "building": "yes", "housenumber": "17", "street": "улица Колчина", "levels": null, "area_m2": 356.5, "clat": 50.32161, "clon": 83.51817685}, "geometry": {"type": "Polygon", "coordinates": [[[83.5180959, 50.3217427], [83.5182672, 50.3217402], [83.5182578, 50.3214773], [83.5180865, 50.3214798], [83.5180959, 50.3217427]]]}}, {"type": "Feature", "properties": {"osm_id": 688327607, "building": "yes", "housenumber": "15", "street": "улица Колчина", "levels": null, "area_m2": 221.0, "clat": 50.321999458142336, "clon": 83.5181831251861}, "geometry": {"type": "Polygon", "coordinates": [[[83.5180999, 50.3220826], [83.518269, 50.3220815], [83.5182663, 50.3219163], [83.5180973, 50.3219174], [83.5180999, 50.3220826]]]}}, {"type": "Feature", "properties": {"osm_id": 688327609, "building": "yes", "housenumber": "13", "street": "улица Колчина", "levels": null, "area_m2": 232.2, "clat": 50.32234485, "clon": 83.51818375}, "geometry": {"type": "Polygon", "coordinates": [[[83.518104, 50.3224363], [83.5182649, 50.3224358], [83.5182635, 50.3222534], [83.5181026, 50.3222539], [83.518104, 50.3224363]]]}}, {"type": "Feature", "properties": {"osm_id": 688327611, "building": "yes", "housenumber": null, "street": null, "levels": null, "area_m2": 195.1, "clat": 50.32262077468376, "clon": 83.51818616516766}, "geometry": {"type": "Polygon", "coordinates": [[[83.5180785, 50.3225639], [83.5180819, 50.3226802], [83.5182938, 50.3226777], [83.5182904, 50.3225613], [83.5180785, 50.3225639]]]}}, {"type": "Feature", "properties": {"osm_id": 688327613, "building": "yes", "housenumber": "6", "street": "Совхозная улица", "levels": null, "area_m2": 90.9, "clat": 50.32303685, "clon": 83.51839095}, "geometry": {"type": "Polygon", "coordinates": [[[83.518277, 50.3230083], [83.5182729, 50.3230577], [83.5185049, 50.3230654], [83.518509, 50.323016], [83.518277, 50.3230083]]]}}, {"type": "Feature", "properties": {"osm_id": 688327615, "building": "yes", "housenumber": "12А", "street": "улица Колчина", "levels": null, "area_m2": 197.7, "clat": 50.3227608, "clon": 83.51751455}, "geometry": {"type": "Polygon", "coordinates": [[[83.5174575, 50.322867], [83.5175756, 50.3228661], [83.5175716, 50.3226546], [83.5174535, 50.3226555], [83.5174575, 50.322867]]]}}, {"type": "Feature", "properties": {"osm_id": 688327618, "building": "yes", "housenumber": "12", "street": "улица Колчина", "levels": null, "area_m2": 249.8, "clat": 50.3223502, "clon": 83.517705}, "geometry": {"type": "Polygon", "coordinates": [[[83.5176252, 50.3224491], [83.5177848, 50.3224491], [83.5177848, 50.3222513], [83.5176252, 50.3222513], [83.5176252, 50.3224491]]]}}, {"type": "Feature", "properties": {"osm_id": 688327620, "building": "yes", "housenumber": "14", "street": "улица Колчина", "levels": null, "area_m2": 274.5, "clat": 50.321986100000004, "clon": 83.51772559999999}, "geometry": {"type": "Polygon", "coordinates": [[[83.5176453, 50.3220921], [83.5178099, 50.3220908], [83.5178059, 50.3218801], [83.5176413, 50.3218814], [83.5176453, 50.3220921]]]}}, {"type": "Feature", "properties": {"osm_id": 688327623, "building": "yes", "housenumber": "16", "street": "улица Колчина", "levels": null, "area_m2": 238.5, "clat": 50.32165505, "clon": 83.51773395000001}, "geometry": {"type": "Polygon", "coordinates": [[[83.517648, 50.3217436], [83.5178172, 50.3217446], [83.5178199, 50.3215665], [83.5176507, 50.3215655], [83.517648, 50.3217436]]]}}, {"type": "Feature", "properties": {"osm_id": 688327625, "building": "yes", "housenumber": "18", "street": "улица Колчина", "levels": null, "area_m2": 232.4, "clat": 50.32131962518353, "clon": 83.51774849190679}, "geometry": {"type": "Polygon", "coordinates": [[[83.5176654, 50.3214071], [83.5178343, 50.321406], [83.5178316, 50.3212322], [83.5176627, 50.3212332], [83.5176654, 50.3214071]]]}}, {"type": "Feature", "properties": {"osm_id": 688327627, "building": "yes", "housenumber": "20", "street": "улица Колчина", "levels": null, "area_m2": 229.0, "clat": 50.3209951, "clon": 83.51775959999999}, "geometry": {"type": "Polygon", "coordinates": [[[83.5176748, 50.3210817], [83.5178404, 50.3210832], [83.5178444, 50.3209085], [83.5176788, 50.320907], [83.5176748, 50.3210817]]]}}, {"type": "Feature", "properties": {"osm_id": 688327629, "building": "yes", "housenumber": "22", "street": "улица Колчина", "levels": null, "area_m2": 175.2, "clat": 50.3204796, "clon": 83.5175529}, "geometry": {"type": "Polygon", "coordinates": [[[83.5174468, 50.3205311], [83.5176547, 50.3205345], [83.517659, 50.3204281], [83.5174511, 50.3204247], [83.5174468, 50.3205311]]]}}, {"type": "Feature", "properties": {"osm_id": 688327631, "building": "yes", "housenumber": "24", "street": "улица Колчина", "levels": null, "area_m2": 179.9, "clat": 50.32018670574642, "clon": 83.51757522425953}, "geometry": {"type": "Polygon", "coordinates": [[[83.5174803, 50.3202468], [83.5176614, 50.3202519], [83.5176701, 50.3201266], [83.5174891, 50.3201215], [83.5174803, 50.3202468]]]}}, {"type": "Feature", "properties": {"osm_id": 688327634, "building": "yes", "housenumber": "19", "street": "Звездная улица", "levels": null, "area_m2": 411.1, "clat": 50.31985113869761, "clon": 83.51663542974207}, "geometry": {"type": "Polygon", "coordinates": [[[83.5165402, 50.3199933], [83.5167213, 50.3199958], [83.5167306, 50.3197089], [83.5165496, 50.3197065], [83.5165402, 50.3199933]]]}}, {"type": "Feature", "properties": {"osm_id": 688327635, "building": "yes", "housenumber": "17", "street": "Звездная улица", "levels": null, "area_m2": 444.4, "clat": 50.32030795, "clon": 83.5166081}, "geometry": {"type": "Polygon", "coordinates": [[[83.5165215, 50.3204771], [83.5166867, 50.3204787], [83.5166947, 50.3201388], [83.5165295, 50.3201372], [83.5165215, 50.3204771]]]}}, {"type": "Feature", "properties": {"osm_id": 688327638, "building": "yes", "housenumber": "8", "street": "Звездная улица", "levels": null, "area_m2": 152.8, "clat": 50.32078912514785, "clon": 83.51657658937629}, "geometry": {"type": "Polygon", "coordinates": [[[83.5164973, 50.320728], [83.516499, 50.3208511], [83.5166559, 50.3208502], [83.5166542, 50.3207272], [83.5164973, 50.320728]]]}}, {"type": "Feature", "properties": {"osm_id": 688327640, "building": "yes", "housenumber": "7", "street": "Звездная улица", "levels": null, "area_m2": 117.5, "clat": 50.32127412540043, "clon": 83.5165238893828}, "geometry": {"type": "Polygon", "coordinates": [[[83.5164571, 50.3213291], [83.5165947, 50.321327], [83.5165907, 50.3212192], [83.5164531, 50.3212212], [83.5164571, 50.3213291]]]}}, {"type": "Feature", "properties": {"osm_id": 688327642, "building": "yes", "housenumber": "6", "street": "Звездная улица", "levels": null, "area_m2": 177.9, "clat": 50.3214866, "clon": 83.5165655}, "geometry": {"type": "Polygon", "coordinates": [[[83.5164396, 50.3215304], [83.5166891, 50.3215329], [83.5166914, 50.3214428], [83.5164419, 50.3214403], [83.5164396, 50.3215304]]]}}, {"type": "Feature", "properties": {"osm_id": 688327644, "building": "yes", "housenumber": "9", "street": "Звездная улица", "levels": null, "area_m2": 156.0, "clat": 50.321692649999996, "clon": 83.5165221}, "geometry": {"type": "Polygon", "coordinates": [[[83.5164182, 50.3217393], [83.516622, 50.3217427], [83.516626, 50.321646], [83.5164222, 50.3216426], [83.5164182, 50.3217393]]]}}, {"type": "Feature", "properties": {"osm_id": 688327647, "building": "yes", "housenumber": "7/1", "street": "Звездная улица", "levels": null, "area_m2": 272.1, "clat": 50.3219597, "clon": 83.5164848}, "geometry": {"type": "Polygon", "coordinates": [[[83.5163847, 50.3220467], [83.5165796, 50.3220491], [83.5165849, 50.3218727], [83.51639, 50.3218703], [83.5163847, 50.3220467]]]}}, {"type": "Feature", "properties": {"osm_id": 688327649, "building": "yes", "housenumber": "5", "street": "Звездная улица", "levels": null, "area_m2": 265.5, "clat": 50.32238155757804, "clon": 83.51644917473845}, "geometry": {"type": "Polygon", "coordinates": [[[83.5163511, 50.322468], [83.5165432, 50.3224698], [83.5165472, 50.3222951], [83.5163552, 50.3222933], [83.5163511, 50.322468]]]}}, {"type": "Feature", "properties": {"osm_id": 688327660, "building": "yes", "housenumber": "29", "street": "Совхозный микрорайон", "levels": null, "area_m2": 213.3, "clat": 50.31531017485568, "clon": 83.52031302991772}, "geometry": {"type": "Polygon", "coordinates": [[[83.5201579, 50.3153541], [83.520469, 50.3153529], [83.5204681, 50.3152662], [83.520157, 50.3152675], [83.5201579, 50.3153541]]]}}, {"type": "Feature", "properties": {"osm_id": 688327662, "building": "yes", "housenumber": "31", "street": "Совхозный микрорайон", "levels": null, "area_m2": 227.1, "clat": 50.3153016467739, "clon": 83.51978617494669}, "geometry": {"type": "Polygon", "coordinates": [[[83.5196503, 50.3153546], [83.5199225, 50.3153541], [83.5199221, 50.3152487], [83.5196498, 50.3152492], [83.5196503, 50.3153546]]]}}, {"type": "Feature", "properties": {"osm_id": 688327664, "building": "yes", "housenumber": "33", "street": "Совхозный микрорайон", "levels": null, "area_m2": 195.4, "clat": 50.31531067479696, "clon": 83.51926667476376}, "geometry": {"type": "Polygon", "coordinates": [[[83.5191319, 50.3153571], [83.5194028, 50.3153554], [83.5194014, 50.3152642], [83.5191305, 50.315266], [83.5191319, 50.3153571]]]}}, {"type": "Feature", "properties": {"osm_id": 688327666, "building": "yes", "housenumber": "35", "street": "Совхозный микрорайон", "levels": null, "area_m2": 201.2, "clat": 50.31530985, "clon": 83.5187554}, "geometry": {"type": "Polygon", "coordinates": [[[83.5186176, 50.3153563], [83.5188939, 50.3153554], [83.5188932, 50.3152634], [83.5186169, 50.3152643], [83.5186176, 50.3153563]]]}}, {"type": "Feature", "properties": {"osm_id": 688327668, "building": "yes", "housenumber": "37", "street": "Совхозный микрорайон", "levels": null, "area_m2": 203.4, "clat": 50.315314102726035, "clon": 83.51823622514935}, "geometry": {"type": "Polygon", "coordinates": [[[83.5180966, 50.3153606], [83.5183769, 50.3153593], [83.5183758, 50.3152676], [83.5180956, 50.3152689], [83.5180966, 50.3153606]]]}}, {"type": "Feature", "properties": {"osm_id": 688327682, "building": "yes", "housenumber": "24", "street": "Урожайная улица", "levels": null, "area_m2": 88.7, "clat": 50.320085325163326, "clon": 83.52291926133816}, "geometry": {"type": "Polygon", "coordinates": [[[83.5228568, 50.3201303], [83.5229803, 50.3201311], [83.5229817, 50.3200403], [83.5228582, 50.3200396], [83.5228568, 50.3201303]]]}}, {"type": "Feature", "properties": {"osm_id": 688327685, "building": "yes", "housenumber": "26", "street": "Урожайная улица", "levels": null, "area_m2": 122.3, "clat": 50.319877749999996, "clon": 83.5228823}, "geometry": {"type": "Polygon", "coordinates": [[[83.5228045, 50.3199274], [83.5229601, 50.3199274], [83.5229601, 50.3198281], [83.5228045, 50.3198281], [83.5228045, 50.3199274]]]}}, {"type": "Feature", "properties": {"osm_id": 688327687, "building": "yes", "housenumber": "28", "street": "Урожайная улица", "levels": null, "area_m2": 276.4, "clat": 50.319621437345, "clon": 83.52287027508865}, "geometry": {"type": "Polygon", "coordinates": [[[83.5227938, 50.3197364], [83.5229454, 50.3197368], [83.5229468, 50.3195065], [83.5227951, 50.3195061], [83.5227938, 50.3197364]]]}}, {"type": "Feature", "properties": {"osm_id": 688327689, "building": "yes", "housenumber": "30", "street": "Урожайная улица", "levels": null, "area_m2": 224.9, "clat": 50.319309499999996, "clon": 83.5228497}, "geometry": {"type": "Polygon", "coordinates": [[[83.5227589, 50.3193871], [83.522944, 50.3193854], [83.5229405, 50.3192319], [83.5227554, 50.3192336], [83.5227589, 50.3193871]]]}}, {"type": "Feature", "properties": {"osm_id": 688327691, "building": "yes", "housenumber": "32", "street": "Урожайная улица", "levels": null, "area_m2": 86.0, "clat": 50.31907295, "clon": 83.52291775}, "geometry": {"type": "Polygon", "coordinates": [[[83.5228702, 50.3191285], [83.5229693, 50.319127], [83.5229653, 50.3190174], [83.5228662, 50.3190189], [83.5228702, 50.3191285]]]}}, {"type": "Feature", "properties": {"osm_id": 688327693, "building": "yes", "housenumber": "34", "street": "Урожайная улица", "levels": null, "area_m2": 237.4, "clat": 50.31867775, "clon": 83.5229051}, "geometry": {"type": "Polygon", "coordinates": [[[83.5228421, 50.3187979], [83.5229668, 50.3187982], [83.5229681, 50.3185576], [83.5228434, 50.3185573], [83.5228421, 50.3187979]]]}}, {"type": "Feature", "properties": {"osm_id": 688327696, "building": "yes", "housenumber": "36", "street": "Урожайная улица", "levels": null, "area_m2": 153.8, "clat": 50.31840044184749, "clon": 83.52290112511608}, "geometry": {"type": "Polygon", "coordinates": [[[83.52283, 50.3184691], [83.5229709, 50.3184697], [83.5229723, 50.3183318], [83.5228313, 50.3183312], [83.52283, 50.3184691]]]}}, {"type": "Feature", "properties": {"osm_id": 688327698, "building": "yes", "housenumber": "38", "street": "Урожайная улица", "levels": null, "area_m2": 71.9, "clat": 50.31803495, "clon": 83.5229051}, "geometry": {"type": "Polygon", "coordinates": [[[83.5228541, 50.3180795], [83.5229561, 50.3180795], [83.5229561, 50.3179904], [83.5228541, 50.3179904], [83.5228541, 50.3180795]]]}}, {"type": "Feature", "properties": {"osm_id": 688327700, "building": "yes", "housenumber": null, "street": null, "levels": null, "area_m2": 44.4, "clat": 50.31768455, "clon": 83.52296270000001}, "geometry": {"type": "Polygon", "coordinates": [[[83.5229252, 50.3177224], [83.5229988, 50.3177229], [83.5230002, 50.3176467], [83.5229266, 50.3176462], [83.5229252, 50.3177224]]]}}, {"type": "Feature", "properties": {"osm_id": 688327703, "building": "yes", "housenumber": "42", "street": "Урожайная улица", "levels": null, "area_m2": 242.3, "clat": 50.31737632509513, "clon": 83.5228609097407}, "geometry": {"type": "Polygon", "coordinates": [[[83.5227656, 50.3174569], [83.5229548, 50.3174576], [83.5229562, 50.3172957], [83.522767, 50.3172951], [83.5227656, 50.3174569]]]}}, {"type": "Feature", "properties": {"osm_id": 688327705, "building": "yes", "housenumber": null, "street": null, "levels": null, "area_m2": 48.3, "clat": 50.31712755, "clon": 83.5224995}, "geometry": {"type": "Polygon", "coordinates": [[[83.5224478, 50.3171572], [83.5225524, 50.3171563], [83.5225512, 50.3170979], [83.5224466, 50.3170988], [83.5224478, 50.3171572]]]}}, {"type": "Feature", "properties": {"osm_id": 688327707, "building": "yes", "housenumber": "44", "street": "Урожайная улица", "levels": null, "area_m2": 51.5, "clat": 50.31710620600411, "clon": 83.52292112479651}, "geometry": {"type": "Polygon", "coordinates": [[[83.5228729, 50.3171401], [83.522968, 50.3171408], [83.5229693, 50.3170723], [83.5228743, 50.3170716], [83.5228729, 50.3171401]]]}}, {"type": "Feature", "properties": {"osm_id": 688327710, "building": "yes", "housenumber": "48", "street": "Урожайная улица", "levels": null, "area_m2": 132.0, "clat": 50.316533899999996, "clon": 83.52292985}, "geometry": {"type": "Polygon", "coordinates": [[[83.5228837, 50.316622], [83.5229787, 50.3166214], [83.522976, 50.3164458], [83.522881, 50.3164464], [83.5228837, 50.316622]]]}}, {"type": "Feature", "properties": {"osm_id": 688327713, "building": "yes", "housenumber": "46", "street": "Урожайная улица", "levels": null, "area_m2": 182.1, "clat": 50.31690080630032, "clon": 83.52288977510871}, "geometry": {"type": "Polygon", "coordinates": [[[83.5228032, 50.3169671], [83.5229777, 50.3169664], [83.5229763, 50.3168345], [83.5228019, 50.3168352], [83.5228032, 50.3169671]]]}}, {"type": "Feature", "properties": {"osm_id": 688327716, "building": "yes", "housenumber": "22", "street": "Урожайная улица", "levels": null, "area_m2": 93.6, "clat": 50.32043310580836, "clon": 83.52291457515979}, "geometry": {"type": "Polygon", "coordinates": [[[83.5228501, 50.3204789], [83.5229804, 50.3204781], [83.522979, 50.3203873], [83.5228488, 50.3203881], [83.5228501, 50.3204789]]]}}, {"type": "Feature", "properties": {"osm_id": 688327719, "building": "yes", "housenumber": "20", "street": "Урожайная улица", "levels": null, "area_m2": 167.6, "clat": 50.320728599999995, "clon": 83.52287439999999}, "geometry": {"type": "Polygon", "coordinates": [[[83.522822, 50.3208274], [83.5229295, 50.3208268], [83.5229268, 50.3206298], [83.5228193, 50.3206304], [83.522822, 50.3208274]]]}}, {"type": "Feature", "properties": {"osm_id": 688327723, "building": "yes", "housenumber": "18", "street": "Урожайная улица", "levels": null, "area_m2": 60.7, "clat": 50.32096095, "clon": 83.52290515}, "geometry": {"type": "Polygon", "coordinates": [[[83.5228689, 50.3210123], [83.5229441, 50.3210115], [83.5229414, 50.3209096], [83.5228662, 50.3209104], [83.5228689, 50.3210123]]]}}, {"type": "Feature", "properties": {"osm_id": 688327727, "building": "yes", "housenumber": "16", "street": "Урожайная улица", "levels": null, "area_m2": 101.2, "clat": 50.32121995, "clon": 83.52286755}, "geometry": {"type": "Polygon", "coordinates": [[[83.5227817, 50.3212572], [83.5229534, 50.3212572], [83.5229534, 50.3211827], [83.5227817, 50.3211827], [83.5227817, 50.3212572]]]}}, {"type": "Feature", "properties": {"osm_id": 688327729, "building": "yes", "housenumber": "14", "street": "Урожайная улица", "levels": null, "area_m2": 143.2, "clat": 50.32154345, "clon": 83.522828}, "geometry": {"type": "Polygon", "coordinates": [[[83.5228756, 50.321634], [83.522881, 50.3214542], [83.5227804, 50.3214529], [83.522775, 50.3216327], [83.5228756, 50.321634]]]}}, {"type": "Feature", "properties": {"osm_id": 688327731, "building": "yes", "housenumber": "12", "street": "Урожайная улица", "levels": null, "area_m2": 56.6, "clat": 50.3217714, "clon": 83.52287495}, "geometry": {"type": "Polygon", "coordinates": [[[83.522822, 50.3218052], [83.5229279, 50.3218052], [83.5229279, 50.3217376], [83.522822, 50.3217376], [83.522822, 50.3218052]]]}}, {"type": "Feature", "properties": {"osm_id": 688327733, "building": "yes", "housenumber": "10", "street": "Урожайная улица", "levels": null, "area_m2": 72.1, "clat": 50.321981799999996, "clon": 83.5228803}, "geometry": {"type": "Polygon", "coordinates": [[[83.5228381, 50.3220364], [83.5229212, 50.3220368], [83.5229225, 50.3219272], [83.5228394, 50.3219268], [83.5228381, 50.3220364]]]}}, {"type": "Feature", "properties": {"osm_id": 688327735, "building": "yes", "housenumber": "8", "street": "Урожайная улица", "levels": null, "area_m2": 149.7, "clat": 50.322374012401646, "clon": 83.52285087488036}, "geometry": {"type": "Polygon", "coordinates": [[[83.5227938, 50.3224577], [83.5229066, 50.3224581], [83.5229079, 50.3222903], [83.5227952, 50.3222899], [83.5227938, 50.3224577]]]}}, {"type": "Feature", "properties": {"osm_id": 688327737, "building": "yes", "housenumber": "6", "street": "Урожайная улица", "levels": null, "area_m2": 150.9, "clat": 50.32270167546528, "clon": 83.52284090611467}, "geometry": {"type": "Polygon", "coordinates": [[[83.522779, 50.3227813], [83.5228974, 50.322783], [83.5229028, 50.322622], [83.5227844, 50.3226204], [83.522779, 50.3227813]]]}}, {"type": "Feature", "properties": {"osm_id": 688327767, "building": "yes", "housenumber": "4", "street": "Урожайная улица", "levels": null, "area_m2": 166.2, "clat": 50.32311125, "clon": 83.52282079999999}, "geometry": {"type": "Polygon", "coordinates": [[[83.5227616, 50.3232035], [83.5228746, 50.3232048], [83.52288, 50.323019], [83.522767, 50.3230177], [83.5227616, 50.3232035]]]}}, {"type": "Feature", "properties": {"osm_id": 688327769, "building": "yes", "housenumber": "2", "street": "Урожайная улица", "levels": null, "area_m2": 172.1, "clat": 50.32344558750684, "clon": 83.52280567565838}, "geometry": {"type": "Polygon", "coordinates": [[[83.5227415, 50.3235348], [83.5228618, 50.323537], [83.5228699, 50.3233564], [83.5227495, 50.3233542], [83.5227415, 50.3235348]]]}}, {"type": "Feature", "properties": {"osm_id": 688327771, "building": "yes", "housenumber": "33", "street": "Изобильная улица", "levels": null, "area_m2": 172.6, "clat": 50.31659075, "clon": 83.52162704999999}, "geometry": {"type": "Polygon", "coordinates": [[[83.5215667, 50.3166811], [83.5216874, 50.3166811], [83.5216874, 50.3165004], [83.5215667, 50.3165004], [83.5215667, 50.3166811]]]}}, {"type": "Feature", "properties": {"osm_id": 688327773, "building": "yes", "housenumber": "31", "street": "Изобильная улица", "levels": null, "area_m2": 220.9, "clat": 50.31696441199626, "clon": 83.52163768016437}, "geometry": {"type": "Polygon", "coordinates": [[[83.5215721, 50.3170681], [83.5217073, 50.3170671], [83.5217033, 50.3168607], [83.521568, 50.3168618], [83.5215721, 50.3170681]]]}}, {"type": "Feature", "properties": {"osm_id": 688327775, "building": "yes", "housenumber": null, "street": null, "levels": null, "area_m2": 118.2, "clat": 50.31728324519815, "clon": 83.52206142472056}, "geometry": {"type": "Polygon", "coordinates": [[[83.5219797, 50.3172377], [83.5219822, 50.3173305], [83.5221431, 50.3173288], [83.5221407, 50.317236], [83.5219797, 50.3172377]]]}}, {"type": "Feature", "properties": {"osm_id": 688327777, "building": "yes", "housenumber": "29", "street": "Изобильная улица", "levels": null, "area_m2": 243.5, "clat": 50.317337989625834, "clon": 83.52166384553705}, "geometry": {"type": "Polygon", "coordinates": [[[83.5215868, 50.3174466], [83.5217221, 50.3174452], [83.5217185, 50.3173114], [83.5217783, 50.3173107], [83.5217765, 50.3172458], [83.5215814, 50.317248], [83.5215868, 50.3174466]]]}}, {"type": "Feature", "properties": {"osm_id": 688327779, "building": "yes", "housenumber": null, "street": null, "levels": null, "area_m2": 61.4, "clat": 50.317507439223036, "clon": 83.52155042535988}, "geometry": {"type": "Polygon", "coordinates": [[[83.5215104, 50.3175571], [83.5215878, 50.317558], [83.5215905, 50.3174578], [83.521513, 50.3174569], [83.5215104, 50.3175571]]]}}, {"type": "Feature", "properties": {"osm_id": 688327781, "building": "yes", "housenumber": "27", "street": "Изобильная улица", "levels": null, "area_m2": 205.4, "clat": 50.31787572449293, "clon": 83.52165679453871}, "geometry": {"type": "Polygon", "coordinates": [[[83.5215881, 50.3179742], [83.5217187, 50.3179759], [83.5217255, 50.3177773], [83.5215949, 50.3177755], [83.5215881, 50.3179742]]]}}, {"type": "Feature", "properties": {"osm_id": 688327784, "building": "yes", "housenumber": null, "street": null, "levels": null, "area_m2": 97.0, "clat": 50.31823535, "clon": 83.52199920000001}, "geometry": {"type": "Polygon", "coordinates": [[[83.5219395, 50.3182867], [83.5220589, 50.3182867], [83.5220589, 50.318184], [83.5219395, 50.318184], [83.5219395, 50.3182867]]]}}, {"type": "Feature", "properties": {"osm_id": 688327786, "building": "yes", "housenumber": "25", "street": "Изобильная улица", "levels": null, "area_m2": 223.2, "clat": 50.3182328, "clon": 83.52166325}, "geometry": {"type": "Polygon", "coordinates": [[[83.5215989, 50.3183424], [83.5217276, 50.3183424], [83.5217276, 50.3181232], [83.5215989, 50.3181232], [83.5215989, 50.3183424]]]}}, {"type": "Feature", "properties": {"osm_id": 688327788, "building": "yes", "housenumber": null, "street": null, "levels": null, "area_m2": 153.2, "clat": 50.318419, "clon": 83.52164445}, "geometry": {"type": "Polygon", "coordinates": [[[83.5215278, 50.3183775], [83.5215278, 50.3184605], [83.5217611, 50.3184605], [83.5217611, 50.3183775], [83.5215278, 50.3183775]]]}}, {"type": "Feature", "properties": {"osm_id": 688327791, "building": "yes", "housenumber": "23", "street": "Изобильная улица", "levels": null, "area_m2": 205.9, "clat": 50.31861107489563, "clon": 83.52166585540232}, "geometry": {"type": "Polygon", "coordinates": [[[83.5216016, 50.3187114], [83.5217315, 50.3187111], [83.5217301, 50.3185107], [83.5216002, 50.3185111], [83.5216016, 50.3187114]]]}}, {"type": "Feature", "properties": {"osm_id": 688327794, "building": "yes", "housenumber": "21", "street": "Изобильная улица", "levels": null, "area_m2": 156.2, "clat": 50.31899375, "clon": 83.52167994999999}, "geometry": {"type": "Polygon", "coordinates": [[[83.5216176, 50.3190711], [83.5217463, 50.3190697], [83.5217423, 50.3189164], [83.5216136, 50.3189178], [83.5216176, 50.3190711]]]}}, {"type": "Feature", "properties": {"osm_id": 688327798, "building": "yes", "housenumber": "19", "street": "Изобильная улица", "levels": null, "area_m2": 147.9, "clat": 50.31934535, "clon": 83.5216759}, "geometry": {"type": "Polygon", "coordinates": [[[83.521619, 50.3194239], [83.5217395, 50.3194218], [83.5217328, 50.3192668], [83.5216123, 50.3192689], [83.521619, 50.3194239]]]}}, {"type": "Feature", "properties": {"osm_id": 688327801, "building": "yes", "housenumber": "17", "street": "Изобильная улица", "levels": null, "area_m2": 125.8, "clat": 50.319711, "clon": 83.52166045}, "geometry": {"type": "Polygon", "coordinates": [[[83.5216055, 50.3197827], [83.5217167, 50.3197823], [83.5217154, 50.3196393], [83.5216042, 50.3196397], [83.5216055, 50.3197827]]]}}, {"type": "Feature", "properties": {"osm_id": 688327805, "building": "yes", "housenumber": null, "street": null, "levels": null, "area_m2": 96.4, "clat": 50.319885943618516, "clon": 83.52161737463865}, "geometry": {"type": "Polygon", "coordinates": [[[83.521556, 50.3199351], [83.521682, 50.3199334], [83.5216788, 50.3198368], [83.5215527, 50.3198385], [83.521556, 50.3199351]]]}}, {"type": "Feature", "properties": {"osm_id": 688327808, "building": "yes", "housenumber": "15", "street": "Изобильная улица", "levels": null, "area_m2": 155.7, "clat": 50.320068987574075, "clon": 83.5216931746527}, "geometry": {"type": "Polygon", "coordinates": [[[83.5216378, 50.3201552], [83.5217526, 50.3201541], [83.5217486, 50.3199828], [83.5216337, 50.3199839], [83.5216378, 50.3201552]]]}}, {"type": "Feature", "properties": {"osm_id": 688327811, "building": "yes", "housenumber": "13", "street": "Изобильная улица", "levels": null, "area_m2": 357.4, "clat": 50.320495550000004, "clon": 83.5217296}, "geometry": {"type": "Polygon", "coordinates": [[[83.5216431, 50.3206261], [83.5218161, 50.3206261], [83.5218161, 50.320365], [83.5216431, 50.320365], [83.5216431, 50.3206261]]]}}, {"type": "Feature", "properties": {"osm_id": 688327816, "building": "yes", "housenumber": "11", "street": "Изобильная улица", "levels": null, "area_m2": 203.3, "clat": 50.3208677, "clon": 83.5217061}, "geometry": {"type": "Polygon", "coordinates": [[[83.5216472, 50.3209746], [83.5217677, 50.320974], [83.521765, 50.3207608], [83.5216445, 50.3207614], [83.5216472, 50.3209746]]]}}, {"type": "Feature", "properties": {"osm_id": 688327819, "building": "yes", "housenumber": "9", "street": "Изобильная улица", "levels": null, "area_m2": 139.6, "clat": 50.32125875, "clon": 83.5217142}, "geometry": {"type": "Polygon", "coordinates": [[[83.5216525, 50.3213283], [83.5217812, 50.3213262], [83.5217759, 50.3211892], [83.5216472, 50.3211913], [83.5216525, 50.3213283]]]}}, {"type": "Feature", "properties": {"osm_id": 688327823, "building": "yes", "housenumber": "7", "street": "Изобильная улица", "levels": null, "area_m2": 147.9, "clat": 50.3216248, "clon": 83.52172025}, "geometry": {"type": "Polygon", "coordinates": [[[83.5216619, 50.3217042], [83.5217799, 50.3217038], [83.5217786, 50.3215454], [83.5216606, 50.3215458], [83.5216619, 50.3217042]]]}}, {"type": "Feature", "properties": {"osm_id": 688327828, "building": "yes", "housenumber": "5", "street": "Изобильная улица", "levels": null, "area_m2": 198.4, "clat": 50.32197345, "clon": 83.52172424999999}, "geometry": {"type": "Polygon", "coordinates": [[[83.5216659, 50.3220809], [83.5217826, 50.3220809], [83.5217826, 50.321866], [83.5216659, 50.321866], [83.5216659, 50.3220809]]]}}, {"type": "Feature", "properties": {"osm_id": 688327832, "building": "yes", "housenumber": "3", "street": "Изобильная улица", "levels": null, "area_m2": 143.3, "clat": 50.32233855, "clon": 83.52173115000001}, "geometry": {"type": "Polygon", "coordinates": [[[83.521674, 50.3224209], [83.521783, 50.3224223], [83.5217883, 50.3222562], [83.5216793, 50.3222548], [83.521674, 50.3224209]]]}}, {"type": "Feature", "properties": {"osm_id": 688327837, "building": "yes", "housenumber": "1", "street": "Изобильная улица", "levels": null, "area_m2": 237.5, "clat": 50.322745850000004, "clon": 83.52173164999999}, "geometry": {"type": "Polygon", "coordinates": [[[83.5216753, 50.3226127], [83.5216753, 50.322879], [83.521788, 50.322879], [83.521788, 50.3226127], [83.5216753, 50.3226127]]]}}, {"type": "Feature", "properties": {"osm_id": 688327841, "building": "yes", "housenumber": "35", "street": "Изобильная улица", "levels": null, "area_m2": 168.0, "clat": 50.32308055, "clon": 83.52173225}, "geometry": {"type": "Polygon", "coordinates": [[[83.5216713, 50.3231692], [83.5217905, 50.32317], [83.5217932, 50.3229919], [83.521674, 50.3229911], [83.5216713, 50.3231692]]]}}, {"type": "Feature", "properties": {"osm_id": 688327845, "building": "yes", "housenumber": "37", "street": "Изобильная улица", "levels": null, "area_m2": 243.7, "clat": 50.32340853960546, "clon": 83.52173762994703}, "geometry": {"type": "Polygon", "coordinates": [[[83.521674, 50.3235263], [83.5218053, 50.3235254], [83.5218012, 50.3232907], [83.52167, 50.3232917], [83.521674, 50.3235263]]]}}, {"type": "Feature", "properties": {"osm_id": 896351427, "building": "kiosk", "housenumber": null, "street": null, "levels": null, "area_m2": 70.2, "clat": 50.32603466335432, "clon": 83.50815801551674}, "geometry": {"type": "Polygon", "coordinates": [[[83.5080953, 50.3260504], [83.5080993, 50.3260067], [83.5081234, 50.3260076], [83.5081294, 50.3259417], [83.5081557, 50.3259427], [83.5081497, 50.3260086], [83.508181, 50.3260098], [83.508179, 50.326032], [83.5082165, 50.3260334], [83.5082097, 50.3261075], [83.5081722, 50.326106], [83.5081741, 50.326085], [83.5081259, 50.3260504], [83.5080953, 50.3260504]]]}}, {"type": "Feature", "properties": {"osm_id": 966156681, "building": "yes", "housenumber": "101", "street": "Семипалатинская улица", "levels": "1", "area_m2": 91.4, "clat": 50.32658039744664, "clon": 83.52430523353134}, "geometry": {"type": "Polygon", "coordinates": [[[83.5242108, 50.3265947], [83.5243004, 50.3266423], [83.5243997, 50.3265661], [83.52431, 50.3265185], [83.5242108, 50.3265947]]]}}, {"type": "Feature", "properties": {"osm_id": 966156682, "building": "yes", "housenumber": "7В", "street": "7-й микрорайон", "levels": null, "area_m2": 95.9, "clat": 50.32830637484688, "clon": 83.51943434461639}, "geometry": {"type": "Polygon", "coordinates": [[[83.5193894, 50.3283747], [83.5194779, 50.328375], [83.5194793, 50.3282381], [83.5193908, 50.3282377], [83.5193894, 50.3283747]]]}}, {"type": "Feature", "properties": {"osm_id": 966156683, "building": "yes", "housenumber": "53", "street": "7-й микрорайон", "levels": null, "area_m2": 230.1, "clat": 50.32607695327351, "clon": 83.5208666248278}, "geometry": {"type": "Polygon", "coordinates": [[[83.5207298, 50.3261296], [83.5210019, 50.3261312], [83.5210034, 50.3260243], [83.5207314, 50.3260227], [83.5207298, 50.3261296]]]}}, {"type": "Feature", "properties": {"osm_id": 966156684, "building": "yes", "housenumber": "51", "street": "7-й микрорайон", "levels": null, "area_m2": 230.1, "clat": 50.326080353273504, "clon": 83.52022832482781}, "geometry": {"type": "Polygon", "coordinates": [[[83.5200915, 50.326133], [83.5203636, 50.3261346], [83.5203651, 50.3260277], [83.5200931, 50.3260261], [83.5200915, 50.326133]]]}}, {"type": "Feature", "properties": {"osm_id": 966156685, "building": "yes", "housenumber": "125", "street": "7-й микрорайон", "levels": null, "area_m2": 69.6, "clat": 50.324263207242105, "clon": 83.51739806915612}, "geometry": {"type": "Polygon", "coordinates": [[[83.5173219, 50.3242833], [83.5174412, 50.3243098], [83.5174738, 50.3242445], [83.5173572, 50.3242154], [83.5173219, 50.3242833]]]}}, {"type": "Feature", "properties": {"osm_id": 966156686, "building": "yes", "housenumber": "131", "street": "7-й микрорайон", "levels": null, "area_m2": 145.9, "clat": 50.32372749518696, "clon": 83.51826483028641}, "geometry": {"type": "Polygon", "coordinates": [[[83.5181593, 50.3237648], [83.51831, 50.3237989], [83.5183704, 50.3236902], [83.5182196, 50.3236561], [83.5181593, 50.3237648]]]}}, {"type": "Feature", "properties": {"osm_id": 966433737, "building": "yes", "housenumber": "27", "street": "Семипалатинский переулок", "levels": "1", "area_m2": 75.6, "clat": 50.329843974838795, "clon": 83.51623713033744}, "geometry": {"type": "Polygon", "coordinates": [[[83.5161625, 50.3298117], [83.5161616, 50.3298754], [83.5163118, 50.3298762], [83.5163127, 50.3298126], [83.5161625, 50.3298117]]]}}, {"type": "Feature", "properties": {"osm_id": 966433738, "building": "yes", "housenumber": "25", "street": "Семипалатинский переулок", "levels": "1", "area_m2": 75.8, "clat": 50.33005632483897, "clon": 83.5161244303683}, "geometry": {"type": "Polygon", "coordinates": [[[83.5160498, 50.330024], [83.5160489, 50.3300878], [83.5161991, 50.3300886], [83.5162, 50.3300249], [83.5160498, 50.330024]]]}}, {"type": "Feature", "properties": {"osm_id": 1014284494, "building": "yes", "housenumber": null, "street": null, "levels": null, "area_m2": 1886.4, "clat": 50.31795581209692, "clon": 83.52771073152995}, "geometry": {"type": "Polygon", "coordinates": [[[83.5269771, 50.3178435], [83.5270695, 50.3176939], [83.5284498, 50.3180717], [83.5283574, 50.3182172], [83.5269771, 50.3178435]]]}}, {"type": "Feature", "properties": {"osm_id": 1014284726, "building": "yes", "housenumber": null, "street": null, "levels": null, "area_m2": 293.0, "clat": 50.3205430718264, "clon": 83.51234686600462}, "geometry": {"type": "Polygon", "coordinates": [[[83.5123241, 50.3206818], [83.5124642, 50.320658], [83.5123708, 50.3204135], [83.5122307, 50.3204135], [83.5123241, 50.3206818]]]}}, {"type": "Feature", "properties": {"osm_id": 1046357692, "building": "industrial", "housenumber": null, "street": null, "levels": null, "area_m2": 315.4, "clat": 50.31464205, "clon": 83.51992115}, "geometry": {"type": "Polygon", "coordinates": [[[83.5197032, 50.3146871], [83.5201383, 50.3146886], [83.5201391, 50.314597], [83.519704, 50.3145955], [83.5197032, 50.3146871]]]}}, {"type": "Feature", "properties": {"osm_id": 1069550134, "building": "yes", "housenumber": "100", "street": "7-й микрорайон", "levels": null, "area_m2": 108.2, "clat": 50.32415228142758, "clon": 83.52111047954325}, "geometry": {"type": "Polygon", "coordinates": [[[83.5210524, 50.3242361], [83.521129, 50.3242432], [83.5211686, 50.3240685], [83.5210919, 50.3240614], [83.5210524, 50.3242361]]]}}, {"type": "Feature", "properties": {"osm_id": 1069550135, "building": "yes", "housenumber": "99", "street": "7-й микрорайон", "levels": null, "area_m2": 134.6, "clat": 50.324102803828936, "clon": 83.52069642208583}, "geometry": {"type": "Polygon", "coordinates": [[[83.520593, 50.324138], [83.520775, 50.3241583], [83.5207998, 50.3240676], [83.5206179, 50.3240473], [83.520593, 50.324138]]]}}, {"type": "Feature", "properties": {"osm_id": 1069550136, "building": "yes", "housenumber": "29а", "street": "улица Колчина", "levels": null, "area_m2": 108.0, "clat": 50.31938994517041, "clon": 83.51918010825975}, "geometry": {"type": "Polygon", "coordinates": [[[83.5190763, 50.319349], [83.5190783, 50.3194028], [83.5191703, 50.3194013], [83.5191722, 50.3194505], [83.5192566, 50.3194492], [83.5192527, 50.3193462], [83.5190763, 50.319349]]]}}, {"type": "Feature", "properties": {"osm_id": 1123131818, "building": "school", "housenumber": null, "street": null, "levels": null, "area_m2": 3277.7, "clat": 50.32546935848002, "clon": 83.51331943452573}, "geometry": {"type": "Polygon", "coordinates": [[[83.512782, 50.3256505], [83.5127889, 50.3251961], [83.513141, 50.3251983], [83.5131377, 50.3254187], [83.513578, 50.3254214], [83.5135814, 50.3251972], [83.5139049, 50.3251992], [83.5138991, 50.3255825], [83.5135783, 50.3255805], [83.5135788, 50.3255476], [83.5134941, 50.3255471], [83.5134897, 50.3258294], [83.5132242, 50.3258277], [83.5132286, 50.3255496], [83.5131301, 50.325549], [83.5131285, 50.3256527], [83.512782, 50.3256505]]]}}, {"type": "Feature", "properties": {"osm_id": 1416776610, "building": "yes", "housenumber": null, "street": null, "levels": null, "area_m2": 251.2, "clat": 50.324056196420365, "clon": 83.51810762243043}, "geometry": {"type": "Polygon", "coordinates": [[[83.5183074, 50.3240457], [83.518272, 50.3241322], [83.5180585, 50.3240967], [83.518067, 50.3240758], [83.5178662, 50.3240423], [83.5178871, 50.323991], [83.5180227, 50.3240136], [83.5180286, 50.3239992], [83.5183074, 50.3240457]]]}}, {"type": "Feature", "properties": {"osm_id": 1416776611, "building": "yes", "housenumber": null, "street": null, "levels": null, "area_m2": 184.5, "clat": 50.3243014, "clon": 83.51851375000001}, "geometry": {"type": "Polygon", "coordinates": [[[83.5185091, 50.3241786], [83.5186046, 50.3241931], [83.5185184, 50.3244242], [83.5184229, 50.3244097], [83.5185091, 50.3241786]]]}}, {"type": "Feature", "properties": {"osm_id": 1527485771, "building": "yes", "housenumber": null, "street": null, "levels": null, "area_m2": 51.8, "clat": 50.326785090076115, "clon": 83.50837027324881}, "geometry": {"type": "Polygon", "coordinates": [[[83.5083264, 50.326825], [83.5083405, 50.3267369], [83.5084095, 50.3267437], [83.508406, 50.3268149], [83.5084078, 50.3268307], [83.5083264, 50.326825]]]}}]}