{"type": "FeatureCollection", "village": "с. Солнечное", "key": "solnechnoe", "offset_px": [-6, -10], "mpp": 0.3835, "features": [{"type": "Feature", "properties": {"num": 1, "osm_id": 602018483, "housenumber": "19", "area_m2": 164.4, "px_x": 2107.0, "px_y": 599.0, "clat": 50.055936754227375, "clon": 82.71486282153698}, "geometry": {"type": "Point", "coordinates": [2106.999636620283, 599.0064522586763]}}, {"type": "Feature", "properties": {"num": 2, "osm_id": 602018532, "housenumber": "19", "area_m2": 291.2, "px_x": 1772.0, "px_y": 748.0, "clat": 50.05542359220455, "clon": 82.71306572861037}, "geometry": {"type": "Point", "coordinates": [1771.9972343742847, 748.0001410543919]}}, {"type": "Feature", "properties": {"num": 3, "osm_id": 602018482, "housenumber": "18А", "area_m2": 164.4, "px_x": 2140.0, "px_y": 749.0, "clat": 50.05542015, "clon": 82.71503985}, "geometry": {"type": "Point", "coordinates": [2140.0001339688897, 748.999560277909]}}, {"type": "Feature", "properties": {"num": 4, "osm_id": 602018578, "housenumber": "18А", "area_m2": 134.5, "px_x": 1328.0, "px_y": 809.5, "clat": 50.05521178347433, "clon": 82.71068393300372}, "geometry": {"type": "Point", "coordinates": [1327.9983525946736, 809.4971424341202]}}, {"type": "Feature", "properties": {"num": 5, "osm_id": 602018542, "housenumber": "16", "area_m2": 291.3, "px_x": 1588.0, "px_y": 773.0, "clat": 50.0553375, "clon": 82.7120787}, "geometry": {"type": "Point", "coordinates": [1588.001765549183, 772.9963692650199]}}, {"type": "Feature", "properties": {"num": 6, "osm_id": 602018519, "housenumber": "24", "area_m2": 230.5, "px_x": 1898.0, "px_y": 769.5, "clat": 50.05534955, "clon": 82.71374165}, "geometry": {"type": "Point", "coordinates": [1897.9981138408184, 769.4977445155382]}}, {"type": "Feature", "properties": {"num": 7, "osm_id": 602018484, "housenumber": "17", "area_m2": 164.4, "px_x": 2164.0, "px_y": 833.0, "clat": 50.05513085, "clon": 82.7151686}, "geometry": {"type": "Point", "coordinates": [2164.0008735209703, 832.9954694136977]}}, {"type": "Feature", "properties": {"num": 8, "osm_id": 602018533, "housenumber": "17", "area_m2": 484.3, "px_x": 1813.1, "px_y": 914.0, "clat": 50.05485185, "clon": 82.71328635}, "geometry": {"type": "Point", "coordinates": [1813.1240422353148, 914.0003773644567]}}, {"type": "Feature", "properties": {"num": 9, "osm_id": 602018522, "housenumber": "22", "area_m2": 291.2, "px_x": 1921.0, "px_y": 889.0, "clat": 50.05493794220214, "clon": 82.71386502860669}, "geometry": {"type": "Point", "coordinates": [1920.9975531175733, 889.004402846098]}}, {"type": "Feature", "properties": {"num": 10, "osm_id": 602018565, "housenumber": "17", "area_m2": 134.5, "px_x": 836.0, "px_y": 946.0, "clat": 50.05474162155938, "clon": 82.70804463855572}, "geometry": {"type": "Point", "coordinates": [835.9982076883316, 946.0039919540286]}}, {"type": "Feature", "properties": {"num": 11, "osm_id": 602018575, "housenumber": "15", "area_m2": 134.5, "px_x": 1213.0, "px_y": 949.5, "clat": 50.05472957843597, "clon": 82.71006701144917}, "geometry": {"type": "Point", "coordinates": [1212.9958395212889, 949.5005758404732]}}, {"type": "Feature", "properties": {"num": 12, "osm_id": 602018579, "housenumber": "16", "area_m2": 134.5, "px_x": 1361.5, "px_y": 962.5, "clat": 50.054684821559384, "clon": 82.71086363855572}, "geometry": {"type": "Point", "coordinates": [1361.4978955090046, 962.4952181279659]}}, {"type": "Feature", "properties": {"num": 13, "osm_id": 602018552, "housenumber": "15", "area_m2": 230.4, "px_x": 1534.0, "px_y": 970.0, "clat": 50.05465899397978, "clon": 82.71178902852272}, "geometry": {"type": "Point", "coordinates": [1534.0030883997679, 969.9939521029592]}}, {"type": "Feature", "properties": {"num": 14, "osm_id": 602018543, "housenumber": "14", "area_m2": 291.2, "px_x": 1650.5, "px_y": 985.0, "clat": 50.05460730779546, "clon": 82.71241397138962}, "geometry": {"type": "Point", "coordinates": [1650.5008824691176, 985.0004157200456]}}, {"type": "Feature", "properties": {"num": 15, "osm_id": 602018520, "housenumber": "20", "area_m2": 230.6, "px_x": 1943.0, "px_y": 982.0, "clat": 50.05461762852222, "clon": 82.71398305947487}, "geometry": {"type": "Point", "coordinates": [1943.0001016706228, 982.0039177983999]}}, {"type": "Feature", "properties": {"num": 16, "osm_id": 602018566, "housenumber": "16", "area_m2": 134.5, "px_x": 847.0, "px_y": 1003.0, "clat": 50.05454532155938, "clon": 82.70810363855571}, "geometry": {"type": "Point", "coordinates": [846.9966048374772, 1002.9973544925451]}}, {"type": "Feature", "properties": {"num": 17, "osm_id": 602018485, "housenumber": "15", "area_m2": 164.4, "px_x": 2189.0, "px_y": 1003.0, "clat": 50.05454535, "clon": 82.71530270000001}, "geometry": {"type": "Point", "coordinates": [2188.9989253655076, 1002.9890971109271]}}, {"type": "Feature", "properties": {"num": 18, "osm_id": 602018580, "housenumber": "14/1", "area_m2": 134.5, "px_x": 1389.0, "px_y": 1073.0, "clat": 50.05430421652567, "clon": 82.71101116699629}, "geometry": {"type": "Point", "coordinates": [1388.9991900995374, 1072.9990048483014]}}, {"type": "Feature", "properties": {"num": 19, "osm_id": 602018551, "housenumber": "13", "area_m2": 230.5, "px_x": 1551.0, "px_y": 1072.0, "clat": 50.05430767749653, "clon": 82.7118801620053}, "geometry": {"type": "Point", "coordinates": [1550.9916008636355, 1071.994160324335]}}, {"type": "Feature", "properties": {"num": 20, "osm_id": 602018544, "housenumber": "12", "area_m2": 291.3, "px_x": 1683.0, "px_y": 1110.0, "clat": 50.0541768, "clon": 82.71258830000001}, "geometry": {"type": "Point", "coordinates": [1682.9980908110738, 1109.9925619326532]}}, {"type": "Feature", "properties": {"num": 21, "osm_id": 602018534, "housenumber": "15", "area_m2": 291.3, "px_x": 1845.5, "px_y": 1055.5, "clat": 50.0543645, "clon": 82.71346}, "geometry": {"type": "Point", "coordinates": [1845.494748443365, 1055.4965301938355]}}, {"type": "Feature", "properties": {"num": 22, "osm_id": 602018521, "housenumber": "18", "area_m2": 230.4, "px_x": 1972.5, "px_y": 1089.0, "clat": 50.05424909397978, "clon": 82.71414132852271}, "geometry": {"type": "Point", "coordinates": [1972.5035905838013, 1089.003055922687]}}, {"type": "Feature", "properties": {"num": 23, "osm_id": 602018486, "housenumber": "28", "area_m2": 164.6, "px_x": 2210.0, "px_y": 1096.0, "clat": 50.054224999999995, "clon": 82.71541535}, "geometry": {"type": "Point", "coordinates": [2209.998407393694, 1095.9983961805701]}}, {"type": "Feature", "properties": {"num": 24, "osm_id": 602018523, "housenumber": "16", "area_m2": 291.3, "px_x": 1989.0, "px_y": 1163.0, "clat": 50.0539942, "clon": 82.7142298}, "geometry": {"type": "Point", "coordinates": [1988.995869293809, 1163.0076764822006]}}, {"type": "Feature", "properties": {"num": 25, "osm_id": 602018487, "housenumber": "26", "area_m2": 164.4, "px_x": 2221.0, "px_y": 1140.0, "clat": 50.05407345, "clon": 82.71547435000001}, "geometry": {"type": "Point", "coordinates": [2220.9968045577407, 1139.9986770115793]}}, {"type": "Feature", "properties": {"num": 26, "osm_id": 602018581, "housenumber": "12/1", "area_m2": 134.5, "px_x": 1425.5, "px_y": 1195.5, "clat": 50.05388227340329, "clon": 82.71120698988133}, "geometry": {"type": "Point", "coordinates": [1425.5032216608524, 1195.5037505999207]}}, {"type": "Feature", "properties": {"num": 27, "osm_id": 602018553, "housenumber": "11", "area_m2": 230.5, "px_x": 1576.0, "px_y": 1171.0, "clat": 50.053966665454084, "clon": 82.7120143190547}, "geometry": {"type": "Point", "coordinates": [1576.0002874806523, 1171.0018928535283]}}, {"type": "Feature", "properties": {"num": 28, "osm_id": 602018535, "housenumber": "13", "area_m2": 291.3, "px_x": 1871.0, "px_y": 1183.5, "clat": 50.0539236, "clon": 82.7135968}, "geometry": {"type": "Point", "coordinates": [1870.9961167648435, 1183.5052515752614]}}, {"type": "Feature", "properties": {"num": 29, "osm_id": 602018488, "housenumber": "24", "area_m2": 164.4, "px_x": 2242.0, "px_y": 1225.0, "clat": 50.05378065, "clon": 82.715587}, "geometry": {"type": "Point", "coordinates": [2241.996286585927, 1225.008393779397]}}, {"type": "Feature", "properties": {"num": 30, "osm_id": 602018567, "housenumber": "13", "area_m2": 134.5, "px_x": 903.0, "px_y": 1239.5, "clat": 50.05373071652567, "clon": 82.70840406699628}, "geometry": {"type": "Point", "coordinates": [903.0005252808332, 1239.5057139620185]}}, {"type": "Feature", "properties": {"num": 31, "osm_id": 602018576, "housenumber": "7", "area_m2": 134.5, "px_x": 1320.5, "px_y": 1268.5, "clat": 50.05363087843597, "clon": 82.71064371144918}, "geometry": {"type": "Point", "coordinates": [1320.5005113780499, 1268.49193039909]}}, {"type": "Feature", "properties": {"num": 32, "osm_id": 602018555, "housenumber": "9", "area_m2": 230.5, "px_x": 1598.0, "px_y": 1276.0, "clat": 50.053605, "clon": 82.71213235}, "geometry": {"type": "Point", "coordinates": [1598.0028504133224, 1276.0052649006248]}}, {"type": "Feature", "properties": {"num": 33, "osm_id": 602018545, "housenumber": "10", "area_m2": 291.3, "px_x": 1714.5, "px_y": 1242.5, "clat": 50.0537204, "clon": 82.71275729999999}, "geometry": {"type": "Point", "coordinates": [1714.5019741877913, 1242.5009367838502]}}, {"type": "Feature", "properties": {"num": 34, "osm_id": 602018524, "housenumber": "14", "area_m2": 291.2, "px_x": 2014.0, "px_y": 1282.0, "clat": 50.053584342202136, "clon": 82.71436392860669}, "geometry": {"type": "Point", "coordinates": [2013.9992538169026, 1282.0028789043427]}}, {"type": "Feature", "properties": {"num": 35, "osm_id": 602018489, "housenumber": "11А", "area_m2": 164.4, "px_x": 2246.0, "px_y": 1280.0, "clat": 50.05359124577262, "clon": 82.71560847846301}, "geometry": {"type": "Point", "coordinates": [2246.000162281096, 1279.9985536895692]}}, {"type": "Feature", "properties": {"num": 36, "osm_id": 602018568, "housenumber": "21", "area_m2": 134.5, "px_x": 930.5, "px_y": 1346.0, "clat": 50.053363921564035, "clon": 82.70855158855083}, "geometry": {"type": "Point", "coordinates": [930.5005362331867, 1345.9978213720024]}}, {"type": "Feature", "properties": {"num": 37, "osm_id": 602018562, "housenumber": "39", "area_m2": 134.5, "px_x": 1161.0, "px_y": 1301.0, "clat": 50.053518921564034, "clon": 82.70978808855082}, "geometry": {"type": "Point", "coordinates": [1161.000842705369, 1300.9965483248234]}}, {"type": "Feature", "properties": {"num": 38, "osm_id": 602018582, "housenumber": "10", "area_m2": 134.5, "px_x": 1452.0, "px_y": 1302.5, "clat": 50.05351372156404, "clon": 82.71134908855083}, "geometry": {"type": "Point", "coordinates": [1451.992333561182, 1302.5062708035111]}}, {"type": "Feature", "properties": {"num": 39, "osm_id": 602018536, "housenumber": "11", "area_m2": 291.2, "px_x": 1900.5, "px_y": 1307.5, "clat": 50.05349650779545, "clon": 82.71375507138963}, "geometry": {"type": "Point", "coordinates": [1900.5000422149897, 1307.5039645396173]}}, {"type": "Feature", "properties": {"num": 40, "osm_id": 602018556, "housenumber": "7", "area_m2": 230.4, "px_x": 1627.0, "px_y": 1389.0, "clat": 50.053215806020226, "clon": 82.71228787147729}, "geometry": {"type": "Point", "coordinates": [1626.9941550567746, 1389.0001889690757]}}, {"type": "Feature", "properties": {"num": 41, "osm_id": 602018546, "housenumber": "8", "area_m2": 291.3, "px_x": 1742.5, "px_y": 1351.5, "clat": 50.053345, "clon": 82.7129075}, "geometry": {"type": "Point", "coordinates": [1742.5012835636735, 1351.4913241267204]}}, {"type": "Feature", "properties": {"num": 42, "osm_id": 602018525, "housenumber": "12", "area_m2": 291.2, "px_x": 2044.0, "px_y": 1401.0, "clat": 50.05317450779545, "clon": 82.71452487138963}, "geometry": {"type": "Point", "coordinates": [2044.001163072884, 1400.990273822099]}}, {"type": "Feature", "properties": {"num": 43, "osm_id": 602018490, "housenumber": "10", "area_m2": 164.6, "px_x": 2266.0, "px_y": 1351.0, "clat": 50.0533467, "clon": 82.71571575}, "geometry": {"type": "Point", "coordinates": [2265.9970261380076, 1350.9977627545595]}}, {"type": "Feature", "properties": {"num": 44, "osm_id": 602018491, "housenumber": "18", "area_m2": 164.4, "px_x": 2275.0, "px_y": 1404.0, "clat": 50.05316415, "clon": 82.71576405}, "geometry": {"type": "Point", "coordinates": [2275.0007987245917, 1403.9974437467754]}}, {"type": "Feature", "properties": {"num": 45, "osm_id": 602018569, "housenumber": "19", "area_m2": 134.5, "px_x": 958.0, "px_y": 1431.0, "clat": 50.05307112156404, "clon": 82.70869908855083}, "geometry": {"type": "Point", "coordinates": [957.996529109776, 1431.0062811672688]}}, {"type": "Feature", "properties": {"num": 46, "osm_id": 602018547, "housenumber": "6", "area_m2": 291.3, "px_x": 1767.5, "px_y": 1452.5, "clat": 50.0529971, "clon": 82.7130416}, "geometry": {"type": "Point", "coordinates": [1767.4993353933096, 1452.4968382045627]}}, {"type": "Feature", "properties": {"num": 47, "osm_id": 602018537, "housenumber": "9", "area_m2": 291.3, "px_x": 1925.0, "px_y": 1424.0, "clat": 50.05309525, "clon": 82.7138865}, "geometry": {"type": "Point", "coordinates": [1925.0001109316945, 1424.0011054985225]}}, {"type": "Feature", "properties": {"num": 48, "osm_id": 602018577, "housenumber": "5", "area_m2": 134.5, "px_x": 1402.5, "px_y": 1528.0, "clat": 50.052737021564035, "clon": 82.71108358855082}, "geometry": {"type": "Point", "coordinates": [1402.4995463564992, 1528.0047132074833]}}, {"type": "Feature", "properties": {"num": 49, "osm_id": 602018583, "housenumber": "6", "area_m2": 134.5, "px_x": 1500.7, "px_y": 1503.9, "clat": 50.05281992659671, "clon": 82.71161061011867}, "geometry": {"type": "Point", "coordinates": [1500.7434872537851, 1503.9351617842913]}}, {"type": "Feature", "properties": {"num": 50, "osm_id": 602018557, "housenumber": "5", "area_m2": 230.6, "px_x": 1646.0, "px_y": 1496.0, "clat": 50.05284727147778, "clon": 82.71238984052513}, "geometry": {"type": "Point", "coordinates": [1646.0025632828474, 1495.996201314032]}}, {"type": "Feature", "properties": {"num": 51, "osm_id": 602018526, "housenumber": "10", "area_m2": 291.3, "px_x": 2073.5, "px_y": 1518.0, "clat": 50.0527715, "clon": 82.7146831}, "geometry": {"type": "Point", "coordinates": [2073.4971138834953, 1517.994704861194]}}, {"type": "Feature", "properties": {"num": 52, "osm_id": 602018493, "housenumber": "16", "area_m2": 164.5, "px_x": 2287.0, "px_y": 1486.0, "clat": 50.0528817, "clon": 82.71582839999999}, "geometry": {"type": "Point", "coordinates": [2286.996508151293, 1486.0006613060832]}}, {"type": "Feature", "properties": {"num": 53, "osm_id": 602018481, "housenumber": "18", "area_m2": 1917.8, "px_x": 736.7, "px_y": 1548.6, "clat": 50.05266622719353, "clon": 82.70751175769347}, "geometry": {"type": "Point", "coordinates": [736.6620151400566, 1548.5581821277738]}}, {"type": "Feature", "properties": {"num": 54, "osm_id": 602018548, "housenumber": "4", "area_m2": 291.3, "px_x": 1795.0, "px_y": 1572.0, "clat": 50.0525855, "clon": 82.7131891}, "geometry": {"type": "Point", "coordinates": [1794.9953282922506, 1571.9953739792109]}}, {"type": "Feature", "properties": {"num": 55, "osm_id": 602018538, "housenumber": "7", "area_m2": 291.2, "px_x": 1955.0, "px_y": 1545.0, "clat": 50.05267849220454, "clon": 82.71404742861039}, "geometry": {"type": "Point", "coordinates": [1954.999378234148, 1544.9973288103938]}}, {"type": "Feature", "properties": {"num": 56, "osm_id": 602018496, "housenumber": "14", "area_m2": 164.4, "px_x": 2303.0, "px_y": 1539.0, "clat": 50.05269915, "clon": 82.71591425}, "geometry": {"type": "Point", "coordinates": [2303.0001080855727, 1538.9998287186027]}}, {"type": "Feature", "properties": {"num": 57, "osm_id": 602018570, "housenumber": "13А", "area_m2": 134.5, "px_x": 1026.0, "px_y": 1644.5, "clat": 50.05233577843597, "clon": 82.70906391144918}, "geometry": {"type": "Point", "coordinates": [1026.004446528852, 1644.495752081275]}}, {"type": "Feature", "properties": {"num": 58, "osm_id": 602018558, "housenumber": "3", "area_m2": 230.6, "px_x": 1670.0, "px_y": 1600.0, "clat": 50.05248902852222, "clon": 82.71251855947486}, "geometry": {"type": "Point", "coordinates": [1669.9975146502256, 1600.0034869760275]}}, {"type": "Feature", "properties": {"num": 59, "osm_id": 602018539, "housenumber": "5", "area_m2": 291.3, "px_x": 1975.5, "px_y": 1636.5, "clat": 50.0523633, "clon": 82.7141574}, "geometry": {"type": "Point", "coordinates": [1975.4995310902596, 1636.5055763572454]}}, {"type": "Feature", "properties": {"num": 60, "osm_id": 602018527, "housenumber": "8", "area_m2": 291.3, "px_x": 2096.5, "px_y": 1612.5, "clat": 50.052446, "clon": 82.7148065}, "geometry": {"type": "Point", "coordinates": [2096.5005411580205, 1612.4957384504378]}}, {"type": "Feature", "properties": {"num": 61, "osm_id": 602018499, "housenumber": "11", "area_m2": 164.4, "px_x": 2315.0, "px_y": 1613.0, "clat": 50.052444254227375, "clon": 82.71597862153699}, "geometry": {"type": "Point", "coordinates": [2314.9998323097825, 1613.0025794804096]}}, {"type": "Feature", "properties": {"num": 62, "osm_id": 602018563, "housenumber": "31А", "area_m2": 134.5, "px_x": 1256.0, "px_y": 1670.0, "clat": 50.05224792156404, "clon": 82.71029768855082}, "geometry": {"type": "Point", "coordinates": [1255.997167982161, 1670.002696402371]}}, {"type": "Feature", "properties": {"num": 63, "osm_id": 602018584, "housenumber": "1", "area_m2": 230.6, "px_x": 1688.2, "px_y": 1688.0, "clat": 50.05218592852222, "clon": 82.71261645947486}, "geometry": {"type": "Point", "coordinates": [1688.2473973929882, 1688.000726185739]}}, {"type": "Feature", "properties": {"num": 64, "osm_id": 602018549, "housenumber": "2", "area_m2": 291.2, "px_x": 1813.5, "px_y": 1666.8, "clat": 50.05225910779545, "clon": 82.71328837138962}, "geometry": {"type": "Point", "coordinates": [1813.50085657835, 1666.7550693526864]}}, {"type": "Feature", "properties": {"num": 65, "osm_id": 602018502, "housenumber": "9", "area_m2": 164.4, "px_x": 2329.0, "px_y": 1659.0, "clat": 50.05228585422738, "clon": 82.716053721537}, "geometry": {"type": "Point", "coordinates": [2328.9994869977236, 1658.9899457022548]}}, {"type": "Feature", "properties": {"num": 66, "osm_id": 602018571, "housenumber": "11", "area_m2": 134.5, "px_x": 1051.5, "px_y": 1717.5, "clat": 50.05208432156404, "clon": 82.70920068855082}, "geometry": {"type": "Point", "coordinates": [1051.5015462860465, 1717.4995519891381]}}, {"type": "Feature", "properties": {"num": 67, "osm_id": 602018564, "housenumber": "29А", "area_m2": 134.5, "px_x": 1288.0, "px_y": 1759.5, "clat": 50.05193967340329, "clon": 82.71046938988133}, "geometry": {"type": "Point", "coordinates": [1288.0046158581972, 1759.4941163919866]}}, {"type": "Feature", "properties": {"num": 68, "osm_id": 602018531, "housenumber": "3", "area_m2": 230.5, "px_x": 2010.0, "px_y": 1760.5, "clat": 50.0519362, "clon": 82.71434245}, "geometry": {"type": "Point", "coordinates": [2009.9953513219953, 1760.5025207325816]}}, {"type": "Feature", "properties": {"num": 69, "osm_id": 602018528, "housenumber": "6", "area_m2": 291.3, "px_x": 2118.5, "px_y": 1713.5, "clat": 50.0520981, "clon": 82.7149245}, "geometry": {"type": "Point", "coordinates": [2118.4973354637623, 1713.49936029315]}}, {"type": "Feature", "properties": {"num": 70, "osm_id": 602018505, "housenumber": "7", "area_m2": 164.4, "px_x": 2356.5, "px_y": 1737.5, "clat": 50.05201545, "clon": 82.71620125}, "geometry": {"type": "Point", "coordinates": [2356.5007857754827, 1737.4945080280304]}}, {"type": "Feature", "properties": {"num": 71, "osm_id": 602018572, "housenumber": "27А", "area_m2": 134.5, "px_x": 1077.0, "px_y": 1827.0, "clat": 50.051707173403294, "clon": 82.70933748988134}, "geometry": {"type": "Point", "coordinates": [1077.003162637353, 1826.993750024587]}}, {"type": "Feature", "properties": {"num": 72, "osm_id": 602018550, "housenumber": "1", "area_m2": 230.5, "px_x": 1829.0, "px_y": 1773.0, "clat": 50.05189316545408, "clon": 82.7133715190547}, "geometry": {"type": "Point", "coordinates": [1829.0007047653198, 1772.9963771030307]}}, {"type": "Feature", "properties": {"num": 73, "osm_id": 602018529, "housenumber": "4", "area_m2": 291.3, "px_x": 2161.0, "px_y": 1818.0, "clat": 50.051738150000006, "clon": 82.7151525}, "geometry": {"type": "Point", "coordinates": [2160.999615997076, 1818.000612217933]}}, {"type": "Feature", "properties": {"num": 74, "osm_id": 602018508, "housenumber": "5", "area_m2": 164.4, "px_x": 2367.1, "px_y": 1795.0, "clat": 50.05181735, "clon": 82.71625825000001}, "geometry": {"type": "Point", "coordinates": [2367.1263559162617, 1795.00721052289]}}, {"type": "Feature", "properties": {"num": 75, "osm_id": 602018586, "housenumber": "14", "area_m2": 383.5, "px_x": 1600.6, "px_y": 1882.9, "clat": 50.0515147, "clon": 82.7121464}, "geometry": {"type": "Point", "coordinates": [1600.6219602450728, 1882.872574456036]}}, {"type": "Feature", "properties": {"num": 76, "osm_id": 602018540, "housenumber": "1", "area_m2": 230.6, "px_x": 2027.0, "px_y": 1872.0, "clat": 50.05155217147778, "clon": 82.71443364052513}, "geometry": {"type": "Point", "coordinates": [2026.9944972991943, 1871.9938831105828]}}, {"type": "Feature", "properties": {"num": 77, "osm_id": 602018513, "housenumber": "3", "area_m2": 230.5, "px_x": 2380.5, "px_y": 1870.5, "clat": 50.05155733454592, "clon": 82.7163299809453}, "geometry": {"type": "Point", "coordinates": [2380.4979732856154, 1870.494944371283]}}, {"type": "Feature", "properties": {"num": 78, "osm_id": 602018573, "housenumber": "2А", "area_m2": 684.5, "px_x": 1471.0, "px_y": 1947.1, "clat": 50.0512934, "clon": 82.71145105000001}, "geometry": {"type": "Point", "coordinates": [1470.9993252977729, 1947.1200513727963]}}, {"type": "Feature", "properties": {"num": 79, "osm_id": 602018530, "housenumber": "2", "area_m2": 291.3, "px_x": 2172.0, "px_y": 1935.0, "clat": 50.05133515, "clon": 82.7152115}, "geometry": {"type": "Point", "coordinates": [2171.998013153672, 1934.9992780163884]}}, {"type": "Feature", "properties": {"num": 80, "osm_id": 602018516, "housenumber": "2", "area_m2": 230.5, "px_x": 2390.0, "px_y": 1923.0, "clat": 50.0513765, "clon": 82.71638095}, "geometry": {"type": "Point", "coordinates": [2389.999293729663, 1922.9946214407682]}}, {"type": "Feature", "properties": {"num": 81, "osm_id": 602018510, "housenumber": "2А", "area_m2": 230.6, "px_x": 2453.0, "px_y": 1990.5, "clat": 50.05114396545408, "clon": 82.7167189190547}, "geometry": {"type": "Point", "coordinates": [2453.0012918561697, 1990.5034922026098]}}, {"type": "Feature", "properties": {"num": 82, "osm_id": 602018587, "housenumber": "69", "area_m2": 737.4, "px_x": 1640.2, "px_y": 2021.7, "clat": 50.05103636675167, "clon": 82.71235896792781}, "geometry": {"type": "Point", "coordinates": [1640.247494019568, 2021.7411783076823]}}, {"type": "Feature", "properties": {"num": 83, "osm_id": 602018590, "housenumber": "24", "area_m2": 666.6, "px_x": 2030.5, "px_y": 2104.5, "clat": 50.05075130097295, "clon": 82.71445241896882}, "geometry": {"type": "Point", "coordinates": [2030.4950529113412, 2104.500158522278]}}, {"type": "Feature", "properties": {"num": 84, "osm_id": 602018591, "housenumber": "32", "area_m2": 666.6, "px_x": 1885.5, "px_y": 2138.9, "clat": 50.0506329, "clon": 82.7136746}, "geometry": {"type": "Point", "coordinates": [1885.4990879297256, 2138.873637624085]}}, {"type": "Feature", "properties": {"num": 85, "osm_id": 602018595, "housenumber": "34", "area_m2": 577.0, "px_x": 1698.0, "px_y": 2227.0, "clat": 50.05032935, "clon": 82.7126688}, "geometry": {"type": "Point", "coordinates": [1698.004378452897, 2226.9981137290597]}}, {"type": "Feature", "properties": {"num": 86, "osm_id": 602018592, "housenumber": "32", "area_m2": 670.7, "px_x": 1776.0, "px_y": 2212.5, "clat": 50.0503792814706, "clon": 82.71308720180875}, "geometry": {"type": "Point", "coordinates": [1776.0001286789775, 2212.5024027749896]}}, {"type": "Feature", "properties": {"num": 87, "osm_id": 602018593, "housenumber": "31", "area_m2": 670.8, "px_x": 1958.9, "px_y": 2267.0, "clat": 50.05019155, "clon": 82.7140682}, "geometry": {"type": "Point", "coordinates": [1958.871445901692, 2267.003045268357]}}, {"type": "Feature", "properties": {"num": 88, "osm_id": 602018596, "housenumber": "28", "area_m2": 577.0, "px_x": 1724.9, "px_y": 2361.9, "clat": 50.04986475, "clon": 82.7128129}, "geometry": {"type": "Point", "coordinates": [1724.8665654063225, 2361.8764004595578]}}, {"type": "Feature", "properties": {"num": 89, "osm_id": 602018594, "housenumber": "27", "area_m2": 617.2, "px_x": 1870.8, "px_y": 2363.2, "clat": 50.04986004870535, "clon": 82.7135954801275}, "geometry": {"type": "Point", "coordinates": [1870.7500746920705, 2363.241229273379]}}, {"type": "Feature", "properties": {"num": 90, "osm_id": 602018602, "housenumber": "1/18", "area_m2": 137.2, "px_x": 2089.0, "px_y": 2427.0, "clat": 50.04964045, "clon": 82.71476625}, "geometry": {"type": "Point", "coordinates": [2088.997397340834, 2426.992591973394]}}, {"type": "Feature", "properties": {"num": 91, "osm_id": 602018585, "housenumber": "2Б", "area_m2": 79.9, "px_x": 2028.0, "px_y": 2454.5, "clat": 50.049545699999996, "clon": 82.71443905000001}, "geometry": {"type": "Point", "coordinates": [2028.002896502614, 2454.4992287941277]}}, {"type": "Feature", "properties": {"num": 92, "osm_id": 602018624, "housenumber": "1", "area_m2": 1362.1, "px_x": 1812.7, "px_y": 2571.5, "clat": 50.049142624435824, "clon": 82.71328434148103}, "geometry": {"type": "Point", "coordinates": [1812.7496271654963, 2571.514486312866]}}, {"type": "Feature", "properties": {"num": 93, "osm_id": 602018601, "housenumber": "2", "area_m2": 824.2, "px_x": 2002.1, "px_y": 2567.8, "clat": 50.04915557886637, "clon": 82.71430023565419}, "geometry": {"type": "Point", "coordinates": [2002.126026906073, 2567.753752592951]}}, {"type": "Feature", "properties": {"num": 94, "osm_id": 602018604, "housenumber": "1/17", "area_m2": 137.1, "px_x": 2144.5, "px_y": 2587.5, "clat": 50.04908755, "clon": 82.715064}, "geometry": {"type": "Point", "coordinates": [2144.5020202621818, 2587.502849549055]}}, {"type": "Feature", "properties": {"num": 95, "osm_id": 602018610, "housenumber": "1/11", "area_m2": 137.2, "px_x": 1996.5, "px_y": 2716.0, "clat": 50.048644949999996, "clon": 82.71427005}, "geometry": {"type": "Point", "coordinates": [1996.4990131184459, 2715.9910087250173]}}, {"type": "Feature", "properties": {"num": 96, "osm_id": 602018605, "housenumber": "1/16", "area_m2": 137.2, "px_x": 2144.0, "px_y": 2674.0, "clat": 50.0487896, "clon": 82.7150613}, "geometry": {"type": "Point", "coordinates": [2143.9987037852407, 2673.9987933300436]}}, {"type": "Feature", "properties": {"num": 97, "osm_id": 602018611, "housenumber": "1/10", "area_m2": 137.2, "px_x": 2014.5, "px_y": 2776.5, "clat": 50.04843655, "clon": 82.71436659999999}, "geometry": {"type": "Point", "coordinates": [2014.4972376152873, 2776.489767808467]}}, {"type": "Feature", "properties": {"num": 98, "osm_id": 602018606, "housenumber": "1/15", "area_m2": 137.1, "px_x": 2163.0, "px_y": 2735.5, "clat": 50.04857775793989, "clon": 82.71516322029288}, "geometry": {"type": "Point", "coordinates": [2162.9980234354734, 2735.4969695545733]}}, {"type": "Feature", "properties": {"num": 99, "osm_id": 602018622, "housenumber": "1/1", "area_m2": 137.2, "px_x": 1886.1, "px_y": 2807.4, "clat": 50.04833015, "clon": 82.71367794999999}, "geometry": {"type": "Point", "coordinates": [1886.1235731840134, 2807.3777085766196]}}, {"type": "Feature", "properties": {"num": 100, "osm_id": 602018607, "housenumber": "1/14", "area_m2": 137.2, "px_x": 2186.5, "px_y": 2820.0, "clat": 50.04828665, "clon": 82.7152893}, "geometry": {"type": "Point", "coordinates": [2186.5009843185544, 2820.0057473406196]}}, {"type": "Feature", "properties": {"num": 101, "osm_id": 602018612, "housenumber": "1/5", "area_m2": 137.2, "px_x": 2043.5, "px_y": 2882.5, "clat": 50.04807135, "clon": 82.71452219999999}, "geometry": {"type": "Point", "coordinates": [2043.5031799450517, 2882.5071132443845]}}, {"type": "Feature", "properties": {"num": 102, "osm_id": 602018608, "housenumber": "1/13", "area_m2": 137.2, "px_x": 2206.0, "px_y": 2886.0, "clat": 50.04805935, "clon": 82.71539390000001}, "geometry": {"type": "Point", "coordinates": [2205.999837577343, 2885.9906925037503]}}, {"type": "Feature", "properties": {"num": 103, "osm_id": 601997162, "housenumber": "6", "area_m2": 251.6, "px_x": 5086.0, "px_y": 2896.0, "clat": 50.04802485, "clon": 82.7308434}, "geometry": {"type": "Point", "coordinates": [5085.995377495885, 2896.0059780329466]}}, {"type": "Feature", "properties": {"num": 104, "osm_id": 602018620, "housenumber": "1/2", "area_m2": 137.2, "px_x": 1913.5, "px_y": 2911.5, "clat": 50.04797145, "clon": 82.7138248}, "geometry": {"type": "Point", "coordinates": [1913.4983972981572, 2911.5078840330243]}}, {"type": "Feature", "properties": {"num": 105, "osm_id": 602018613, "housenumber": "1/8", "area_m2": 137.1, "px_x": 2063.5, "px_y": 2961.0, "clat": 50.04780094206011, "clon": 82.71462947970711}, "geometry": {"type": "Point", "coordinates": [2063.5015668198466, 2961.005859538913]}}, {"type": "Feature", "properties": {"num": 106, "osm_id": 602018603, "housenumber": "1/12", "area_m2": 137.2, "px_x": 2226.0, "px_y": 2955.0, "clat": 50.04782165, "clon": 82.7155012}, "geometry": {"type": "Point", "coordinates": [2226.002007327974, 2954.9944121949375]}}, {"type": "Feature", "properties": {"num": 107, "osm_id": 602018619, "housenumber": "1/3", "area_m2": 137.1, "px_x": 1933.5, "px_y": 2989.0, "clat": 50.047704529705626, "clon": 82.71393210596362}, "geometry": {"type": "Point", "coordinates": [1933.5016787424684, 2988.9940171167254]}}, {"type": "Feature", "properties": {"num": 108, "osm_id": 602018618, "housenumber": "1/4", "area_m2": 137.2, "px_x": 1954.5, "px_y": 3066.0, "clat": 50.04743925, "clon": 82.71404475}, "geometry": {"type": "Point", "coordinates": [1954.5000490620732, 3066.0034654177725]}}, {"type": "Feature", "properties": {"num": 109, "osm_id": 602018614, "housenumber": "1/7", "area_m2": 137.1, "px_x": 2086.0, "px_y": 3035.0, "clat": 50.04754604206011, "clon": 82.71475017970711}, "geometry": {"type": "Point", "coordinates": [2086.00167760998, 3035.0022848546505]}}, {"type": "Feature", "properties": {"num": 110, "osm_id": 601997163, "housenumber": "8", "area_m2": 251.6, "px_x": 5307.0, "px_y": 3047.0, "clat": 50.04750475, "clon": 82.732029}, "geometry": {"type": "Point", "coordinates": [5307.007236272097, 3046.9891636818647]}}, {"type": "Feature", "properties": {"num": 111, "osm_id": 601997164, "housenumber": "10", "area_m2": 251.6, "px_x": 5409.5, "px_y": 3061.5, "clat": 50.04745475, "clon": 82.7325788}, "geometry": {"type": "Point", "coordinates": [5409.497384674847, 3061.5039001703262]}}, {"type": "Feature", "properties": {"num": 112, "osm_id": 601997165, "housenumber": "12", "area_m2": 251.6, "px_x": 5508.0, "px_y": 3077.0, "clat": 50.04740135, "clon": 82.7331072}, "geometry": {"type": "Point", "coordinates": [5507.998283945024, 3077.005622047931]}}, {"type": "Feature", "properties": {"num": 113, "osm_id": 602018617, "housenumber": "1/9", "area_m2": 137.2, "px_x": 1974.5, "px_y": 3135.5, "clat": 50.04719985, "clon": 82.71415205}, "geometry": {"type": "Point", "coordinates": [1974.5022188052535, 3135.499791763723]}}, {"type": "Feature", "properties": {"num": 114, "osm_id": 602018615, "housenumber": "1/6", "area_m2": 137.2, "px_x": 2102.0, "px_y": 3091.0, "clat": 50.04735315, "clon": 82.714836}, "geometry": {"type": "Point", "coordinates": [2101.999739728868, 3090.997798141092]}}, {"type": "Feature", "properties": {"num": 115, "osm_id": 602018609, "housenumber": "1Б", "area_m2": 137.1, "px_x": 2274.0, "px_y": 3148.0, "clat": 50.04715677029437, "clon": 82.71575869403638}, "geometry": {"type": "Point", "coordinates": [2274.0023747310042, 3148.005524724722]}}, {"type": "Feature", "properties": {"num": 116, "osm_id": 601997166, "housenumber": "14", "area_m2": 251.6, "px_x": 5595.0, "px_y": 3090.5, "clat": 50.04735485, "clon": 82.7335739}, "geometry": {"type": "Point", "coordinates": [5594.997469581664, 3090.504298388958]}}, {"type": "Feature", "properties": {"num": 117, "osm_id": 1330380632, "housenumber": null, "area_m2": 1111.8, "px_x": 774.9, "px_y": 3178.3, "clat": 50.047052287128594, "clon": 82.70771713092371}, "geometry": {"type": "Point", "coordinates": [774.9463600814342, 3178.336199980229]}}, {"type": "Feature", "properties": {"num": 118, "osm_id": 1330380631, "housenumber": null, "area_m2": 2739.5, "px_x": 695.4, "px_y": 3223.4, "clat": 50.0468970556787, "clon": 82.70729029313003}, "geometry": {"type": "Point", "coordinates": [695.3780282884836, 3223.398597575724]}}, {"type": "Feature", "properties": {"num": 119, "osm_id": 1330380633, "housenumber": null, "area_m2": 1515.1, "px_x": 904.1, "px_y": 3304.5, "clat": 50.04661781257829, "clon": 82.70840971882916}, "geometry": {"type": "Point", "coordinates": [904.0541032925248, 3304.460178025067]}}, {"type": "Feature", "properties": {"num": 120, "osm_id": 602018616, "housenumber": "1А", "area_m2": 137.2, "px_x": 2120.5, "px_y": 3281.0, "clat": 50.046698649999996, "clon": 82.71493525}, "geometry": {"type": "Point", "coordinates": [2120.501280710101, 3280.9939021877944]}}, {"type": "Feature", "properties": {"num": 121, "osm_id": 1330380635, "housenumber": null, "area_m2": 670.9, "px_x": 840.6, "px_y": 3368.8, "clat": 50.046396168451885, "clon": 82.70806956662696}, "geometry": {"type": "Point", "coordinates": [840.6451369598508, 3368.800995785743]}}, {"type": "Feature", "properties": {"num": 122, "osm_id": 95779185, "housenumber": null, "area_m2": 1674.9, "px_x": 1811.1, "px_y": 3410.2, "clat": 50.046253449999995, "clon": 82.7132753}, "geometry": {"type": "Point", "coordinates": [1811.0641729459167, 3410.2304132953286]}}, {"type": "Feature", "properties": {"num": 123, "osm_id": 1330380634, "housenumber": null, "area_m2": 162.2, "px_x": 778.4, "px_y": 3509.5, "clat": 50.045911499999995, "clon": 82.70773575}, "geometry": {"type": "Point", "coordinates": [778.4172074645758, 3509.493806384504]}}, {"type": "Feature", "properties": {"num": 124, "osm_id": 601997169, "housenumber": "251", "area_m2": 251.6, "px_x": 5112.0, "px_y": 3538.0, "clat": 50.04581335, "clon": 82.7309829}, "geometry": {"type": "Point", "coordinates": [5112.000062294304, 3537.985274039209]}}, {"type": "Feature", "properties": {"num": 125, "osm_id": 601997170, "housenumber": "253", "area_m2": 251.6, "px_x": 5245.0, "px_y": 3555.0, "clat": 50.04575475, "clon": 82.7316964}, "geometry": {"type": "Point", "coordinates": [5245.006102479994, 3554.995944224298]}}, {"type": "Feature", "properties": {"num": 126, "osm_id": 95484333, "housenumber": "100", "area_m2": 251.6, "px_x": 3534.5, "px_y": 3683.6, "clat": 50.04531167248098, "clon": 82.7225207621252}, "geometry": {"type": "Point", "coordinates": [3534.543229550123, 3683.613796699792]}}, {"type": "Feature", "properties": {"num": 127, "osm_id": 936397572, "housenumber": null, "area_m2": 2364.4, "px_x": 842.9, "px_y": 3715.8, "clat": 50.04520083900822, "clon": 82.70808168047114}, "geometry": {"type": "Point", "coordinates": [842.9033211916685, 3715.7866792827845]}}, {"type": "Feature", "properties": {"num": 128, "osm_id": 936397571, "housenumber": null, "area_m2": 1662.9, "px_x": 958.2, "px_y": 3718.9, "clat": 50.045190021394376, "clon": 82.70870023317046}, "geometry": {"type": "Point", "coordinates": [958.2099016830325, 3718.926826123148]}}, {"type": "Feature", "properties": {"num": 129, "osm_id": 936397567, "housenumber": null, "area_m2": 1643.9, "px_x": 1018.2, "px_y": 3701.3, "clat": 50.045250887885395, "clon": 82.7090221808751}, "geometry": {"type": "Point", "coordinates": [1018.2253036946058, 3701.258436243981]}}, {"type": "Feature", "properties": {"num": 130, "osm_id": 936397568, "housenumber": null, "area_m2": 595.1, "px_x": 1080.6, "px_y": 3702.6, "clat": 50.045246299999995, "clon": 82.70935655}, "geometry": {"type": "Point", "coordinates": [1080.5562262758613, 3702.5902132876217]}}, {"type": "Feature", "properties": {"num": 131, "osm_id": 936397565, "housenumber": null, "area_m2": 147.2, "px_x": 1433.9, "px_y": 3731.7, "clat": 50.04514585, "clon": 82.71125225}, "geometry": {"type": "Point", "coordinates": [1433.9403192922473, 3731.748931530863]}}, {"type": "Feature", "properties": {"num": 132, "osm_id": 1330442042, "housenumber": null, "area_m2": 117.8, "px_x": 4786.5, "px_y": 3748.5, "clat": 50.04508807834637, "clon": 82.72923669196236}, "geometry": {"type": "Point", "coordinates": [4786.483290866017, 3748.5189125575125]}}, {"type": "Feature", "properties": {"num": 133, "osm_id": 601997168, "housenumber": "70", "area_m2": 608.5, "px_x": 4929.0, "px_y": 3719.8, "clat": 50.04518685672206, "clon": 82.73000102088224}, "geometry": {"type": "Point", "coordinates": [4928.964528463781, 3719.845469966531]}}, {"type": "Feature", "properties": {"num": 134, "osm_id": 601997171, "housenumber": "257", "area_m2": 251.7, "px_x": 5419.0, "px_y": 3708.0, "clat": 50.04522765, "clon": 82.7326298}, "geometry": {"type": "Point", "coordinates": [5419.004473738372, 3708.0039570257068]}}, {"type": "Feature", "properties": {"num": 135, "osm_id": 95484326, "housenumber": null, "area_m2": 251.7, "px_x": 5689.4, "px_y": 3743.6, "clat": 50.0451049, "clon": 82.73408005}, "geometry": {"type": "Point", "coordinates": [5689.350668229163, 3743.6359176263213]}}, {"type": "Feature", "properties": {"num": 136, "osm_id": 936397566, "housenumber": null, "area_m2": 174.0, "px_x": 1209.5, "px_y": 3780.6, "clat": 50.04497763047549, "clon": 82.71004841836401}, "geometry": {"type": "Point", "coordinates": [1209.5298372358084, 3780.579712919891]}}, {"type": "Feature", "properties": {"num": 137, "osm_id": 95484386, "housenumber": "98", "area_m2": 251.7, "px_x": 3293.5, "px_y": 3782.8, "clat": 50.04496995, "clon": 82.72122795}, "geometry": {"type": "Point", "coordinates": [3293.545582085848, 3782.809198074043]}}, {"type": "Feature", "properties": {"num": 138, "osm_id": 601997175, "housenumber": "96", "area_m2": 251.7, "px_x": 3378.5, "px_y": 3801.0, "clat": 50.0449073, "clon": 82.7216837}, "geometry": {"type": "Point", "coordinates": [3378.503539763391, 3800.9952000640333]}}, {"type": "Feature", "properties": {"num": 139, "osm_id": 601997173, "housenumber": "108", "area_m2": 251.7, "px_x": 3963.0, "px_y": 3772.0, "clat": 50.04500715, "clon": 82.7248192}, "geometry": {"type": "Point", "coordinates": [3963.0031038597226, 3772.010794594884]}}, {"type": "Feature", "properties": {"num": 140, "osm_id": 95484289, "housenumber": "106", "area_m2": 251.7, "px_x": 4061.4, "px_y": 3782.5, "clat": 50.04497115, "clon": 82.725347}, "geometry": {"type": "Point", "coordinates": [4061.392155021429, 3782.460862606764]}}, {"type": "Feature", "properties": {"num": 141, "osm_id": 95484274, "housenumber": "107", "area_m2": 251.6, "px_x": 4199.6, "px_y": 3804.0, "clat": 50.044896805206406, "clon": 82.72608837751983}, "geometry": {"type": "Point", "coordinates": [4199.594941549003, 3804.0416197255254]}}, {"type": "Feature", "properties": {"num": 142, "osm_id": 1330442043, "housenumber": null, "area_m2": 53.4, "px_x": 4747.9, "px_y": 3752.0, "clat": 50.045076, "clon": 82.72902985}, "geometry": {"type": "Point", "coordinates": [4747.925154417753, 3752.0250177010894]}}, {"type": "Feature", "properties": {"num": 143, "osm_id": 936397570, "housenumber": null, "area_m2": 1691.1, "px_x": 773.4, "px_y": 3831.1, "clat": 50.0448037, "clon": 82.7077091}, "geometry": {"type": "Point", "coordinates": [773.449287392199, 3831.0680898167193]}}, {"type": "Feature", "properties": {"num": 144, "osm_id": 1330380640, "housenumber": null, "area_m2": 177.6, "px_x": 880.1, "px_y": 3850.8, "clat": 50.0447358, "clon": 82.708281}, "geometry": {"type": "Point", "coordinates": [880.0591744035482, 3850.777989115566]}}, {"type": "Feature", "properties": {"num": 145, "osm_id": 1330380647, "housenumber": null, "area_m2": 640.3, "px_x": 1097.8, "px_y": 3818.9, "clat": 50.04484565, "clon": 82.70944915}, "geometry": {"type": "Point", "coordinates": [1097.8181174099445, 3818.8908995203674]}}, {"type": "Feature", "properties": {"num": 146, "osm_id": 95484397, "housenumber": "51", "area_m2": 251.7, "px_x": 3183.4, "px_y": 3861.4, "clat": 50.04469905, "clon": 82.72063735}, "geometry": {"type": "Point", "coordinates": [3183.449762418866, 3861.4457064829767]}}, {"type": "Feature", "properties": {"num": 147, "osm_id": 95484275, "housenumber": "95", "area_m2": 251.7, "px_x": 3476.1, "px_y": 3814.7, "clat": 50.04485995, "clon": 82.7222074}, "geometry": {"type": "Point", "coordinates": [3476.1282955408096, 3814.7399120740592]}}, {"type": "Feature", "properties": {"num": 148, "osm_id": 95484265, "housenumber": "94", "area_m2": 251.7, "px_x": 3562.0, "px_y": 3828.9, "clat": 50.044811, "clon": 82.7226679}, "geometry": {"type": "Point", "coordinates": [3561.9717174097896, 3828.949056278914]}}, {"type": "Feature", "properties": {"num": 149, "osm_id": 95484383, "housenumber": "42", "area_m2": 251.6, "px_x": 3659.0, "px_y": 3844.2, "clat": 50.04475857248098, "clon": 82.7231883621252}, "geometry": {"type": "Point", "coordinates": [3658.992889560759, 3844.167634241283]}}, {"type": "Feature", "properties": {"num": 150, "osm_id": 601997176, "housenumber": "92", "area_m2": 251.5, "px_x": 3740.5, "px_y": 3861.5, "clat": 50.0446989, "clon": 82.72362559999999}, "geometry": {"type": "Point", "coordinates": [3740.49993699044, 3861.4892481714487]}}, {"type": "Feature", "properties": {"num": 151, "osm_id": 1330380639, "housenumber": null, "area_m2": 143.3, "px_x": 881.5, "px_y": 3895.8, "clat": 50.044580566563766, "clon": 82.70828890910354}, "geometry": {"type": "Point", "coordinates": [881.5335381627083, 3895.8387885801494]}}, {"type": "Feature", "properties": {"num": 152, "osm_id": 1330380646, "housenumber": null, "area_m2": 68.5, "px_x": 913.6, "px_y": 3911.6, "clat": 50.04452632130907, "clon": 82.70846088913852}, "geometry": {"type": "Point", "coordinates": [913.5929403230548, 3911.5849401168525]}}, {"type": "Feature", "properties": {"num": 153, "osm_id": 1330380638, "housenumber": null, "area_m2": 460.1, "px_x": 978.7, "px_y": 3922.2, "clat": 50.0444897310787, "clon": 82.70881012287818}, "geometry": {"type": "Point", "coordinates": [978.6948279291391, 3922.2062335386872]}}, {"type": "Feature", "properties": {"num": 154, "osm_id": 936397569, "housenumber": null, "area_m2": 1451.6, "px_x": 1114.6, "px_y": 3891.8, "clat": 50.04459445035541, "clon": 82.70953941757428}, "geometry": {"type": "Point", "coordinates": [1114.6452128589153, 3891.8086398877203]}}, {"type": "Feature", "properties": {"num": 155, "osm_id": 95484349, "housenumber": "49", "area_m2": 251.7, "px_x": 3284.1, "px_y": 3883.1, "clat": 50.0446244, "clon": 82.7211772}, "geometry": {"type": "Point", "coordinates": [3284.0850963890553, 3883.1149358078837]}}, {"type": "Feature", "properties": {"num": 156, "osm_id": 95484291, "housenumber": "45", "area_m2": 251.7, "px_x": 3489.0, "px_y": 3908.0, "clat": 50.0445385, "clon": 82.7222762}, "geometry": {"type": "Point", "coordinates": [3488.953545100987, 3908.0497474074364]}}, {"type": "Feature", "properties": {"num": 157, "osm_id": 1011685919, "housenumber": "43", "area_m2": 285.0, "px_x": 3561.5, "px_y": 3928.0, "clat": 50.044469777918245, "clon": 82.72266533857946}, "geometry": {"type": "Point", "coordinates": [3561.494234010577, 3927.9981688447297]}}, {"type": "Feature", "properties": {"num": 158, "osm_id": 601997178, "housenumber": "90", "area_m2": 251.7, "px_x": 3960.0, "px_y": 3914.0, "clat": 50.04451805, "clon": 82.7248031}, "geometry": {"type": "Point", "coordinates": [3960.0018463358283, 3913.9859095960855]}}, {"type": "Feature", "properties": {"num": 159, "osm_id": 1011686100, "housenumber": "89", "area_m2": 251.7, "px_x": 4098.0, "px_y": 3927.0, "clat": 50.044473249999996, "clon": 82.72554339999999}, "geometry": {"type": "Point", "coordinates": [4098.0037686005235, 3926.990304980427]}}, {"type": "Feature", "properties": {"num": 160, "osm_id": 601997174, "housenumber": "67", "area_m2": 251.6, "px_x": 4921.5, "px_y": 3924.0, "clat": 50.04448360520641, "clon": 82.72996097751984}, "geometry": {"type": "Point", "coordinates": [4921.499904684722, 3923.9844310954213]}}, {"type": "Feature", "properties": {"num": 161, "osm_id": 601997172, "housenumber": "74", "area_m2": 251.7, "px_x": 5417.0, "px_y": 3878.0, "clat": 50.04464205, "clon": 82.732619}, "geometry": {"type": "Point", "coordinates": [5416.991207823157, 3877.9915376752615]}}, {"type": "Feature", "properties": {"num": 162, "osm_id": 1121029456, "housenumber": "1в", "area_m2": 93.6, "px_x": 2356.6, "px_y": 3957.9, "clat": 50.044366617107244, "clon": 82.71620199549425}, "geometry": {"type": "Point", "coordinates": [2356.6397559791803, 3957.943298511207]}}, {"type": "Feature", "properties": {"num": 163, "osm_id": 95484391, "housenumber": null, "area_m2": 251.6, "px_x": 3142.9, "px_y": 3930.3, "clat": 50.044461972480974, "clon": 82.7204200621252}, "geometry": {"type": "Point", "coordinates": [3142.9443667531013, 3930.263903874904]}}, {"type": "Feature", "properties": {"num": 164, "osm_id": 95484281, "housenumber": "80", "area_m2": 251.7, "px_x": 3647.6, "px_y": 3941.3, "clat": 50.044424, "clon": 82.72312744999999}, "geometry": {"type": "Point", "coordinates": [3647.638046436012, 3941.2864175885916]}}, {"type": "Feature", "properties": {"num": 165, "osm_id": 601997183, "housenumber": "81", "area_m2": 251.7, "px_x": 3749.0, "px_y": 3964.0, "clat": 50.0443457, "clon": 82.72367115}, "geometry": {"type": "Point", "coordinates": [3748.991072423756, 3964.0150293670595]}}, {"type": "Feature", "properties": {"num": 166, "osm_id": 95484302, "housenumber": "82", "area_m2": 251.7, "px_x": 3847.7, "px_y": 3980.9, "clat": 50.0442876, "clon": 82.7242006}, "geometry": {"type": "Point", "coordinates": [3847.687705889344, 3980.880041729659]}}, {"type": "Feature", "properties": {"num": 167, "osm_id": 601997177, "housenumber": "88А", "area_m2": 251.7, "px_x": 4216.0, "px_y": 3965.0, "clat": 50.04434235, "clon": 82.7261764}, "geometry": {"type": "Point", "coordinates": [4216.0035211369395, 3964.9874531775713]}}, {"type": "Feature", "properties": {"num": 168, "osm_id": 601997179, "housenumber": "86", "area_m2": 251.7, "px_x": 4330.0, "px_y": 3982.0, "clat": 50.04428375, "clon": 82.7267879}, "geometry": {"type": "Point", "coordinates": [4329.995383180678, 3981.997602067888]}}, {"type": "Feature", "properties": {"num": 169, "osm_id": 95484316, "housenumber": "69", "area_m2": 251.6, "px_x": 5017.3, "px_y": 3945.1, "clat": 50.04441070520641, "clon": 82.73047467751984}, "geometry": {"type": "Point", "coordinates": [5017.260525345802, 3945.145579867065]}}, {"type": "Feature", "properties": {"num": 170, "osm_id": 95484432, "housenumber": "69А", "area_m2": 251.7, "px_x": 5070.6, "px_y": 3954.8, "clat": 50.0443774, "clon": 82.73076055}, "geometry": {"type": "Point", "coordinates": [5070.551018103957, 3954.8132842332125]}}, {"type": "Feature", "properties": {"num": 171, "osm_id": 95484459, "housenumber": "71", "area_m2": 251.6, "px_x": 5119.6, "px_y": 3960.7, "clat": 50.044357272484554, "clon": 82.73102391212784}, "geometry": {"type": "Point", "coordinates": [5119.645277045667, 3960.6558170244098]}}, {"type": "Feature", "properties": {"num": 172, "osm_id": 95484404, "housenumber": "72", "area_m2": 251.7, "px_x": 5205.9, "px_y": 3975.5, "clat": 50.04430615, "clon": 82.7314868}, "geometry": {"type": "Point", "coordinates": [5205.933830536902, 3975.4954315647483]}}, {"type": "Feature", "properties": {"num": 173, "osm_id": 95484424, "housenumber": "73", "area_m2": 251.7, "px_x": 5289.1, "px_y": 3981.7, "clat": 50.0442848, "clon": 82.7319332}, "geometry": {"type": "Point", "coordinates": [5289.148821905255, 3981.692812897265]}}, {"type": "Feature", "properties": {"num": 174, "osm_id": 95484455, "housenumber": "117", "area_m2": 251.7, "px_x": 5345.3, "px_y": 3988.7, "clat": 50.0442606, "clon": 82.7322342}, "geometry": {"type": "Point", "coordinates": [5345.259288743138, 3988.7174759805202]}}, {"type": "Feature", "properties": {"num": 175, "osm_id": 95484270, "housenumber": "78", "area_m2": 251.7, "px_x": 5662.5, "px_y": 3933.0, "clat": 50.04445255, "clon": 82.7339358}, "geometry": {"type": "Point", "coordinates": [5662.460519246757, 3932.9990282058716]}}, {"type": "Feature", "properties": {"num": 176, "osm_id": 1330380644, "housenumber": null, "area_m2": 146.4, "px_x": 997.6, "px_y": 4034.1, "clat": 50.04410417028113, "clon": 82.70891169047516}, "geometry": {"type": "Point", "coordinates": [997.6284002959728, 4034.1250794902444]}}, {"type": "Feature", "properties": {"num": 177, "osm_id": 1330380643, "housenumber": null, "area_m2": 293.3, "px_x": 1134.1, "px_y": 3995.9, "clat": 50.04423600747869, "clon": 82.70964392563071}, "geometry": {"type": "Point", "coordinates": [1134.126926600933, 3995.8560746982694]}}, {"type": "Feature", "properties": {"num": 178, "osm_id": 95484328, "housenumber": "58", "area_m2": 251.7, "px_x": 3107.9, "px_y": 4023.8, "clat": 50.044139799999996, "clon": 82.7202319}, "geometry": {"type": "Point", "coordinates": [3107.8684043362737, 4023.782683406025]}}, {"type": "Feature", "properties": {"num": 179, "osm_id": 95484398, "housenumber": "56", "area_m2": 251.7, "px_x": 3181.5, "px_y": 4032.0, "clat": 50.0441116, "clon": 82.72062700000001}, "geometry": {"type": "Point", "coordinates": [3181.5203825831413, 4031.9684227630496]}}, {"type": "Feature", "properties": {"num": 180, "osm_id": 95484352, "housenumber": "54", "area_m2": 251.6, "px_x": 3245.8, "px_y": 4040.1, "clat": 50.044083427515446, "clon": 82.72097188787217}, "geometry": {"type": "Point", "coordinates": [3245.8121417686343, 4040.1461702920496]}}, {"type": "Feature", "properties": {"num": 181, "osm_id": 95484382, "housenumber": "52", "area_m2": 251.6, "px_x": 3310.1, "px_y": 4049.5, "clat": 50.04405120520641, "clon": 82.72131677751983}, "geometry": {"type": "Point", "coordinates": [3310.1042319387197, 4049.499471798539]}}, {"type": "Feature", "properties": {"num": 182, "osm_id": 601997184, "housenumber": "83", "area_m2": 251.7, "px_x": 3941.0, "px_y": 4006.0, "clat": 50.044201, "clon": 82.72470115}, "geometry": {"type": "Point", "coordinates": [3940.9969888702035, 4006.0178708061576]}}, {"type": "Feature", "properties": {"num": 183, "osm_id": 95484329, "housenumber": "188", "area_m2": 251.7, "px_x": 4030.2, "px_y": 4020.3, "clat": 50.0441519, "clon": 82.72517955000001}, "geometry": {"type": "Point", "coordinates": [4030.177212588489, 4020.2703611403704]}}, {"type": "Feature", "properties": {"num": 184, "osm_id": 95484277, "housenumber": "189", "area_m2": 251.7, "px_x": 4135.4, "px_y": 4044.8, "clat": 50.0440673, "clon": 82.7257439}, "geometry": {"type": "Point", "coordinates": [4135.379677578807, 4044.8275709822774]}}, {"type": "Feature", "properties": {"num": 185, "osm_id": 601997180, "housenumber": "84", "area_m2": 251.7, "px_x": 4433.0, "px_y": 3997.0, "clat": 50.04423205, "clon": 82.7273405}, "geometry": {"type": "Point", "coordinates": [4433.007489413023, 3997.0048322230577]}}, {"type": "Feature", "properties": {"num": 186, "osm_id": 601997181, "housenumber": null, "area_m2": 251.7, "px_x": 4556.0, "px_y": 4023.0, "clat": 50.04414245, "clon": 82.7280003}, "geometry": {"type": "Point", "coordinates": [4556.003124058247, 4023.013455878943]}}, {"type": "Feature", "properties": {"num": 187, "osm_id": 95484428, "housenumber": "22", "area_m2": 251.7, "px_x": 4660.3, "px_y": 4027.9, "clat": 50.04412575, "clon": 82.7285598}, "geometry": {"type": "Point", "coordinates": [4660.301483511925, 4027.861039966345]}}, {"type": "Feature", "properties": {"num": 188, "osm_id": 95484284, "housenumber": "50", "area_m2": 251.7, "px_x": 3374.4, "px_y": 4062.4, "clat": 50.0440069, "clon": 82.72166165}, "geometry": {"type": "Point", "coordinates": [3374.39312184602, 4062.3601151257753]}}, {"type": "Feature", "properties": {"num": 189, "osm_id": 95484393, "housenumber": "48", "area_m2": 251.5, "px_x": 3435.2, "px_y": 4077.6, "clat": 50.04395455, "clon": 82.72198775}, "geometry": {"type": "Point", "coordinates": [3435.182567819953, 4077.5559364408255]}}, {"type": "Feature", "properties": {"num": 190, "osm_id": 95484387, "housenumber": "46", "area_m2": 251.7, "px_x": 3512.3, "px_y": 4091.6, "clat": 50.04390625, "clon": 82.7224016}, "geometry": {"type": "Point", "coordinates": [3512.32979939878, 4091.57613511011]}}, {"type": "Feature", "properties": {"num": 191, "osm_id": 95484295, "housenumber": "44", "area_m2": 251.7, "px_x": 3575.4, "px_y": 4099.8, "clat": 50.043878050000004, "clon": 82.7227402}, "geometry": {"type": "Point", "coordinates": [3575.449414253235, 4099.761834643781]}}, {"type": "Feature", "properties": {"num": 192, "osm_id": 95484447, "housenumber": "42", "area_m2": 251.6, "px_x": 3639.7, "px_y": 4109.1, "clat": 50.04384582751545, "clon": 82.72308508787216}, "geometry": {"type": "Point", "coordinates": [3639.7411734461784, 4109.115147083998]}}, {"type": "Feature", "properties": {"num": 193, "osm_id": 95484353, "housenumber": "189Б", "area_m2": 251.6, "px_x": 4221.9, "px_y": 4060.0, "clat": 50.044014972484554, "clon": 82.72620801212784}, "geometry": {"type": "Point", "coordinates": [4221.896448880434, 4060.016884751618]}}, {"type": "Feature", "properties": {"num": 194, "osm_id": 95484297, "housenumber": "30", "area_m2": 251.7, "px_x": 4320.7, "px_y": 4080.1, "clat": 50.04394595, "clon": 82.72673830000001}, "geometry": {"type": "Point", "coordinates": [4320.74927303195, 4080.0522875487804]}}, {"type": "Feature", "properties": {"num": 195, "osm_id": 95484317, "housenumber": "23", "area_m2": 251.7, "px_x": 4427.6, "px_y": 4103.3, "clat": 50.04386595, "clon": 82.72731160000001}, "geometry": {"type": "Point", "coordinates": [4427.620138950646, 4103.2741368710995]}}, {"type": "Feature", "properties": {"num": 196, "osm_id": 95484378, "housenumber": "12", "area_m2": 251.7, "px_x": 4900.0, "px_y": 4070.3, "clat": 50.0439796, "clon": 82.7298457}, "geometry": {"type": "Point", "coordinates": [4900.01061745733, 4070.2845856174827]}}, {"type": "Feature", "properties": {"num": 197, "osm_id": 95484366, "housenumber": "10", "area_m2": 251.7, "px_x": 4993.4, "px_y": 4084.6, "clat": 50.0439304, "clon": 82.7303467}, "geometry": {"type": "Point", "coordinates": [4993.40378652513, 4084.566037543118]}}, {"type": "Feature", "properties": {"num": 198, "osm_id": 95484361, "housenumber": "119", "area_m2": 251.7, "px_x": 5430.6, "px_y": 4078.7, "clat": 50.04395055, "clon": 82.73269195}, "geometry": {"type": "Point", "coordinates": [5430.59007345885, 4078.717030033469]}}, {"type": "Feature", "properties": {"num": 199, "osm_id": 1330380645, "housenumber": null, "area_m2": 1132.6, "px_x": 1068.4, "px_y": 4151.4, "clat": 50.04370019877182, "clon": 82.7092912183992}, "geometry": {"type": "Point", "coordinates": [1068.3775331825018, 4151.38713927567]}}, {"type": "Feature", "properties": {"num": 200, "osm_id": 95484423, "housenumber": "45", "area_m2": 251.7, "px_x": 3116.1, "px_y": 4113.8, "clat": 50.043829699999996, "clon": 82.7202758}, "geometry": {"type": "Point", "coordinates": [3116.051957473159, 4113.79652460292]}}, {"type": "Feature", "properties": {"num": 201, "osm_id": 95484345, "housenumber": "41", "area_m2": 251.7, "px_x": 3242.3, "px_y": 4133.7, "clat": 50.043761249999996, "clon": 82.72095305}, "geometry": {"type": "Point", "coordinates": [3242.3005078732967, 4133.665673695505]}}, {"type": "Feature", "properties": {"num": 202, "osm_id": 95484415, "housenumber": "43", "area_m2": 251.7, "px_x": 3397.8, "px_y": 4164.1, "clat": 50.04365655, "clon": 82.7217871}, "geometry": {"type": "Point", "coordinates": [3397.77869682014, 4164.057144239545]}}, {"type": "Feature", "properties": {"num": 203, "osm_id": 601997187, "housenumber": "40", "area_m2": 251.7, "px_x": 3746.5, "px_y": 4131.5, "clat": 50.04376875, "clon": 82.7236578}, "geometry": {"type": "Point", "coordinates": [3746.5024520531297, 4131.488631717861]}}, {"type": "Feature", "properties": {"num": 204, "osm_id": 601997186, "housenumber": "38", "area_m2": 251.7, "px_x": 3813.0, "px_y": 4145.0, "clat": 50.04372225, "clon": 82.7240145}, "geometry": {"type": "Point", "coordinates": [3812.996151469648, 4144.986286517233]}}, {"type": "Feature", "properties": {"num": 205, "osm_id": 95484436, "housenumber": "36", "area_m2": 251.7, "px_x": 3892.2, "px_y": 4164.1, "clat": 50.04365655, "clon": 82.7244396}, "geometry": {"type": "Point", "coordinates": [3892.2405350357294, 4164.057144239545]}}, {"type": "Feature", "properties": {"num": 206, "osm_id": 95484327, "housenumber": null, "area_m2": 251.7, "px_x": 4303.7, "px_y": 4168.7, "clat": 50.04364045, "clon": 82.7266469}, "geometry": {"type": "Point", "coordinates": [4303.711078114808, 4168.730516351759]}}, {"type": "Feature", "properties": {"num": 207, "osm_id": 95484260, "housenumber": "21", "area_m2": 251.6, "px_x": 4534.0, "px_y": 4122.0, "clat": 50.043801555208105, "clon": 82.72788227751438}, "geometry": {"type": "Point", "coordinates": [4534.002138115466, 4121.9661856889725]}}, {"type": "Feature", "properties": {"num": 208, "osm_id": 95484336, "housenumber": "19", "area_m2": 251.7, "px_x": 4601.8, "px_y": 4134.8, "clat": 50.04375725, "clon": 82.728246}, "geometry": {"type": "Point", "coordinates": [4601.804923735559, 4134.826762616634]}}, {"type": "Feature", "properties": {"num": 209, "osm_id": 95484283, "housenumber": "17", "area_m2": 251.7, "px_x": 4668.4, "px_y": 4146.5, "clat": 50.043716950000004, "clon": 82.7286034}, "geometry": {"type": "Point", "coordinates": [4668.429112605751, 4146.524728063494]}}, {"type": "Feature", "properties": {"num": 210, "osm_id": 95484315, "housenumber": "43", "area_m2": 107.9, "px_x": 4769.2, "px_y": 4166.5, "clat": 50.04364805, "clon": 82.7291439}, "geometry": {"type": "Point", "coordinates": [4769.185615360737, 4166.524452690035]}}, {"type": "Feature", "properties": {"num": 211, "osm_id": 601997182, "housenumber": "8", "area_m2": 251.7, "px_x": 5133.0, "px_y": 4117.0, "clat": 50.04381865, "clon": 82.73109555}, "geometry": {"type": "Point", "coordinates": [5132.999544322491, 4117.004037074745]}}, {"type": "Feature", "properties": {"num": 212, "osm_id": 95484261, "housenumber": "6", "area_m2": 251.7, "px_x": 5232.9, "px_y": 4132.3, "clat": 50.04376585, "clon": 82.7316312}, "geometry": {"type": "Point", "coordinates": [5232.851941540837, 4132.330421321094]}}, {"type": "Feature", "properties": {"num": 213, "osm_id": 95484467, "housenumber": "4", "area_m2": 251.7, "px_x": 5310.7, "px_y": 4147.7, "clat": 50.04371295, "clon": 82.7320489}, "geometry": {"type": "Point", "coordinates": [5310.716865137219, 4147.685815908015]}}, {"type": "Feature", "properties": {"num": 214, "osm_id": 95484407, "housenumber": "2", "area_m2": 251.7, "px_x": 5411.5, "px_y": 4161.6, "clat": 50.04366515, "clon": 82.73258975}, "geometry": {"type": "Point", "coordinates": [5411.538612619042, 4161.560808181763]}}, {"type": "Feature", "properties": {"num": 215, "osm_id": 789127648, "housenumber": "1", "area_m2": 251.7, "px_x": 5524.0, "px_y": 4162.0, "clat": 50.04366365, "clon": 82.73319305}, "geometry": {"type": "Point", "coordinates": [5524.001883879304, 4161.99621566385]}}, {"type": "Feature", "properties": {"num": 216, "osm_id": 601997194, "housenumber": "74", "area_m2": 251.7, "px_x": 2773.0, "px_y": 4181.0, "clat": 50.04359815, "clon": 82.7184355}, "geometry": {"type": "Point", "coordinates": [2772.9951729774475, 4181.0089958533645]}}, {"type": "Feature", "properties": {"num": 217, "osm_id": 601997193, "housenumber": "72", "area_m2": 251.7, "px_x": 2855.0, "px_y": 4203.0, "clat": 50.04352235, "clon": 82.7188754}, "geometry": {"type": "Point", "coordinates": [2854.99847651273, 4203.011539626867]}}, {"type": "Feature", "properties": {"num": 218, "osm_id": 601997189, "housenumber": "42", "area_m2": 251.7, "px_x": 3524.5, "px_y": 4182.0, "clat": 50.04359475, "clon": 82.7224669}, "geometry": {"type": "Point", "coordinates": [3524.5026016682386, 4181.995918087661]}}, {"type": "Feature", "properties": {"num": 219, "osm_id": 95484392, "housenumber": "46", "area_m2": 251.7, "px_x": 3706.4, "px_y": 4219.0, "clat": 50.0434673, "clon": 82.72344255}, "geometry": {"type": "Point", "coordinates": [3706.3769437894225, 4218.990937832743]}}, {"type": "Feature", "properties": {"num": 220, "osm_id": 95484278, "housenumber": "34", "area_m2": 251.7, "px_x": 4063.7, "px_y": 4196.6, "clat": 50.04354435, "clon": 82.7253594}, "geometry": {"type": "Point", "coordinates": [4063.7036825567484, 4196.625580638647]}}, {"type": "Feature", "properties": {"num": 221, "osm_id": 95484338, "housenumber": "32", "area_m2": 251.7, "px_x": 4126.2, "px_y": 4207.1, "clat": 50.0435081, "clon": 82.7256946}, "geometry": {"type": "Point", "coordinates": [4126.189491480589, 4207.1478978693485]}}, {"type": "Feature", "properties": {"num": 222, "osm_id": 95484346, "housenumber": "30", "area_m2": 251.6, "px_x": 4191.0, "px_y": 4218.3, "clat": 50.04346954479189, "clon": 82.72604222248562}, "geometry": {"type": "Point", "coordinates": [4190.991019569337, 4218.339341036975]}}, {"type": "Feature", "properties": {"num": 223, "osm_id": 95484427, "housenumber": "31", "area_m2": 251.7, "px_x": 4411.3, "px_y": 4173.4, "clat": 50.04362435, "clon": 82.7272238}, "geometry": {"type": "Point", "coordinates": [4411.253032676876, 4173.4038868919015]}}, {"type": "Feature", "properties": {"num": 224, "osm_id": 601997185, "housenumber": "45/1", "area_m2": 251.7, "px_x": 4898.0, "px_y": 4187.0, "clat": 50.043577500000005, "clon": 82.72983495}, "geometry": {"type": "Point", "coordinates": [4898.006672210991, 4187.003095984459]}}, {"type": "Feature", "properties": {"num": 225, "osm_id": 95484272, "housenumber": "11", "area_m2": 251.7, "px_x": 4996.1, "px_y": 4211.2, "clat": 50.04349425, "clon": 82.73036105}, "geometry": {"type": "Point", "coordinates": [4996.078820407391, 4211.168146632612]}}, {"type": "Feature", "properties": {"num": 226, "osm_id": 95484306, "housenumber": "9", "area_m2": 251.7, "px_x": 5084.6, "px_y": 4222.5, "clat": 50.0434552, "clon": 82.7308358}, "geometry": {"type": "Point", "coordinates": [5084.578634813428, 4222.503210008144]}}, {"type": "Feature", "properties": {"num": 227, "osm_id": 936397563, "housenumber": null, "area_m2": 1603.6, "px_x": 758.1, "px_y": 4279.1, "clat": 50.0432602, "clon": 82.70762695}, "geometry": {"type": "Point", "coordinates": [758.1354174613953, 4279.105821244419]}}, {"type": "Feature", "properties": {"num": 228, "osm_id": 1330380642, "housenumber": null, "area_m2": 8748.9, "px_x": 1269.8, "px_y": 4259.9, "clat": 50.043326252906326, "clon": 82.71037161627481}, "geometry": {"type": "Point", "coordinates": [1269.778294570744, 4259.932683005929]}}, {"type": "Feature", "properties": {"num": 229, "osm_id": 601997198, "housenumber": "72", "area_m2": 251.7, "px_x": 2664.0, "px_y": 4265.0, "clat": 50.0433088, "clon": 82.71785075}, "geometry": {"type": "Point", "coordinates": [2663.9898723587394, 4264.998730421066]}}, {"type": "Feature", "properties": {"num": 230, "osm_id": 601997199, "housenumber": "55", "area_m2": 251.7, "px_x": 2754.0, "px_y": 4288.0, "clat": 50.043229600000004, "clon": 82.71833355}, "geometry": {"type": "Point", "coordinates": [2753.9903155192733, 4287.988056290895]}}, {"type": "Feature", "properties": {"num": 231, "osm_id": 601997195, "housenumber": "70", "area_m2": 251.7, "px_x": 2974.0, "px_y": 4237.0, "clat": 50.04340525, "clon": 82.7195138}, "geometry": {"type": "Point", "coordinates": [2974.004862010479, 4237.002208482474]}}, {"type": "Feature", "properties": {"num": 232, "osm_id": 95484416, "housenumber": "68", "area_m2": 251.7, "px_x": 3064.6, "px_y": 4241.2, "clat": 50.04339075, "clon": 82.7199999}, "geometry": {"type": "Point", "coordinates": [3064.620469763875, 4241.211124133319]}}, {"type": "Feature", "properties": {"num": 233, "osm_id": 95484365, "housenumber": "66", "area_m2": 251.7, "px_x": 3134.8, "px_y": 4255.2, "clat": 50.043342450000004, "clon": 82.72037614999999}, "geometry": {"type": "Point", "coordinates": [3134.7585533112288, 4255.231158129871]}}, {"type": "Feature", "properties": {"num": 234, "osm_id": 95484308, "housenumber": "64", "area_m2": 251.7, "px_x": 3203.7, "px_y": 4272.8, "clat": 50.04328205, "clon": 82.7207461}, "geometry": {"type": "Point", "coordinates": [3203.72223174572, 4272.763437528163]}}, {"type": "Feature", "properties": {"num": 235, "osm_id": 95484466, "housenumber": "62", "area_m2": 251.7, "px_x": 3269.2, "px_y": 4283.3, "clat": 50.0432458, "clon": 82.7210973}, "geometry": {"type": "Point", "coordinates": [3269.1906568557024, 4283.2856972664595]}}, {"type": "Feature", "properties": {"num": 236, "osm_id": 95484369, "housenumber": "48/1", "area_m2": 251.7, "px_x": 3865.5, "px_y": 4251.5, "clat": 50.043355399999996, "clon": 82.7242964}, "geometry": {"type": "Point", "coordinates": [3865.546120248735, 4251.4721648953855]}}, {"type": "Feature", "properties": {"num": 237, "osm_id": 95484441, "housenumber": "28", "area_m2": 251.7, "px_x": 4292.3, "px_y": 4241.5, "clat": 50.0433897, "clon": 82.7265859}, "geometry": {"type": "Point", "coordinates": [4292.339853942394, 4241.515907630324]}}, {"type": "Feature", "properties": {"num": 238, "osm_id": 95484324, "housenumber": "26", "area_m2": 251.7, "px_x": 4404.4, "px_y": 4264.9, "clat": 50.043309, "clon": 82.7271869}, "geometry": {"type": "Point", "coordinates": [4404.374374113977, 4264.940676517785]}}, {"type": "Feature", "properties": {"num": 239, "osm_id": 95484372, "housenumber": "24", "area_m2": 251.7, "px_x": 4488.4, "px_y": 4278.6, "clat": 50.043261900000005, "clon": 82.7276377}, "geometry": {"type": "Point", "coordinates": [4488.409584924579, 4278.612363576889]}}, {"type": "Feature", "properties": {"num": 240, "osm_id": 95484465, "housenumber": null, "area_m2": 251.7, "px_x": 4577.3, "px_y": 4230.7, "clat": 50.043427, "clon": 82.7281143}, "geometry": {"type": "Point", "coordinates": [4577.2542643249035, 4230.688832622021]}}, {"type": "Feature", "properties": {"num": 241, "osm_id": 95484258, "housenumber": "15", "area_m2": 251.7, "px_x": 4889.4, "px_y": 4251.7, "clat": 50.0433545, "clon": 82.72978859999999}, "geometry": {"type": "Point", "coordinates": [4889.366405971348, 4251.733407702297]}}, {"type": "Feature", "properties": {"num": 242, "osm_id": 95484461, "housenumber": "16", "area_m2": 251.7, "px_x": 4980.5, "px_y": 4272.8, "clat": 50.04328205, "clon": 82.7302777}, "geometry": {"type": "Point", "coordinates": [4980.541254252195, 4272.763437528163]}}, {"type": "Feature", "properties": {"num": 243, "osm_id": 95484458, "housenumber": "7", "area_m2": 251.7, "px_x": 5155.9, "px_y": 4233.0, "clat": 50.04341895, "clon": 82.7312183}, "geometry": {"type": "Point", "coordinates": [5155.881802812219, 4233.025507695973]}}, {"type": "Feature", "properties": {"num": 244, "osm_id": 95484322, "housenumber": "5", "area_m2": 251.7, "px_x": 5229.5, "px_y": 4236.5, "clat": 50.0434069, "clon": 82.7316134}, "geometry": {"type": "Point", "coordinates": [5229.533781051636, 4236.5232628285885]}}, {"type": "Feature", "properties": {"num": 245, "osm_id": 95484266, "housenumber": "3", "area_m2": 251.7, "px_x": 5312.5, "px_y": 4249.4, "clat": 50.0433626, "clon": 82.7320586}, "geometry": {"type": "Point", "coordinates": [5312.525076195598, 4249.38222226873]}}, {"type": "Feature", "properties": {"num": 246, "osm_id": 95484304, "housenumber": "1", "area_m2": 251.7, "px_x": 5399.0, "px_y": 4265.8, "clat": 50.043306199999996, "clon": 82.7325226}, "geometry": {"type": "Point", "coordinates": [5399.020945347846, 4265.753431111574]}}, {"type": "Feature", "properties": {"num": 247, "osm_id": 95484356, "housenumber": "6/1", "area_m2": 1454.4, "px_x": 5746.5, "px_y": 4237.1, "clat": 50.04340488104478, "clon": 82.73438661932376}, "geometry": {"type": "Point", "coordinates": [5746.499332271516, 4237.109305147082]}}, {"type": "Feature", "properties": {"num": 248, "osm_id": 601997200, "housenumber": "51", "area_m2": 251.7, "px_x": 2934.0, "px_y": 4327.0, "clat": 50.0430952, "clon": 82.71929915}, "geometry": {"type": "Point", "coordinates": [2933.9912018477917, 4327.000158857554]}}, {"type": "Feature", "properties": {"num": 249, "osm_id": 95484259, "housenumber": "49", "area_m2": 251.7, "px_x": 3076.5, "px_y": 4344.2, "clat": 50.0430359, "clon": 82.72006345}, "geometry": {"type": "Point", "coordinates": [3076.4670483917, 4344.213053315878]}}, {"type": "Feature", "properties": {"num": 250, "osm_id": 95484413, "housenumber": "60", "area_m2": 251.7, "px_x": 3344.0, "px_y": 4297.3, "clat": 50.04319745, "clon": 82.7214986}, "geometry": {"type": "Point", "coordinates": [3343.998398862779, 4297.320202372968]}}, {"type": "Feature", "properties": {"num": 251, "osm_id": 95484360, "housenumber": "58", "area_m2": 251.7, "px_x": 3441.0, "px_y": 4320.7, "clat": 50.0431169, "clon": 82.7220191}, "geometry": {"type": "Point", "coordinates": [3441.026631399989, 4320.701337188482]}}, {"type": "Feature", "properties": {"num": 252, "osm_id": 95484351, "housenumber": "56", "area_m2": 251.7, "px_x": 3522.9, "px_y": 4340.6, "clat": 50.04304845, "clon": 82.72245805}, "geometry": {"type": "Point", "coordinates": [3522.8528420999646, 4340.570191256702]}}, {"type": "Feature", "properties": {"num": 253, "osm_id": 95484357, "housenumber": "25", "area_m2": 251.7, "px_x": 4095.4, "px_y": 4302.3, "clat": 50.04318025, "clon": 82.7255297}, "geometry": {"type": "Point", "coordinates": [4095.4499034956098, 4302.312825392932]}}, {"type": "Feature", "properties": {"num": 254, "osm_id": 95484384, "housenumber": "23", "area_m2": 251.7, "px_x": 4236.4, "px_y": 4320.2, "clat": 50.0431186, "clon": 82.72628565}, "geometry": {"type": "Point", "coordinates": [4236.369197234511, 4320.207880996168]}}, {"type": "Feature", "properties": {"num": 255, "osm_id": 95484262, "housenumber": "22", "area_m2": 251.7, "px_x": 4560.2, "px_y": 4293.4, "clat": 50.043210800000004, "clon": 82.72802295}, "geometry": {"type": "Point", "coordinates": [4560.225390076637, 4293.445112921298]}}, {"type": "Feature", "properties": {"num": 256, "osm_id": 95484420, "housenumber": "20", "area_m2": 251.7, "px_x": 4629.2, "px_y": 4299.8, "clat": 50.043188799999996, "clon": 82.7283929}, "geometry": {"type": "Point", "coordinates": [4629.189068518579, 4299.83102754876]}}, {"type": "Feature", "properties": {"num": 257, "osm_id": 95484375, "housenumber": "16", "area_m2": 251.7, "px_x": 4759.4, "px_y": 4319.0, "clat": 50.04312265, "clon": 82.7290915}, "geometry": {"type": "Point", "coordinates": [4759.417547374964, 4319.032294109464]}}, {"type": "Feature", "properties": {"num": 258, "osm_id": 95484320, "housenumber": "14", "area_m2": 251.7, "px_x": 4863.6, "px_y": 4338.2, "clat": 50.0430565, "clon": 82.7296506}, "geometry": {"type": "Point", "coordinates": [4863.64134144038, 4338.23353420943]}}, {"type": "Feature", "properties": {"num": 259, "osm_id": 95484311, "housenumber": null, "area_m2": 251.7, "px_x": 5154.7, "px_y": 4298.5, "clat": 50.043193450000004, "clon": 82.73121205}, "geometry": {"type": "Point", "coordinates": [5154.716718368232, 4298.481277652085]}}, {"type": "Feature", "properties": {"num": 260, "osm_id": 95484318, "housenumber": null, "area_m2": 251.7, "px_x": 5240.0, "px_y": 4341.7, "clat": 50.043044450000004, "clon": 82.73166979999999}, "geometry": {"type": "Point", "coordinates": [5240.047503069043, 4341.731262929738]}}, {"type": "Feature", "properties": {"num": 261, "osm_id": 95484412, "housenumber": "114", "area_m2": 251.6, "px_x": 5390.8, "px_y": 4349.9, "clat": 50.04301624479189, "clon": 82.73247872248562}, "geometry": {"type": "Point", "coordinates": [5390.841583833098, 4349.918327249587]}}, {"type": "Feature", "properties": {"num": 262, "osm_id": 95484380, "housenumber": "47", "area_m2": 251.6, "px_x": 3198.0, "px_y": 4366.6, "clat": 50.04295877248455, "clon": 82.72071561212783}, "geometry": {"type": "Point", "coordinates": [3198.0388804525137, 4366.600673824549]}}, {"type": "Feature", "properties": {"num": 263, "osm_id": 95484282, "housenumber": "45", "area_m2": 251.7, "px_x": 3317.9, "px_y": 4392.7, "clat": 50.042869, "clon": 82.7213588}, "geometry": {"type": "Point", "coordinates": [3317.9377900138497, 4392.658674154431]}}, {"type": "Feature", "properties": {"num": 264, "osm_id": 95484462, "housenumber": "52", "area_m2": 251.7, "px_x": 3589.5, "px_y": 4351.4, "clat": 50.043011050000004, "clon": 82.72281545}, "geometry": {"type": "Point", "coordinates": [3589.4770309627056, 4351.426207650453]}}, {"type": "Feature", "properties": {"num": 265, "osm_id": 95484371, "housenumber": "50", "area_m2": 251.7, "px_x": 3667.6, "px_y": 4370.5, "clat": 50.0429455, "clon": 82.7232346}, "geometry": {"type": "Point", "coordinates": [3667.612254150212, 4370.453242730349]}}, {"type": "Feature", "properties": {"num": 266, "osm_id": 95484299, "housenumber": "48", "area_m2": 251.7, "px_x": 3786.6, "px_y": 4393.7, "clat": 50.04286555, "clon": 82.7238727}, "geometry": {"type": "Point", "coordinates": [3786.5627155974507, 4393.660094738007]}}, {"type": "Feature", "properties": {"num": 267, "osm_id": 95484410, "housenumber": "46", "area_m2": 251.7, "px_x": 3853.7, "px_y": 4403.7, "clat": 50.042831, "clon": 82.7242327}, "geometry": {"type": "Point", "coordinates": [3853.67157959193, 4403.688809942454]}}, {"type": "Feature", "properties": {"num": 268, "osm_id": 601997190, "housenumber": "21", "area_m2": 251.9, "px_x": 4443.0, "px_y": 4374.0, "clat": 50.04293325, "clon": 82.7273941}, "geometry": {"type": "Point", "coordinates": [4442.999253615737, 4374.009016811848]}}, {"type": "Feature", "properties": {"num": 269, "osm_id": 95484456, "housenumber": "19", "area_m2": 251.8, "px_x": 4543.4, "px_y": 4392.0, "clat": 50.04287125, "clon": 82.72793245}, "geometry": {"type": "Point", "coordinates": [4543.354967325926, 4392.005573738366]}}, {"type": "Feature", "properties": {"num": 270, "osm_id": 601997191, "housenumber": "17", "area_m2": 251.9, "px_x": 4612.0, "px_y": 4397.0, "clat": 50.04285405, "clon": 82.7283007}, "geometry": {"type": "Point", "coordinates": [4612.001742787659, 4396.998162828386]}}, {"type": "Feature", "properties": {"num": 271, "osm_id": 601997192, "housenumber": "15", "area_m2": 251.9, "px_x": 4699.0, "px_y": 4402.0, "clat": 50.04283685, "clon": 82.7287674}, "geometry": {"type": "Point", "coordinates": [4699.000928424299, 4401.990750133991]}}, {"type": "Feature", "properties": {"num": 272, "osm_id": 95484406, "housenumber": "12", "area_m2": 251.7, "px_x": 4967.7, "px_y": 4360.4, "clat": 50.04298, "clon": 82.73020869999999}, "geometry": {"type": "Point", "coordinates": [4967.678721986711, 4360.439016979188]}}, {"type": "Feature", "properties": {"num": 273, "osm_id": 95484363, "housenumber": "10", "area_m2": 251.7, "px_x": 5064.7, "px_y": 4373.3, "clat": 50.0429357, "clon": 82.7307292}, "geometry": {"type": "Point", "coordinates": [5064.706954523921, 4373.297862064093]}}, {"type": "Feature", "properties": {"num": 274, "osm_id": 95484307, "housenumber": "8", "area_m2": 251.6, "px_x": 5134.8, "px_y": 4383.8, "clat": 50.04289944479189, "clon": 82.73110542248563}, "geometry": {"type": "Point", "coordinates": [5134.839909024537, 4383.821557626128]}}, {"type": "Feature", "properties": {"num": 275, "osm_id": 95484417, "housenumber": "6", "area_m2": 251.7, "px_x": 5220.2, "px_y": 4392.0, "clat": 50.04287125, "clon": 82.7315632}, "geometry": {"type": "Point", "coordinates": [5220.175822786987, 4392.005573738366]}}, {"type": "Feature", "properties": {"num": 276, "osm_id": 95484411, "housenumber": "4", "area_m2": 251.7, "px_x": 5288.0, "px_y": 4402.5, "clat": 50.042835000000004, "clon": 82.7319269}, "geometry": {"type": "Point", "coordinates": [5287.974416784942, 4402.5277434289455]}}, {"type": "Feature", "properties": {"num": 277, "osm_id": 1330380641, "housenumber": null, "area_m2": 8188.9, "px_x": 933.3, "px_y": 4456.0, "clat": 50.04265083234794, "clon": 82.70856683296515}, "geometry": {"type": "Point", "coordinates": [933.3423010259867, 4455.985366549343]}}, {"type": "Feature", "properties": {"num": 278, "osm_id": 601997201, "housenumber": "292", "area_m2": 138.1, "px_x": 2817.1, "px_y": 4440.6, "clat": 50.042703756132155, "clon": 82.71867223164087}, "geometry": {"type": "Point", "coordinates": [2817.125149346888, 4440.623407967389]}}, {"type": "Feature", "properties": {"num": 279, "osm_id": 95484408, "housenumber": null, "area_m2": 251.7, "px_x": 3045.9, "px_y": 4421.2, "clat": 50.042770600000004, "clon": 82.7198996}, "geometry": {"type": "Point", "coordinates": [3045.923194602132, 4421.22090253979]}}, {"type": "Feature", "properties": {"num": 280, "osm_id": 95484271, "housenumber": null, "area_m2": 251.7, "px_x": 3187.4, "px_y": 4445.8, "clat": 50.042686, "clon": 82.7206583}, "geometry": {"type": "Point", "coordinates": [3187.3551254719496, 4445.777405753732]}}, {"type": "Feature", "properties": {"num": 281, "osm_id": 95484430, "housenumber": null, "area_m2": 251.7, "px_x": 3313.6, "px_y": 4468.0, "clat": 50.042609500000005, "clon": 82.7213356}, "geometry": {"type": "Point", "coordinates": [3313.6129965484142, 4467.982717137784]}}, {"type": "Feature", "properties": {"num": 282, "osm_id": 95484273, "housenumber": "43", "area_m2": 251.6, "px_x": 3462.1, "px_y": 4423.6, "clat": 50.04276250520641, "clon": 82.72213197751984}, "geometry": {"type": "Point", "coordinates": [3462.0685261934996, 4423.570547733456]}}, {"type": "Feature", "properties": {"num": 283, "osm_id": 95484374, "housenumber": "41", "area_m2": 251.7, "px_x": 3588.3, "px_y": 4446.3, "clat": 50.042684300000005, "clon": 82.7228094}, "geometry": {"type": "Point", "coordinates": [3588.349229231477, 4446.27085749805]}}, {"type": "Feature", "properties": {"num": 284, "osm_id": 95484400, "housenumber": "44", "area_m2": 251.7, "px_x": 3915.6, "px_y": 4417.7, "clat": 50.04278265, "clon": 82.724565}, "geometry": {"type": "Point", "coordinates": [3915.6167893335223, 4417.723193779588]}}, {"type": "Feature", "properties": {"num": 285, "osm_id": 95484347, "housenumber": "42", "area_m2": 251.7, "px_x": 3982.3, "px_y": 4429.4, "clat": 50.0427424, "clon": 82.72492245}, "geometry": {"type": "Point", "coordinates": [3982.2502988800406, 4429.406408421695]}}, {"type": "Feature", "properties": {"num": 286, "osm_id": 95484294, "housenumber": "40", "area_m2": 251.7, "px_x": 4041.4, "px_y": 4443.3, "clat": 50.0426947, "clon": 82.7252397}, "geometry": {"type": "Point", "coordinates": [4041.389985278249, 4443.252093590796]}}, {"type": "Feature", "properties": {"num": 287, "osm_id": 95484450, "housenumber": "38", "area_m2": 251.7, "px_x": 4097.9, "px_y": 4455.3, "clat": 50.04265315, "clon": 82.7255427}, "geometry": {"type": "Point", "coordinates": [4097.87327914685, 4455.312632035464]}}, {"type": "Feature", "properties": {"num": 288, "osm_id": 95484395, "housenumber": "36", "area_m2": 251.6, "px_x": 4163.0, "px_y": 4469.6, "clat": 50.042603772484554, "clon": 82.72589201212784}, "geometry": {"type": "Point", "coordinates": [4162.989779368043, 4469.645215898752]}}, {"type": "Feature", "properties": {"num": 289, "osm_id": 95484335, "housenumber": null, "area_m2": 251.7, "px_x": 4265.1, "px_y": 4415.4, "clat": 50.0427907, "clon": 82.72644}, "geometry": {"type": "Point", "coordinates": [4265.142122671008, 4415.3865496739745]}}, {"type": "Feature", "properties": {"num": 290, "osm_id": 601997197, "housenumber": "32/1", "area_m2": 250.7, "px_x": 4439.0, "px_y": 4444.0, "clat": 50.04269212210701, "clon": 82.72737266192206}, "geometry": {"type": "Point", "coordinates": [4439.002906240523, 4444.000367715955]}}, {"type": "Feature", "properties": {"num": 291, "osm_id": 95484442, "housenumber": "13", "area_m2": 251.9, "px_x": 4860.1, "px_y": 4438.8, "clat": 50.04271015, "clon": 82.7296318}, "geometry": {"type": "Point", "coordinates": [4860.136767432094, 4438.7674863785505]}}, {"type": "Feature", "properties": {"num": 292, "osm_id": 95484257, "housenumber": "11", "area_m2": 252.2, "px_x": 4950.1, "px_y": 4445.8, "clat": 50.042686027216234, "clon": 82.7301146377411}, "geometry": {"type": "Point", "coordinates": [4950.144246049225, 4445.769505813718]}}, {"type": "Feature", "properties": {"num": 293, "osm_id": 95484314, "housenumber": "9", "area_m2": 252.3, "px_x": 5015.6, "px_y": 4454.0, "clat": 50.0426578324773, "clon": 82.73046581495115}, "geometry": {"type": "Point", "coordinates": [5015.608422785997, 4453.953470163047]}}, {"type": "Feature", "properties": {"num": 294, "osm_id": 95484279, "housenumber": "7", "area_m2": 252.3, "px_x": 5115.0, "px_y": 4469.2, "clat": 50.04260547804895, "clon": 82.73099883947721}, "geometry": {"type": "Point", "coordinates": [5114.971396200359, 4469.15014982596]}}, {"type": "Feature", "properties": {"num": 295, "osm_id": 601997188, "housenumber": "2", "area_m2": 252.2, "px_x": 5379.5, "px_y": 4415.5, "clat": 50.042790327212614, "clon": 82.73241788773879}, "geometry": {"type": "Point", "coordinates": [5379.501165084541, 4415.494757317007]}}, {"type": "Feature", "properties": {"num": 296, "osm_id": 601997202, "housenumber": "291", "area_m2": 251.7, "px_x": 2901.0, "px_y": 4481.0, "clat": 50.0425647, "clon": 82.7191222}, "geometry": {"type": "Point", "coordinates": [2901.0053310617805, 4480.986595481634]}}, {"type": "Feature", "properties": {"num": 297, "osm_id": 95484403, "housenumber": "50", "area_m2": 251.7, "px_x": 3026.1, "px_y": 4503.0, "clat": 50.0424887, "clon": 82.719793}, "geometry": {"type": "Point", "coordinates": [3026.0515143051744, 4503.046718485653]}}, {"type": "Feature", "properties": {"num": 298, "osm_id": 95484457, "housenumber": null, "area_m2": 251.6, "px_x": 3442.2, "px_y": 4498.4, "clat": 50.042504805206406, "clon": 82.72202537751983}, "geometry": {"type": "Point", "coordinates": [3442.1968459039927, 4498.371947266161]}}, {"type": "Feature", "properties": {"num": 299, "osm_id": 95484325, "housenumber": null, "area_m2": 251.7, "px_x": 3581.3, "px_y": 4524.1, "clat": 50.0424162, "clon": 82.7227716}, "geometry": {"type": "Point", "coordinates": [3581.302798502147, 4524.090882226825]}}, {"type": "Feature", "properties": {"num": 300, "osm_id": 95484268, "housenumber": "39", "area_m2": 251.6, "px_x": 3737.3, "px_y": 4475.2, "clat": 50.04258477248455, "clon": 82.72360851212784}, "geometry": {"type": "Point", "coordinates": [3737.3145267516375, 4475.160254411399]}}, {"type": "Feature", "properties": {"num": 301, "osm_id": 95484419, "housenumber": "37", "area_m2": 251.6, "px_x": 3863.7, "px_y": 4494.2, "clat": 50.042519255208106, "clon": 82.72428627751438}, "geometry": {"type": "Point", "coordinates": [3863.6591521576047, 4494.177622035146]}}, {"type": "Feature", "properties": {"num": 302, "osm_id": 95484414, "housenumber": "35", "area_m2": 251.7, "px_x": 3993.1, "px_y": 4522.2, "clat": 50.0424226, "clon": 82.7249805}, "geometry": {"type": "Point", "coordinates": [3993.0716032013297, 4522.233191806823]}}, {"type": "Feature", "properties": {"num": 303, "osm_id": 95484343, "housenumber": "34", "area_m2": 251.7, "px_x": 4253.5, "px_y": 4486.7, "clat": 50.04254505, "clon": 82.7263773}, "geometry": {"type": "Point", "coordinates": [4253.453995510936, 4486.690301686525]}}, {"type": "Feature", "properties": {"num": 304, "osm_id": 601997196, "housenumber": "32", "area_m2": 250.7, "px_x": 4340.0, "px_y": 4506.0, "clat": 50.04247852210701, "clon": 82.72684156192206}, "geometry": {"type": "Point", "coordinates": [4339.998690485954, 4506.00099966675]}}, {"type": "Feature", "properties": {"num": 305, "osm_id": 95484280, "housenumber": "30/1", "area_m2": 250.7, "px_x": 4440.5, "px_y": 4526.1, "clat": 50.04240932210701, "clon": 82.72738046192205}, "geometry": {"type": "Point", "coordinates": [4440.456931620836, 4526.08728755638]}}, {"type": "Feature", "properties": {"num": 306, "osm_id": 95484446, "housenumber": "9", "area_m2": 251.8, "px_x": 4833.2, "px_y": 4504.2, "clat": 50.04248465, "clon": 82.72948755}, "geometry": {"type": "Point", "coordinates": [4833.246618449688, 4504.222289852798]}}, {"type": "Feature", "properties": {"num": 307, "osm_id": 95484292, "housenumber": "10", "area_m2": 252.0, "px_x": 4933.8, "px_y": 4519.4, "clat": 50.0424323, "clon": 82.73002685}, "geometry": {"type": "Point", "coordinates": [4933.779424995184, 4519.417629301548]}}, {"type": "Feature", "properties": {"num": 308, "osm_id": 95484334, "housenumber": "5", "area_m2": 252.2, "px_x": 5181.6, "px_y": 4480.8, "clat": 50.04256519473807, "clon": 82.73135627278822}, "geometry": {"type": "Point", "coordinates": [5181.601794697344, 4480.842990331352]}}, {"type": "Feature", "properties": {"num": 309, "osm_id": 95484305, "housenumber": "3", "area_m2": 252.3, "px_x": 5261.1, "px_y": 4492.5, "clat": 50.04252492195105, "clon": 82.7317826605228}, "geometry": {"type": "Point", "coordinates": [5261.086229398847, 4492.532766319811]}}, {"type": "Feature", "properties": {"num": 310, "osm_id": 95484394, "housenumber": "1", "area_m2": 252.2, "px_x": 5360.4, "px_y": 4505.4, "clat": 50.04248062721261, "clon": 82.73231568773879}, "geometry": {"type": "Point", "coordinates": [5360.449704244733, 4505.38996225968]}}, {"type": "Feature", "properties": {"num": 311, "osm_id": 95484379, "housenumber": "48", "area_m2": 251.6, "px_x": 3179.2, "px_y": 4533.4, "clat": 50.04238399479359, "clon": 82.72061442248017}, "geometry": {"type": "Point", "coordinates": [3179.175762936473, 4533.438894607127]}}, {"type": "Feature", "properties": {"num": 312, "osm_id": 95484431, "housenumber": "46", "area_m2": 251.7, "px_x": 3292.6, "px_y": 4553.3, "clat": 50.0423155, "clon": 82.7212227}, "geometry": {"type": "Point", "coordinates": [3292.5669111460447, 4553.320447266102]}}, {"type": "Feature", "properties": {"num": 313, "osm_id": 95484362, "housenumber": "44", "area_m2": 251.7, "px_x": 3425.8, "px_y": 4581.4, "clat": 50.04221885, "clon": 82.7219376}, "geometry": {"type": "Point", "coordinates": [3425.8339302390814, 4581.374386236072]}}, {"type": "Feature", "properties": {"num": 314, "osm_id": 95484439, "housenumber": null, "area_m2": 251.7, "px_x": 3721.6, "px_y": 4552.1, "clat": 50.04231955, "clon": 82.72352409999999}, "geometry": {"type": "Point", "coordinates": [3721.578965611756, 4552.14488004148]}}, {"type": "Feature", "properties": {"num": 315, "osm_id": 95484433, "housenumber": null, "area_m2": 251.7, "px_x": 3847.8, "px_y": 4575.5, "clat": 50.042239, "clon": 82.7242013}, "geometry": {"type": "Point", "coordinates": [3847.8181953430176, 4575.525587268174]}}, {"type": "Feature", "properties": {"num": 316, "osm_id": 95484319, "housenumber": "33", "area_m2": 251.7, "px_x": 4120.9, "px_y": 4552.0, "clat": 50.0423202, "clon": 82.7256661}, "geometry": {"type": "Point", "coordinates": [4120.876706421375, 4551.956208750606]}}, {"type": "Feature", "properties": {"num": 317, "osm_id": 95484434, "housenumber": "27", "area_m2": 116.7, "px_x": 4235.6, "px_y": 4578.5, "clat": 50.04222874483194, "clon": 82.72628162187058}, "geometry": {"type": "Point", "coordinates": [4235.618299484253, 4578.50228317827]}}, {"type": "Feature", "properties": {"num": 318, "osm_id": 95484438, "housenumber": "30", "area_m2": 250.7, "px_x": 4523.8, "px_y": 4541.1, "clat": 50.04235751698406, "clon": 82.72782753402916}, "geometry": {"type": "Point", "coordinates": [4523.797212831676, 4541.124445103109]}}, {"type": "Feature", "properties": {"num": 319, "osm_id": 95484452, "housenumber": "24", "area_m2": 250.7, "px_x": 4602.7, "px_y": 4555.8, "clat": 50.0423069, "clon": 82.72825064999999}, "geometry": {"type": "Point", "coordinates": [4602.671746559441, 4555.8167131356895]}}, {"type": "Feature", "properties": {"num": 320, "osm_id": 95484276, "housenumber": "22", "area_m2": 250.7, "px_x": 4677.8, "px_y": 4559.2, "clat": 50.04229537789299, "clon": 82.72865353807794}, "geometry": {"type": "Point", "coordinates": [4677.775527752936, 4559.161159232259]}}, {"type": "Feature", "properties": {"num": 321, "osm_id": 95484388, "housenumber": "20", "area_m2": 250.7, "px_x": 4735.1, "px_y": 4568.5, "clat": 50.04226317789299, "clon": 82.72896083807794}, "geometry": {"type": "Point", "coordinates": [4735.060399711132, 4568.507636860013]}}, {"type": "Feature", "properties": {"num": 322, "osm_id": 95484348, "housenumber": "14", "area_m2": 250.7, "px_x": 4826.2, "px_y": 4588.4, "clat": 50.0421947, "clon": 82.72944995}, "geometry": {"type": "Point", "coordinates": [4826.237470433116, 4588.384233865887]}}, {"type": "Feature", "properties": {"num": 323, "osm_id": 95484342, "housenumber": "4", "area_m2": 2234.2, "px_x": 5521.9, "px_y": 4530.5, "clat": 50.04239416346953, "clon": 82.73318178745001}, "geometry": {"type": "Point", "coordinates": [5521.90239238739, 4530.487294621766]}}, {"type": "Feature", "properties": {"num": 324, "osm_id": 95484409, "housenumber": "42", "area_m2": 251.7, "px_x": 3557.9, "px_y": 4612.9, "clat": 50.0421101, "clon": 82.7226462}, "geometry": {"type": "Point", "coordinates": [3557.926544211805, 4612.940442476422]}}, {"type": "Feature", "properties": {"num": 325, "osm_id": 95484381, "housenumber": "40", "area_m2": 251.7, "px_x": 3683.0, "px_y": 4637.5, "clat": 50.04202555, "clon": 82.72331715}, "geometry": {"type": "Point", "coordinates": [3683.00068949908, 4637.482094731182]}}, {"type": "Feature", "properties": {"num": 326, "osm_id": 95484376, "housenumber": null, "area_m2": 251.7, "px_x": 3981.1, "px_y": 4602.4, "clat": 50.042146349999996, "clon": 82.7249162}, "geometry": {"type": "Point", "coordinates": [3981.0852144360542, 4602.418431676924]}}, {"type": "Feature", "properties": {"num": 327, "osm_id": 95484321, "housenumber": null, "area_m2": 251.7, "px_x": 4106.2, "px_y": 4627.0, "clat": 50.0420618, "clon": 82.72558715}, "geometry": {"type": "Point", "coordinates": [4106.1593597233295, 4626.960102461278]}}, {"type": "Feature", "properties": {"num": 328, "osm_id": 95484290, "housenumber": "21", "area_m2": 251.7, "px_x": 4515.3, "px_y": 4636.3, "clat": 50.0420296, "clon": 82.7277819}, "geometry": {"type": "Point", "coordinates": [4515.290413223207, 4636.306534606963]}}, {"type": "Feature", "properties": {"num": 329, "osm_id": 95484440, "housenumber": "19", "area_m2": 251.7, "px_x": 4579.6, "px_y": 4648.0, "clat": 50.0419893, "clon": 82.7281268}, "geometry": {"type": "Point", "coordinates": [4579.584433205426, 4648.004079055041]}}, {"type": "Feature", "properties": {"num": 330, "osm_id": 95484401, "housenumber": "12", "area_m2": 251.9, "px_x": 4925.6, "px_y": 4595.4, "clat": 50.042170522622946, "clon": 82.72998296219062}, "geometry": {"type": "Point", "coordinates": [4925.598144352436, 4595.402024507523]}}, {"type": "Feature", "properties": {"num": 331, "osm_id": 1098207937, "housenumber": null, "area_m2": 59.8, "px_x": 4964.5, "px_y": 4622.0, "clat": 50.042078897285926, "clon": 82.73019162202469}, "geometry": {"type": "Point", "coordinates": [4964.495156645775, 4621.997409760952]}}, {"type": "Feature", "properties": {"num": 332, "osm_id": 95484310, "housenumber": "10", "area_m2": 251.9, "px_x": 5028.5, "px_y": 4616.4, "clat": 50.042098022619356, "clon": 82.73053481218814}, "geometry": {"type": "Point", "coordinates": [5028.470439992845, 4616.446049805731]}}, {"type": "Feature", "properties": {"num": 333, "osm_id": 95484303, "housenumber": "8", "area_m2": 251.9, "px_x": 5092.8, "px_y": 4631.6, "clat": 50.04204567737705, "clon": 82.73087963780938}, "geometry": {"type": "Point", "coordinates": [5092.7505947723985, 4631.639885894954]}}, {"type": "Feature", "properties": {"num": 334, "osm_id": 95484451, "housenumber": "6", "area_m2": 252.0, "px_x": 5161.7, "px_y": 4639.8, "clat": 50.0420175, "clon": 82.73124965}, "geometry": {"type": "Point", "coordinates": [5161.725866384804, 4639.818701591343]}}, {"type": "Feature", "properties": {"num": 335, "osm_id": 95484300, "housenumber": "105", "area_m2": 251.9, "px_x": 5346.4, "px_y": 4595.4, "clat": 50.04217052262295, "clon": 82.73224046219063}, "geometry": {"type": "Point", "coordinates": [5346.426645688713, 4595.402024507523]}}, {"type": "Feature", "properties": {"num": 336, "osm_id": 95484463, "housenumber": null, "area_m2": 258.9, "px_x": 5454.3, "px_y": 4638.8, "clat": 50.04202088526388, "clon": 82.73281904670746}, "geometry": {"type": "Point", "coordinates": [5454.282616943121, 4638.83608911559]}}, {"type": "Feature", "properties": {"num": 337, "osm_id": 95484448, "housenumber": null, "area_m2": 130.6, "px_x": 5499.4, "px_y": 4643.4, "clat": 50.042005, "clon": 82.73306099999999}, "geometry": {"type": "Point", "coordinates": [5499.385979734361, 4643.446972332895]}}, {"type": "Feature", "properties": {"num": 338, "osm_id": 95484367, "housenumber": "38", "area_m2": 251.7, "px_x": 3836.5, "px_y": 4673.7, "clat": 50.0419007, "clon": 82.7241405}, "geometry": {"type": "Point", "coordinates": [3836.48425386101, 4673.721226610243]}}, {"type": "Feature", "properties": {"num": 339, "osm_id": 95484373, "housenumber": "36", "area_m2": 251.7, "px_x": 3952.7, "px_y": 4699.4, "clat": 50.0418121, "clon": 82.724764}, "geometry": {"type": "Point", "coordinates": [3952.713078044355, 4699.438326705247]}}, {"type": "Feature", "properties": {"num": 340, "osm_id": 95484464, "housenumber": "32/2", "area_m2": 251.7, "px_x": 4220.7, "px_y": 4650.3, "clat": 50.04198125, "clon": 82.7262017}, "geometry": {"type": "Point", "coordinates": [4220.719782963395, 4650.340684149414]}}, {"type": "Feature", "properties": {"num": 341, "osm_id": 601997204, "housenumber": "28", "area_m2": 251.6, "px_x": 4329.5, "px_y": 4702.0, "clat": 50.04180330520641, "clon": 82.72678517751983}, "geometry": {"type": "Point", "coordinates": [4329.487876094878, 4701.991107262671]}}, {"type": "Feature", "properties": {"num": 342, "osm_id": 95484385, "housenumber": "17", "area_m2": 251.7, "px_x": 4647.4, "px_y": 4656.2, "clat": 50.0419611, "clon": 82.7284905}, "geometry": {"type": "Point", "coordinates": [4647.383027203381, 4656.18945170939]}}, {"type": "Feature", "properties": {"num": 343, "osm_id": 95484435, "housenumber": "15", "area_m2": 251.7, "px_x": 4745.4, "px_y": 4671.2, "clat": 50.0419093, "clon": 82.72901655}, "geometry": {"type": "Point", "coordinates": [4745.445854716003, 4671.224981863052]}}, {"type": "Feature", "properties": {"num": 344, "osm_id": 95484285, "housenumber": "13", "area_m2": 251.7, "px_x": 4814.5, "px_y": 4679.6, "clat": 50.04188055, "clon": 82.72938725}, "geometry": {"type": "Point", "coordinates": [4814.549343287945, 4679.569984354079]}}, {"type": "Feature", "properties": {"num": 345, "osm_id": 95484405, "housenumber": "11", "area_m2": 251.7, "px_x": 4906.9, "px_y": 4702.2, "clat": 50.0418027, "clon": 82.72988245}, "geometry": {"type": "Point", "coordinates": [4906.861313991249, 4702.1667747199535]}}, {"type": "Feature", "properties": {"num": 346, "osm_id": 95484396, "housenumber": "4", "area_m2": 252.0, "px_x": 5230.7, "px_y": 4650.3, "clat": 50.04198125, "clon": 82.73161965}, "geometry": {"type": "Point", "coordinates": [5230.698865488172, 4650.340684149414]}}, {"type": "Feature", "properties": {"num": 347, "osm_id": 95484355, "housenumber": "2", "area_m2": 251.9, "px_x": 5337.1, "px_y": 4662.0, "clat": 50.041940977377045, "clon": 82.73219023780938}, "geometry": {"type": "Point", "coordinates": [5337.064142435789, 4662.030270319432]}}, {"type": "Feature", "properties": {"num": 348, "osm_id": 95484426, "housenumber": "34", "area_m2": 251.7, "px_x": 4080.4, "px_y": 4722.6, "clat": 50.0417322, "clon": 82.7254492}, "geometry": {"type": "Point", "coordinates": [4080.443615861237, 4722.630117803812]}}, {"type": "Feature", "properties": {"num": 349, "osm_id": 95484269, "housenumber": "32", "area_m2": 251.7, "px_x": 4150.6, "px_y": 4735.7, "clat": 50.04168725, "clon": 82.72582545}, "geometry": {"type": "Point", "coordinates": [4150.581699416041, 4735.677297458053]}}, {"type": "Feature", "properties": {"num": 350, "osm_id": 95484429, "housenumber": null, "area_m2": 251.7, "px_x": 4744.4, "px_y": 4747.4, "clat": 50.041647, "clon": 82.729011}, "geometry": {"type": "Point", "coordinates": [4744.4112597331405, 4747.360245510936]}}, {"type": "Feature", "properties": {"num": 351, "osm_id": 95484332, "housenumber": "14", "area_m2": 251.7, "px_x": 4808.7, "px_y": 4753.2, "clat": 50.04162685, "clon": 82.7293559}, "geometry": {"type": "Point", "coordinates": [4808.705279707909, 4753.208972346038]}}, {"type": "Feature", "properties": {"num": 352, "osm_id": 95484350, "housenumber": "9", "area_m2": 251.7, "px_x": 5010.1, "px_y": 4718.8, "clat": 50.041745399999996, "clon": 82.7304363}, "geometry": {"type": "Point", "coordinates": [5010.106437124312, 4718.798685640097]}}, {"type": "Feature", "properties": {"num": 353, "osm_id": 95484296, "housenumber": "7", "area_m2": 251.7, "px_x": 5078.4, "px_y": 4733.2, "clat": 50.0416959, "clon": 82.73080275}, "geometry": {"type": "Point", "coordinates": [5078.4176682680845, 4733.166550815105]}}, {"type": "Feature", "properties": {"num": 354, "osm_id": 95484370, "housenumber": "5", "area_m2": 251.7, "px_x": 5144.1, "px_y": 4742.7, "clat": 50.04166315, "clon": 82.7311549}, "geometry": {"type": "Point", "coordinates": [5144.063186198473, 4742.6725544855]}}, {"type": "Feature", "properties": {"num": 355, "osm_id": 95484313, "housenumber": "3", "area_m2": 251.7, "px_x": 5207.7, "px_y": 4743.9, "clat": 50.04165905, "clon": 82.7314961}, "geometry": {"type": "Point", "coordinates": [5207.667476199567, 4743.862618610263]}}, {"type": "Feature", "properties": {"num": 356, "osm_id": 95484344, "housenumber": "1", "area_m2": 251.7, "px_x": 5306.9, "px_y": 4763.9, "clat": 50.0415901, "clon": 82.73202865}, "geometry": {"type": "Point", "coordinates": [5306.941991537809, 4763.875998839736]}}, {"type": "Feature", "properties": {"num": 357, "osm_id": 95484364, "housenumber": null, "area_m2": 1182.0, "px_x": 5904.8, "px_y": 4744.3, "clat": 50.0416576, "clon": 82.735236}, "geometry": {"type": "Point", "coordinates": [5904.835366398096, 4744.2834949195385]}}, {"type": "Feature", "properties": {"num": 358, "osm_id": 1322736989, "housenumber": null, "area_m2": 48.8, "px_x": 6268.5, "px_y": 4731.0, "clat": 50.04170351555939, "clon": 82.73718666778653}, "geometry": {"type": "Point", "coordinates": [6268.466197498143, 4730.956060256809]}}, {"type": "Feature", "properties": {"num": 359, "osm_id": 601997159, "housenumber": "5", "area_m2": 306.8, "px_x": 6312.0, "px_y": 4747.0, "clat": 50.041648397635065, "clon": 82.73742007027049}, "geometry": {"type": "Point", "coordinates": [6311.975574038923, 4746.954568706453]}}, {"type": "Feature", "properties": {"num": 360, "osm_id": 601997158, "housenumber": "5А", "area_m2": 462.8, "px_x": 6532.6, "px_y": 4734.0, "clat": 50.04169305, "clon": 82.7386037}, "geometry": {"type": "Point", "coordinates": [6532.620147772133, 4733.993791092187]}}, {"type": "Feature", "properties": {"num": 361, "osm_id": 601997206, "housenumber": "24", "area_m2": 251.6, "px_x": 4392.0, "px_y": 4781.0, "clat": 50.04153110520641, "clon": 82.72712047751983}, "geometry": {"type": "Point", "coordinates": [4391.992326378822, 4780.999764796346]}}, {"type": "Feature", "properties": {"num": 362, "osm_id": 95484444, "housenumber": "22", "area_m2": 251.6, "px_x": 4477.9, "px_y": 4793.0, "clat": 50.04148990520641, "clon": 82.72758127751983}, "geometry": {"type": "Point", "coordinates": [4477.891672290862, 4792.958420433104]}}, {"type": "Feature", "properties": {"num": 363, "osm_id": 95484264, "housenumber": "20", "area_m2": 251.8, "px_x": 4552.7, "px_y": 4801.1, "clat": 50.04146172248538, "clon": 82.7279826121195}, "geometry": {"type": "Point", "coordinates": [4552.705864146352, 4801.138692576438]}}, {"type": "Feature", "properties": {"num": 364, "osm_id": 95484422, "housenumber": "18", "area_m2": 251.7, "px_x": 4625.2, "px_y": 4809.3, "clat": 50.04143355, "clon": 82.7283714}, "geometry": {"type": "Point", "coordinates": [4625.181178025901, 4809.31598892808]}}, {"type": "Feature", "properties": {"num": 365, "osm_id": 95484288, "housenumber": "16", "area_m2": 251.7, "px_x": 4696.5, "px_y": 4818.7, "clat": 50.041401300000004, "clon": 82.7287539}, "geometry": {"type": "Point", "coordinates": [4696.484346032143, 4818.676811665297]}}, {"type": "Feature", "properties": {"num": 366, "osm_id": 95484368, "housenumber": "75", "area_m2": 252.8, "px_x": 4888.2, "px_y": 4775.4, "clat": 50.04155029462139, "clon": 82.72978232358153}, "geometry": {"type": "Point", "coordinates": [4888.1963967606425, 4775.429867949337]}}, {"type": "Feature", "properties": {"num": 367, "osm_id": 95484443, "housenumber": "14", "area_m2": 251.7, "px_x": 4779.5, "px_y": 4833.9, "clat": 50.04134895, "clon": 82.7291991}, "geometry": {"type": "Point", "coordinates": [4779.475641176105, 4833.871808197349]}}, {"type": "Feature", "properties": {"num": 368, "osm_id": 95484359, "housenumber": "12", "area_m2": 250.5, "px_x": 4877.7, "px_y": 4849.1, "clat": 50.04129661695557, "clon": 82.72972588396962}, "geometry": {"type": "Point", "coordinates": [4877.675290554762, 4849.061866685748]}}, {"type": "Feature", "properties": {"num": 369, "osm_id": 95484298, "housenumber": "10", "area_m2": 250.6, "px_x": 4989.9, "px_y": 4865.4, "clat": 50.041240244884804, "clon": 82.73032787206758}, "geometry": {"type": "Point", "coordinates": [4989.8940055295825, 4865.424264319241]}}, {"type": "Feature", "properties": {"num": 370, "osm_id": 95484449, "housenumber": "8", "area_m2": 250.6, "px_x": 5057.7, "px_y": 4873.6, "clat": 50.04121204488481, "clon": 82.73069157206757}, "geometry": {"type": "Point", "coordinates": [5057.692599527538, 4873.609509259462]}}, {"type": "Feature", "properties": {"num": 371, "osm_id": 95484399, "housenumber": "6", "area_m2": 250.7, "px_x": 5119.6, "px_y": 4880.6, "clat": 50.04118785, "clon": 82.7310239}, "geometry": {"type": "Point", "coordinates": [5119.643016241491, 4880.632237993181]}}, {"type": "Feature", "properties": {"num": 372, "osm_id": 95484286, "housenumber": "100", "area_m2": 252.1, "px_x": 5307.8, "px_y": 4835.0, "clat": 50.04134495, "clon": 82.7320335}, "geometry": {"type": "Point", "coordinates": [5307.8460970669985, 4835.032838769257]}}, {"type": "Feature", "properties": {"num": 373, "osm_id": 95484389, "housenumber": "2", "area_m2": 1513.0, "px_x": 5484.3, "px_y": 4840.6, "clat": 50.041325665111046, "clon": 82.73298016802508}, "geometry": {"type": "Point", "coordinates": [5484.317807473242, 4840.6304238289595]}}, {"type": "Feature", "properties": {"num": 374, "osm_id": 601997160, "housenumber": "3", "area_m2": 216.6, "px_x": 6308.0, "px_y": 4867.3, "clat": 50.04123378132551, "clon": 82.73739861463885}, "geometry": {"type": "Point", "coordinates": [6307.975954405963, 4867.30035751313]}}, {"type": "Feature", "properties": {"num": 375, "osm_id": 95484354, "housenumber": "4", "area_m2": 250.5, "px_x": 5195.6, "px_y": 4892.3, "clat": 50.0411476, "clon": 82.7314315}, "geometry": {"type": "Point", "coordinates": [5195.625163376331, 4892.315064512193]}}, {"type": "Feature", "properties": {"num": 376, "osm_id": 95484293, "housenumber": "2", "area_m2": 250.6, "px_x": 5286.8, "px_y": 4904.0, "clat": 50.041107355115194, "clon": 82.73192062793242}, "geometry": {"type": "Point", "coordinates": [5286.80521864444, 4903.996396519244]}}, {"type": "Feature", "properties": {"num": 377, "osm_id": 95779205, "housenumber": null, "area_m2": 97.4, "px_x": 5615.1, "px_y": 4893.3, "clat": 50.04114425, "clon": 82.73368185000001}, "geometry": {"type": "Point", "coordinates": [5615.120808117092, 4893.287423543632]}}, {"type": "Feature", "properties": {"num": 378, "osm_id": 95484340, "housenumber": "2А", "area_m2": 347.6, "px_x": 5623.0, "px_y": 4946.1, "clat": 50.04096232480335, "clon": 82.73372419030882}, "geometry": {"type": "Point", "coordinates": [5623.013613730669, 4946.092279329896]}}, {"type": "Feature", "properties": {"num": 379, "osm_id": 936397554, "housenumber": null, "area_m2": 716.0, "px_x": 6854.1, "px_y": 4948.1, "clat": 50.04095538592142, "clon": 82.7403282944568}, "geometry": {"type": "Point", "coordinates": [6854.107855699956, 4948.106326565146]}}, {"type": "Feature", "properties": {"num": 380, "osm_id": 1322736992, "housenumber": null, "area_m2": 364.5, "px_x": 7066.7, "px_y": 4948.5, "clat": 50.0409539248487, "clon": 82.7414687450896}, "geometry": {"type": "Point", "coordinates": [7066.703262411058, 4948.5304106250405]}}, {"type": "Feature", "properties": {"num": 381, "osm_id": 1322736993, "housenumber": null, "area_m2": 279.5, "px_x": 7110.4, "px_y": 4949.1, "clat": 50.040951899999996, "clon": 82.74170315}, "geometry": {"type": "Point", "coordinates": [7110.39950478822, 4949.118133611977]}}, {"type": "Feature", "properties": {"num": 382, "osm_id": 601997161, "housenumber": "1", "area_m2": 216.5, "px_x": 6324.7, "px_y": 4991.4, "clat": 50.04080618150857, "clon": 82.73748846478591}, "geometry": {"type": "Point", "coordinates": [6324.725235790014, 4991.413627244532]}}, {"type": "Feature", "properties": {"num": 383, "osm_id": 1322736987, "housenumber": null, "area_m2": 316.9, "px_x": 6401.2, "px_y": 4980.7, "clat": 50.04084317925161, "clon": 82.73789857057406}, "geometry": {"type": "Point", "coordinates": [6401.1744956970215, 4980.674866378307]}}, {"type": "Feature", "properties": {"num": 384, "osm_id": 936397555, "housenumber": null, "area_m2": 983.9, "px_x": 6748.3, "px_y": 4987.1, "clat": 50.04082105050992, "clon": 82.73976077493398}, "geometry": {"type": "Point", "coordinates": [6748.314548835158, 4987.097833909094]}}, {"type": "Feature", "properties": {"num": 385, "osm_id": 1322736988, "housenumber": null, "area_m2": 98.3, "px_x": 6268.1, "px_y": 5033.5, "clat": 50.040661160538335, "clon": 82.73718462246315}, "geometry": {"type": "Point", "coordinates": [6268.084921583533, 5033.506534535438]}}, {"type": "Feature", "properties": {"num": 386, "osm_id": 1322736990, "housenumber": null, "area_m2": 119.0, "px_x": 6805.9, "px_y": 5056.5, "clat": 50.040582050000005, "clon": 82.7400697}, "geometry": {"type": "Point", "coordinates": [6805.902355059981, 5056.468625999987]}}, {"type": "Feature", "properties": {"num": 387, "osm_id": 1322736991, "housenumber": null, "area_m2": 395.6, "px_x": 6941.0, "px_y": 5023.9, "clat": 50.04069438634356, "clon": 82.74079442264654}, "geometry": {"type": "Point", "coordinates": [6941.000448182225, 5023.8626250475645]}}, {"type": "Feature", "properties": {"num": 388, "osm_id": 1330442040, "housenumber": null, "area_m2": 306.2, "px_x": 4037.6, "px_y": 5094.2, "clat": 50.0404519, "clon": 82.72521959999999}, "geometry": {"type": "Point", "coordinates": [4037.643073707819, 5094.245005145669]}}, {"type": "Feature", "properties": {"num": 389, "osm_id": 1322736994, "housenumber": null, "area_m2": 2445.9, "px_x": 7184.0, "px_y": 5101.3, "clat": 50.0404276693269, "clon": 82.74209783224181}, "geometry": {"type": "Point", "coordinates": [7183.973607257009, 5101.2780103087425]}}, {"type": "Feature", "properties": {"num": 390, "osm_id": 1330380626, "housenumber": null, "area_m2": 347.6, "px_x": 3819.1, "px_y": 5185.6, "clat": 50.0401373, "clon": 82.724047}, "geometry": {"type": "Point", "coordinates": [3819.054590575397, 5185.558058008552]}}, {"type": "Feature", "properties": {"num": 391, "osm_id": 95779204, "housenumber": null, "area_m2": 818.8, "px_x": 3726.2, "px_y": 5249.5, "clat": 50.03991686775479, "clon": 82.72354879619807}, "geometry": {"type": "Point", "coordinates": [3726.1826706156135, 5249.53844293952]}}, {"type": "Feature", "properties": {"num": 392, "osm_id": 1330380621, "housenumber": null, "area_m2": 37.2, "px_x": 5843.9, "px_y": 5207.8, "clat": 50.0400608, "clon": 82.734909}, "geometry": {"type": "Point", "coordinates": [5843.878148272634, 5207.762190528214]}}, {"type": "Feature", "properties": {"num": 393, "osm_id": 1330380625, "housenumber": null, "area_m2": 128.2, "px_x": 3646.7, "px_y": 5286.5, "clat": 50.03978952587716, "clon": 82.7231226692601}, "geometry": {"type": "Point", "coordinates": [3646.7468519210815, 5286.499246157706]}}, {"type": "Feature", "properties": {"num": 394, "osm_id": 1330380624, "housenumber": null, "area_m2": 172.2, "px_x": 3596.5, "px_y": 5346.1, "clat": 50.03958429894582, "clon": 82.72285313249712}, "geometry": {"type": "Point", "coordinates": [3596.501557558775, 5346.065871797502]}}, {"type": "Feature", "properties": {"num": 395, "osm_id": 95779190, "housenumber": null, "area_m2": 746.9, "px_x": 3814.3, "px_y": 5363.3, "clat": 50.0395248651141, "clon": 82.72402170299141}, "geometry": {"type": "Point", "coordinates": [3814.338886387646, 5363.316351659596]}}, {"type": "Feature", "properties": {"num": 396, "osm_id": 1330380623, "housenumber": null, "area_m2": 86.1, "px_x": 3721.6, "px_y": 5422.9, "clat": 50.03931966371564, "clon": 82.72352400504721}, "geometry": {"type": "Point", "coordinates": [3721.561265140772, 5422.875238120556]}}, {"type": "Feature", "properties": {"num": 397, "osm_id": 95779201, "housenumber": null, "area_m2": 708.4, "px_x": 3756.2, "px_y": 5393.6, "clat": 50.039420389267256, "clon": 82.72370998576179}, "geometry": {"type": "Point", "coordinates": [3756.230583138764, 5393.640080809593]}}, {"type": "Feature", "properties": {"num": 398, "osm_id": 936397552, "housenumber": null, "area_m2": 1160.1, "px_x": 5545.6, "px_y": 5425.2, "clat": 50.039311700000006, "clon": 82.7333091}, "geometry": {"type": "Point", "coordinates": [5545.635171838105, 5425.186669655144]}}, {"type": "Feature", "properties": {"num": 399, "osm_id": 936397550, "housenumber": null, "area_m2": 570.9, "px_x": 5914.9, "px_y": 5419.0, "clat": 50.039332848226586, "clon": 82.73529012261451}, "geometry": {"type": "Point", "coordinates": [5914.924552999437, 5419.048494122922]}}, {"type": "Feature", "properties": {"num": 400, "osm_id": 601997156, "housenumber": "35", "area_m2": 498.7, "px_x": 6087.1, "px_y": 5482.2, "clat": 50.0391151, "clon": 82.73621385}, "geometry": {"type": "Point", "coordinates": [6087.119818240404, 5482.2487863227725]}}, {"type": "Feature", "properties": {"num": 401, "osm_id": 1330380622, "housenumber": null, "area_m2": 815.4, "px_x": 4978.1, "px_y": 5517.5, "clat": 50.0389936, "clon": 82.73026435}, "geometry": {"type": "Point", "coordinates": [4978.052633881569, 5517.513405885547]}}, {"type": "Feature", "properties": {"num": 402, "osm_id": 936397553, "housenumber": null, "area_m2": 903.3, "px_x": 5514.3, "px_y": 5537.3, "clat": 50.03892535, "clon": 82.73314115}, "geometry": {"type": "Point", "coordinates": [5514.327022649348, 5537.322504892945]}}, {"type": "Feature", "properties": {"num": 403, "osm_id": 936397551, "housenumber": null, "area_m2": 418.8, "px_x": 5081.4, "px_y": 5580.3, "clat": 50.03877724542851, "clon": 82.73081867515153}, "geometry": {"type": "Point", "coordinates": [5081.386331677437, 5580.308754108846]}}, {"type": "Feature", "properties": {"num": 404, "osm_id": 1098245941, "housenumber": null, "area_m2": 341.3, "px_x": 5954.5, "px_y": 5557.3, "clat": 50.03885637845873, "clon": 82.73550266104259}, "geometry": {"type": "Point", "coordinates": [5954.544587619603, 5557.340997740626]}}, {"type": "Feature", "properties": {"num": 405, "osm_id": 1098245940, "housenumber": null, "area_m2": 319.6, "px_x": 6043.1, "px_y": 5580.8, "clat": 50.03877571871518, "clon": 82.73597792174229}, "geometry": {"type": "Point", "coordinates": [6043.139603346586, 5580.751870602369]}}, {"type": "Feature", "properties": {"num": 406, "osm_id": 1098245939, "housenumber": null, "area_m2": 4977.0, "px_x": 6022.8, "px_y": 5772.4, "clat": 50.03811554363799, "clon": 82.7358688099921}, "geometry": {"type": "Point", "coordinates": [6022.799698896706, 5772.361152689904]}}, {"type": "Feature", "properties": {"num": 407, "osm_id": 1098245936, "housenumber": null, "area_m2": 5755.5, "px_x": 5424.7, "px_y": 5824.1, "clat": 50.03793736085061, "clon": 82.73266053502043}, "geometry": {"type": "Point", "coordinates": [5424.733896814287, 5824.076491650194]}}, {"type": "Feature", "properties": {"num": 408, "osm_id": 1098245938, "housenumber": null, "area_m2": 2013.5, "px_x": 5807.5, "px_y": 5892.0, "clat": 50.037703335636905, "clon": 82.73471380485783}, "geometry": {"type": "Point", "coordinates": [5807.491136468947, 5891.999109074473]}}, {"type": "Feature", "properties": {"num": 409, "osm_id": 1215073299, "housenumber": "30", "area_m2": 107.6, "px_x": 2453.2, "px_y": 5969.2, "clat": 50.0374372, "clon": 82.71672025000001}, "geometry": {"type": "Point", "coordinates": [2453.2493980377913, 5969.240935321897]}}, {"type": "Feature", "properties": {"num": 410, "osm_id": 1215073287, "housenumber": "28", "area_m2": 63.6, "px_x": 2451.5, "px_y": 6022.0, "clat": 50.037255431559714, "clon": 82.71671088622941}, "geometry": {"type": "Point", "coordinates": [2451.5038646906614, 6021.996218141168]}}, {"type": "Feature", "properties": {"num": 411, "osm_id": 1215073288, "housenumber": "31", "area_m2": 63.6, "px_x": 2490.8, "px_y": 5971.3, "clat": 50.037430244347874, "clon": 82.71692142590899}, "geometry": {"type": "Point", "coordinates": [2490.7513055875897, 5971.259701959789]}}, {"type": "Feature", "properties": {"num": 412, "osm_id": 1215073289, "housenumber": "29", "area_m2": 63.6, "px_x": 2495.7, "px_y": 6010.8, "clat": 50.03729416844029, "clon": 82.71694821377059}, "geometry": {"type": "Point", "coordinates": [2495.7449249252677, 6010.75349611789]}}, {"type": "Feature", "properties": {"num": 413, "osm_id": 1330442041, "housenumber": null, "area_m2": 231.6, "px_x": 6239.3, "px_y": 6009.2, "clat": 50.03729947850969, "clon": 82.73703020279879}, "geometry": {"type": "Point", "coordinates": [6239.299009770155, 6009.212337911129]}}, {"type": "Feature", "properties": {"num": 414, "osm_id": 1215073300, "housenumber": "26", "area_m2": 107.6, "px_x": 2463.3, "px_y": 6073.8, "clat": 50.0370771, "clon": 82.71677389999999}, "geometry": {"type": "Point", "coordinates": [2463.250482916832, 6073.7538091391325]}}, {"type": "Feature", "properties": {"num": 415, "osm_id": 1215073290, "housenumber": "27", "area_m2": 63.5, "px_x": 2499.8, "px_y": 6062.0, "clat": 50.037117599999995, "clon": 82.71696969999999}, "geometry": {"type": "Point", "coordinates": [2499.750248387456, 6061.999415073544]}}, {"type": "Feature", "properties": {"num": 416, "osm_id": 1215073301, "housenumber": "24", "area_m2": 107.6, "px_x": 2469.3, "px_y": 6138.2, "clat": 50.0368549, "clon": 82.7168061}, "geometry": {"type": "Point", "coordinates": [2469.252997972071, 6138.243172485381]}}, {"type": "Feature", "properties": {"num": 417, "osm_id": 1215073291, "housenumber": "25", "area_m2": 63.6, "px_x": 2503.8, "px_y": 6112.7, "clat": 50.03694275565213, "clon": 82.716991174091}, "geometry": {"type": "Point", "coordinates": [2503.7533090934157, 6112.744760487229]}}, {"type": "Feature", "properties": {"num": 418, "osm_id": 1215073302, "housenumber": "20", "area_m2": 107.6, "px_x": 2468.8, "px_y": 6206.8, "clat": 50.036618849999996, "clon": 82.71680345}, "geometry": {"type": "Point", "coordinates": [2468.7590021640062, 6206.751910448074]}}, {"type": "Feature", "properties": {"num": 419, "osm_id": 1215073293, "housenumber": "21", "area_m2": 107.6, "px_x": 2509.8, "px_y": 6207.5, "clat": 50.0366163, "clon": 82.71702335}, "geometry": {"type": "Point", "coordinates": [2509.751333259046, 6207.4919945299625]}}, {"type": "Feature", "properties": {"num": 420, "osm_id": 1215073292, "housenumber": "23", "area_m2": 63.5, "px_x": 2522.3, "px_y": 6174.2, "clat": 50.03673085, "clon": 82.7170904}, "geometry": {"type": "Point", "coordinates": [2522.25035918504, 6174.24621783942]}}, {"type": "Feature", "properties": {"num": 421, "osm_id": 1215073303, "housenumber": "18", "area_m2": 107.6, "px_x": 2472.0, "px_y": 6255.0, "clat": 50.03645265, "clon": 82.71682085}, "geometry": {"type": "Point", "coordinates": [2472.002597257495, 6254.987896695733]}}, {"type": "Feature", "properties": {"num": 422, "osm_id": 1215073304, "housenumber": "16", "area_m2": 107.6, "px_x": 2471.0, "px_y": 6312.0, "clat": 50.03625625, "clon": 82.71681545}, "geometry": {"type": "Point", "coordinates": [2470.9959643036127, 6311.988570153713]}}, {"type": "Feature", "properties": {"num": 423, "osm_id": 1215073295, "housenumber": "19", "area_m2": 107.6, "px_x": 2512.0, "px_y": 6273.8, "clat": 50.036388, "clon": 82.7170354}, "geometry": {"type": "Point", "coordinates": [2511.9976160675287, 6273.751127831638]}}, {"type": "Feature", "properties": {"num": 424, "osm_id": 1215073296, "housenumber": "17", "area_m2": 107.6, "px_x": 2512.7, "px_y": 6320.2, "clat": 50.036227794327324, "clon": 82.717039425629}, "geometry": {"type": "Point", "coordinates": [2512.7480477020144, 6320.2471684627235]}}, {"type": "Feature", "properties": {"num": 425, "osm_id": 1215073305, "housenumber": "14", "area_m2": 107.6, "px_x": 2476.0, "px_y": 6367.5, "clat": 50.03606495, "clon": 82.71684225}, "geometry": {"type": "Point", "coordinates": [2475.9918464049697, 6367.508859403431]}}, {"type": "Feature", "properties": {"num": 426, "osm_id": 1215073297, "housenumber": "15", "area_m2": 107.6, "px_x": 2518.0, "px_y": 6382.0, "clat": 50.036015, "clon": 82.71706760000001}, "geometry": {"type": "Point", "coordinates": [2518.0001311302185, 6382.005626164377]}}, {"type": "Feature", "properties": {"num": 427, "osm_id": 1322727827, "housenumber": null, "area_m2": 263.9, "px_x": 7178.8, "px_y": 6389.6, "clat": 50.035988851752755, "clon": 82.74206997855168}, "geometry": {"type": "Point", "coordinates": [7178.781303077936, 6389.594509869814]}}, {"type": "Feature", "properties": {"num": 428, "osm_id": 1215073306, "housenumber": "12", "area_m2": 107.6, "px_x": 2471.0, "px_y": 6430.5, "clat": 50.035847950000004, "clon": 82.71681545}, "geometry": {"type": "Point", "coordinates": [2470.9959643036127, 6430.48769653216]}}, {"type": "Feature", "properties": {"num": 429, "osm_id": 1215073294, "housenumber": "13", "area_m2": 107.6, "px_x": 2517.7, "px_y": 6427.5, "clat": 50.03585822409226, "clon": 82.71706623785275}, "geometry": {"type": "Point", "coordinates": [2517.74620847404, 6427.505903951824]}}, {"type": "Feature", "properties": {"num": 430, "osm_id": 1322727826, "housenumber": null, "area_m2": 254.4, "px_x": 6807.1, "px_y": 6409.9, "clat": 50.035919, "clon": 82.74007595}, "geometry": {"type": "Point", "coordinates": [6807.067439503968, 6409.867237649858]}}, {"type": "Feature", "properties": {"num": 431, "osm_id": 1198402461, "housenumber": "10", "area_m2": 107.6, "px_x": 2468.7, "px_y": 6490.5, "clat": 50.035641150000004, "clon": 82.71680335}, "geometry": {"type": "Point", "coordinates": [2468.7403608188033, 6490.505973223597]}}, {"type": "Feature", "properties": {"num": 432, "osm_id": 1215073298, "housenumber": "11", "area_m2": 107.6, "px_x": 2521.0, "px_y": 6489.2, "clat": 50.0356455, "clon": 82.7170837}, "geometry": {"type": "Point", "coordinates": [2521.001388654113, 6489.243502464145]}}, {"type": "Feature", "properties": {"num": 433, "osm_id": 1322727829, "housenumber": null, "area_m2": 213.6, "px_x": 7175.9, "px_y": 6457.4, "clat": 50.0357550815634, "clon": 82.74205436062887}, "geometry": {"type": "Point", "coordinates": [7175.869911246002, 6457.440356768668]}}, {"type": "Feature", "properties": {"num": 434, "osm_id": 1322727828, "housenumber": null, "area_m2": 93.1, "px_x": 7260.9, "px_y": 6474.2, "clat": 50.0356972, "clon": 82.7425104}, "geometry": {"type": "Point", "coordinates": [7260.8818116262555, 6474.238956168294]}}]}