{"type": "FeatureCollection", "village": "с. Солнечное", "key": "solnechnoe", "features": [{"type": "Feature", "properties": {"osm_id": 95484257, "building": "yes", "housenumber": "11", "street": "Цветочная улица", "levels": null, "area_m2": 252.2, "clat": 50.042686027216234, "clon": 82.7301146377411}, "geometry": {"type": "Polygon", "coordinates": [[[82.7300207, 50.0427669], [82.7302387, 50.0427479], [82.7302086, 50.0426052], [82.7299906, 50.0426241], [82.7300207, 50.0427669]]]}}, {"type": "Feature", "properties": {"osm_id": 95484258, "building": "yes", "housenumber": "15", "street": "Рябиновая улица", "levels": null, "area_m2": 251.7, "clat": 50.0433545, "clon": 82.72978859999999}, "geometry": {"type": "Polygon", "coordinates": [[[82.7296971, 50.0434364], [82.7299143, 50.0434148], [82.7298801, 50.0432726], [82.7296629, 50.0432942], [82.7296971, 50.0434364]]]}}, {"type": "Feature", "properties": {"osm_id": 95484259, "building": "yes", "housenumber": "49", "street": "Тепличная улица", "levels": null, "area_m2": 251.7, "clat": 50.0430359, "clon": 82.72006345}, "geometry": {"type": "Polygon", "coordinates": [[[82.719972, 50.0431178], [82.7201892, 50.0430962], [82.7201549, 50.042954], [82.7199377, 50.0429756], [82.719972, 50.0431178]]]}}, {"type": "Feature", "properties": {"osm_id": 95484260, "building": "yes", "housenumber": "21", "street": "Родниковая улица", "levels": null, "area_m2": 251.6, "clat": 50.043801555208105, "clon": 82.72788227751438}, "geometry": {"type": "Polygon", "coordinates": [[[82.7277908, 50.0438834], [82.728008, 50.0438619], [82.7279737, 50.0437197], [82.7277566, 50.0437412], [82.7277908, 50.0438834]]]}}, {"type": "Feature", "properties": {"osm_id": 95484261, "building": "yes", "housenumber": "6", "street": "Родниковая улица", "levels": null, "area_m2": 251.7, "clat": 50.04376585, "clon": 82.7316312}, "geometry": {"type": "Polygon", "coordinates": [[[82.7315397, 50.0438477], [82.7317569, 50.0438262], [82.7317227, 50.043684], [82.7315055, 50.0437055], [82.7315397, 50.0438477]]]}}, {"type": "Feature", "properties": {"osm_id": 95484262, "building": "yes", "housenumber": "22", "street": "Цветочная улица", "levels": null, "area_m2": 251.7, "clat": 50.043210800000004, "clon": 82.72802295}, "geometry": {"type": "Polygon", "coordinates": [[[82.7279315, 50.0432927], [82.7281487, 50.0432711], [82.7281144, 50.0431289], [82.7278972, 50.0431505], [82.7279315, 50.0432927]]]}}, {"type": "Feature", "properties": {"osm_id": 95484264, "building": "yes", "housenumber": "20", "street": "Тенистая улица", "levels": null, "area_m2": 251.8, "clat": 50.04146172248538, "clon": 82.7279826121195}, "geometry": {"type": "Polygon", "coordinates": [[[82.7278911, 50.0415436], [82.7281083, 50.0415221], [82.7280741, 50.0413798], [82.7278569, 50.0414014], [82.7278911, 50.0415436]]]}}, {"type": "Feature", "properties": {"osm_id": 95484265, "building": "yes", "housenumber": "94", "street": "Родниковая улица", "levels": null, "area_m2": 251.7, "clat": 50.044811, "clon": 82.7226679}, "geometry": {"type": "Polygon", "coordinates": [[[82.7225764, 50.0448929], [82.7227936, 50.0448713], [82.7227594, 50.0447291], [82.7225422, 50.0447507], [82.7225764, 50.0448929]]]}}, {"type": "Feature", "properties": {"osm_id": 95484266, "building": "yes", "housenumber": "3", "street": "Родниковая улица", "levels": null, "area_m2": 251.7, "clat": 50.0433626, "clon": 82.7320586}, "geometry": {"type": "Polygon", "coordinates": [[[82.7319671, 50.0434445], [82.7321843, 50.0434229], [82.7321501, 50.0432807], [82.7319329, 50.0433023], [82.7319671, 50.0434445]]]}}, {"type": "Feature", "properties": {"osm_id": 95484268, "building": "yes", "housenumber": "39", "street": "Тепличная улица", "levels": null, "area_m2": 251.6, "clat": 50.04258477248455, "clon": 82.72360851212784}, "geometry": {"type": "Polygon", "coordinates": [[[82.723517, 50.0426666], [82.7237342, 50.0426451], [82.7237, 50.0425029], [82.7234828, 50.0425245], [82.723517, 50.0426666]]]}}, {"type": "Feature", "properties": {"osm_id": 95484269, "building": "yes", "housenumber": "32", "street": "Тенистая улица", "levels": null, "area_m2": 251.7, "clat": 50.04168725, "clon": 82.72582545}, "geometry": {"type": "Polygon", "coordinates": [[[82.725734, 50.0417691], [82.7259512, 50.0417476], [82.7259169, 50.0416054], [82.7256997, 50.0416269], [82.725734, 50.0417691]]]}}, {"type": "Feature", "properties": {"osm_id": 95484270, "building": "yes", "housenumber": "78", "street": "Васильковая улица", "levels": null, "area_m2": 251.7, "clat": 50.04445255, "clon": 82.7339358}, "geometry": {"type": "Polygon", "coordinates": [[[82.7338443, 50.0445344], [82.7340615, 50.0445129], [82.7340273, 50.0443707], [82.7338101, 50.0443922], [82.7338443, 50.0445344]]]}}, {"type": "Feature", "properties": {"osm_id": 95484271, "building": "yes", "housenumber": null, "street": null, "levels": null, "area_m2": 251.7, "clat": 50.042686, "clon": 82.7206583}, "geometry": {"type": "Polygon", "coordinates": [[[82.7205668, 50.0427679], [82.720784, 50.0427463], [82.7207498, 50.0426041], [82.7205326, 50.0426257], [82.7205668, 50.0427679]]]}}, {"type": "Feature", "properties": {"osm_id": 95484272, "building": "yes", "housenumber": "11", "street": "Родниковая улица", "levels": null, "area_m2": 251.7, "clat": 50.04349425, "clon": 82.73036105}, "geometry": {"type": "Polygon", "coordinates": [[[82.7302696, 50.0435761], [82.7304868, 50.0435546], [82.7304525, 50.0434124], [82.7302353, 50.0434339], [82.7302696, 50.0435761]]]}}, {"type": "Feature", "properties": {"osm_id": 95484273, "building": "yes", "housenumber": "43", "street": "Тепличная улица", "levels": null, "area_m2": 251.6, "clat": 50.04276250520641, "clon": 82.72213197751984}, "geometry": {"type": "Polygon", "coordinates": [[[82.7220405, 50.0428444], [82.7222577, 50.0428228], [82.7222234, 50.0426806], [82.7220063, 50.0427022], [82.7220405, 50.0428444]]]}}, {"type": "Feature", "properties": {"osm_id": 95484274, "building": "yes", "housenumber": "107", "street": "Васильковая улица", "levels": null, "area_m2": 251.6, "clat": 50.044896805206406, "clon": 82.72608837751983}, "geometry": {"type": "Polygon", "coordinates": [[[82.7259969, 50.0449787], [82.7262141, 50.0449571], [82.7261798, 50.0448149], [82.7259627, 50.0448365], [82.7259969, 50.0449787]]]}}, {"type": "Feature", "properties": {"osm_id": 95484275, "building": "yes", "housenumber": "95", "street": "Родниковая улица", "levels": null, "area_m2": 251.7, "clat": 50.04485995, "clon": 82.7222074}, "geometry": {"type": "Polygon", "coordinates": [[[82.7221159, 50.0449418], [82.7223331, 50.0449203], [82.7222989, 50.0447781], [82.7220817, 50.0447996], [82.7221159, 50.0449418]]]}}, {"type": "Feature", "properties": {"osm_id": 95484276, "building": "yes", "housenumber": "22", "street": "Тепличная улица", "levels": null, "area_m2": 250.7, "clat": 50.04229537789299, "clon": 82.72865353807794}, "geometry": {"type": "Polygon", "coordinates": [[[82.7285653, 50.0423785], [82.7287812, 50.0423536], [82.7287418, 50.0422123], [82.7285259, 50.0422371], [82.7285653, 50.0423785]]]}}, {"type": "Feature", "properties": {"osm_id": 95484277, "building": "yes", "housenumber": "189", "street": "Родниковая улица", "levels": null, "area_m2": 251.7, "clat": 50.0440673, "clon": 82.7257439}, "geometry": {"type": "Polygon", "coordinates": [[[82.7256524, 50.0441492], [82.7258696, 50.0441276], [82.7258354, 50.0439854], [82.7256182, 50.044007], [82.7256524, 50.0441492]]]}}, {"type": "Feature", "properties": {"osm_id": 95484278, "building": "yes", "housenumber": "34", "street": "Цветочная улица", "levels": null, "area_m2": 251.7, "clat": 50.04354435, "clon": 82.7253594}, "geometry": {"type": "Polygon", "coordinates": [[[82.7252679, 50.0436262], [82.7254851, 50.0436047], [82.7254509, 50.0434625], [82.7252337, 50.043484], [82.7252679, 50.0436262]]]}}, {"type": "Feature", "properties": {"osm_id": 95484279, "building": "yes", "housenumber": "7", "street": "Цветочная улица", "levels": null, "area_m2": 252.3, "clat": 50.04260547804895, "clon": 82.73099883947721}, "geometry": {"type": "Polygon", "coordinates": [[[82.7309048, 50.0426863], [82.7311229, 50.0426674], [82.7310928, 50.0425246], [82.7308748, 50.0425436], [82.7309048, 50.0426863]]]}}, {"type": "Feature", "properties": {"osm_id": 95484280, "building": "yes", "housenumber": "30/1", "street": "Тепличная улица", "levels": null, "area_m2": 250.7, "clat": 50.04240932210701, "clon": 82.72738046192205}, "geometry": {"type": "Polygon", "coordinates": [[[82.7272922, 50.0424924], [82.7275081, 50.0424676], [82.7274687, 50.0423262], [82.7272528, 50.0423511], [82.7272922, 50.0424924]]]}}, {"type": "Feature", "properties": {"osm_id": 95484281, "building": "yes", "housenumber": "80", "street": "Родниковая улица", "levels": null, "area_m2": 251.7, "clat": 50.044424, "clon": 82.72312744999999}, "geometry": {"type": "Polygon", "coordinates": [[[82.723036, 50.0445059], [82.7232532, 50.0444843], [82.7232189, 50.0443421], [82.7230017, 50.0443637], [82.723036, 50.0445059]]]}}, {"type": "Feature", "properties": {"osm_id": 95484282, "building": "yes", "housenumber": "45", "street": "Тепличная улица", "levels": null, "area_m2": 251.7, "clat": 50.042869, "clon": 82.7213588}, "geometry": {"type": "Polygon", "coordinates": [[[82.7212673, 50.0429509], [82.7214845, 50.0429293], [82.7214503, 50.0427871], [82.7212331, 50.0428087], [82.7212673, 50.0429509]]]}}, {"type": "Feature", "properties": {"osm_id": 95484283, "building": "yes", "housenumber": "17", "street": "Родниковая улица", "levels": null, "area_m2": 251.7, "clat": 50.043716950000004, "clon": 82.7286034}, "geometry": {"type": "Polygon", "coordinates": [[[82.7285119, 50.0437988], [82.7287291, 50.0437773], [82.7286949, 50.0436351], [82.7284777, 50.0436566], [82.7285119, 50.0437988]]]}}, {"type": "Feature", "properties": {"osm_id": 95484284, "building": "yes", "housenumber": "50", "street": "Цветочная улица", "levels": null, "area_m2": 251.7, "clat": 50.0440069, "clon": 82.72166165}, "geometry": {"type": "Polygon", "coordinates": [[[82.7215702, 50.0440888], [82.7217874, 50.0440672], [82.7217531, 50.043925], [82.7215359, 50.0439466], [82.7215702, 50.0440888]]]}}, {"type": "Feature", "properties": {"osm_id": 95484285, "building": "yes", "housenumber": "13", "street": "Тепличная улица", "levels": null, "area_m2": 251.7, "clat": 50.04188055, "clon": 82.72938725}, "geometry": {"type": "Polygon", "coordinates": [[[82.7292958, 50.0419624], [82.729513, 50.0419409], [82.7294787, 50.0417987], [82.7292615, 50.0418202], [82.7292958, 50.0419624]]]}}, {"type": "Feature", "properties": {"osm_id": 95484286, "building": "yes", "housenumber": "100", "street": "Самурык", "levels": null, "area_m2": 252.1, "clat": 50.04134495, "clon": 82.7320335}, "geometry": {"type": "Polygon", "coordinates": [[[82.7319403, 50.0414261], [82.7321581, 50.0414064], [82.7321267, 50.0412638], [82.7319089, 50.0412835], [82.7319403, 50.0414261]]]}}, {"type": "Feature", "properties": {"osm_id": 95484288, "building": "yes", "housenumber": "16", "street": "Тенистая улица", "levels": null, "area_m2": 251.7, "clat": 50.041401300000004, "clon": 82.7287539}, "geometry": {"type": "Polygon", "coordinates": [[[82.7286624, 50.0414832], [82.7288796, 50.0414616], [82.7288454, 50.0413194], [82.7286282, 50.041341], [82.7286624, 50.0414832]]]}}, {"type": "Feature", "properties": {"osm_id": 95484289, "building": "yes", "housenumber": "106", "street": "Васильковая улица", "levels": null, "area_m2": 251.7, "clat": 50.04497115, "clon": 82.725347}, "geometry": {"type": "Polygon", "coordinates": [[[82.7252555, 50.045053], [82.7254727, 50.0450315], [82.7254385, 50.0448893], [82.7252213, 50.0449108], [82.7252555, 50.045053]]]}}, {"type": "Feature", "properties": {"osm_id": 95484290, "building": "yes", "housenumber": "21", "street": "Тепличная улица", "levels": null, "area_m2": 251.7, "clat": 50.0420296, "clon": 82.7277819}, "geometry": {"type": "Polygon", "coordinates": [[[82.7276904, 50.0421115], [82.7279076, 50.0420899], [82.7278734, 50.0419477], [82.7276562, 50.0419693], [82.7276904, 50.0421115]]]}}, {"type": "Feature", "properties": {"osm_id": 95484291, "building": "yes", "housenumber": "45", "street": "Родниковая улица", "levels": null, "area_m2": 251.7, "clat": 50.0445385, "clon": 82.7222762}, "geometry": {"type": "Polygon", "coordinates": [[[82.7221847, 50.0446204], [82.7224019, 50.0445988], [82.7223677, 50.0444566], [82.7221505, 50.0444782], [82.7221847, 50.0446204]]]}}, {"type": "Feature", "properties": {"osm_id": 95484292, "building": "yes", "housenumber": "10", "street": "Рябиновая улица", "levels": null, "area_m2": 252.0, "clat": 50.0424323, "clon": 82.73002685}, "geometry": {"type": "Polygon", "coordinates": [[[82.7299342, 50.0425137], [82.7301518, 50.0424934], [82.7301195, 50.0423509], [82.7299019, 50.0423712], [82.7299342, 50.0425137]]]}}, {"type": "Feature", "properties": {"osm_id": 95484293, "building": "yes", "housenumber": "2", "street": "Тенистая улица", "levels": null, "area_m2": 250.6, "clat": 50.041107355115194, "clon": 82.73192062793242}, "geometry": {"type": "Polygon", "coordinates": [[[82.7318327, 50.0411906], [82.7320485, 50.0411654], [82.7320085, 50.0410241], [82.7317928, 50.0410493], [82.7318327, 50.0411906]]]}}, {"type": "Feature", "properties": {"osm_id": 95484294, "building": "yes", "housenumber": "40", "street": "Тепличная улица", "levels": null, "area_m2": 251.7, "clat": 50.0426947, "clon": 82.7252397}, "geometry": {"type": "Polygon", "coordinates": [[[82.7251482, 50.0427766], [82.7253654, 50.042755], [82.7253312, 50.0426128], [82.725114, 50.0426344], [82.7251482, 50.0427766]]]}}, {"type": "Feature", "properties": {"osm_id": 95484295, "building": "yes", "housenumber": "44", "street": "Цветочная улица", "levels": null, "area_m2": 251.7, "clat": 50.043878050000004, "clon": 82.7227402}, "geometry": {"type": "Polygon", "coordinates": [[[82.7226487, 50.0439599], [82.7228659, 50.0439384], [82.7228317, 50.0437962], [82.7226145, 50.0438177], [82.7226487, 50.0439599]]]}}, {"type": "Feature", "properties": {"osm_id": 95484296, "building": "yes", "housenumber": "7", "street": "Тепличная улица", "levels": null, "area_m2": 251.7, "clat": 50.0416959, "clon": 82.73080275}, "geometry": {"type": "Polygon", "coordinates": [[[82.7307113, 50.0417778], [82.7309285, 50.0417562], [82.7308942, 50.041614], [82.730677, 50.0416356], [82.7307113, 50.0417778]]]}}, {"type": "Feature", "properties": {"osm_id": 95484297, "building": "yes", "housenumber": "30", "street": "Родниковая улица", "levels": null, "area_m2": 251.7, "clat": 50.04394595, "clon": 82.72673830000001}, "geometry": {"type": "Polygon", "coordinates": [[[82.7266468, 50.0440278], [82.726864, 50.0440063], [82.7268298, 50.0438641], [82.7266126, 50.0438856], [82.7266468, 50.0440278]]]}}, {"type": "Feature", "properties": {"osm_id": 95484298, "building": "yes", "housenumber": "10", "street": "Тенистая улица", "levels": null, "area_m2": 250.6, "clat": 50.041240244884804, "clon": 82.73032787206758}, "geometry": {"type": "Polygon", "coordinates": [[[82.73024, 50.0413235], [82.7304557, 50.0412983], [82.7304158, 50.041157], [82.7302, 50.0411822], [82.73024, 50.0413235]]]}}, {"type": "Feature", "properties": {"osm_id": 95484299, "building": "yes", "housenumber": "48", "street": "Тепличная улица", "levels": null, "area_m2": 251.7, "clat": 50.04286555, "clon": 82.7238727}, "geometry": {"type": "Polygon", "coordinates": [[[82.7237812, 50.0429474], [82.7239984, 50.0429259], [82.7239642, 50.0427837], [82.723747, 50.0428052], [82.7237812, 50.0429474]]]}}, {"type": "Feature", "properties": {"osm_id": 95484300, "building": "yes", "housenumber": "105", "street": "Самурык", "levels": null, "area_m2": 251.9, "clat": 50.04217052262295, "clon": 82.73224046219063}, "geometry": {"type": "Polygon", "coordinates": [[[82.7321478, 50.0422519], [82.7323654, 50.0422316], [82.7323331, 50.0420891], [82.7321155, 50.0421095], [82.7321478, 50.0422519]]]}}, {"type": "Feature", "properties": {"osm_id": 95484302, "building": "yes", "housenumber": "82", "street": "Родниковая улица", "levels": null, "area_m2": 251.7, "clat": 50.0442876, "clon": 82.7242006}, "geometry": {"type": "Polygon", "coordinates": [[[82.7241091, 50.0443695], [82.7243263, 50.0443479], [82.7242921, 50.0442057], [82.7240749, 50.0442273], [82.7241091, 50.0443695]]]}}, {"type": "Feature", "properties": {"osm_id": 95484303, "building": "yes", "housenumber": "8", "street": "Тепличная улица", "levels": null, "area_m2": 251.9, "clat": 50.04204567737705, "clon": 82.73087963780938}, "geometry": {"type": "Polygon", "coordinates": [[[82.730787, 50.0421271], [82.7310046, 50.0421067], [82.7309723, 50.0419643], [82.7307547, 50.0419846], [82.730787, 50.0421271]]]}}, {"type": "Feature", "properties": {"osm_id": 95484304, "building": "yes", "housenumber": "1", "street": "Родниковая улица", "levels": null, "area_m2": 251.7, "clat": 50.043306199999996, "clon": 82.7325226}, "geometry": {"type": "Polygon", "coordinates": [[[82.7324311, 50.0433881], [82.7326483, 50.0433665], [82.7326141, 50.0432243], [82.7323969, 50.0432459], [82.7324311, 50.0433881]]]}}, {"type": "Feature", "properties": {"osm_id": 95484305, "building": "yes", "housenumber": "3", "street": "Цветочная улица", "levels": null, "area_m2": 252.3, "clat": 50.04252492195105, "clon": 82.7317826605228}, "geometry": {"type": "Polygon", "coordinates": [[[82.7316887, 50.0426058], [82.7319067, 50.0425868], [82.7318767, 50.0424441], [82.7316586, 50.042463], [82.7316887, 50.0426058]]]}}, {"type": "Feature", "properties": {"osm_id": 95484306, "building": "yes", "housenumber": "9", "street": "Родниковая улица", "levels": null, "area_m2": 251.7, "clat": 50.0434552, "clon": 82.7308358}, "geometry": {"type": "Polygon", "coordinates": [[[82.7307443, 50.0435371], [82.7309615, 50.0435155], [82.7309273, 50.0433733], [82.7307101, 50.0433949], [82.7307443, 50.0435371]]]}}, {"type": "Feature", "properties": {"osm_id": 95484307, "building": "yes", "housenumber": "8", "street": "Цветочная улица", "levels": null, "area_m2": 251.6, "clat": 50.04289944479189, "clon": 82.73110542248563}, "geometry": {"type": "Polygon", "coordinates": [[[82.731014, 50.0429813], [82.7312311, 50.0429598], [82.7311969, 50.0428176], [82.7309797, 50.0428391], [82.731014, 50.0429813]]]}}, {"type": "Feature", "properties": {"osm_id": 95484308, "building": "yes", "housenumber": "64", "street": "Тепличная улица", "levels": null, "area_m2": 251.7, "clat": 50.04328205, "clon": 82.7207461}, "geometry": {"type": "Polygon", "coordinates": [[[82.7206546, 50.0433639], [82.7208718, 50.0433424], [82.7208376, 50.0432002], [82.7206204, 50.0432217], [82.7206546, 50.0433639]]]}}, {"type": "Feature", "properties": {"osm_id": 95484310, "building": "yes", "housenumber": "10", "street": "Тепличная улица", "levels": null, "area_m2": 251.9, "clat": 50.042098022619356, "clon": 82.73053481218814}, "geometry": {"type": "Polygon", "coordinates": [[[82.7304422, 50.0421794], [82.7306598, 50.0421591], [82.7306274, 50.0420166], [82.7304098, 50.042037], [82.7304422, 50.0421794]]]}}, {"type": "Feature", "properties": {"osm_id": 95484311, "building": "yes", "housenumber": null, "street": null, "levels": null, "area_m2": 251.7, "clat": 50.043193450000004, "clon": 82.73121205}, "geometry": {"type": "Polygon", "coordinates": [[[82.7311206, 50.0432753], [82.7313378, 50.0432538], [82.7313035, 50.0431116], [82.7310863, 50.0431331], [82.7311206, 50.0432753]]]}}, {"type": "Feature", "properties": {"osm_id": 95484313, "building": "yes", "housenumber": "3", "street": "Тепличная улица", "levels": null, "area_m2": 251.7, "clat": 50.04165905, "clon": 82.7314961}, "geometry": {"type": "Polygon", "coordinates": [[[82.7314046, 50.0417409], [82.7316218, 50.0417194], [82.7315876, 50.0415772], [82.7313704, 50.0415987], [82.7314046, 50.0417409]]]}}, {"type": "Feature", "properties": {"osm_id": 95484314, "building": "yes", "housenumber": "9", "street": "Цветочная улица", "levels": null, "area_m2": 252.3, "clat": 50.0426578324773, "clon": 82.73046581495115}, "geometry": {"type": "Polygon", "coordinates": [[[82.7303718, 50.0427387], [82.7305899, 50.0427197], [82.7305598, 50.042577], [82.7303418, 50.0425959], [82.7303718, 50.0427387]]]}}, {"type": "Feature", "properties": {"osm_id": 95484315, "building": "yes", "housenumber": "43", "street": "Родниковая улица", "levels": null, "area_m2": 107.9, "clat": 50.04364805, "clon": 82.7291439}, "geometry": {"type": "Polygon", "coordinates": [[[82.729085, 50.0437021], [82.7292277, 50.0436862], [82.7292028, 50.043594], [82.7290601, 50.0436099], [82.729085, 50.0437021]]]}}, {"type": "Feature", "properties": {"osm_id": 95484316, "building": "yes", "housenumber": "69", "street": "Родниковая улица", "levels": null, "area_m2": 251.6, "clat": 50.04441070520641, "clon": 82.73047467751984}, "geometry": {"type": "Polygon", "coordinates": [[[82.7303832, 50.0444926], [82.7306004, 50.044471], [82.7305661, 50.0443288], [82.730349, 50.0443504], [82.7303832, 50.0444926]]]}}, {"type": "Feature", "properties": {"osm_id": 95484317, "building": "yes", "housenumber": "23", "street": "Родниковая улица", "levels": null, "area_m2": 251.7, "clat": 50.04386595, "clon": 82.72731160000001}, "geometry": {"type": "Polygon", "coordinates": [[[82.7272201, 50.0439478], [82.7274373, 50.0439263], [82.7274031, 50.0437841], [82.7271859, 50.0438056], [82.7272201, 50.0439478]]]}}, {"type": "Feature", "properties": {"osm_id": 95484318, "building": "yes", "housenumber": null, "street": null, "levels": null, "area_m2": 251.7, "clat": 50.043044450000004, "clon": 82.73166979999999}, "geometry": {"type": "Polygon", "coordinates": [[[82.7315783, 50.0431263], [82.7317955, 50.0431048], [82.7317613, 50.0429626], [82.7315441, 50.0429841], [82.7315783, 50.0431263]]]}}, {"type": "Feature", "properties": {"osm_id": 95484319, "building": "yes", "housenumber": "33", "street": "Тепличная улица", "levels": null, "area_m2": 251.7, "clat": 50.0423202, "clon": 82.7256661}, "geometry": {"type": "Polygon", "coordinates": [[[82.7255746, 50.0424021], [82.7257918, 50.0423805], [82.7257576, 50.0422383], [82.7255404, 50.0422599], [82.7255746, 50.0424021]]]}}, {"type": "Feature", "properties": {"osm_id": 95484320, "building": "yes", "housenumber": "14", "street": "Цветочная улица", "levels": null, "area_m2": 251.7, "clat": 50.0430565, "clon": 82.7296506}, "geometry": {"type": "Polygon", "coordinates": [[[82.7295591, 50.0431384], [82.7297763, 50.0431168], [82.7297421, 50.0429746], [82.7295249, 50.0429962], [82.7295591, 50.0431384]]]}}, {"type": "Feature", "properties": {"osm_id": 95484321, "building": "yes", "housenumber": null, "street": null, "levels": null, "area_m2": 251.7, "clat": 50.0420618, "clon": 82.72558715}, "geometry": {"type": "Polygon", "coordinates": [[[82.7254957, 50.0421437], [82.7257129, 50.0421221], [82.7256786, 50.0419799], [82.7254614, 50.0420015], [82.7254957, 50.0421437]]]}}, {"type": "Feature", "properties": {"osm_id": 95484322, "building": "yes", "housenumber": "5", "street": "Родниковая улица", "levels": null, "area_m2": 251.7, "clat": 50.0434069, "clon": 82.7316134}, "geometry": {"type": "Polygon", "coordinates": [[[82.7315219, 50.0434888], [82.7317391, 50.0434672], [82.7317049, 50.043325], [82.7314877, 50.0433466], [82.7315219, 50.0434888]]]}}, {"type": "Feature", "properties": {"osm_id": 95484324, "building": "yes", "housenumber": "26", "street": "Цветочная улица", "levels": null, "area_m2": 251.7, "clat": 50.043309, "clon": 82.7271869}, "geometry": {"type": "Polygon", "coordinates": [[[82.7270954, 50.0433909], [82.7273126, 50.0433693], [82.7272784, 50.0432271], [82.7270612, 50.0432487], [82.7270954, 50.0433909]]]}}, {"type": "Feature", "properties": {"osm_id": 95484325, "building": "yes", "housenumber": null, "street": null, "levels": null, "area_m2": 251.7, "clat": 50.0424162, "clon": 82.7227716}, "geometry": {"type": "Polygon", "coordinates": [[[82.7226801, 50.0424981], [82.7228973, 50.0424765], [82.7228631, 50.0423343], [82.7226459, 50.0423559], [82.7226801, 50.0424981]]]}}, {"type": "Feature", "properties": {"osm_id": 95484326, "building": "yes", "housenumber": null, "street": null, "levels": null, "area_m2": 251.7, "clat": 50.0451049, "clon": 82.73408005}, "geometry": {"type": "Polygon", "coordinates": [[[82.7339886, 50.0451868], [82.7342058, 50.0451652], [82.7341715, 50.045023], [82.7339543, 50.0450446], [82.7339886, 50.0451868]]]}}, {"type": "Feature", "properties": {"osm_id": 95484327, "building": "yes", "housenumber": null, "street": null, "levels": null, "area_m2": 251.7, "clat": 50.04364045, "clon": 82.7266469}, "geometry": {"type": "Polygon", "coordinates": [[[82.7265554, 50.0437223], [82.7267726, 50.0437008], [82.7267384, 50.0435586], [82.7265212, 50.0435801], [82.7265554, 50.0437223]]]}}, {"type": "Feature", "properties": {"osm_id": 95484328, "building": "yes", "housenumber": "58", "street": "Цветочная улица", "levels": null, "area_m2": 251.7, "clat": 50.044139799999996, "clon": 82.7202319}, "geometry": {"type": "Polygon", "coordinates": [[[82.7201404, 50.0442217], [82.7203576, 50.0442001], [82.7203234, 50.0440579], [82.7201062, 50.0440795], [82.7201404, 50.0442217]]]}}, {"type": "Feature", "properties": {"osm_id": 95484329, "building": "yes", "housenumber": "188", "street": "Родниковая улица", "levels": null, "area_m2": 251.7, "clat": 50.0441519, "clon": 82.72517955000001}, "geometry": {"type": "Polygon", "coordinates": [[[82.7250881, 50.0442338], [82.7253053, 50.0442122], [82.725271, 50.04407], [82.7250538, 50.0440916], [82.7250881, 50.0442338]]]}}, {"type": "Feature", "properties": {"osm_id": 95484332, "building": "yes", "housenumber": "14", "street": "Рябиновая улица", "levels": null, "area_m2": 251.7, "clat": 50.04162685, "clon": 82.7293559}, "geometry": {"type": "Polygon", "coordinates": [[[82.7292644, 50.0417087], [82.7294816, 50.0416872], [82.7294474, 50.041545], [82.7292302, 50.0415665], [82.7292644, 50.0417087]]]}}, {"type": "Feature", "properties": {"osm_id": 95484333, "building": "yes", "housenumber": "100", "street": "Васильковая улица", "levels": null, "area_m2": 251.6, "clat": 50.04531167248098, "clon": 82.7225207621252}, "geometry": {"type": "Polygon", "coordinates": [[[82.7224293, 50.0453935], [82.7226465, 50.045372], [82.7226122, 50.0452298], [82.722395, 50.0452514], [82.7224293, 50.0453935]]]}}, {"type": "Feature", "properties": {"osm_id": 95484334, "building": "yes", "housenumber": "5", "street": "Цветочная улица", "levels": null, "area_m2": 252.2, "clat": 50.04256519473807, "clon": 82.73135627278822}, "geometry": {"type": "Polygon", "coordinates": [[[82.7312623, 50.042646], [82.7314803, 50.0426271], [82.7314503, 50.0424844], [82.7312322, 50.0425033], [82.7312623, 50.042646]]]}}, {"type": "Feature", "properties": {"osm_id": 95484335, "building": "yes", "housenumber": null, "street": null, "levels": null, "area_m2": 251.7, "clat": 50.0427907, "clon": 82.72644}, "geometry": {"type": "Polygon", "coordinates": [[[82.7263485, 50.0428726], [82.7265657, 50.042851], [82.7265315, 50.0427088], [82.7263143, 50.0427304], [82.7263485, 50.0428726]]]}}, {"type": "Feature", "properties": {"osm_id": 95484336, "building": "yes", "housenumber": "19", "street": "Родниковая улица", "levels": null, "area_m2": 251.7, "clat": 50.04375725, "clon": 82.728246}, "geometry": {"type": "Polygon", "coordinates": [[[82.7281545, 50.0438391], [82.7283717, 50.0438176], [82.7283375, 50.0436754], [82.7281203, 50.0436969], [82.7281545, 50.0438391]]]}}, {"type": "Feature", "properties": {"osm_id": 95484338, "building": "yes", "housenumber": "32", "street": "Цветочная улица", "levels": null, "area_m2": 251.7, "clat": 50.0435081, "clon": 82.7256946}, "geometry": {"type": "Polygon", "coordinates": [[[82.7256031, 50.04359], [82.7258203, 50.0435684], [82.7257861, 50.0434262], [82.7255689, 50.0434478], [82.7256031, 50.04359]]]}}, {"type": "Feature", "properties": {"osm_id": 95484340, "building": "yes", "housenumber": "2А", "street": "Тенистая улица", "levels": null, "area_m2": 347.6, "clat": 50.04096232480335, "clon": 82.73372419030882}, "geometry": {"type": "Polygon", "coordinates": [[[82.7336098, 50.0410584], [82.7338352, 50.04106], [82.7338386, 50.0408663], [82.7336132, 50.0408646], [82.7336098, 50.0410584]]]}}, {"type": "Feature", "properties": {"osm_id": 95484342, "building": "yes", "housenumber": "4", "street": "Самурык", "levels": null, "area_m2": 2234.2, "clat": 50.04239416346953, "clon": 82.73318178745001}, "geometry": {"type": "Polygon", "coordinates": [[[82.7330354, 50.0429929], [82.7332695, 50.0429653], [82.7331045, 50.0423958], [82.7336877, 50.0418681], [82.733531, 50.0417895], [82.7328716, 50.042366], [82.7330354, 50.0429929]]]}}, {"type": "Feature", "properties": {"osm_id": 95484343, "building": "yes", "housenumber": "34", "street": "Тепличная улица", "levels": null, "area_m2": 251.7, "clat": 50.04254505, "clon": 82.7263773}, "geometry": {"type": "Polygon", "coordinates": [[[82.7262858, 50.0426269], [82.726503, 50.0426054], [82.7264688, 50.0424632], [82.7262516, 50.0424847], [82.7262858, 50.0426269]]]}}, {"type": "Feature", "properties": {"osm_id": 95484344, "building": "yes", "housenumber": "1", "street": "Самурык", "levels": null, "area_m2": 251.7, "clat": 50.0415901, "clon": 82.73202865}, "geometry": {"type": "Polygon", "coordinates": [[[82.7319372, 50.041672], [82.7321544, 50.0416504], [82.7321201, 50.0415082], [82.7319029, 50.0415298], [82.7319372, 50.041672]]]}}, {"type": "Feature", "properties": {"osm_id": 95484345, "building": "yes", "housenumber": "41", "street": "Цветочная улица", "levels": null, "area_m2": 251.7, "clat": 50.043761249999996, "clon": 82.72095305}, "geometry": {"type": "Polygon", "coordinates": [[[82.7208616, 50.0438431], [82.7210788, 50.0438216], [82.7210445, 50.0436794], [82.7208273, 50.0437009], [82.7208616, 50.0438431]]]}}, {"type": "Feature", "properties": {"osm_id": 95484346, "building": "yes", "housenumber": "30", "street": "Цветочная улица", "levels": null, "area_m2": 251.6, "clat": 50.04346954479189, "clon": 82.72604222248562}, "geometry": {"type": "Polygon", "coordinates": [[[82.7259508, 50.0435514], [82.7261679, 50.0435299], [82.7261337, 50.0433877], [82.7259165, 50.0434092], [82.7259508, 50.0435514]]]}}, {"type": "Feature", "properties": {"osm_id": 95484347, "building": "yes", "housenumber": "42", "street": "Тепличная улица", "levels": null, "area_m2": 251.7, "clat": 50.0427424, "clon": 82.72492245}, "geometry": {"type": "Polygon", "coordinates": [[[82.724831, 50.0428243], [82.7250482, 50.0428027], [82.7250139, 50.0426605], [82.7247967, 50.0426821], [82.724831, 50.0428243]]]}}, {"type": "Feature", "properties": {"osm_id": 95484348, "building": "yes", "housenumber": "14", "street": "Тепличная улица", "levels": null, "area_m2": 250.7, "clat": 50.0421947, "clon": 82.72944995}, "geometry": {"type": "Polygon", "coordinates": [[[82.7293617, 50.0422778], [82.7295776, 50.042253], [82.7295382, 50.0421116], [82.7293223, 50.0421364], [82.7293617, 50.0422778]]]}}, {"type": "Feature", "properties": {"osm_id": 95484349, "building": "yes", "housenumber": "49", "street": "Родниковая улица", "levels": null, "area_m2": 251.7, "clat": 50.0446244, "clon": 82.7211772}, "geometry": {"type": "Polygon", "coordinates": [[[82.7210857, 50.0447063], [82.7213029, 50.0446847], [82.7212687, 50.0445425], [82.7210515, 50.0445641], [82.7210857, 50.0447063]]]}}, {"type": "Feature", "properties": {"osm_id": 95484350, "building": "yes", "housenumber": "9", "street": "Тепличная улица", "levels": null, "area_m2": 251.7, "clat": 50.041745399999996, "clon": 82.7304363}, "geometry": {"type": "Polygon", "coordinates": [[[82.7303448, 50.0418273], [82.730562, 50.0418057], [82.7305278, 50.0416635], [82.7303106, 50.0416851], [82.7303448, 50.0418273]]]}}, {"type": "Feature", "properties": {"osm_id": 95484351, "building": "yes", "housenumber": "56", "street": "Тепличная улица", "levels": null, "area_m2": 251.7, "clat": 50.04304845, "clon": 82.72245805}, "geometry": {"type": "Polygon", "coordinates": [[[82.7223666, 50.0431303], [82.7225838, 50.0431088], [82.7225495, 50.0429666], [82.7223323, 50.0429881], [82.7223666, 50.0431303]]]}}, {"type": "Feature", "properties": {"osm_id": 95484352, "building": "yes", "housenumber": "54", "street": "Цветочная улица", "levels": null, "area_m2": 251.6, "clat": 50.044083427515446, "clon": 82.72097188787217}, "geometry": {"type": "Polygon", "coordinates": [[[82.7208804, 50.0441653], [82.7210976, 50.0441437], [82.7210634, 50.0440016], [82.7208462, 50.0440231], [82.7208804, 50.0441653]]]}}, {"type": "Feature", "properties": {"osm_id": 95484353, "building": "yes", "housenumber": "189Б", "street": "Родниковая улица", "levels": null, "area_m2": 251.6, "clat": 50.044014972484554, "clon": 82.72620801212784}, "geometry": {"type": "Polygon", "coordinates": [[[82.7261165, 50.0440968], [82.7263337, 50.0440753], [82.7262995, 50.0439331], [82.7260823, 50.0439547], [82.7261165, 50.0440968]]]}}, {"type": "Feature", "properties": {"osm_id": 95484354, "building": "yes", "housenumber": "4", "street": "Тенистая улица", "levels": null, "area_m2": 250.5, "clat": 50.0411476, "clon": 82.7314315}, "geometry": {"type": "Polygon", "coordinates": [[[82.7313436, 50.0412308], [82.7315594, 50.0412056], [82.7315194, 50.0410644], [82.7313036, 50.0410896], [82.7313436, 50.0412308]]]}}, {"type": "Feature", "properties": {"osm_id": 95484355, "building": "yes", "housenumber": "2", "street": "Тепличная улица", "levels": null, "area_m2": 251.9, "clat": 50.041940977377045, "clon": 82.73219023780938}, "geometry": {"type": "Polygon", "coordinates": [[[82.7320976, 50.0420224], [82.7323152, 50.042002], [82.7322829, 50.0418596], [82.7320653, 50.0418799], [82.7320976, 50.0420224]]]}}, {"type": "Feature", "properties": {"osm_id": 95484356, "building": "yes", "housenumber": "6/1", "street": "Тенистая улица", "levels": null, "area_m2": 1454.4, "clat": 50.04340488104478, "clon": 82.73438661932376}, "geometry": {"type": "Polygon", "coordinates": [[[82.7343392, 50.0437434], [82.7346135, 50.0437119], [82.7344341, 50.0430664], [82.7341597, 50.0430979], [82.7343392, 50.0437434]]]}}, {"type": "Feature", "properties": {"osm_id": 95484357, "building": "yes", "housenumber": "25", "street": "Цветочная улица", "levels": null, "area_m2": 251.7, "clat": 50.04318025, "clon": 82.7255297}, "geometry": {"type": "Polygon", "coordinates": [[[82.7254382, 50.0432621], [82.7256554, 50.0432406], [82.7256212, 50.0430984], [82.725404, 50.0431199], [82.7254382, 50.0432621]]]}}, {"type": "Feature", "properties": {"osm_id": 95484359, "building": "yes", "housenumber": "12", "street": "Тенистая улица", "levels": null, "area_m2": 250.5, "clat": 50.04129661695557, "clon": 82.72972588396962}, "geometry": {"type": "Polygon", "coordinates": [[[82.729638, 50.0413798], [82.7298537, 50.0413547], [82.7298138, 50.0412134], [82.729598, 50.0412386], [82.729638, 50.0413798]]]}}, {"type": "Feature", "properties": {"osm_id": 95484360, "building": "yes", "housenumber": "58", "street": "Тепличная улица", "levels": null, "area_m2": 251.7, "clat": 50.0431169, "clon": 82.7220191}, "geometry": {"type": "Polygon", "coordinates": [[[82.7219276, 50.0431988], [82.7221448, 50.0431772], [82.7221106, 50.043035], [82.7218934, 50.0430566], [82.7219276, 50.0431988]]]}}, {"type": "Feature", "properties": {"osm_id": 95484361, "building": "yes", "housenumber": "119", "street": "Самурык", "levels": null, "area_m2": 251.7, "clat": 50.04395055, "clon": 82.73269195}, "geometry": {"type": "Polygon", "coordinates": [[[82.7326005, 50.0440324], [82.7328177, 50.0440109], [82.7327834, 50.0438687], [82.7325662, 50.0438902], [82.7326005, 50.0440324]]]}}, {"type": "Feature", "properties": {"osm_id": 95484362, "building": "yes", "housenumber": "44", "street": "Тенистая улица", "levels": null, "area_m2": 251.7, "clat": 50.04221885, "clon": 82.7219376}, "geometry": {"type": "Polygon", "coordinates": [[[82.7218461, 50.0423007], [82.7220633, 50.0422792], [82.7220291, 50.042137], [82.7218119, 50.0421585], [82.7218461, 50.0423007]]]}}, {"type": "Feature", "properties": {"osm_id": 95484363, "building": "yes", "housenumber": "10", "street": "Цветочная улица", "levels": null, "area_m2": 251.7, "clat": 50.0429357, "clon": 82.7307292}, "geometry": {"type": "Polygon", "coordinates": [[[82.7306377, 50.0430176], [82.7308549, 50.042996], [82.7308207, 50.0428538], [82.7306035, 50.0428754], [82.7306377, 50.0430176]]]}}, {"type": "Feature", "properties": {"osm_id": 95484364, "building": "yes", "housenumber": null, "street": null, "levels": null, "area_m2": 1182.0, "clat": 50.0416576, "clon": 82.735236}, "geometry": {"type": "Polygon", "coordinates": [[[82.734976, 50.0418745], [82.7352504, 50.0419312], [82.735496, 50.0414407], [82.7352216, 50.041384], [82.734976, 50.0418745]]]}}, {"type": "Feature", "properties": {"osm_id": 95484365, "building": "yes", "housenumber": "66", "street": "Тепличная улица", "levels": null, "area_m2": 251.7, "clat": 50.043342450000004, "clon": 82.72037614999999}, "geometry": {"type": "Polygon", "coordinates": [[[82.7202847, 50.0434243], [82.7205019, 50.0434028], [82.7204676, 50.0432606], [82.7202504, 50.0432821], [82.7202847, 50.0434243]]]}}, {"type": "Feature", "properties": {"osm_id": 95484366, "building": "yes", "housenumber": "10", "street": "Родниковая улица", "levels": null, "area_m2": 251.7, "clat": 50.0439304, "clon": 82.7303467}, "geometry": {"type": "Polygon", "coordinates": [[[82.7302552, 50.0440123], [82.7304724, 50.0439907], [82.7304382, 50.0438485], [82.730221, 50.0438701], [82.7302552, 50.0440123]]]}}, {"type": "Feature", "properties": {"osm_id": 95484367, "building": "yes", "housenumber": "38", "street": "Тенистая улица", "levels": null, "area_m2": 251.7, "clat": 50.0419007, "clon": 82.7241405}, "geometry": {"type": "Polygon", "coordinates": [[[82.724049, 50.0419826], [82.7242662, 50.041961], [82.724232, 50.0418188], [82.7240148, 50.0418404], [82.724049, 50.0419826]]]}}, {"type": "Feature", "properties": {"osm_id": 95484368, "building": "yes", "housenumber": "75", "street": "Рябиновая улица", "levels": null, "area_m2": 252.8, "clat": 50.04155029462139, "clon": 82.72978232358153}, "geometry": {"type": "Polygon", "coordinates": [[[82.7296822, 50.0416282], [82.7299016, 50.0416161], [82.7298825, 50.0414724], [82.729663, 50.0414845], [82.7296822, 50.0416282]]]}}, {"type": "Feature", "properties": {"osm_id": 95484369, "building": "yes", "housenumber": "48/1", "street": "Цветочная улица", "levels": null, "area_m2": 251.7, "clat": 50.043355399999996, "clon": 82.7242964}, "geometry": {"type": "Polygon", "coordinates": [[[82.7242049, 50.0434373], [82.7244221, 50.0434157], [82.7243879, 50.0432735], [82.7241707, 50.0432951], [82.7242049, 50.0434373]]]}}, {"type": "Feature", "properties": {"osm_id": 95484370, "building": "yes", "housenumber": "5", "street": "Тепличная улица", "levels": null, "area_m2": 251.7, "clat": 50.04166315, "clon": 82.7311549}, "geometry": {"type": "Polygon", "coordinates": [[[82.7310634, 50.041745], [82.7312806, 50.0417235], [82.7312464, 50.0415813], [82.7310292, 50.0416028], [82.7310634, 50.041745]]]}}, {"type": "Feature", "properties": {"osm_id": 95484371, "building": "yes", "housenumber": "50", "street": "Тепличная улица", "levels": null, "area_m2": 251.7, "clat": 50.0429455, "clon": 82.7232346}, "geometry": {"type": "Polygon", "coordinates": [[[82.7231431, 50.0430274], [82.7233603, 50.0430058], [82.7233261, 50.0428636], [82.7231089, 50.0428852], [82.7231431, 50.0430274]]]}}, {"type": "Feature", "properties": {"osm_id": 95484372, "building": "yes", "housenumber": "24", "street": "Цветочная улица", "levels": null, "area_m2": 251.7, "clat": 50.043261900000005, "clon": 82.7276377}, "geometry": {"type": "Polygon", "coordinates": [[[82.7275462, 50.0433438], [82.7277634, 50.0433222], [82.7277292, 50.04318], [82.727512, 50.0432016], [82.7275462, 50.0433438]]]}}, {"type": "Feature", "properties": {"osm_id": 95484373, "building": "yes", "housenumber": "36", "street": "Тенистая улица", "levels": null, "area_m2": 251.7, "clat": 50.0418121, "clon": 82.724764}, "geometry": {"type": "Polygon", "coordinates": [[[82.7246725, 50.041894], [82.7248897, 50.0418724], [82.7248555, 50.0417302], [82.7246383, 50.0417518], [82.7246725, 50.041894]]]}}, {"type": "Feature", "properties": {"osm_id": 95484374, "building": "yes", "housenumber": "41", "street": "Тепличная улица", "levels": null, "area_m2": 251.7, "clat": 50.042684300000005, "clon": 82.7228094}, "geometry": {"type": "Polygon", "coordinates": [[[82.7227179, 50.0427662], [82.7229351, 50.0427446], [82.7229009, 50.0426024], [82.7226837, 50.042624], [82.7227179, 50.0427662]]]}}, {"type": "Feature", "properties": {"osm_id": 95484375, "building": "yes", "housenumber": "16", "street": "Цветочная улица", "levels": null, "area_m2": 251.7, "clat": 50.04312265, "clon": 82.7290915}, "geometry": {"type": "Polygon", "coordinates": [[[82.729, 50.0432045], [82.7292172, 50.043183], [82.729183, 50.0430408], [82.7289658, 50.0430623], [82.729, 50.0432045]]]}}, {"type": "Feature", "properties": {"osm_id": 95484376, "building": "yes", "housenumber": null, "street": null, "levels": null, "area_m2": 251.7, "clat": 50.042146349999996, "clon": 82.7249162}, "geometry": {"type": "Polygon", "coordinates": [[[82.7248247, 50.0422282], [82.7250419, 50.0422067], [82.7250077, 50.0420645], [82.7247905, 50.042086], [82.7248247, 50.0422282]]]}}, {"type": "Feature", "properties": {"osm_id": 95484378, "building": "yes", "housenumber": "12", "street": "Родниковая улица", "levels": null, "area_m2": 251.7, "clat": 50.0439796, "clon": 82.7298457}, "geometry": {"type": "Polygon", "coordinates": [[[82.7297542, 50.0440615], [82.7299714, 50.0440399], [82.7299372, 50.0438977], [82.72972, 50.0439193], [82.7297542, 50.0440615]]]}}, {"type": "Feature", "properties": {"osm_id": 95484379, "building": "yes", "housenumber": "48", "street": "Тенистая улица", "levels": null, "area_m2": 251.6, "clat": 50.04238399479359, "clon": 82.72061442248017}, "geometry": {"type": "Polygon", "coordinates": [[[82.720523, 50.0424659], [82.7207401, 50.0424443], [82.7207059, 50.0423021], [82.7204887, 50.0423237], [82.720523, 50.0424659]]]}}, {"type": "Feature", "properties": {"osm_id": 95484380, "building": "yes", "housenumber": "47", "street": "Тепличная улица", "levels": null, "area_m2": 251.6, "clat": 50.04295877248455, "clon": 82.72071561212783}, "geometry": {"type": "Polygon", "coordinates": [[[82.7206241, 50.0430406], [82.7208413, 50.0430191], [82.7208071, 50.0428769], [82.7205899, 50.0428985], [82.7206241, 50.0430406]]]}}, {"type": "Feature", "properties": {"osm_id": 95484381, "building": "yes", "housenumber": "40", "street": "Тенистая улица", "levels": null, "area_m2": 251.7, "clat": 50.04202555, "clon": 82.72331715}, "geometry": {"type": "Polygon", "coordinates": [[[82.7232257, 50.0421074], [82.7234429, 50.0420859], [82.7234086, 50.0419437], [82.7231914, 50.0419652], [82.7232257, 50.0421074]]]}}, {"type": "Feature", "properties": {"osm_id": 95484382, "building": "yes", "housenumber": "52", "street": "Цветочная улица", "levels": null, "area_m2": 251.6, "clat": 50.04405120520641, "clon": 82.72131677751983}, "geometry": {"type": "Polygon", "coordinates": [[[82.7212253, 50.0441331], [82.7214425, 50.0441115], [82.7214082, 50.0439693], [82.7211911, 50.0439909], [82.7212253, 50.0441331]]]}}, {"type": "Feature", "properties": {"osm_id": 95484383, "building": "yes", "housenumber": "42", "street": "Родниковая улица", "levels": null, "area_m2": 251.6, "clat": 50.04475857248098, "clon": 82.7231883621252}, "geometry": {"type": "Polygon", "coordinates": [[[82.7230969, 50.0448404], [82.7233141, 50.0448189], [82.7232798, 50.0446767], [82.7230626, 50.0446983], [82.7230969, 50.0448404]]]}}, {"type": "Feature", "properties": {"osm_id": 95484384, "building": "yes", "housenumber": "23", "street": "Цветочная улица", "levels": null, "area_m2": 251.7, "clat": 50.0431186, "clon": 82.72628565}, "geometry": {"type": "Polygon", "coordinates": [[[82.7261942, 50.0432005], [82.7264114, 50.0431789], [82.7263771, 50.0430367], [82.7261599, 50.0430583], [82.7261942, 50.0432005]]]}}, {"type": "Feature", "properties": {"osm_id": 95484385, "building": "yes", "housenumber": "17", "street": "Тепличная улица", "levels": null, "area_m2": 251.7, "clat": 50.0419611, "clon": 82.7284905}, "geometry": {"type": "Polygon", "coordinates": [[[82.728399, 50.042043], [82.7286162, 50.0420214], [82.728582, 50.0418792], [82.7283648, 50.0419008], [82.728399, 50.042043]]]}}, {"type": "Feature", "properties": {"osm_id": 95484386, "building": "yes", "housenumber": "98", "street": "Родниковая улица", "levels": null, "area_m2": 251.7, "clat": 50.04496995, "clon": 82.72122795}, "geometry": {"type": "Polygon", "coordinates": [[[82.7211365, 50.0450518], [82.7213537, 50.0450303], [82.7213194, 50.0448881], [82.7211022, 50.0449096], [82.7211365, 50.0450518]]]}}, {"type": "Feature", "properties": {"osm_id": 95484387, "building": "yes", "housenumber": "46", "street": "Цветочная улица", "levels": null, "area_m2": 251.7, "clat": 50.04390625, "clon": 82.7224016}, "geometry": {"type": "Polygon", "coordinates": [[[82.7223101, 50.0439881], [82.7225273, 50.0439666], [82.7224931, 50.0438244], [82.7222759, 50.0438459], [82.7223101, 50.0439881]]]}}, {"type": "Feature", "properties": {"osm_id": 95484388, "building": "yes", "housenumber": "20", "street": "Тепличная улица", "levels": null, "area_m2": 250.7, "clat": 50.04226317789299, "clon": 82.72896083807794}, "geometry": {"type": "Polygon", "coordinates": [[[82.7288726, 50.0423463], [82.7290885, 50.0423214], [82.7290491, 50.0421801], [82.7288332, 50.0422049], [82.7288726, 50.0423463]]]}}, {"type": "Feature", "properties": {"osm_id": 95484389, "building": "yes", "housenumber": "2", "street": "Самурык", "levels": null, "area_m2": 1513.0, "clat": 50.041325665111046, "clon": 82.73298016802508}, "geometry": {"type": "Polygon", "coordinates": [[[82.7329625, 50.0417803], [82.7331722, 50.0417634], [82.7329979, 50.0408711], [82.7327881, 50.040888], [82.7329625, 50.0417803]]]}}, {"type": "Feature", "properties": {"osm_id": 95484391, "building": "yes", "housenumber": null, "street": null, "levels": null, "area_m2": 251.6, "clat": 50.044461972480974, "clon": 82.7204200621252}, "geometry": {"type": "Polygon", "coordinates": [[[82.7203286, 50.0445438], [82.7205458, 50.0445223], [82.7205115, 50.0443801], [82.7202943, 50.0444017], [82.7203286, 50.0445438]]]}}, {"type": "Feature", "properties": {"osm_id": 95484392, "building": "yes", "housenumber": "46", "street": "Цветочная улица", "levels": null, "area_m2": 251.7, "clat": 50.0434673, "clon": 82.72344255}, "geometry": {"type": "Polygon", "coordinates": [[[82.7233511, 50.0435492], [82.7235683, 50.0435276], [82.723534, 50.0433854], [82.7233168, 50.043407], [82.7233511, 50.0435492]]]}}, {"type": "Feature", "properties": {"osm_id": 95484393, "building": "yes", "housenumber": "48", "street": "Цветочная улица", "levels": null, "area_m2": 251.5, "clat": 50.04395455, "clon": 82.72198775}, "geometry": {"type": "Polygon", "coordinates": [[[82.7218963, 50.0440364], [82.7221134, 50.0440149], [82.7220792, 50.0438727], [82.7218621, 50.0438942], [82.7218963, 50.0440364]]]}}, {"type": "Feature", "properties": {"osm_id": 95484394, "building": "yes", "housenumber": "1", "street": "Цветочная улица", "levels": null, "area_m2": 252.2, "clat": 50.04248062721261, "clon": 82.73231568773879}, "geometry": {"type": "Polygon", "coordinates": [[[82.7322217, 50.0425615], [82.7324397, 50.0425425], [82.7324097, 50.0423998], [82.7321917, 50.0424187], [82.7322217, 50.0425615]]]}}, {"type": "Feature", "properties": {"osm_id": 95484395, "building": "yes", "housenumber": "36", "street": "Тепличная улица", "levels": null, "area_m2": 251.6, "clat": 50.042603772484554, "clon": 82.72589201212784}, "geometry": {"type": "Polygon", "coordinates": [[[82.7258005, 50.0426856], [82.7260177, 50.0426641], [82.7259835, 50.0425219], [82.7257663, 50.0425435], [82.7258005, 50.0426856]]]}}, {"type": "Feature", "properties": {"osm_id": 95484396, "building": "yes", "housenumber": "4", "street": "Тепличная улица", "levels": null, "area_m2": 252.0, "clat": 50.04198125, "clon": 82.73161965}, "geometry": {"type": "Polygon", "coordinates": [[[82.731527, 50.0420627], [82.7317446, 50.0420423], [82.7317123, 50.0418998], [82.7314947, 50.0419202], [82.731527, 50.0420627]]]}}, {"type": "Feature", "properties": {"osm_id": 95484397, "building": "yes", "housenumber": "51", "street": "Родниковая улица", "levels": null, "area_m2": 251.7, "clat": 50.04469905, "clon": 82.72063735}, "geometry": {"type": "Polygon", "coordinates": [[[82.7205459, 50.0447809], [82.7207631, 50.0447594], [82.7207288, 50.0446172], [82.7205116, 50.0446387], [82.7205459, 50.0447809]]]}}, {"type": "Feature", "properties": {"osm_id": 95484398, "building": "yes", "housenumber": "56", "street": "Цветочная улица", "levels": null, "area_m2": 251.7, "clat": 50.0441116, "clon": 82.72062700000001}, "geometry": {"type": "Polygon", "coordinates": [[[82.7205355, 50.0441935], [82.7207527, 50.0441719], [82.7207185, 50.0440297], [82.7205013, 50.0440513], [82.7205355, 50.0441935]]]}}, {"type": "Feature", "properties": {"osm_id": 95484399, "building": "yes", "housenumber": "6", "street": "Тенистая улица", "levels": null, "area_m2": 250.7, "clat": 50.04118785, "clon": 82.7310239}, "geometry": {"type": "Polygon", "coordinates": [[[82.730936, 50.0412711], [82.7311518, 50.0412459], [82.7311118, 50.0411046], [82.730896, 50.0411298], [82.730936, 50.0412711]]]}}, {"type": "Feature", "properties": {"osm_id": 95484400, "building": "yes", "housenumber": "44", "street": "Тепличная улица", "levels": null, "area_m2": 251.7, "clat": 50.04278265, "clon": 82.724565}, "geometry": {"type": "Polygon", "coordinates": [[[82.7244735, 50.0428645], [82.7246907, 50.042843], [82.7246565, 50.0427008], [82.7244393, 50.0427223], [82.7244735, 50.0428645]]]}}, {"type": "Feature", "properties": {"osm_id": 95484401, "building": "yes", "housenumber": "12", "street": "Тепличная улица", "levels": null, "area_m2": 251.9, "clat": 50.042170522622946, "clon": 82.72998296219062}, "geometry": {"type": "Polygon", "coordinates": [[[82.7298903, 50.0422519], [82.7301079, 50.0422316], [82.7300756, 50.0420891], [82.729858, 50.0421095], [82.7298903, 50.0422519]]]}}, {"type": "Feature", "properties": {"osm_id": 95484403, "building": "yes", "housenumber": "50", "street": "Тенистая улица", "levels": null, "area_m2": 251.7, "clat": 50.0424887, "clon": 82.719793}, "geometry": {"type": "Polygon", "coordinates": [[[82.7197015, 50.0425706], [82.7199187, 50.042549], [82.7198845, 50.0424068], [82.7196673, 50.0424284], [82.7197015, 50.0425706]]]}}, {"type": "Feature", "properties": {"osm_id": 95484404, "building": "yes", "housenumber": "72", "street": "Родниковая улица", "levels": null, "area_m2": 251.7, "clat": 50.04430615, "clon": 82.7314868}, "geometry": {"type": "Polygon", "coordinates": [[[82.7313953, 50.044388], [82.7316125, 50.0443665], [82.7315783, 50.0442243], [82.7313611, 50.0442458], [82.7313953, 50.044388]]]}}, {"type": "Feature", "properties": {"osm_id": 95484405, "building": "yes", "housenumber": "11", "street": "Тепличная улица", "levels": null, "area_m2": 251.7, "clat": 50.0418027, "clon": 82.72988245}, "geometry": {"type": "Polygon", "coordinates": [[[82.729791, 50.0418846], [82.7300082, 50.041863], [82.7299739, 50.0417208], [82.7297567, 50.0417424], [82.729791, 50.0418846]]]}}, {"type": "Feature", "properties": {"osm_id": 95484406, "building": "yes", "housenumber": "12", "street": "Цветочная улица", "levels": null, "area_m2": 251.7, "clat": 50.04298, "clon": 82.73020869999999}, "geometry": {"type": "Polygon", "coordinates": [[[82.7301172, 50.0430619], [82.7303344, 50.0430403], [82.7303002, 50.0428981], [82.730083, 50.0429197], [82.7301172, 50.0430619]]]}}, {"type": "Feature", "properties": {"osm_id": 95484407, "building": "yes", "housenumber": "2", "street": "Родниковая улица", "levels": null, "area_m2": 251.7, "clat": 50.04366515, "clon": 82.73258975}, "geometry": {"type": "Polygon", "coordinates": [[[82.7324983, 50.043747], [82.7327155, 50.0437255], [82.7326812, 50.0435833], [82.732464, 50.0436048], [82.7324983, 50.043747]]]}}, {"type": "Feature", "properties": {"osm_id": 95484408, "building": "yes", "housenumber": null, "street": null, "levels": null, "area_m2": 251.7, "clat": 50.042770600000004, "clon": 82.7198996}, "geometry": {"type": "Polygon", "coordinates": [[[82.7198081, 50.0428525], [82.7200253, 50.0428309], [82.7199911, 50.0426887], [82.7197739, 50.0427103], [82.7198081, 50.0428525]]]}}, {"type": "Feature", "properties": {"osm_id": 95484409, "building": "yes", "housenumber": "42", "street": "Тенистая улица", "levels": null, "area_m2": 251.7, "clat": 50.0421101, "clon": 82.7226462}, "geometry": {"type": "Polygon", "coordinates": [[[82.7225547, 50.042192], [82.7227719, 50.0421704], [82.7227377, 50.0420282], [82.7225205, 50.0420498], [82.7225547, 50.042192]]]}}, {"type": "Feature", "properties": {"osm_id": 95484410, "building": "yes", "housenumber": "46", "street": "Тепличная улица", "levels": null, "area_m2": 251.7, "clat": 50.042831, "clon": 82.7242327}, "geometry": {"type": "Polygon", "coordinates": [[[82.7241412, 50.0429129], [82.7243584, 50.0428913], [82.7243242, 50.0427491], [82.724107, 50.0427707], [82.7241412, 50.0429129]]]}}, {"type": "Feature", "properties": {"osm_id": 95484411, "building": "yes", "housenumber": "4", "street": "Цветочная улица", "levels": null, "area_m2": 251.7, "clat": 50.042835000000004, "clon": 82.7319269}, "geometry": {"type": "Polygon", "coordinates": [[[82.7318354, 50.0429169], [82.7320526, 50.0428953], [82.7320184, 50.0427531], [82.7318012, 50.0427747], [82.7318354, 50.0429169]]]}}, {"type": "Feature", "properties": {"osm_id": 95484412, "building": "yes", "housenumber": "114", "street": "Самурык", "levels": null, "area_m2": 251.6, "clat": 50.04301624479189, "clon": 82.73247872248562}, "geometry": {"type": "Polygon", "coordinates": [[[82.7323873, 50.0430981], [82.7326044, 50.0430766], [82.7325702, 50.0429344], [82.732353, 50.0429559], [82.7323873, 50.0430981]]]}}, {"type": "Feature", "properties": {"osm_id": 95484413, "building": "yes", "housenumber": "60", "street": "Тепличная улица", "levels": null, "area_m2": 251.7, "clat": 50.04319745, "clon": 82.7214986}, "geometry": {"type": "Polygon", "coordinates": [[[82.7214071, 50.0432793], [82.7216243, 50.0432578], [82.7215901, 50.0431156], [82.7213729, 50.0431371], [82.7214071, 50.0432793]]]}}, {"type": "Feature", "properties": {"osm_id": 95484414, "building": "yes", "housenumber": "35", "street": "Тепличная улица", "levels": null, "area_m2": 251.7, "clat": 50.0424226, "clon": 82.7249805}, "geometry": {"type": "Polygon", "coordinates": [[[82.724889, 50.0425045], [82.7251062, 50.0424829], [82.725072, 50.0423407], [82.7248548, 50.0423623], [82.724889, 50.0425045]]]}}, {"type": "Feature", "properties": {"osm_id": 95484415, "building": "yes", "housenumber": "43", "street": "Цветочная улица", "levels": null, "area_m2": 251.7, "clat": 50.04365655, "clon": 82.7217871}, "geometry": {"type": "Polygon", "coordinates": [[[82.7216956, 50.0437384], [82.7219128, 50.0437169], [82.7218786, 50.0435747], [82.7216614, 50.0435962], [82.7216956, 50.0437384]]]}}, {"type": "Feature", "properties": {"osm_id": 95484416, "building": "yes", "housenumber": "68", "street": "Тепличная улица", "levels": null, "area_m2": 251.7, "clat": 50.04339075, "clon": 82.7199999}, "geometry": {"type": "Polygon", "coordinates": [[[82.7199084, 50.0434726], [82.7201256, 50.0434511], [82.7200914, 50.0433089], [82.7198742, 50.0433304], [82.7199084, 50.0434726]]]}}, {"type": "Feature", "properties": {"osm_id": 95484417, "building": "yes", "housenumber": "6", "street": "Цветочная улица", "levels": null, "area_m2": 251.7, "clat": 50.04287125, "clon": 82.7315632}, "geometry": {"type": "Polygon", "coordinates": [[[82.7314717, 50.0429531], [82.7316889, 50.0429316], [82.7316547, 50.0427894], [82.7314375, 50.0428109], [82.7314717, 50.0429531]]]}}, {"type": "Feature", "properties": {"osm_id": 95484418, "building": "garages", "housenumber": null, "street": "Самурык", "levels": null, "area_m2": 1113.1, "clat": 50.0413501, "clon": 82.73257885}, "geometry": {"type": "Polygon", "coordinates": [[[82.7326408, 50.0418478], [82.7327794, 50.0418325], [82.7325169, 50.0408524], [82.7323783, 50.0408677], [82.7326408, 50.0418478]]]}}, {"type": "Feature", "properties": {"osm_id": 95484419, "building": "yes", "housenumber": "37", "street": "Тепличная улица", "levels": null, "area_m2": 251.6, "clat": 50.042519255208106, "clon": 82.72428627751438}, "geometry": {"type": "Polygon", "coordinates": [[[82.7241948, 50.0426011], [82.724412, 50.0425796], [82.7243777, 50.0424374], [82.7241606, 50.0424589], [82.7241948, 50.0426011]]]}}, {"type": "Feature", "properties": {"osm_id": 95484420, "building": "yes", "housenumber": "20", "street": "Цветочная улица", "levels": null, "area_m2": 251.7, "clat": 50.043188799999996, "clon": 82.7283929}, "geometry": {"type": "Polygon", "coordinates": [[[82.7283014, 50.0432707], [82.7285186, 50.0432491], [82.7284844, 50.0431069], [82.7282672, 50.0431285], [82.7283014, 50.0432707]]]}}, {"type": "Feature", "properties": {"osm_id": 95484422, "building": "yes", "housenumber": "18", "street": "Тенистая улица", "levels": null, "area_m2": 251.7, "clat": 50.04143355, "clon": 82.7283714}, "geometry": {"type": "Polygon", "coordinates": [[[82.7282799, 50.0415154], [82.7284971, 50.0414939], [82.7284629, 50.0413517], [82.7282457, 50.0413732], [82.7282799, 50.0415154]]]}}, {"type": "Feature", "properties": {"osm_id": 95484423, "building": "yes", "housenumber": "45", "street": "Цветочная улица", "levels": null, "area_m2": 251.7, "clat": 50.043829699999996, "clon": 82.7202758}, "geometry": {"type": "Polygon", "coordinates": [[[82.7201843, 50.0439116], [82.7204015, 50.04389], [82.7203673, 50.0437478], [82.7201501, 50.0437694], [82.7201843, 50.0439116]]]}}, {"type": "Feature", "properties": {"osm_id": 95484424, "building": "yes", "housenumber": "73", "street": "Родниковая улица", "levels": null, "area_m2": 251.7, "clat": 50.0442848, "clon": 82.7319332}, "geometry": {"type": "Polygon", "coordinates": [[[82.7318417, 50.0443667], [82.7320589, 50.0443451], [82.7320247, 50.0442029], [82.7318075, 50.0442245], [82.7318417, 50.0443667]]]}}, {"type": "Feature", "properties": {"osm_id": 95484426, "building": "yes", "housenumber": "34", "street": "Тенистая улица", "levels": null, "area_m2": 251.7, "clat": 50.0417322, "clon": 82.7254492}, "geometry": {"type": "Polygon", "coordinates": [[[82.7253577, 50.0418141], [82.7255749, 50.0417925], [82.7255407, 50.0416503], [82.7253235, 50.0416719], [82.7253577, 50.0418141]]]}}, {"type": "Feature", "properties": {"osm_id": 95484427, "building": "yes", "housenumber": "31", "street": "Родниковая улица", "levels": null, "area_m2": 251.7, "clat": 50.04362435, "clon": 82.7272238}, "geometry": {"type": "Polygon", "coordinates": [[[82.7271323, 50.0437062], [82.7273495, 50.0436847], [82.7273153, 50.0435425], [82.7270981, 50.043564], [82.7271323, 50.0437062]]]}}, {"type": "Feature", "properties": {"osm_id": 95484428, "building": "yes", "housenumber": "22", "street": "Родниковая улица", "levels": null, "area_m2": 251.7, "clat": 50.04412575, "clon": 82.7285598}, "geometry": {"type": "Polygon", "coordinates": [[[82.7284683, 50.0442076], [82.7286855, 50.0441861], [82.7286513, 50.0440439], [82.7284341, 50.0440654], [82.7284683, 50.0442076]]]}}, {"type": "Feature", "properties": {"osm_id": 95484429, "building": "yes", "housenumber": null, "street": null, "levels": null, "area_m2": 251.7, "clat": 50.041647, "clon": 82.729011}, "geometry": {"type": "Polygon", "coordinates": [[[82.7289195, 50.0417289], [82.7291367, 50.0417073], [82.7291025, 50.0415651], [82.7288853, 50.0415867], [82.7289195, 50.0417289]]]}}, {"type": "Feature", "properties": {"osm_id": 95484430, "building": "yes", "housenumber": null, "street": null, "levels": null, "area_m2": 251.7, "clat": 50.042609500000005, "clon": 82.7213356}, "geometry": {"type": "Polygon", "coordinates": [[[82.7212441, 50.0426914], [82.7214613, 50.0426698], [82.7214271, 50.0425276], [82.7212099, 50.0425492], [82.7212441, 50.0426914]]]}}, {"type": "Feature", "properties": {"osm_id": 95484431, "building": "yes", "housenumber": "46", "street": "Тенистая улица", "levels": null, "area_m2": 251.7, "clat": 50.0423155, "clon": 82.7212227}, "geometry": {"type": "Polygon", "coordinates": [[[82.7211312, 50.0423974], [82.7213484, 50.0423758], [82.7213142, 50.0422336], [82.721097, 50.0422552], [82.7211312, 50.0423974]]]}}, {"type": "Feature", "properties": {"osm_id": 95484432, "building": "yes", "housenumber": "69А", "street": "Родниковая улица", "levels": null, "area_m2": 251.7, "clat": 50.0443774, "clon": 82.73076055}, "geometry": {"type": "Polygon", "coordinates": [[[82.7306691, 50.0444593], [82.7308863, 50.0444377], [82.730852, 50.0442955], [82.7306348, 50.0443171], [82.7306691, 50.0444593]]]}}, {"type": "Feature", "properties": {"osm_id": 95484433, "building": "yes", "housenumber": null, "street": null, "levels": null, "area_m2": 251.7, "clat": 50.042239, "clon": 82.7242013}, "geometry": {"type": "Polygon", "coordinates": [[[82.7241098, 50.0423209], [82.724327, 50.0422993], [82.7242928, 50.0421571], [82.7240756, 50.0421787], [82.7241098, 50.0423209]]]}}, {"type": "Feature", "properties": {"osm_id": 95484434, "building": "yes", "housenumber": "27", "street": "Тепличная улица", "levels": null, "area_m2": 116.7, "clat": 50.04222874483194, "clon": 82.72628162187058}, "geometry": {"type": "Polygon", "coordinates": [[[82.7262236, 50.0422864], [82.7263691, 50.0422682], [82.7263397, 50.0421711], [82.7261941, 50.0421893], [82.7262236, 50.0422864]]]}}, {"type": "Feature", "properties": {"osm_id": 95484435, "building": "yes", "housenumber": "15", "street": "Тепличная улица", "levels": null, "area_m2": 251.7, "clat": 50.0419093, "clon": 82.72901655}, "geometry": {"type": "Polygon", "coordinates": [[[82.7289251, 50.0419912], [82.7291423, 50.0419696], [82.729108, 50.0418274], [82.7288908, 50.041849], [82.7289251, 50.0419912]]]}}, {"type": "Feature", "properties": {"osm_id": 95484436, "building": "yes", "housenumber": "36", "street": "Цветочная улица", "levels": null, "area_m2": 251.7, "clat": 50.04365655, "clon": 82.7244396}, "geometry": {"type": "Polygon", "coordinates": [[[82.7243481, 50.0437384], [82.7245653, 50.0437169], [82.7245311, 50.0435747], [82.7243139, 50.0435962], [82.7243481, 50.0437384]]]}}, {"type": "Feature", "properties": {"osm_id": 95484438, "building": "yes", "housenumber": "30", "street": "Тепличная улица", "levels": null, "area_m2": 250.7, "clat": 50.04235751698406, "clon": 82.72782753402916}, "geometry": {"type": "Polygon", "coordinates": [[[82.7277393, 50.0424406], [82.7279552, 50.0424158], [82.7279158, 50.0422744], [82.7276998, 50.0422993], [82.7277393, 50.0424406]]]}}, {"type": "Feature", "properties": {"osm_id": 95484439, "building": "yes", "housenumber": null, "street": null, "levels": null, "area_m2": 251.7, "clat": 50.04231955, "clon": 82.72352409999999}, "geometry": {"type": "Polygon", "coordinates": [[[82.7234326, 50.0424014], [82.7236498, 50.0423799], [82.7236156, 50.0422377], [82.7233984, 50.0422592], [82.7234326, 50.0424014]]]}}, {"type": "Feature", "properties": {"osm_id": 95484440, "building": "yes", "housenumber": "19", "street": "Тепличная улица", "levels": null, "area_m2": 251.7, "clat": 50.0419893, "clon": 82.7281268}, "geometry": {"type": "Polygon", "coordinates": [[[82.7280353, 50.0420712], [82.7282525, 50.0420496], [82.7282183, 50.0419074], [82.7280011, 50.041929], [82.7280353, 50.0420712]]]}}, {"type": "Feature", "properties": {"osm_id": 95484441, "building": "yes", "housenumber": "28", "street": "Цветочная улица", "levels": null, "area_m2": 251.7, "clat": 50.0433897, "clon": 82.7265859}, "geometry": {"type": "Polygon", "coordinates": [[[82.7264944, 50.0434716], [82.7267116, 50.04345], [82.7266774, 50.0433078], [82.7264602, 50.0433294], [82.7264944, 50.0434716]]]}}, {"type": "Feature", "properties": {"osm_id": 95484442, "building": "yes", "housenumber": "13", "street": "Цветочная улица", "levels": null, "area_m2": 251.9, "clat": 50.04271015, "clon": 82.7296318}, "geometry": {"type": "Polygon", "coordinates": [[[82.7295399, 50.0427919], [82.7297573, 50.0427707], [82.7297237, 50.0426284], [82.7295063, 50.0426496], [82.7295399, 50.0427919]]]}}, {"type": "Feature", "properties": {"osm_id": 95484443, "building": "yes", "housenumber": "14", "street": "Тенистая улица", "levels": null, "area_m2": 251.7, "clat": 50.04134895, "clon": 82.7291991}, "geometry": {"type": "Polygon", "coordinates": [[[82.7291076, 50.0414308], [82.7293248, 50.0414093], [82.7292906, 50.0412671], [82.7290734, 50.0412886], [82.7291076, 50.0414308]]]}}, {"type": "Feature", "properties": {"osm_id": 95484444, "building": "yes", "housenumber": "22", "street": "Тенистая улица", "levels": null, "area_m2": 251.6, "clat": 50.04148990520641, "clon": 82.72758127751983}, "geometry": {"type": "Polygon", "coordinates": [[[82.7274898, 50.0415718], [82.727707, 50.0415502], [82.7276727, 50.041408], [82.7274556, 50.0414296], [82.7274898, 50.0415718]]]}}, {"type": "Feature", "properties": {"osm_id": 95484446, "building": "yes", "housenumber": "9", "street": "Рябиновая улица", "levels": null, "area_m2": 251.8, "clat": 50.04248465, "clon": 82.72948755}, "geometry": {"type": "Polygon", "coordinates": [[[82.7293957, 50.0425664], [82.729613, 50.0425452], [82.7295794, 50.0424029], [82.7293621, 50.0424241], [82.7293957, 50.0425664]]]}}, {"type": "Feature", "properties": {"osm_id": 95484447, "building": "yes", "housenumber": "42", "street": "Цветочная улица", "levels": null, "area_m2": 251.6, "clat": 50.04384582751545, "clon": 82.72308508787216}, "geometry": {"type": "Polygon", "coordinates": [[[82.7229936, 50.0439277], [82.7232108, 50.0439061], [82.7231766, 50.043764], [82.7229594, 50.0437855], [82.7229936, 50.0439277]]]}}, {"type": "Feature", "properties": {"osm_id": 95484448, "building": "yes", "housenumber": null, "street": "Самурык", "levels": null, "area_m2": 130.6, "clat": 50.042005, "clon": 82.73306099999999}, "geometry": {"type": "Polygon", "coordinates": [[[82.7329921, 50.0420766], [82.7330979, 50.0420857], [82.7331299, 50.0419334], [82.7330241, 50.0419243], [82.7329921, 50.0420766]]]}}, {"type": "Feature", "properties": {"osm_id": 95484449, "building": "yes", "housenumber": "8", "street": "Тенистая улица", "levels": null, "area_m2": 250.6, "clat": 50.04121204488481, "clon": 82.73069157206757}, "geometry": {"type": "Polygon", "coordinates": [[[82.7306037, 50.0412953], [82.7308194, 50.0412701], [82.7307795, 50.0411288], [82.7305637, 50.041154], [82.7306037, 50.0412953]]]}}, {"type": "Feature", "properties": {"osm_id": 95484450, "building": "yes", "housenumber": "38", "street": "Тепличная улица", "levels": null, "area_m2": 251.7, "clat": 50.04265315, "clon": 82.7255427}, "geometry": {"type": "Polygon", "coordinates": [[[82.7254512, 50.042735], [82.7256684, 50.0427135], [82.7256342, 50.0425713], [82.725417, 50.0425928], [82.7254512, 50.042735]]]}}, {"type": "Feature", "properties": {"osm_id": 95484451, "building": "yes", "housenumber": "6", "street": "Тепличная улица", "levels": null, "area_m2": 252.0, "clat": 50.0420175, "clon": 82.73124965}, "geometry": {"type": "Polygon", "coordinates": [[[82.731157, 50.0420989], [82.7313746, 50.0420786], [82.7313423, 50.0419361], [82.7311247, 50.0419564], [82.731157, 50.0420989]]]}}, {"type": "Feature", "properties": {"osm_id": 95484452, "building": "yes", "housenumber": "24", "street": "Тепличная улица", "levels": null, "area_m2": 250.7, "clat": 50.0423069, "clon": 82.72825064999999}, "geometry": {"type": "Polygon", "coordinates": [[[82.7281624, 50.04239], [82.7283783, 50.0423652], [82.7283389, 50.0422238], [82.728123, 50.0422486], [82.7281624, 50.04239]]]}}, {"type": "Feature", "properties": {"osm_id": 95484455, "building": "yes", "housenumber": "117", "street": "Тенистая улица", "levels": null, "area_m2": 251.7, "clat": 50.0442606, "clon": 82.7322342}, "geometry": {"type": "Polygon", "coordinates": [[[82.7321427, 50.0443425], [82.7323599, 50.0443209], [82.7323257, 50.0441787], [82.7321085, 50.0442003], [82.7321427, 50.0443425]]]}}, {"type": "Feature", "properties": {"osm_id": 95484456, "building": "yes", "housenumber": "19", "street": "Цветочная улица", "levels": null, "area_m2": 251.8, "clat": 50.04287125, "clon": 82.72793245}, "geometry": {"type": "Polygon", "coordinates": [[[82.7278406, 50.042953], [82.7280579, 50.0429318], [82.7280243, 50.0427895], [82.727807, 50.0428107], [82.7278406, 50.042953]]]}}, {"type": "Feature", "properties": {"osm_id": 95484457, "building": "yes", "housenumber": null, "street": null, "levels": null, "area_m2": 251.6, "clat": 50.042504805206406, "clon": 82.72202537751983}, "geometry": {"type": "Polygon", "coordinates": [[[82.7219339, 50.0425867], [82.7221511, 50.0425651], [82.7221168, 50.0424229], [82.7218997, 50.0424445], [82.7219339, 50.0425867]]]}}, {"type": "Feature", "properties": {"osm_id": 95484458, "building": "yes", "housenumber": "7", "street": "Родниковая улица", "levels": null, "area_m2": 251.7, "clat": 50.04341895, "clon": 82.7312183}, "geometry": {"type": "Polygon", "coordinates": [[[82.7311268, 50.0435008], [82.731344, 50.0434793], [82.7313098, 50.0433371], [82.7310926, 50.0433586], [82.7311268, 50.0435008]]]}}, {"type": "Feature", "properties": {"osm_id": 95484459, "building": "yes", "housenumber": "71", "street": "Родниковая улица", "levels": null, "area_m2": 251.6, "clat": 50.044357272484554, "clon": 82.73102391212784}, "geometry": {"type": "Polygon", "coordinates": [[[82.7309324, 50.0444391], [82.7311496, 50.0444176], [82.7311154, 50.0442754], [82.7308982, 50.044297], [82.7309324, 50.0444391]]]}}, {"type": "Feature", "properties": {"osm_id": 95484461, "building": "yes", "housenumber": "16", "street": "Рябиновая улица", "levels": null, "area_m2": 251.7, "clat": 50.04328205, "clon": 82.7302777}, "geometry": {"type": "Polygon", "coordinates": [[[82.7301862, 50.0433639], [82.7304034, 50.0433424], [82.7303692, 50.0432002], [82.730152, 50.0432217], [82.7301862, 50.0433639]]]}}, {"type": "Feature", "properties": {"osm_id": 95484462, "building": "yes", "housenumber": "52", "street": "Тепличная улица", "levels": null, "area_m2": 251.7, "clat": 50.043011050000004, "clon": 82.72281545}, "geometry": {"type": "Polygon", "coordinates": [[[82.722724, 50.0430929], [82.7229412, 50.0430714], [82.7229069, 50.0429292], [82.7226897, 50.0429507], [82.722724, 50.0430929]]]}}, {"type": "Feature", "properties": {"osm_id": 95484463, "building": "yes", "housenumber": null, "street": "Самурык", "levels": null, "area_m2": 258.9, "clat": 50.04202088526388, "clon": 82.73281904670746}, "geometry": {"type": "Polygon", "coordinates": [[[82.7327707, 50.0421674], [82.7327333, 50.0419164], [82.7329166, 50.0419052], [82.7329283, 50.0419836], [82.7328485, 50.0419885], [82.7328742, 50.042161], [82.7327707, 50.0421674]]]}}, {"type": "Feature", "properties": {"osm_id": 95484464, "building": "yes", "housenumber": "32/2", "street": "Тенистая улица", "levels": null, "area_m2": 251.7, "clat": 50.04198125, "clon": 82.7262017}, "geometry": {"type": "Polygon", "coordinates": [[[82.7261102, 50.0420631], [82.7263274, 50.0420416], [82.7262932, 50.0418994], [82.726076, 50.0419209], [82.7261102, 50.0420631]]]}}, {"type": "Feature", "properties": {"osm_id": 95484465, "building": "yes", "housenumber": null, "street": null, "levels": null, "area_m2": 251.7, "clat": 50.043427, "clon": 82.7281143}, "geometry": {"type": "Polygon", "coordinates": [[[82.7280228, 50.0435089], [82.72824, 50.0434873], [82.7282058, 50.0433451], [82.7279886, 50.0433667], [82.7280228, 50.0435089]]]}}, {"type": "Feature", "properties": {"osm_id": 95484466, "building": "yes", "housenumber": "62", "street": "Тепличная улица", "levels": null, "area_m2": 251.7, "clat": 50.0432458, "clon": 82.7210973}, "geometry": {"type": "Polygon", "coordinates": [[[82.7210058, 50.0433277], [82.721223, 50.0433061], [82.7211888, 50.0431639], [82.7209716, 50.0431855], [82.7210058, 50.0433277]]]}}, {"type": "Feature", "properties": {"osm_id": 95484467, "building": "yes", "housenumber": "4", "street": "Родниковая улица", "levels": null, "area_m2": 251.7, "clat": 50.04371295, "clon": 82.7320489}, "geometry": {"type": "Polygon", "coordinates": [[[82.7319574, 50.0437948], [82.7321746, 50.0437733], [82.7321404, 50.0436311], [82.7319232, 50.0436526], [82.7319574, 50.0437948]]]}}, {"type": "Feature", "properties": {"osm_id": 95779185, "building": "yes", "housenumber": null, "street": null, "levels": null, "area_m2": 1674.9, "clat": 50.046253449999995, "clon": 82.7132753}, "geometry": {"type": "Polygon", "coordinates": [[[82.7129816, 50.0467122], [82.7131891, 50.0467464], [82.713569, 50.0457947], [82.7133615, 50.0457605], [82.7129816, 50.0467122]]]}}, {"type": "Feature", "properties": {"osm_id": 95779190, "building": "yes", "housenumber": null, "street": null, "levels": null, "area_m2": 746.9, "clat": 50.0395248651141, "clon": 82.72402170299141}, "geometry": {"type": "Polygon", "coordinates": [[[82.7237718, 50.0396546], [82.723988, 50.0397301], [82.7242716, 50.0393952], [82.7240554, 50.0393196], [82.7237718, 50.0396546]]]}}, {"type": "Feature", "properties": {"osm_id": 95779201, "building": "yes", "housenumber": null, "street": null, "levels": null, "area_m2": 708.4, "clat": 50.039420389267256, "clon": 82.72370998576179}, "geometry": {"type": "Polygon", "coordinates": [[[82.7234643, 50.0395585], [82.723663, 50.0396279], [82.7239557, 50.0392823], [82.7237569, 50.0392129], [82.7234643, 50.0395585]]]}}, {"type": "Feature", "properties": {"osm_id": 95779204, "building": "yes", "housenumber": null, "street": null, "levels": null, "area_m2": 818.8, "clat": 50.03991686775479, "clon": 82.72354879619807}, "geometry": {"type": "Polygon", "coordinates": [[[82.7232857, 50.0399922], [82.7235934, 50.0400996], [82.7238119, 50.0398416], [82.7235042, 50.0397341], [82.7232857, 50.0399922]]]}}, {"type": "Feature", "properties": {"osm_id": 95779205, "building": "yes", "housenumber": null, "street": null, "levels": null, "area_m2": 97.4, "clat": 50.04114425, "clon": 82.73368185000001}, "geometry": {"type": "Polygon", "coordinates": [[[82.7336149, 50.04119], [82.7337476, 50.0411907], [82.7337488, 50.0410985], [82.7336161, 50.0410978], [82.7336149, 50.04119]]]}}, {"type": "Feature", "properties": {"osm_id": 601997156, "building": "yes", "housenumber": "35", "street": "Егорова", "levels": null, "area_m2": 498.7, "clat": 50.0391151, "clon": 82.73621385}, "geometry": {"type": "Polygon", "coordinates": [[[82.736091, 50.0392361], [82.7364281, 50.0391591], [82.7363367, 50.0389941], [82.7359996, 50.0390711], [82.736091, 50.0392361]]]}}, {"type": "Feature", "properties": {"osm_id": 601997158, "building": "yes", "housenumber": "5А", "street": "Самурык", "levels": null, "area_m2": 462.8, "clat": 50.04169305, "clon": 82.7386037}, "geometry": {"type": "Polygon", "coordinates": [[[82.7384361, 50.0417818], [82.7387837, 50.0417712], [82.7387713, 50.0416043], [82.7384237, 50.0416149], [82.7384361, 50.0417818]]]}}, {"type": "Feature", "properties": {"osm_id": 601997159, "building": "yes", "housenumber": "5", "street": "Самурык", "levels": null, "area_m2": 306.8, "clat": 50.041648397635065, "clon": 82.73742007027049}, "geometry": {"type": "Polygon", "coordinates": [[[82.7372598, 50.0416874], [82.7374574, 50.0416906], [82.7374555, 50.041739], [82.7375812, 50.0417411], [82.737586, 50.0416207], [82.7374291, 50.0416181], [82.7374313, 50.0415631], [82.7372648, 50.0415604], [82.7372598, 50.0416874]]]}}, {"type": "Feature", "properties": {"osm_id": 601997160, "building": "yes", "housenumber": "3", "street": "Самурык", "levels": null, "area_m2": 216.6, "clat": 50.04123378132551, "clon": 82.73739861463885}, "geometry": {"type": "Polygon", "coordinates": [[[82.7373041, 50.0413079], [82.7374798, 50.0413141], [82.7374931, 50.0411597], [82.7373175, 50.0411534], [82.7373041, 50.0413079]]]}}, {"type": "Feature", "properties": {"osm_id": 601997161, "building": "yes", "housenumber": "1", "street": "Самурык", "levels": null, "area_m2": 216.5, "clat": 50.04080618150857, "clon": 82.73748846478591}, "geometry": {"type": "Polygon", "coordinates": [[[82.7373951, 50.0408809], [82.7375708, 50.040886], [82.7375818, 50.0407315], [82.7374062, 50.0407263], [82.7373951, 50.0408809]]]}}, {"type": "Feature", "properties": {"osm_id": 601997162, "building": "yes", "housenumber": "6", "street": "Самурык", "levels": null, "area_m2": 251.6, "clat": 50.04802485, "clon": 82.7308434}, "geometry": {"type": "Polygon", "coordinates": [[[82.7307519, 50.0481067], [82.7309691, 50.0480852], [82.7309349, 50.047943], [82.7307177, 50.0479645], [82.7307519, 50.0481067]]]}}, {"type": "Feature", "properties": {"osm_id": 601997163, "building": "yes", "housenumber": "8", "street": "Самурык", "levels": null, "area_m2": 251.6, "clat": 50.04750475, "clon": 82.732029}, "geometry": {"type": "Polygon", "coordinates": [[[82.7319375, 50.0475866], [82.7321547, 50.0475651], [82.7321205, 50.0474229], [82.7319033, 50.0474444], [82.7319375, 50.0475866]]]}}, {"type": "Feature", "properties": {"osm_id": 601997164, "building": "yes", "housenumber": "10", "street": "Самурык", "levels": null, "area_m2": 251.6, "clat": 50.04745475, "clon": 82.7325788}, "geometry": {"type": "Polygon", "coordinates": [[[82.7324873, 50.0475366], [82.7327045, 50.0475151], [82.7326703, 50.0473729], [82.7324531, 50.0473944], [82.7324873, 50.0475366]]]}}, {"type": "Feature", "properties": {"osm_id": 601997165, "building": "yes", "housenumber": "12", "street": "Самурык", "levels": null, "area_m2": 251.6, "clat": 50.04740135, "clon": 82.7331072}, "geometry": {"type": "Polygon", "coordinates": [[[82.7330157, 50.0474832], [82.7332329, 50.0474617], [82.7331987, 50.0473195], [82.7329815, 50.047341], [82.7330157, 50.0474832]]]}}, {"type": "Feature", "properties": {"osm_id": 601997166, "building": "yes", "housenumber": "14", "street": "Самурык", "levels": null, "area_m2": 251.6, "clat": 50.04735485, "clon": 82.7335739}, "geometry": {"type": "Polygon", "coordinates": [[[82.7334824, 50.0474367], [82.7336996, 50.0474152], [82.7336654, 50.047273], [82.7334482, 50.0472945], [82.7334824, 50.0474367]]]}}, {"type": "Feature", "properties": {"osm_id": 601997168, "building": "yes", "housenumber": "70", "street": "Васильковая улица", "levels": null, "area_m2": 608.5, "clat": 50.04518685672206, "clon": 82.73000102088224}, "geometry": {"type": "Polygon", "coordinates": [[[82.7299121, 50.0453387], [82.7301913, 50.045305], [82.7301366, 50.0451183], [82.7300636, 50.0451272], [82.7300328, 50.0450218], [82.7298265, 50.0450467], [82.7299121, 50.0453387]]]}}, {"type": "Feature", "properties": {"osm_id": 601997169, "building": "yes", "housenumber": "251", "street": "Васильковая улица", "levels": null, "area_m2": 251.6, "clat": 50.04581335, "clon": 82.7309829}, "geometry": {"type": "Polygon", "coordinates": [[[82.7308914, 50.0458952], [82.7311086, 50.0458737], [82.7310744, 50.0457315], [82.7308572, 50.045753], [82.7308914, 50.0458952]]]}}, {"type": "Feature", "properties": {"osm_id": 601997170, "building": "yes", "housenumber": "253", "street": "Васильковая улица", "levels": null, "area_m2": 251.6, "clat": 50.04575475, "clon": 82.7316964}, "geometry": {"type": "Polygon", "coordinates": [[[82.7316049, 50.0458366], [82.7318221, 50.0458151], [82.7317879, 50.0456729], [82.7315707, 50.0456944], [82.7316049, 50.0458366]]]}}, {"type": "Feature", "properties": {"osm_id": 601997171, "building": "yes", "housenumber": "257", "street": "Васильковая улица", "levels": null, "area_m2": 251.7, "clat": 50.04522765, "clon": 82.7326298}, "geometry": {"type": "Polygon", "coordinates": [[[82.7325383, 50.0453095], [82.7327555, 50.045288], [82.7327213, 50.0451458], [82.7325041, 50.0451673], [82.7325383, 50.0453095]]]}}, {"type": "Feature", "properties": {"osm_id": 601997172, "building": "yes", "housenumber": "74", "street": "Васильковая улица", "levels": null, "area_m2": 251.7, "clat": 50.04464205, "clon": 82.732619}, "geometry": {"type": "Polygon", "coordinates": [[[82.7325275, 50.0447239], [82.7327447, 50.0447024], [82.7327105, 50.0445602], [82.7324933, 50.0445817], [82.7325275, 50.0447239]]]}}, {"type": "Feature", "properties": {"osm_id": 601997173, "building": "yes", "housenumber": "108", "street": "Васильковая улица", "levels": null, "area_m2": 251.7, "clat": 50.04500715, "clon": 82.7248192}, "geometry": {"type": "Polygon", "coordinates": [[[82.7247277, 50.045089], [82.7249449, 50.0450675], [82.7249107, 50.0449253], [82.7246935, 50.0449468], [82.7247277, 50.045089]]]}}, {"type": "Feature", "properties": {"osm_id": 601997174, "building": "yes", "housenumber": "67", "street": "Родниковая улица", "levels": null, "area_m2": 251.6, "clat": 50.04448360520641, "clon": 82.72996097751984}, "geometry": {"type": "Polygon", "coordinates": [[[82.7298695, 50.0445655], [82.7300867, 50.0445439], [82.7300524, 50.0444017], [82.7298353, 50.0444233], [82.7298695, 50.0445655]]]}}, {"type": "Feature", "properties": {"osm_id": 601997175, "building": "yes", "housenumber": "96", "street": "Родниковая улица", "levels": null, "area_m2": 251.7, "clat": 50.0449073, "clon": 82.7216837}, "geometry": {"type": "Polygon", "coordinates": [[[82.7215922, 50.0449892], [82.7218094, 50.0449676], [82.7217752, 50.0448254], [82.721558, 50.044847], [82.7215922, 50.0449892]]]}}, {"type": "Feature", "properties": {"osm_id": 601997176, "building": "yes", "housenumber": "92", "street": "Родниковая улица", "levels": null, "area_m2": 251.5, "clat": 50.0446989, "clon": 82.72362559999999}, "geometry": {"type": "Polygon", "coordinates": [[[82.7235341, 50.0447807], [82.7237513, 50.0447592], [82.7237171, 50.0446171], [82.7234999, 50.0446386], [82.7235341, 50.0447807]]]}}, {"type": "Feature", "properties": {"osm_id": 601997177, "building": "yes", "housenumber": "88А", "street": "Родниковая улица", "levels": null, "area_m2": 251.7, "clat": 50.04434235, "clon": 82.7261764}, "geometry": {"type": "Polygon", "coordinates": [[[82.7260849, 50.0444242], [82.7263021, 50.0444027], [82.7262679, 50.0442605], [82.7260507, 50.044282], [82.7260849, 50.0444242]]]}}, {"type": "Feature", "properties": {"osm_id": 601997178, "building": "yes", "housenumber": "90", "street": "Родниковая улица", "levels": null, "area_m2": 251.7, "clat": 50.04451805, "clon": 82.7248031}, "geometry": {"type": "Polygon", "coordinates": [[[82.7247116, 50.0445999], [82.7249288, 50.0445784], [82.7248946, 50.0444362], [82.7246774, 50.0444577], [82.7247116, 50.0445999]]]}}, {"type": "Feature", "properties": {"osm_id": 601997179, "building": "yes", "housenumber": "86", "street": "Родниковая улица", "levels": null, "area_m2": 251.7, "clat": 50.04428375, "clon": 82.7267879}, "geometry": {"type": "Polygon", "coordinates": [[[82.7266964, 50.0443656], [82.7269136, 50.0443441], [82.7268794, 50.0442019], [82.7266622, 50.0442234], [82.7266964, 50.0443656]]]}}, {"type": "Feature", "properties": {"osm_id": 601997180, "building": "yes", "housenumber": "84", "street": "Родниковая улица", "levels": null, "area_m2": 251.7, "clat": 50.04423205, "clon": 82.7273405}, "geometry": {"type": "Polygon", "coordinates": [[[82.727249, 50.0443139], [82.7274662, 50.0442924], [82.727432, 50.0441502], [82.7272148, 50.0441717], [82.727249, 50.0443139]]]}}, {"type": "Feature", "properties": {"osm_id": 601997181, "building": "yes", "housenumber": null, "street": "Родниковая улица", "levels": null, "area_m2": 251.7, "clat": 50.04414245, "clon": 82.7280003}, "geometry": {"type": "Polygon", "coordinates": [[[82.7279088, 50.0442243], [82.728126, 50.0442028], [82.7280918, 50.0440606], [82.7278746, 50.0440821], [82.7279088, 50.0442243]]]}}, {"type": "Feature", "properties": {"osm_id": 601997182, "building": "yes", "housenumber": "8", "street": "Родниковая улица", "levels": null, "area_m2": 251.7, "clat": 50.04381865, "clon": 82.73109555}, "geometry": {"type": "Polygon", "coordinates": [[[82.7310041, 50.0439005], [82.7312213, 50.043879], [82.731187, 50.0437368], [82.7309698, 50.0437583], [82.7310041, 50.0439005]]]}}, {"type": "Feature", "properties": {"osm_id": 601997183, "building": "yes", "housenumber": "81", "street": "Родниковая улица", "levels": null, "area_m2": 251.7, "clat": 50.0443457, "clon": 82.72367115}, "geometry": {"type": "Polygon", "coordinates": [[[82.7235797, 50.0444276], [82.7237969, 50.044406], [82.7237626, 50.0442638], [82.7235454, 50.0442854], [82.7235797, 50.0444276]]]}}, {"type": "Feature", "properties": {"osm_id": 601997184, "building": "yes", "housenumber": "83", "street": "Родниковая улица", "levels": null, "area_m2": 251.7, "clat": 50.044201, "clon": 82.72470115}, "geometry": {"type": "Polygon", "coordinates": [[[82.7246097, 50.0442829], [82.7248269, 50.0442613], [82.7247926, 50.0441191], [82.7245754, 50.0441407], [82.7246097, 50.0442829]]]}}, {"type": "Feature", "properties": {"osm_id": 601997185, "building": "yes", "housenumber": "45/1", "street": "Родниковая улица", "levels": null, "area_m2": 251.7, "clat": 50.043577500000005, "clon": 82.72983495}, "geometry": {"type": "Polygon", "coordinates": [[[82.7297459, 50.0436605], [82.7299624, 50.0436363], [82.729924, 50.0434945], [82.7297075, 50.0435187], [82.7297459, 50.0436605]]]}}, {"type": "Feature", "properties": {"osm_id": 601997186, "building": "yes", "housenumber": "38", "street": "Цветочная улица", "levels": null, "area_m2": 251.7, "clat": 50.04372225, "clon": 82.7240145}, "geometry": {"type": "Polygon", "coordinates": [[[82.723923, 50.0438041], [82.7241402, 50.0437826], [82.724106, 50.0436404], [82.7238888, 50.0436619], [82.723923, 50.0438041]]]}}, {"type": "Feature", "properties": {"osm_id": 601997187, "building": "yes", "housenumber": "40", "street": "Цветочная улица", "levels": null, "area_m2": 251.7, "clat": 50.04376875, "clon": 82.7236578}, "geometry": {"type": "Polygon", "coordinates": [[[82.7235663, 50.0438506], [82.7237835, 50.0438291], [82.7237493, 50.0436869], [82.7235321, 50.0437084], [82.7235663, 50.0438506]]]}}, {"type": "Feature", "properties": {"osm_id": 601997188, "building": "yes", "housenumber": "2", "street": "Цветочная улица", "levels": null, "area_m2": 252.2, "clat": 50.042790327212614, "clon": 82.73241788773879}, "geometry": {"type": "Polygon", "coordinates": [[[82.7323239, 50.0428712], [82.7325419, 50.0428522], [82.7325119, 50.0427095], [82.7322939, 50.0427284], [82.7323239, 50.0428712]]]}}, {"type": "Feature", "properties": {"osm_id": 601997189, "building": "yes", "housenumber": "42", "street": "Цветочная улица", "levels": null, "area_m2": 251.7, "clat": 50.04359475, "clon": 82.7224669}, "geometry": {"type": "Polygon", "coordinates": [[[82.7223754, 50.0436766], [82.7225926, 50.0436551], [82.7225584, 50.0435129], [82.7223412, 50.0435344], [82.7223754, 50.0436766]]]}}, {"type": "Feature", "properties": {"osm_id": 601997190, "building": "yes", "housenumber": "21", "street": "Цветочная улица", "levels": null, "area_m2": 251.9, "clat": 50.04293325, "clon": 82.7273941}, "geometry": {"type": "Polygon", "coordinates": [[[82.7273022, 50.043015], [82.7275196, 50.0429938], [82.727486, 50.0428515], [82.7272686, 50.0428727], [82.7273022, 50.043015]]]}}, {"type": "Feature", "properties": {"osm_id": 601997191, "building": "yes", "housenumber": "17", "street": "Цветочная улица", "levels": null, "area_m2": 251.9, "clat": 50.04285405, "clon": 82.7283007}, "geometry": {"type": "Polygon", "coordinates": [[[82.7282088, 50.0429358], [82.7284262, 50.0429146], [82.7283926, 50.0427723], [82.7281752, 50.0427935], [82.7282088, 50.0429358]]]}}, {"type": "Feature", "properties": {"osm_id": 601997192, "building": "yes", "housenumber": "15", "street": "Цветочная улица", "levels": null, "area_m2": 251.9, "clat": 50.04283685, "clon": 82.7287674}, "geometry": {"type": "Polygon", "coordinates": [[[82.7286755, 50.0429186], [82.7288929, 50.0428974], [82.7288593, 50.0427551], [82.7286419, 50.0427763], [82.7286755, 50.0429186]]]}}, {"type": "Feature", "properties": {"osm_id": 601997193, "building": "yes", "housenumber": "72", "street": "Тепличная улица", "levels": null, "area_m2": 251.7, "clat": 50.04352235, "clon": 82.7188754}, "geometry": {"type": "Polygon", "coordinates": [[[82.7187839, 50.0436042], [82.7190011, 50.0435827], [82.7189669, 50.0434405], [82.7187497, 50.043462], [82.7187839, 50.0436042]]]}}, {"type": "Feature", "properties": {"osm_id": 601997194, "building": "yes", "housenumber": "74", "street": "Тепличная улица", "levels": null, "area_m2": 251.7, "clat": 50.04359815, "clon": 82.7184355}, "geometry": {"type": "Polygon", "coordinates": [[[82.718344, 50.04368], [82.7185612, 50.0436585], [82.718527, 50.0435163], [82.7183098, 50.0435378], [82.718344, 50.04368]]]}}, {"type": "Feature", "properties": {"osm_id": 601997195, "building": "yes", "housenumber": "70", "street": "Тепличная улица", "levels": null, "area_m2": 251.7, "clat": 50.04340525, "clon": 82.7195138}, "geometry": {"type": "Polygon", "coordinates": [[[82.7194223, 50.0434871], [82.7196395, 50.0434656], [82.7196053, 50.0433234], [82.7193881, 50.0433449], [82.7194223, 50.0434871]]]}}, {"type": "Feature", "properties": {"osm_id": 601997196, "building": "yes", "housenumber": "32", "street": "Тепличная улица", "levels": null, "area_m2": 250.7, "clat": 50.04247852210701, "clon": 82.72684156192206}, "geometry": {"type": "Polygon", "coordinates": [[[82.7267533, 50.0425616], [82.7269692, 50.0425368], [82.7269298, 50.0423954], [82.7267139, 50.0424203], [82.7267533, 50.0425616]]]}}, {"type": "Feature", "properties": {"osm_id": 601997197, "building": "yes", "housenumber": "32/1", "street": "Тепличная улица", "levels": null, "area_m2": 250.7, "clat": 50.04269212210701, "clon": 82.72737266192206}, "geometry": {"type": "Polygon", "coordinates": [[[82.7272844, 50.0427752], [82.7275003, 50.0427504], [82.7274609, 50.042609], [82.727245, 50.0426339], [82.7272844, 50.0427752]]]}}, {"type": "Feature", "properties": {"osm_id": 601997198, "building": "yes", "housenumber": "72", "street": "Тепличная улица", "levels": null, "area_m2": 251.7, "clat": 50.0433088, "clon": 82.71785075}, "geometry": {"type": "Polygon", "coordinates": [[[82.7177593, 50.0433907], [82.7179765, 50.0433691], [82.7179422, 50.0432269], [82.717725, 50.0432485], [82.7177593, 50.0433907]]]}}, {"type": "Feature", "properties": {"osm_id": 601997199, "building": "yes", "housenumber": "55", "street": "Тепличная улица", "levels": null, "area_m2": 251.7, "clat": 50.043229600000004, "clon": 82.71833355}, "geometry": {"type": "Polygon", "coordinates": [[[82.7182421, 50.0433115], [82.7184593, 50.0432899], [82.718425, 50.0431477], [82.7182078, 50.0431693], [82.7182421, 50.0433115]]]}}, {"type": "Feature", "properties": {"osm_id": 601997200, "building": "yes", "housenumber": "51", "street": "Тепличная улица", "levels": null, "area_m2": 251.7, "clat": 50.0430952, "clon": 82.71929915}, "geometry": {"type": "Polygon", "coordinates": [[[82.7192077, 50.0431771], [82.7194249, 50.0431555], [82.7193906, 50.0430133], [82.7191734, 50.0430349], [82.7192077, 50.0431771]]]}}, {"type": "Feature", "properties": {"osm_id": 601997201, "building": "yes", "housenumber": "292", "street": "Тенистая улица", "levels": null, "area_m2": 138.1, "clat": 50.042703756132155, "clon": 82.71867223164087}, "geometry": {"type": "Polygon", "coordinates": [[[82.7186511, 50.0427802], [82.7187742, 50.0427455], [82.7186933, 50.0426273], [82.7185703, 50.042662], [82.7186511, 50.0427802]]]}}, {"type": "Feature", "properties": {"osm_id": 601997202, "building": "yes", "housenumber": "291", "street": "Тенистая улица", "levels": null, "area_m2": 251.7, "clat": 50.0425647, "clon": 82.7191222}, "geometry": {"type": "Polygon", "coordinates": [[[82.7190307, 50.0426466], [82.7192479, 50.042625], [82.7192137, 50.0424828], [82.7189965, 50.0425044], [82.7190307, 50.0426466]]]}}, {"type": "Feature", "properties": {"osm_id": 601997204, "building": "yes", "housenumber": "28", "street": "Тенистая улица", "levels": null, "area_m2": 251.6, "clat": 50.04180330520641, "clon": 82.72678517751983}, "geometry": {"type": "Polygon", "coordinates": [[[82.7266937, 50.0418852], [82.7269109, 50.0418636], [82.7268766, 50.0417214], [82.7266595, 50.041743], [82.7266937, 50.0418852]]]}}, {"type": "Feature", "properties": {"osm_id": 601997206, "building": "yes", "housenumber": "24", "street": "Тенистая улица", "levels": null, "area_m2": 251.6, "clat": 50.04153110520641, "clon": 82.72712047751983}, "geometry": {"type": "Polygon", "coordinates": [[[82.727029, 50.041613], [82.7272462, 50.0415914], [82.7272119, 50.0414492], [82.7269948, 50.0414708], [82.727029, 50.041613]]]}}, {"type": "Feature", "properties": {"osm_id": 602018481, "building": "yes", "housenumber": "18", "street": "улица Мира", "levels": null, "area_m2": 1917.8, "clat": 50.05266622719353, "clon": 82.70751175769347}, "geometry": {"type": "Polygon", "coordinates": [[[82.7073913, 50.0523659], [82.7074746, 50.0523809], [82.7072806, 50.0528252], [82.7073374, 50.0528354], [82.7072523, 50.0530303], [82.7075634, 50.0530863], [82.7076516, 50.0528843], [82.7075566, 50.0528672], [82.7077976, 50.0523152], [82.7074414, 50.052251], [82.7073913, 50.0523659]]]}}, {"type": "Feature", "properties": {"osm_id": 602018482, "building": "yes", "housenumber": "18А", "street": "Северная улица", "levels": null, "area_m2": 164.4, "clat": 50.05542015, "clon": 82.71503985}, "geometry": {"type": "Polygon", "coordinates": [[[82.7149286, 50.05546], [82.7151156, 50.0554859], [82.7151511, 50.0553803], [82.7149641, 50.0553544], [82.7149286, 50.05546]]]}}, {"type": "Feature", "properties": {"osm_id": 602018483, "building": "yes", "housenumber": "19", "street": "Северная улица", "levels": null, "area_m2": 164.4, "clat": 50.055936754227375, "clon": 82.71486282153698}, "geometry": {"type": "Polygon", "coordinates": [[[82.7147516, 50.0559766], [82.7149386, 50.0560025], [82.714974, 50.0558969], [82.7147871, 50.055871], [82.7147516, 50.0559766]]]}}, {"type": "Feature", "properties": {"osm_id": 602018484, "building": "yes", "housenumber": "17", "street": "Северная улица", "levels": null, "area_m2": 164.4, "clat": 50.05513085, "clon": 82.7151686}, "geometry": {"type": "Polygon", "coordinates": [[[82.7150574, 50.0551707], [82.7152443, 50.0551966], [82.7152798, 50.055091], [82.7150929, 50.0550651], [82.7150574, 50.0551707]]]}}, {"type": "Feature", "properties": {"osm_id": 602018485, "building": "yes", "housenumber": "15", "street": "Северная улица", "levels": null, "area_m2": 164.4, "clat": 50.05454535, "clon": 82.71530270000001}, "geometry": {"type": "Polygon", "coordinates": [[[82.7151915, 50.0545852], [82.7153784, 50.0546111], [82.7154139, 50.0545055], [82.715227, 50.0544796], [82.7151915, 50.0545852]]]}}, {"type": "Feature", "properties": {"osm_id": 602018486, "building": "yes", "housenumber": "28", "street": "Северная улица", "levels": null, "area_m2": 164.6, "clat": 50.054224999999995, "clon": 82.71541535}, "geometry": {"type": "Polygon", "coordinates": [[[82.7153041, 50.0542649], [82.7154911, 50.0542908], [82.7155266, 50.0541851], [82.7153396, 50.0541592], [82.7153041, 50.0542649]]]}}, {"type": "Feature", "properties": {"osm_id": 602018487, "building": "yes", "housenumber": "26", "street": "Северная улица", "levels": null, "area_m2": 164.4, "clat": 50.05407345, "clon": 82.71547435000001}, "geometry": {"type": "Polygon", "coordinates": [[[82.7153631, 50.0541133], [82.7155501, 50.0541392], [82.7155856, 50.0540336], [82.7153986, 50.0540077], [82.7153631, 50.0541133]]]}}, {"type": "Feature", "properties": {"osm_id": 602018488, "building": "yes", "housenumber": "24", "street": "Северная улица", "levels": null, "area_m2": 164.4, "clat": 50.05378065, "clon": 82.715587}, "geometry": {"type": "Polygon", "coordinates": [[[82.7154758, 50.0538205], [82.7156627, 50.0538464], [82.7156982, 50.0537408], [82.7155113, 50.0537149], [82.7154758, 50.0538205]]]}}, {"type": "Feature", "properties": {"osm_id": 602018489, "building": "yes", "housenumber": "11А", "street": "Северная улица", "levels": null, "area_m2": 164.4, "clat": 50.05359124577262, "clon": 82.71560847846301}, "geometry": {"type": "Polygon", "coordinates": [[[82.7154973, 50.0536311], [82.7156842, 50.053657], [82.7157197, 50.0535514], [82.7155327, 50.0535255], [82.7154973, 50.0536311]]]}}, {"type": "Feature", "properties": {"osm_id": 602018490, "building": "yes", "housenumber": "10", "street": "Северная улица", "levels": null, "area_m2": 164.6, "clat": 50.0533467, "clon": 82.71571575}, "geometry": {"type": "Polygon", "coordinates": [[[82.7156045, 50.0533866], [82.7157915, 50.0534125], [82.715827, 50.0533068], [82.71564, 50.0532809], [82.7156045, 50.0533866]]]}}, {"type": "Feature", "properties": {"osm_id": 602018491, "building": "yes", "housenumber": "18", "street": "Северная улица", "levels": null, "area_m2": 164.4, "clat": 50.05316415, "clon": 82.71576405}, "geometry": {"type": "Polygon", "coordinates": [[[82.7156528, 50.053204], [82.7158398, 50.0532299], [82.7158753, 50.0531243], [82.7156883, 50.0530984], [82.7156528, 50.053204]]]}}, {"type": "Feature", "properties": {"osm_id": 602018493, "building": "yes", "housenumber": "16", "street": "Северная улица", "levels": null, "area_m2": 164.5, "clat": 50.0528817, "clon": 82.71582839999999}, "geometry": {"type": "Polygon", "coordinates": [[[82.7157172, 50.0529216], [82.7159041, 50.0529475], [82.7159396, 50.0528418], [82.7157527, 50.0528159], [82.7157172, 50.0529216]]]}}, {"type": "Feature", "properties": {"osm_id": 602018496, "building": "yes", "housenumber": "14", "street": "Северная улица", "levels": null, "area_m2": 164.4, "clat": 50.05269915, "clon": 82.71591425}, "geometry": {"type": "Polygon", "coordinates": [[[82.715803, 50.052739], [82.71599, 50.0527649], [82.7160255, 50.0526593], [82.7158385, 50.0526334], [82.715803, 50.052739]]]}}, {"type": "Feature", "properties": {"osm_id": 602018499, "building": "yes", "housenumber": "11", "street": "Северная улица", "levels": null, "area_m2": 164.4, "clat": 50.052444254227375, "clon": 82.71597862153699}, "geometry": {"type": "Polygon", "coordinates": [[[82.7158674, 50.0524841], [82.7160544, 50.05251], [82.7160898, 50.0524044], [82.7159029, 50.0523785], [82.7158674, 50.0524841]]]}}, {"type": "Feature", "properties": {"osm_id": 602018502, "building": "yes", "housenumber": "9", "street": "Северная улица", "levels": null, "area_m2": 164.4, "clat": 50.05228585422738, "clon": 82.716053721537}, "geometry": {"type": "Polygon", "coordinates": [[[82.7159425, 50.0523257], [82.7161295, 50.0523516], [82.7161649, 50.052246], [82.715978, 50.0522201], [82.7159425, 50.0523257]]]}}, {"type": "Feature", "properties": {"osm_id": 602018505, "building": "yes", "housenumber": "7", "street": "Северная улица", "levels": null, "area_m2": 164.4, "clat": 50.05201545, "clon": 82.71620125}, "geometry": {"type": "Polygon", "coordinates": [[[82.71609, 50.0520553], [82.716277, 50.0520812], [82.7163125, 50.0519756], [82.7161255, 50.0519497], [82.71609, 50.0520553]]]}}, {"type": "Feature", "properties": {"osm_id": 602018508, "building": "yes", "housenumber": "5", "street": "Северная улица", "levels": null, "area_m2": 164.4, "clat": 50.05181735, "clon": 82.71625825000001}, "geometry": {"type": "Polygon", "coordinates": [[[82.716147, 50.0518572], [82.716334, 50.0518831], [82.7163695, 50.0517775], [82.7161825, 50.0517516], [82.716147, 50.0518572]]]}}, {"type": "Feature", "properties": {"osm_id": 602018510, "building": "yes", "housenumber": "2А", "street": "Северная улица", "levels": null, "area_m2": 230.6, "clat": 50.05114396545408, "clon": 82.7167189190547}, "geometry": {"type": "Polygon", "coordinates": [[[82.7166, 50.0512044], [82.7167881, 50.0512306], [82.7168379, 50.0510836], [82.7166497, 50.0510573], [82.7166, 50.0512044]]]}}, {"type": "Feature", "properties": {"osm_id": 602018513, "building": "yes", "housenumber": "3", "street": "Северная улица", "levels": null, "area_m2": 230.5, "clat": 50.05155733454592, "clon": 82.7163299809453}, "geometry": {"type": "Polygon", "coordinates": [[[82.716211, 50.0516177], [82.7163992, 50.051644], [82.7164489, 50.0514969], [82.7162608, 50.0514707], [82.716211, 50.0516177]]]}}, {"type": "Feature", "properties": {"osm_id": 602018516, "building": "yes", "housenumber": "2", "street": "Северная улица", "levels": null, "area_m2": 230.5, "clat": 50.0513765, "clon": 82.71638095}, "geometry": {"type": "Polygon", "coordinates": [[[82.716262, 50.0514369], [82.7164502, 50.0514631], [82.7164999, 50.0513161], [82.7163117, 50.0512899], [82.716262, 50.0514369]]]}}, {"type": "Feature", "properties": {"osm_id": 602018519, "building": "yes", "housenumber": "24", "street": "улица Ленина", "levels": null, "area_m2": 230.5, "clat": 50.05534955, "clon": 82.71374165}, "geometry": {"type": "Polygon", "coordinates": [[[82.7136227, 50.0554099], [82.7138109, 50.0554362], [82.7138606, 50.0552892], [82.7136724, 50.0552629], [82.7136227, 50.0554099]]]}}, {"type": "Feature", "properties": {"osm_id": 602018520, "building": "yes", "housenumber": "20", "street": "улица Ленина", "levels": null, "area_m2": 230.6, "clat": 50.05461762852222, "clon": 82.71398305947487}, "geometry": {"type": "Polygon", "coordinates": [[[82.7138641, 50.054678], [82.7140523, 50.0547043], [82.714102, 50.0545572], [82.7139138, 50.054531], [82.7138641, 50.054678]]]}}, {"type": "Feature", "properties": {"osm_id": 602018521, "building": "yes", "housenumber": "18", "street": "улица Ленина", "levels": null, "area_m2": 230.4, "clat": 50.05424909397978, "clon": 82.71414132852271}, "geometry": {"type": "Polygon", "coordinates": [[[82.7140224, 50.0543095], [82.7142105, 50.0543357], [82.7142603, 50.0541887], [82.7140721, 50.0541625], [82.7140224, 50.0543095]]]}}, {"type": "Feature", "properties": {"osm_id": 602018522, "building": "yes", "housenumber": "22", "street": "улица Ленина", "levels": null, "area_m2": 291.2, "clat": 50.05493794220214, "clon": 82.71386502860669}, "geometry": {"type": "Polygon", "coordinates": [[[82.7137411, 50.0550189], [82.7139291, 50.0550437], [82.713989, 50.054857], [82.7138009, 50.0548322], [82.7137411, 50.0550189]]]}}, {"type": "Feature", "properties": {"osm_id": 602018523, "building": "yes", "housenumber": "16", "street": "улица Ленина", "levels": null, "area_m2": 291.3, "clat": 50.0539942, "clon": 82.7142298}, "geometry": {"type": "Polygon", "coordinates": [[[82.7141058, 50.0540751], [82.7142939, 50.0541], [82.7143538, 50.0539133], [82.7141657, 50.0538884], [82.7141058, 50.0540751]]]}}, {"type": "Feature", "properties": {"osm_id": 602018524, "building": "yes", "housenumber": "14", "street": "улица Ленина", "levels": null, "area_m2": 291.2, "clat": 50.053584342202136, "clon": 82.71436392860669}, "geometry": {"type": "Polygon", "coordinates": [[[82.71424, 50.0536653], [82.714428, 50.0536901], [82.7144879, 50.0535034], [82.7142998, 50.0534786], [82.71424, 50.0536653]]]}}, {"type": "Feature", "properties": {"osm_id": 602018525, "building": "yes", "housenumber": "12", "street": "улица Ленина", "levels": null, "area_m2": 291.2, "clat": 50.05317450779545, "clon": 82.71452487138963}, "geometry": {"type": "Polygon", "coordinates": [[[82.7144009, 50.0532554], [82.714589, 50.0532803], [82.7146488, 50.0530936], [82.7144608, 50.0530687], [82.7144009, 50.0532554]]]}}, {"type": "Feature", "properties": {"osm_id": 602018526, "building": "yes", "housenumber": "10", "street": "улица Ленина", "levels": null, "area_m2": 291.3, "clat": 50.0527715, "clon": 82.7146831}, "geometry": {"type": "Polygon", "coordinates": [[[82.7145591, 50.0528524], [82.7147472, 50.0528773], [82.7148071, 50.0526906], [82.714619, 50.0526657], [82.7145591, 50.0528524]]]}}, {"type": "Feature", "properties": {"osm_id": 602018527, "building": "yes", "housenumber": "8", "street": "улица Ленина", "levels": null, "area_m2": 291.3, "clat": 50.052446, "clon": 82.7148065}, "geometry": {"type": "Polygon", "coordinates": [[[82.7146825, 50.0525269], [82.7148706, 50.0525518], [82.7149305, 50.0523651], [82.7147424, 50.0523402], [82.7146825, 50.0525269]]]}}, {"type": "Feature", "properties": {"osm_id": 602018528, "building": "yes", "housenumber": "6", "street": "улица Ленина", "levels": null, "area_m2": 291.3, "clat": 50.0520981, "clon": 82.7149245}, "geometry": {"type": "Polygon", "coordinates": [[[82.7148005, 50.052179], [82.7149886, 50.0522039], [82.7150485, 50.0520172], [82.7148604, 50.0519923], [82.7148005, 50.052179]]]}}, {"type": "Feature", "properties": {"osm_id": 602018529, "building": "yes", "housenumber": "4", "street": "улица Ленина", "levels": null, "area_m2": 291.3, "clat": 50.051738150000006, "clon": 82.7151525}, "geometry": {"type": "Polygon", "coordinates": [[[82.7150285, 50.0518191], [82.7152166, 50.0518439], [82.7152765, 50.0516572], [82.7150884, 50.0516324], [82.7150285, 50.0518191]]]}}, {"type": "Feature", "properties": {"osm_id": 602018530, "building": "yes", "housenumber": "2", "street": "улица Ленина", "levels": null, "area_m2": 291.3, "clat": 50.05133515, "clon": 82.7152115}, "geometry": {"type": "Polygon", "coordinates": [[[82.7150875, 50.0514161], [82.7152756, 50.0514409], [82.7153355, 50.0512542], [82.7151474, 50.0512294], [82.7150875, 50.0514161]]]}}, {"type": "Feature", "properties": {"osm_id": 602018531, "building": "yes", "housenumber": "3", "street": "улица Ленина", "levels": null, "area_m2": 230.5, "clat": 50.0519362, "clon": 82.71434245}, "geometry": {"type": "Polygon", "coordinates": [[[82.7142235, 50.0519966], [82.7144117, 50.0520228], [82.7144614, 50.0518758], [82.7142732, 50.0518496], [82.7142235, 50.0519966]]]}}, {"type": "Feature", "properties": {"osm_id": 602018532, "building": "yes", "housenumber": "19", "street": "улица Ленина", "levels": null, "area_m2": 291.2, "clat": 50.05542359220455, "clon": 82.71306572861037}, "geometry": {"type": "Polygon", "coordinates": [[[82.7129418, 50.0555045], [82.7131298, 50.0555294], [82.7131897, 50.0553427], [82.7130016, 50.0553178], [82.7129418, 50.0555045]]]}}, {"type": "Feature", "properties": {"osm_id": 602018533, "building": "yes", "housenumber": "17", "street": "улица Ленина", "levels": null, "area_m2": 484.3, "clat": 50.05485185, "clon": 82.71328635}, "geometry": {"type": "Polygon", "coordinates": [[[82.7131406, 50.0549909], [82.7133323, 50.0550168], [82.7134321, 50.0547128], [82.7132404, 50.0546869], [82.7131406, 50.0549909]]]}}, {"type": "Feature", "properties": {"osm_id": 602018534, "building": "yes", "housenumber": "15", "street": "улица Ленина", "levels": null, "area_m2": 291.3, "clat": 50.0543645, "clon": 82.71346}, "geometry": {"type": "Polygon", "coordinates": [[[82.713336, 50.0544454], [82.7135241, 50.0544703], [82.713584, 50.0542836], [82.7133959, 50.0542587], [82.713336, 50.0544454]]]}}, {"type": "Feature", "properties": {"osm_id": 602018535, "building": "yes", "housenumber": "13", "street": "улица Ленина", "levels": null, "area_m2": 291.3, "clat": 50.0539236, "clon": 82.7135968}, "geometry": {"type": "Polygon", "coordinates": [[[82.7134728, 50.0540045], [82.7136609, 50.0540294], [82.7137208, 50.0538427], [82.7135327, 50.0538178], [82.7134728, 50.0540045]]]}}, {"type": "Feature", "properties": {"osm_id": 602018536, "building": "yes", "housenumber": "11", "street": "улица Ленина", "levels": null, "area_m2": 291.2, "clat": 50.05349650779545, "clon": 82.71375507138963}, "geometry": {"type": "Polygon", "coordinates": [[[82.7136311, 50.0535774], [82.7138192, 50.0536023], [82.713879, 50.0534156], [82.713691, 50.0533907], [82.7136311, 50.0535774]]]}}, {"type": "Feature", "properties": {"osm_id": 602018537, "building": "yes", "housenumber": "9", "street": "улица Ленина", "levels": null, "area_m2": 291.3, "clat": 50.05309525, "clon": 82.7138865}, "geometry": {"type": "Polygon", "coordinates": [[[82.7137625, 50.0531762], [82.7139506, 50.053201], [82.7140105, 50.0530143], [82.7138224, 50.0529895], [82.7137625, 50.0531762]]]}}, {"type": "Feature", "properties": {"osm_id": 602018538, "building": "yes", "housenumber": "7", "street": "улица Ленина", "levels": null, "area_m2": 291.2, "clat": 50.05267849220454, "clon": 82.71404742861039}, "geometry": {"type": "Polygon", "coordinates": [[[82.7139235, 50.0527594], [82.7141115, 50.0527843], [82.7141714, 50.0525976], [82.7139833, 50.0525727], [82.7139235, 50.0527594]]]}}, {"type": "Feature", "properties": {"osm_id": 602018539, "building": "yes", "housenumber": "5", "street": "улица Ленина", "levels": null, "area_m2": 291.3, "clat": 50.0523633, "clon": 82.7141574}, "geometry": {"type": "Polygon", "coordinates": [[[82.7140334, 50.0524442], [82.7142215, 50.0524691], [82.7142814, 50.0522824], [82.7140933, 50.0522575], [82.7140334, 50.0524442]]]}}, {"type": "Feature", "properties": {"osm_id": 602018540, "building": "yes", "housenumber": "1", "street": "улица Ленина", "levels": null, "area_m2": 230.6, "clat": 50.05155217147778, "clon": 82.71443364052513}, "geometry": {"type": "Polygon", "coordinates": [[[82.7143147, 50.0516126], [82.7145029, 50.0516388], [82.7145526, 50.0514918], [82.7143644, 50.0514655], [82.7143147, 50.0516126]]]}}, {"type": "Feature", "properties": {"osm_id": 602018542, "building": "yes", "housenumber": "16", "street": "улица Октября", "levels": null, "area_m2": 291.3, "clat": 50.0553375, "clon": 82.7120787}, "geometry": {"type": "Polygon", "coordinates": [[[82.7119547, 50.0554184], [82.7121428, 50.0554433], [82.7122027, 50.0552566], [82.7120146, 50.0552317], [82.7119547, 50.0554184]]]}}, {"type": "Feature", "properties": {"osm_id": 602018543, "building": "yes", "housenumber": "14", "street": "улица Октября", "levels": null, "area_m2": 291.2, "clat": 50.05460730779546, "clon": 82.71241397138962}, "geometry": {"type": "Polygon", "coordinates": [[[82.71229, 50.0546882], [82.7124781, 50.0547131], [82.7125379, 50.0545264], [82.7123499, 50.0545015], [82.71229, 50.0546882]]]}}, {"type": "Feature", "properties": {"osm_id": 602018544, "building": "yes", "housenumber": "12", "street": "улица Октября", "levels": null, "area_m2": 291.3, "clat": 50.0541768, "clon": 82.71258830000001}, "geometry": {"type": "Polygon", "coordinates": [[[82.7124643, 50.0542577], [82.7126524, 50.0542826], [82.7127123, 50.0540959], [82.7125242, 50.054071], [82.7124643, 50.0542577]]]}}, {"type": "Feature", "properties": {"osm_id": 602018545, "building": "yes", "housenumber": "10", "street": "улица Октября", "levels": null, "area_m2": 291.3, "clat": 50.0537204, "clon": 82.71275729999999}, "geometry": {"type": "Polygon", "coordinates": [[[82.7126333, 50.0538013], [82.7128214, 50.0538262], [82.7128813, 50.0536395], [82.7126932, 50.0536146], [82.7126333, 50.0538013]]]}}, {"type": "Feature", "properties": {"osm_id": 602018546, "building": "yes", "housenumber": "8", "street": "улица Октября", "levels": null, "area_m2": 291.3, "clat": 50.053345, "clon": 82.7129075}, "geometry": {"type": "Polygon", "coordinates": [[[82.7127835, 50.0534259], [82.7129716, 50.0534508], [82.7130315, 50.0532641], [82.7128434, 50.0532392], [82.7127835, 50.0534259]]]}}, {"type": "Feature", "properties": {"osm_id": 602018547, "building": "yes", "housenumber": "6", "street": "улица Октября", "levels": null, "area_m2": 291.3, "clat": 50.0529971, "clon": 82.7130416}, "geometry": {"type": "Polygon", "coordinates": [[[82.7129176, 50.053078], [82.7131057, 50.0531029], [82.7131656, 50.0529162], [82.7129775, 50.0528913], [82.7129176, 50.053078]]]}}, {"type": "Feature", "properties": {"osm_id": 602018548, "building": "yes", "housenumber": "4", "street": "улица Октября", "levels": null, "area_m2": 291.3, "clat": 50.0525855, "clon": 82.7131891}, "geometry": {"type": "Polygon", "coordinates": [[[82.7130651, 50.0526664], [82.7132532, 50.0526913], [82.7133131, 50.0525046], [82.713125, 50.0524797], [82.7130651, 50.0526664]]]}}, {"type": "Feature", "properties": {"osm_id": 602018549, "building": "yes", "housenumber": "2", "street": "улица Октября", "levels": null, "area_m2": 291.2, "clat": 50.05225910779545, "clon": 82.71328837138962}, "geometry": {"type": "Polygon", "coordinates": [[[82.7131644, 50.05234], [82.7133525, 50.0523649], [82.7134123, 50.0521782], [82.7132243, 50.0521533], [82.7131644, 50.05234]]]}}, {"type": "Feature", "properties": {"osm_id": 602018550, "building": "yes", "housenumber": "1", "street": "улица Октября", "levels": null, "area_m2": 230.5, "clat": 50.05189316545408, "clon": 82.7133715190547}, "geometry": {"type": "Polygon", "coordinates": [[[82.7132526, 50.0519536], [82.7134407, 50.0519798], [82.7134905, 50.0518328], [82.7133023, 50.0518065], [82.7132526, 50.0519536]]]}}, {"type": "Feature", "properties": {"osm_id": 602018551, "building": "yes", "housenumber": "13", "street": "улица Октября", "levels": null, "area_m2": 230.5, "clat": 50.05430767749653, "clon": 82.7118801620053}, "geometry": {"type": "Polygon", "coordinates": [[[82.7117612, 50.0543681], [82.7119494, 50.0543943], [82.7119991, 50.0542473], [82.711811, 50.054221], [82.7117612, 50.0543681]]]}}, {"type": "Feature", "properties": {"osm_id": 602018552, "building": "yes", "housenumber": "15", "street": "улица Октября", "levels": null, "area_m2": 230.4, "clat": 50.05465899397978, "clon": 82.71178902852272}, "geometry": {"type": "Polygon", "coordinates": [[[82.7116701, 50.0547194], [82.7118582, 50.0547456], [82.711908, 50.0545986], [82.7117198, 50.0545724], [82.7116701, 50.0547194]]]}}, {"type": "Feature", "properties": {"osm_id": 602018553, "building": "yes", "housenumber": "11", "street": "улица Октября", "levels": null, "area_m2": 230.5, "clat": 50.053966665454084, "clon": 82.7120143190547}, "geometry": {"type": "Polygon", "coordinates": [[[82.7118954, 50.0540271], [82.7120835, 50.0540533], [82.7121333, 50.0539063], [82.7119451, 50.05388], [82.7118954, 50.0540271]]]}}, {"type": "Feature", "properties": {"osm_id": 602018555, "building": "yes", "housenumber": "9", "street": "улица Октября", "levels": null, "area_m2": 230.5, "clat": 50.053605, "clon": 82.71213235}, "geometry": {"type": "Polygon", "coordinates": [[[82.7120134, 50.0536654], [82.7122016, 50.0536916], [82.7122513, 50.0535446], [82.7120631, 50.0535184], [82.7120134, 50.0536654]]]}}, {"type": "Feature", "properties": {"osm_id": 602018556, "building": "yes", "housenumber": "7", "street": "улица Октября", "levels": null, "area_m2": 230.4, "clat": 50.053215806020226, "clon": 82.71228787147729}, "geometry": {"type": "Polygon", "coordinates": [[[82.7121689, 50.0532762], [82.7123571, 50.0533024], [82.7124068, 50.0531554], [82.7122187, 50.0531292], [82.7121689, 50.0532762]]]}}, {"type": "Feature", "properties": {"osm_id": 602018557, "building": "yes", "housenumber": "5", "street": "улица Октября", "levels": null, "area_m2": 230.6, "clat": 50.05284727147778, "clon": 82.71238984052513}, "geometry": {"type": "Polygon", "coordinates": [[[82.7122709, 50.0529077], [82.7124591, 50.0529339], [82.7125088, 50.0527869], [82.7123206, 50.0527606], [82.7122709, 50.0529077]]]}}, {"type": "Feature", "properties": {"osm_id": 602018558, "building": "yes", "housenumber": "3", "street": "улица Октября", "levels": null, "area_m2": 230.6, "clat": 50.05248902852222, "clon": 82.71251855947486}, "geometry": {"type": "Polygon", "coordinates": [[[82.7123996, 50.0525494], [82.7125878, 50.0525757], [82.7126375, 50.0524286], [82.7124493, 50.0524024], [82.7123996, 50.0525494]]]}}, {"type": "Feature", "properties": {"osm_id": 602018562, "building": "yes", "housenumber": "39", "street": "улица Мира", "levels": null, "area_m2": 134.5, "clat": 50.053518921564034, "clon": 82.70978808855082}, "geometry": {"type": "Polygon", "coordinates": [[[82.7096926, 50.0535598], [82.7098489, 50.0535814], [82.7098836, 50.0534781], [82.7097273, 50.0534564], [82.7096926, 50.0535598]]]}}, {"type": "Feature", "properties": {"osm_id": 602018563, "building": "yes", "housenumber": "31А", "street": "улица Мира", "levels": null, "area_m2": 134.5, "clat": 50.05224792156404, "clon": 82.71029768855082}, "geometry": {"type": "Polygon", "coordinates": [[[82.7102022, 50.0522888], [82.7103585, 50.0523104], [82.7103932, 50.0522071], [82.7102369, 50.0521854], [82.7102022, 50.0522888]]]}}, {"type": "Feature", "properties": {"osm_id": 602018564, "building": "yes", "housenumber": "29А", "street": "улица Мира", "levels": null, "area_m2": 134.5, "clat": 50.05193967340329, "clon": 82.71046938988133}, "geometry": {"type": "Polygon", "coordinates": [[[82.7103739, 50.0519805], [82.7105301, 50.0520022], [82.7105649, 50.0518988], [82.7104086, 50.0518772], [82.7103739, 50.0519805]]]}}, {"type": "Feature", "properties": {"osm_id": 602018565, "building": "yes", "housenumber": "17", "street": "улица Мира", "levels": null, "area_m2": 134.5, "clat": 50.05474162155938, "clon": 82.70804463855572}, "geometry": {"type": "Polygon", "coordinates": [[[82.7079491, 50.0547825], [82.7081054, 50.0548041], [82.7081402, 50.0547008], [82.7079839, 50.0546791], [82.7079491, 50.0547825]]]}}, {"type": "Feature", "properties": {"osm_id": 602018566, "building": "yes", "housenumber": "16", "street": "улица Мира", "levels": null, "area_m2": 134.5, "clat": 50.05454532155938, "clon": 82.70810363855571}, "geometry": {"type": "Polygon", "coordinates": [[[82.7080081, 50.0545862], [82.7081644, 50.0546078], [82.7081992, 50.0545045], [82.7080429, 50.0544828], [82.7080081, 50.0545862]]]}}, {"type": "Feature", "properties": {"osm_id": 602018567, "building": "yes", "housenumber": "13", "street": "улица Мира", "levels": null, "area_m2": 134.5, "clat": 50.05373071652567, "clon": 82.70840406699628}, "geometry": {"type": "Polygon", "coordinates": [[[82.7083086, 50.0537716], [82.7084648, 50.0537932], [82.7084996, 50.0536899], [82.7083433, 50.0536682], [82.7083086, 50.0537716]]]}}, {"type": "Feature", "properties": {"osm_id": 602018568, "building": "yes", "housenumber": "21", "street": "улица Мира", "levels": null, "area_m2": 134.5, "clat": 50.053363921564035, "clon": 82.70855158855083}, "geometry": {"type": "Polygon", "coordinates": [[[82.7084561, 50.0534048], [82.7086124, 50.0534264], [82.7086471, 50.0533231], [82.7084908, 50.0533014], [82.7084561, 50.0534048]]]}}, {"type": "Feature", "properties": {"osm_id": 602018569, "building": "yes", "housenumber": "19", "street": "улица Мира", "levels": null, "area_m2": 134.5, "clat": 50.05307112156404, "clon": 82.70869908855083}, "geometry": {"type": "Polygon", "coordinates": [[[82.7086036, 50.053112], [82.7087599, 50.0531336], [82.7087946, 50.0530303], [82.7086383, 50.0530086], [82.7086036, 50.053112]]]}}, {"type": "Feature", "properties": {"osm_id": 602018570, "building": "yes", "housenumber": "13А", "street": "улица Мира", "levels": null, "area_m2": 134.5, "clat": 50.05233577843597, "clon": 82.70906391144918}, "geometry": {"type": "Polygon", "coordinates": [[[82.7089684, 50.0523766], [82.7091247, 50.0523983], [82.7091594, 50.0522949], [82.7090031, 50.0522733], [82.7089684, 50.0523766]]]}}, {"type": "Feature", "properties": {"osm_id": 602018571, "building": "yes", "housenumber": "11", "street": "улица Мира", "levels": null, "area_m2": 134.5, "clat": 50.05208432156404, "clon": 82.70920068855082}, "geometry": {"type": "Polygon", "coordinates": [[[82.7091052, 50.0521252], [82.7092615, 50.0521468], [82.7092962, 50.0520435], [82.7091399, 50.0520218], [82.7091052, 50.0521252]]]}}, {"type": "Feature", "properties": {"osm_id": 602018572, "building": "yes", "housenumber": "27А", "street": "улица Мира", "levels": null, "area_m2": 134.5, "clat": 50.051707173403294, "clon": 82.70933748988134}, "geometry": {"type": "Polygon", "coordinates": [[[82.709242, 50.051748], [82.7093982, 50.0517697], [82.709433, 50.0516663], [82.7092767, 50.0516447], [82.709242, 50.051748]]]}}, {"type": "Feature", "properties": {"osm_id": 602018573, "building": "yes", "housenumber": "2А", "street": "улица Мира", "levels": null, "area_m2": 684.5, "clat": 50.0512934, "clon": 82.71145105000001}, "geometry": {"type": "Polygon", "coordinates": [[[82.7111562, 50.0513246], [82.7116824, 50.0514148], [82.7117459, 50.0512622], [82.7112197, 50.051172], [82.7111562, 50.0513246]]]}}, {"type": "Feature", "properties": {"osm_id": 602018575, "building": "yes", "housenumber": "15", "street": "улица Мира", "levels": null, "area_m2": 134.5, "clat": 50.05472957843597, "clon": 82.71006701144917}, "geometry": {"type": "Polygon", "coordinates": [[[82.7099715, 50.0547704], [82.7101278, 50.0547921], [82.7101625, 50.0546887], [82.7100062, 50.0546671], [82.7099715, 50.0547704]]]}}, {"type": "Feature", "properties": {"osm_id": 602018576, "building": "yes", "housenumber": "7", "street": "улица Мира", "levels": null, "area_m2": 134.5, "clat": 50.05363087843597, "clon": 82.71064371144918}, "geometry": {"type": "Polygon", "coordinates": [[[82.7105482, 50.0536717], [82.7107045, 50.0536934], [82.7107392, 50.05359], [82.7105829, 50.0535684], [82.7105482, 50.0536717]]]}}, {"type": "Feature", "properties": {"osm_id": 602018577, "building": "yes", "housenumber": "5", "street": "улица Мира", "levels": null, "area_m2": 134.5, "clat": 50.052737021564035, "clon": 82.71108358855082}, "geometry": {"type": "Polygon", "coordinates": [[[82.7109881, 50.0527779], [82.7111444, 50.0527995], [82.7111791, 50.0526962], [82.7110228, 50.0526745], [82.7109881, 50.0527779]]]}}, {"type": "Feature", "properties": {"osm_id": 602018578, "building": "yes", "housenumber": "18А", "street": "улица Мира", "levels": null, "area_m2": 134.5, "clat": 50.05521178347433, "clon": 82.71068393300372}, "geometry": {"type": "Polygon", "coordinates": [[[82.7105884, 50.0552526], [82.7107447, 50.0552743], [82.7107794, 50.0551709], [82.7106232, 50.0551493], [82.7105884, 50.0552526]]]}}, {"type": "Feature", "properties": {"osm_id": 602018579, "building": "yes", "housenumber": "16", "street": "улица Мира", "levels": null, "area_m2": 134.5, "clat": 50.054684821559384, "clon": 82.71086363855572}, "geometry": {"type": "Polygon", "coordinates": [[[82.7107681, 50.0547257], [82.7109244, 50.0547473], [82.7109592, 50.054644], [82.7108029, 50.0546223], [82.7107681, 50.0547257]]]}}, {"type": "Feature", "properties": {"osm_id": 602018580, "building": "yes", "housenumber": "14/1", "street": "улица Мира", "levels": null, "area_m2": 134.5, "clat": 50.05430421652567, "clon": 82.71101116699629}, "geometry": {"type": "Polygon", "coordinates": [[[82.7109157, 50.0543451], [82.7110719, 50.0543667], [82.7111067, 50.0542634], [82.7109504, 50.0542417], [82.7109157, 50.0543451]]]}}, {"type": "Feature", "properties": {"osm_id": 602018581, "building": "yes", "housenumber": "12/1", "street": "улица Мира", "levels": null, "area_m2": 134.5, "clat": 50.05388227340329, "clon": 82.71120698988133}, "geometry": {"type": "Polygon", "coordinates": [[[82.7111115, 50.0539231], [82.7112677, 50.0539448], [82.7113025, 50.0538414], [82.7111462, 50.0538198], [82.7111115, 50.0539231]]]}}, {"type": "Feature", "properties": {"osm_id": 602018582, "building": "yes", "housenumber": "10", "street": "улица Мира", "levels": null, "area_m2": 134.5, "clat": 50.05351372156404, "clon": 82.71134908855083}, "geometry": {"type": "Polygon", "coordinates": [[[82.7112536, 50.0535546], [82.7114099, 50.0535762], [82.7114446, 50.0534729], [82.7112883, 50.0534512], [82.7112536, 50.0535546]]]}}, {"type": "Feature", "properties": {"osm_id": 602018583, "building": "yes", "housenumber": "6", "street": "улица Мира", "levels": null, "area_m2": 134.5, "clat": 50.05281992659671, "clon": 82.71161061011867}, "geometry": {"type": "Polygon", "coordinates": [[[82.7115151, 50.0528608], [82.7116714, 50.0528824], [82.7117061, 50.0527791], [82.7115499, 50.0527574], [82.7115151, 50.0528608]]]}}, {"type": "Feature", "properties": {"osm_id": 602018584, "building": "yes", "housenumber": "1", "street": "улица Октября", "levels": null, "area_m2": 230.6, "clat": 50.05218592852222, "clon": 82.71261645947486}, "geometry": {"type": "Polygon", "coordinates": [[[82.7124975, 50.0522463], [82.7126857, 50.0522726], [82.7127354, 50.0521255], [82.7125472, 50.0520993], [82.7124975, 50.0522463]]]}}, {"type": "Feature", "properties": {"osm_id": 602018585, "building": "yes", "housenumber": "2Б", "street": "улица Мира", "levels": null, "area_m2": 79.9, "clat": 50.049545699999996, "clon": 82.71443905000001}, "geometry": {"type": "Polygon", "coordinates": [[[82.7143611, 50.0495727], [82.7144878, 50.0495932], [82.714517, 50.0495187], [82.7143903, 50.0494982], [82.7143611, 50.0495727]]]}}, {"type": "Feature", "properties": {"osm_id": 602018586, "building": "yes", "housenumber": "14", "street": "улица Мира", "levels": null, "area_m2": 383.5, "clat": 50.0515147, "clon": 82.7121464}, "geometry": {"type": "Polygon", "coordinates": [[[82.712003, 50.051615], [82.7121978, 50.0516468], [82.7122898, 50.0514144], [82.712095, 50.0513826], [82.712003, 50.051615]]]}}, {"type": "Feature", "properties": {"osm_id": 602018587, "building": "yes", "housenumber": "69", "street": "улица Мира", "levels": null, "area_m2": 737.4, "clat": 50.05103636675167, "clon": 82.71235896792781}, "geometry": {"type": "Polygon", "coordinates": [[[82.7121747, 50.0512367], [82.7123765, 50.0512688], [82.7125432, 50.050836], [82.7123415, 50.0508039], [82.7121747, 50.0512367]]]}}, {"type": "Feature", "properties": {"osm_id": 602018590, "building": "yes", "housenumber": "24", "street": "улица Мира", "levels": null, "area_m2": 666.6, "clat": 50.05075130097295, "clon": 82.71445241896882}, "geometry": {"type": "Polygon", "coordinates": [[[82.7141335, 50.0507729], [82.7147203, 50.0508645], [82.7147713, 50.0507297], [82.7141846, 50.0506381], [82.7141335, 50.0507729]]]}}, {"type": "Feature", "properties": {"osm_id": 602018591, "building": "yes", "housenumber": "32", "street": "улица Мира", "levels": null, "area_m2": 666.6, "clat": 50.0506329, "clon": 82.7136746}, "geometry": {"type": "Polygon", "coordinates": [[[82.7133557, 50.0506545], [82.7139424, 50.0507461], [82.7139935, 50.0506113], [82.7134068, 50.0505197], [82.7133557, 50.0506545]]]}}, {"type": "Feature", "properties": {"osm_id": 602018592, "building": "yes", "housenumber": "32", "street": "улица Мира", "levels": null, "area_m2": 670.7, "clat": 50.0503792814706, "clon": 82.71308720180875}, "geometry": {"type": "Polygon", "coordinates": [[[82.7129113, 50.0505604], [82.7131132, 50.0505921], [82.7132631, 50.0501981], [82.7130612, 50.0501665], [82.7129113, 50.0505604]]]}}, {"type": "Feature", "properties": {"osm_id": 602018593, "building": "yes", "housenumber": "31", "street": "улица Мира", "levels": null, "area_m2": 670.8, "clat": 50.05019155, "clon": 82.7140682}, "geometry": {"type": "Polygon", "coordinates": [[[82.7138923, 50.0503727], [82.7140942, 50.0504044], [82.7142441, 50.0500104], [82.7140422, 50.0499787], [82.7138923, 50.0503727]]]}}, {"type": "Feature", "properties": {"osm_id": 602018594, "building": "yes", "housenumber": "27", "street": "улица Мира", "levels": null, "area_m2": 617.2, "clat": 50.04986004870535, "clon": 82.7135954801275}, "geometry": {"type": "Polygon", "coordinates": [[[82.7132945, 50.049889], [82.7138531, 50.0499641], [82.7138965, 50.0498311], [82.7133378, 50.049756], [82.7132945, 50.049889]]]}}, {"type": "Feature", "properties": {"osm_id": 602018595, "building": "yes", "housenumber": "34", "street": "улица Мира", "levels": null, "area_m2": 577.0, "clat": 50.05032935, "clon": 82.7126688}, "geometry": {"type": "Polygon", "coordinates": [[[82.7124984, 50.0504851], [82.7126941, 50.050519], [82.7128392, 50.0501736], [82.7126435, 50.0501397], [82.7124984, 50.0504851]]]}}, {"type": "Feature", "properties": {"osm_id": 602018596, "building": "yes", "housenumber": "28", "street": "улица Мира", "levels": null, "area_m2": 577.0, "clat": 50.04986475, "clon": 82.7128129}, "geometry": {"type": "Polygon", "coordinates": [[[82.7126425, 50.0500205], [82.7128382, 50.0500544], [82.7129833, 50.049709], [82.7127876, 50.0496751], [82.7126425, 50.0500205]]]}}, {"type": "Feature", "properties": {"osm_id": 602018601, "building": "yes", "housenumber": "2", "street": "улица Мира", "levels": null, "area_m2": 824.2, "clat": 50.04915557886637, "clon": 82.71430023565419}, "geometry": {"type": "Polygon", "coordinates": [[[82.7140857, 50.0493944], [82.71427, 50.0494306], [82.7145148, 50.0489168], [82.7143304, 50.0488806], [82.7140857, 50.0493944]]]}}, {"type": "Feature", "properties": {"osm_id": 602018602, "building": "yes", "housenumber": "1/18", "street": "улица Мира", "levels": null, "area_m2": 137.2, "clat": 50.04964045, "clon": 82.71476625}, "geometry": {"type": "Polygon", "coordinates": [[[82.7146771, 50.0496947], [82.7148008, 50.0497161], [82.7148554, 50.0495862], [82.7147317, 50.0495648], [82.7146771, 50.0496947]]]}}, {"type": "Feature", "properties": {"osm_id": 602018603, "building": "yes", "housenumber": "1/12", "street": "улица Мира", "levels": null, "area_m2": 137.2, "clat": 50.04782165, "clon": 82.7155012}, "geometry": {"type": "Polygon", "coordinates": [[[82.7154121, 50.0478759], [82.7155358, 50.0478973], [82.7155903, 50.0477674], [82.7154666, 50.047746], [82.7154121, 50.0478759]]]}}, {"type": "Feature", "properties": {"osm_id": 602018604, "building": "yes", "housenumber": "1/17", "street": "улица Мира", "levels": null, "area_m2": 137.1, "clat": 50.04908755, "clon": 82.715064}, "geometry": {"type": "Polygon", "coordinates": [[[82.7149749, 50.0491418], [82.7150986, 50.0491632], [82.7151531, 50.0490333], [82.7150294, 50.0490119], [82.7149749, 50.0491418]]]}}, {"type": "Feature", "properties": {"osm_id": 602018605, "building": "yes", "housenumber": "1/16", "street": "улица Мира", "levels": null, "area_m2": 137.2, "clat": 50.0487896, "clon": 82.7150613}, "geometry": {"type": "Polygon", "coordinates": [[[82.7149722, 50.0488438], [82.7150959, 50.0488653], [82.7151504, 50.0487354], [82.7150267, 50.0487139], [82.7149722, 50.0488438]]]}}, {"type": "Feature", "properties": {"osm_id": 602018606, "building": "yes", "housenumber": "1/15", "street": "улица Мира", "levels": null, "area_m2": 137.1, "clat": 50.04857775793989, "clon": 82.71516322029288}, "geometry": {"type": "Polygon", "coordinates": [[[82.7150741, 50.048632], [82.7151978, 50.0486534], [82.7152523, 50.0485235], [82.7151287, 50.0485021], [82.7150741, 50.048632]]]}}, {"type": "Feature", "properties": {"osm_id": 602018607, "building": "yes", "housenumber": "1/14", "street": "улица Мира", "levels": null, "area_m2": 137.2, "clat": 50.04828665, "clon": 82.7152893}, "geometry": {"type": "Polygon", "coordinates": [[[82.7152002, 50.0483409], [82.7153239, 50.0483623], [82.7153784, 50.0482324], [82.7152547, 50.048211], [82.7152002, 50.0483409]]]}}, {"type": "Feature", "properties": {"osm_id": 602018608, "building": "yes", "housenumber": "1/13", "street": "улица Мира", "levels": null, "area_m2": 137.2, "clat": 50.04805935, "clon": 82.71539390000001}, "geometry": {"type": "Polygon", "coordinates": [[[82.7153048, 50.0481136], [82.7154285, 50.048135], [82.715483, 50.0480051], [82.7153593, 50.0479837], [82.7153048, 50.0481136]]]}}, {"type": "Feature", "properties": {"osm_id": 602018609, "building": "yes", "housenumber": "1Б", "street": "улица Мира", "levels": null, "area_m2": 137.1, "clat": 50.04715677029437, "clon": 82.71575869403638}, "geometry": {"type": "Polygon", "coordinates": [[[82.7156696, 50.047211], [82.7157933, 50.0472324], [82.7158478, 50.0471026], [82.7157241, 50.0470811], [82.7156696, 50.047211]]]}}, {"type": "Feature", "properties": {"osm_id": 602018610, "building": "yes", "housenumber": "1/11", "street": "улица Мира", "levels": null, "area_m2": 137.2, "clat": 50.048644949999996, "clon": 82.71427005}, "geometry": {"type": "Polygon", "coordinates": [[[82.7141809, 50.0486992], [82.7143046, 50.0487206], [82.7143592, 50.0485907], [82.7142355, 50.0485693], [82.7141809, 50.0486992]]]}}, {"type": "Feature", "properties": {"osm_id": 602018611, "building": "yes", "housenumber": "1/10", "street": "улица Мира", "levels": null, "area_m2": 137.2, "clat": 50.04843655, "clon": 82.71436659999999}, "geometry": {"type": "Polygon", "coordinates": [[[82.7142775, 50.0484908], [82.7144012, 50.0485122], [82.7144557, 50.0483823], [82.714332, 50.0483609], [82.7142775, 50.0484908]]]}}, {"type": "Feature", "properties": {"osm_id": 602018612, "building": "yes", "housenumber": "1/5", "street": "улица Мира", "levels": null, "area_m2": 137.2, "clat": 50.04807135, "clon": 82.71452219999999}, "geometry": {"type": "Polygon", "coordinates": [[[82.7144331, 50.0481256], [82.7145568, 50.048147], [82.7146113, 50.0480171], [82.7144876, 50.0479957], [82.7144331, 50.0481256]]]}}, {"type": "Feature", "properties": {"osm_id": 602018613, "building": "yes", "housenumber": "1/8", "street": "улица Мира", "levels": null, "area_m2": 137.1, "clat": 50.04780094206011, "clon": 82.71462947970711}, "geometry": {"type": "Polygon", "coordinates": [[[82.7145404, 50.0478552], [82.714664, 50.0478766], [82.7147186, 50.0477467], [82.7145949, 50.0477253], [82.7145404, 50.0478552]]]}}, {"type": "Feature", "properties": {"osm_id": 602018614, "building": "yes", "housenumber": "1/7", "street": "улица Мира", "levels": null, "area_m2": 137.1, "clat": 50.04754604206011, "clon": 82.71475017970711}, "geometry": {"type": "Polygon", "coordinates": [[[82.7146611, 50.0476003], [82.7147847, 50.0476217], [82.7148393, 50.0474918], [82.7147156, 50.0474704], [82.7146611, 50.0476003]]]}}, {"type": "Feature", "properties": {"osm_id": 602018615, "building": "yes", "housenumber": "1/6", "street": "улица Мира", "levels": null, "area_m2": 137.2, "clat": 50.04735315, "clon": 82.714836}, "geometry": {"type": "Polygon", "coordinates": [[[82.7147469, 50.0474074], [82.7148706, 50.0474288], [82.7149251, 50.0472989], [82.7148014, 50.0472775], [82.7147469, 50.0474074]]]}}, {"type": "Feature", "properties": {"osm_id": 602018616, "building": "yes", "housenumber": "1А", "street": "улица Мира", "levels": null, "area_m2": 137.2, "clat": 50.046698649999996, "clon": 82.71493525}, "geometry": {"type": "Polygon", "coordinates": [[[82.7148461, 50.0467529], [82.7149698, 50.0467743], [82.7150244, 50.0466444], [82.7149007, 50.046623], [82.7148461, 50.0467529]]]}}, {"type": "Feature", "properties": {"osm_id": 602018617, "building": "yes", "housenumber": "1/9", "street": "улица Мира", "levels": null, "area_m2": 137.2, "clat": 50.04719985, "clon": 82.71415205}, "geometry": {"type": "Polygon", "coordinates": [[[82.7140629, 50.0472541], [82.7141866, 50.0472755], [82.7142412, 50.0471456], [82.7141175, 50.0471242], [82.7140629, 50.0472541]]]}}, {"type": "Feature", "properties": {"osm_id": 602018618, "building": "yes", "housenumber": "1/4", "street": "улица Мира", "levels": null, "area_m2": 137.2, "clat": 50.04743925, "clon": 82.71404475}, "geometry": {"type": "Polygon", "coordinates": [[[82.7139556, 50.0474935], [82.7140793, 50.0475149], [82.7141339, 50.047385], [82.7140102, 50.0473636], [82.7139556, 50.0474935]]]}}, {"type": "Feature", "properties": {"osm_id": 602018619, "building": "yes", "housenumber": "1/3", "street": "улица Мира", "levels": null, "area_m2": 137.1, "clat": 50.047704529705626, "clon": 82.71393210596362}, "geometry": {"type": "Polygon", "coordinates": [[[82.713843, 50.0477587], [82.7139667, 50.0477802], [82.7140212, 50.0476503], [82.7138975, 50.0476289], [82.713843, 50.0477587]]]}}, {"type": "Feature", "properties": {"osm_id": 602018620, "building": "yes", "housenumber": "1/2", "street": "улица Мира", "levels": null, "area_m2": 137.2, "clat": 50.04797145, "clon": 82.7138248}, "geometry": {"type": "Polygon", "coordinates": [[[82.7137357, 50.0480257], [82.7138594, 50.0480471], [82.7139139, 50.0479172], [82.7137902, 50.0478958], [82.7137357, 50.0480257]]]}}, {"type": "Feature", "properties": {"osm_id": 602018622, "building": "yes", "housenumber": "1/1", "street": "улица Мира", "levels": null, "area_m2": 137.2, "clat": 50.04833015, "clon": 82.71367794999999}, "geometry": {"type": "Polygon", "coordinates": [[[82.7135888, 50.0483844], [82.7137125, 50.0484058], [82.7137671, 50.0482759], [82.7136434, 50.0482545], [82.7135888, 50.0483844]]]}}, {"type": "Feature", "properties": {"osm_id": 602018624, "building": "yes", "housenumber": "1", "street": "улица Мира", "levels": null, "area_m2": 1362.1, "clat": 50.049142624435824, "clon": 82.71328434148103}, "geometry": {"type": "Polygon", "coordinates": [[[82.7130358, 50.0495657], [82.713222, 50.049593], [82.7135329, 50.0487197], [82.7133466, 50.0486923], [82.7130358, 50.0495657]]]}}, {"type": "Feature", "properties": {"osm_id": 789127648, "building": "yes", "housenumber": "1", "street": "Самурык", "levels": null, "area_m2": 251.7, "clat": 50.04366365, "clon": 82.73319305}, "geometry": {"type": "Polygon", "coordinates": [[[82.7331016, 50.0437455], [82.7333188, 50.043724], [82.7332845, 50.0435818], [82.7330673, 50.0436033], [82.7331016, 50.0437455]]]}}, {"type": "Feature", "properties": {"osm_id": 936397550, "building": "yes", "housenumber": null, "street": null, "levels": null, "area_m2": 570.9, "clat": 50.039332848226586, "clon": 82.73529012261451}, "geometry": {"type": "Polygon", "coordinates": [[[82.7355775, 50.0393804], [82.7355593, 50.0392526], [82.7350027, 50.0392853], [82.735021, 50.0394131], [82.7355775, 50.0393804]]]}}, {"type": "Feature", "properties": {"osm_id": 936397551, "building": "yes", "housenumber": null, "street": null, "levels": null, "area_m2": 418.8, "clat": 50.03877724542851, "clon": 82.73081867515153}, "geometry": {"type": "Polygon", "coordinates": [[[82.7306627, 50.0388613], [82.7309723, 50.0388631], [82.7309747, 50.0386932], [82.730665, 50.0386914], [82.7306627, 50.0388613]]]}}, {"type": "Feature", "properties": {"osm_id": 936397552, "building": "yes", "housenumber": null, "street": null, "levels": null, "area_m2": 1160.1, "clat": 50.039311700000006, "clon": 82.7333091}, "geometry": {"type": "Polygon", "coordinates": [[[82.7336168, 50.0394002], [82.7334654, 50.0391198], [82.7330014, 50.0392232], [82.7331528, 50.0395036], [82.7336168, 50.0394002]]]}}, {"type": "Feature", "properties": {"osm_id": 936397553, "building": "yes", "housenumber": null, "street": null, "levels": null, "area_m2": 903.3, "clat": 50.03892535, "clon": 82.73314115}, "geometry": {"type": "Polygon", "coordinates": [[[82.73348, 50.0389437], [82.7333816, 50.0387709], [82.7328023, 50.038907], [82.7329007, 50.0390798], [82.73348, 50.0389437]]]}}, {"type": "Feature", "properties": {"osm_id": 936397554, "building": "yes", "housenumber": null, "street": null, "levels": null, "area_m2": 716.0, "clat": 50.04095538592142, "clon": 82.7403282944568}, "geometry": {"type": "Polygon", "coordinates": [[[82.7401142, 50.0410862], [82.7406126, 50.0410422], [82.7405852, 50.0409144], [82.7403555, 50.0409347], [82.7403119, 50.0407307], [82.7401925, 50.0407412], [82.7402358, 50.0409435], [82.7400865, 50.0409567], [82.7401142, 50.0410862]]]}}, {"type": "Feature", "properties": {"osm_id": 936397555, "building": "yes", "housenumber": null, "street": null, "levels": null, "area_m2": 983.9, "clat": 50.04082105050992, "clon": 82.73976077493398}, "geometry": {"type": "Polygon", "coordinates": [[[82.7398342, 50.0405251], [82.739623, 50.0405347], [82.7396873, 50.041117], [82.7398986, 50.0411073], [82.7398342, 50.0405251]]]}}, {"type": "Feature", "properties": {"osm_id": 936397563, "building": "yes", "housenumber": null, "street": null, "levels": null, "area_m2": 1603.6, "clat": 50.0432602, "clon": 82.70762695}, "geometry": {"type": "Polygon", "coordinates": [[[82.7078837, 50.0429746], [82.7075687, 50.0429326], [82.7073702, 50.0435458], [82.7076852, 50.0435878], [82.7078837, 50.0429746]]]}}, {"type": "Feature", "properties": {"osm_id": 936397565, "building": "yes", "housenumber": null, "street": null, "levels": null, "area_m2": 147.2, "clat": 50.04514585, "clon": 82.71125225}, "geometry": {"type": "Polygon", "coordinates": [[[82.7113518, 50.0450959], [82.7112251, 50.0450666], [82.7111527, 50.0451958], [82.7112794, 50.0452251], [82.7113518, 50.0450959]]]}}, {"type": "Feature", "properties": {"osm_id": 936397566, "building": "yes", "housenumber": null, "street": null, "levels": null, "area_m2": 174.0, "clat": 50.04497763047549, "clon": 82.71004841836401}, "geometry": {"type": "Polygon", "coordinates": [[[82.7099141, 50.0449985], [82.7101381, 50.0450451], [82.7101827, 50.0449567], [82.7099587, 50.0449102], [82.7099141, 50.0449985]]]}}, {"type": "Feature", "properties": {"osm_id": 936397567, "building": "yes", "housenumber": null, "street": null, "levels": null, "area_m2": 1643.9, "clat": 50.045250887885395, "clon": 82.7090221808751}, "geometry": {"type": "Polygon", "coordinates": [[[82.7093106, 50.045005], [82.7089602, 50.0449456], [82.7087338, 50.0454968], [82.7090841, 50.0455562], [82.7093106, 50.045005]]]}}, {"type": "Feature", "properties": {"osm_id": 936397568, "building": "yes", "housenumber": null, "street": null, "levels": null, "area_m2": 595.1, "clat": 50.045246299999995, "clon": 82.70935655}, "geometry": {"type": "Polygon", "coordinates": [[[82.709352, 50.0454731], [82.7095254, 50.0450471], [82.7093611, 50.0450195], [82.7091877, 50.0454455], [82.709352, 50.0454731]]]}}, {"type": "Feature", "properties": {"osm_id": 936397569, "building": "yes", "housenumber": null, "street": null, "levels": null, "area_m2": 1451.6, "clat": 50.04459445035541, "clon": 82.70953941757428}, "geometry": {"type": "Polygon", "coordinates": [[[82.7090317, 50.0446059], [82.7099732, 50.0447643], [82.7100471, 50.044583], [82.7091057, 50.0444246], [82.7090317, 50.0446059]]]}}, {"type": "Feature", "properties": {"osm_id": 936397570, "building": "yes", "housenumber": null, "street": null, "levels": null, "area_m2": 1691.1, "clat": 50.0448037, "clon": 82.7077091}, "geometry": {"type": "Polygon", "coordinates": [[[82.7078542, 50.0442545], [82.7073795, 50.045319], [82.707564, 50.0453529], [82.7080387, 50.0442884], [82.7078542, 50.0442545]]]}}, {"type": "Feature", "properties": {"osm_id": 936397571, "building": "yes", "housenumber": null, "street": null, "levels": null, "area_m2": 1662.9, "clat": 50.045190021394376, "clon": 82.70870023317046}, "geometry": {"type": "Polygon", "coordinates": [[[82.7087594, 50.0447335], [82.7084189, 50.0455543], [82.7086752, 50.0455981], [82.7089443, 50.0449494], [82.7088557, 50.0449342], [82.7089271, 50.0447621], [82.7087594, 50.0447335]]]}}, {"type": "Feature", "properties": {"osm_id": 936397572, "building": "yes", "housenumber": null, "street": null, "levels": null, "area_m2": 2364.4, "clat": 50.04520083900822, "clon": 82.70808168047114}, "geometry": {"type": "Polygon", "coordinates": [[[82.7084309, 50.0449228], [82.7079899, 50.0448485], [82.7077325, 50.0454789], [82.7081734, 50.0455532], [82.7084309, 50.0449228]]]}}, {"type": "Feature", "properties": {"osm_id": 1011685919, "building": "yes", "housenumber": "43", "street": "Родниковая улица", "levels": null, "area_m2": 285.0, "clat": 50.044469777918245, "clon": 82.72266533857946}, "geometry": {"type": "Polygon", "coordinates": [[[82.7225741, 50.0445597], [82.7227998, 50.0445335], [82.7227566, 50.0443799], [82.7225309, 50.044406], [82.7225741, 50.0445597]]]}}, {"type": "Feature", "properties": {"osm_id": 1011686100, "building": "yes", "housenumber": "89", "street": "Родниковая улица", "levels": null, "area_m2": 251.7, "clat": 50.044473249999996, "clon": 82.72554339999999}, "geometry": {"type": "Polygon", "coordinates": [[[82.7254519, 50.0445551], [82.7256691, 50.0445336], [82.7256349, 50.0443914], [82.7254177, 50.0444129], [82.7254519, 50.0445551]]]}}, {"type": "Feature", "properties": {"osm_id": 1098207937, "building": "yes", "housenumber": null, "street": null, "levels": null, "area_m2": 59.8, "clat": 50.042078897285926, "clon": 82.73019162202469}, "geometry": {"type": "Polygon", "coordinates": [[[82.7301141, 50.0420603], [82.7301267, 50.0421118], [82.7302691, 50.0420975], [82.7302566, 50.042046], [82.7301141, 50.0420603]]]}}, {"type": "Feature", "properties": {"osm_id": 1098245936, "building": "yes", "housenumber": null, "street": null, "levels": null, "area_m2": 5755.5, "clat": 50.03793736085061, "clon": 82.73266053502043}, "geometry": {"type": "Polygon", "coordinates": [[[82.7320111, 50.0383637], [82.7337384, 50.0379866], [82.7336634, 50.0378449], [82.73242, 50.0381163], [82.7323317, 50.0379495], [82.7335679, 50.0376797], [82.7334687, 50.0374921], [82.7322328, 50.0377618], [82.7317486, 50.0378675], [82.7320111, 50.0383637]]]}}, {"type": "Feature", "properties": {"osm_id": 1098245937, "building": "service", "housenumber": null, "street": null, "levels": null, "area_m2": 299.8, "clat": 50.0387068, "clon": 82.7324628}, "geometry": {"type": "Polygon", "coordinates": [[[82.7325019, 50.038592], [82.7326005, 50.0387842], [82.7324237, 50.0388216], [82.7323251, 50.0386294], [82.7325019, 50.038592]]]}}, {"type": "Feature", "properties": {"osm_id": 1098245938, "building": "yes", "housenumber": null, "street": null, "levels": null, "area_m2": 2013.5, "clat": 50.037703335636905, "clon": 82.73471380485783}, "geometry": {"type": "Polygon", "coordinates": [[[82.734075, 50.0377359], [82.7341776, 50.0379287], [82.7353527, 50.0376707], [82.7352501, 50.037478], [82.734075, 50.0377359]]]}}, {"type": "Feature", "properties": {"osm_id": 1098245939, "building": "yes", "housenumber": null, "street": null, "levels": null, "area_m2": 4977.0, "clat": 50.03811554363799, "clon": 82.7358688099921}, "geometry": {"type": "Polygon", "coordinates": [[[82.7353076, 50.0377606], [82.7357501, 50.0385989], [82.7364758, 50.0384408], [82.7363658, 50.0382325], [82.7362904, 50.0382489], [82.7359579, 50.037619], [82.7353076, 50.0377606]]]}}, {"type": "Feature", "properties": {"osm_id": 1098245940, "building": "yes", "housenumber": null, "street": null, "levels": null, "area_m2": 319.6, "clat": 50.03877571871518, "clon": 82.73597792174229}, "geometry": {"type": "Polygon", "coordinates": [[[82.7357842, 50.0387575], [82.7358427, 50.0388666], [82.7361716, 50.038794], [82.7361131, 50.0386848], [82.7357842, 50.0387575]]]}}, {"type": "Feature", "properties": {"osm_id": 1098245941, "building": "yes", "housenumber": null, "street": null, "levels": null, "area_m2": 341.3, "clat": 50.03885637845873, "clon": 82.73550266104259}, "geometry": {"type": "Polygon", "coordinates": [[[82.7352518, 50.0388616], [82.7353033, 50.0389554], [82.7354585, 50.0389202], [82.7354385, 50.0388838], [82.7355265, 50.0388639], [82.7355504, 50.0389073], [82.7357364, 50.0388652], [82.7356752, 50.0387536], [82.7355269, 50.0387872], [82.7355411, 50.0388132], [82.7354218, 50.0388402], [82.7354134, 50.038825], [82.7352518, 50.0388616]]]}}, {"type": "Feature", "properties": {"osm_id": 1121029456, "building": "yes", "housenumber": "1в", "street": "Мира", "levels": null, "area_m2": 93.6, "clat": 50.044366617107244, "clon": 82.71620199549425}, "geometry": {"type": "Polygon", "coordinates": [[[82.7161074, 50.0443759], [82.7162188, 50.0444271], [82.7162966, 50.0443574], [82.7161852, 50.0443061], [82.7161074, 50.0443759]]]}}, {"type": "Feature", "properties": {"osm_id": 1198402461, "building": "yes", "housenumber": "10", "street": "Садовая (СТ Восточник-6)", "levels": null, "area_m2": 107.6, "clat": 50.035641150000004, "clon": 82.71680335}, "geometry": {"type": "Polygon", "coordinates": [[[82.7167311, 50.035688], [82.7168718, 50.0356903], [82.7168756, 50.0355943], [82.7167349, 50.035592], [82.7167311, 50.035688]]]}}, {"type": "Feature", "properties": {"osm_id": 1215073287, "building": "yes", "housenumber": "28", "street": "Садовая (СТ Восточник-6)", "levels": null, "area_m2": 63.6, "clat": 50.037255431559714, "clon": 82.71671088622941}, "geometry": {"type": "Polygon", "coordinates": [[[82.7166537, 50.0372904], [82.7167618, 50.0372942], [82.716768, 50.0372204], [82.71666, 50.0372167], [82.7166537, 50.0372904]]]}}, {"type": "Feature", "properties": {"osm_id": 1215073288, "building": "yes", "housenumber": "31", "street": "Садовая (СТ Восточник-6)", "levels": null, "area_m2": 63.6, "clat": 50.037430244347874, "clon": 82.71692142590899}, "geometry": {"type": "Polygon", "coordinates": [[[82.7168643, 50.0374652], [82.7169723, 50.037469], [82.7169786, 50.0373953], [82.7168705, 50.0373915], [82.7168643, 50.0374652]]]}}, {"type": "Feature", "properties": {"osm_id": 1215073289, "building": "yes", "housenumber": "29", "street": "Садовая (СТ Восточник-6)", "levels": null, "area_m2": 63.6, "clat": 50.03729416844029, "clon": 82.71694821377059}, "geometry": {"type": "Polygon", "coordinates": [[[82.7168911, 50.0373292], [82.7169991, 50.0373329], [82.7170054, 50.0372592], [82.7168973, 50.0372554], [82.7168911, 50.0373292]]]}}, {"type": "Feature", "properties": {"osm_id": 1215073290, "building": "yes", "housenumber": "27", "street": "Садовая (СТ Восточник-6)", "levels": null, "area_m2": 63.5, "clat": 50.037117599999995, "clon": 82.71696969999999}, "geometry": {"type": "Polygon", "coordinates": [[[82.7169126, 50.0371526], [82.7170206, 50.0371563], [82.7170268, 50.0370826], [82.7169188, 50.0370789], [82.7169126, 50.0371526]]]}}, {"type": "Feature", "properties": {"osm_id": 1215073291, "building": "yes", "housenumber": "25", "street": "Садовая (СТ Восточник-6)", "levels": null, "area_m2": 63.6, "clat": 50.03694275565213, "clon": 82.716991174091}, "geometry": {"type": "Polygon", "coordinates": [[[82.716934, 50.0369777], [82.7170421, 50.0369815], [82.7170483, 50.0369078], [82.7169403, 50.036904], [82.716934, 50.0369777]]]}}, {"type": "Feature", "properties": {"osm_id": 1215073292, "building": "yes", "housenumber": "23", "street": "Садовая (СТ Восточник-6)", "levels": null, "area_m2": 63.5, "clat": 50.03673085, "clon": 82.7170904}, "geometry": {"type": "Polygon", "coordinates": [[[82.7170333, 50.0367658], [82.7171413, 50.0367696], [82.7171475, 50.0366959], [82.7170395, 50.0366921], [82.7170333, 50.0367658]]]}}, {"type": "Feature", "properties": {"osm_id": 1215073293, "building": "yes", "housenumber": "21", "street": "Садовая (СТ Восточник-6)", "levels": null, "area_m2": 107.6, "clat": 50.0366163, "clon": 82.71702335}, "geometry": {"type": "Polygon", "coordinates": [[[82.716949, 50.0366618], [82.7170896, 50.0366667], [82.7170977, 50.0365708], [82.7169571, 50.0365659], [82.716949, 50.0366618]]]}}, {"type": "Feature", "properties": {"osm_id": 1215073294, "building": "yes", "housenumber": "13", "street": "Садовая (СТ Восточник-6)", "levels": null, "area_m2": 107.6, "clat": 50.03585822409226, "clon": 82.71706623785275}, "geometry": {"type": "Polygon", "coordinates": [[[82.7169919, 50.0359037], [82.7171325, 50.0359086], [82.7171406, 50.0358128], [82.717, 50.0358078], [82.7169919, 50.0359037]]]}}, {"type": "Feature", "properties": {"osm_id": 1215073295, "building": "yes", "housenumber": "19", "street": "Садовая (СТ Восточник-6)", "levels": null, "area_m2": 107.6, "clat": 50.036388, "clon": 82.7170354}, "geometry": {"type": "Polygon", "coordinates": [[[82.7169611, 50.0364335], [82.7171016, 50.0364384], [82.7171097, 50.0363425], [82.7169692, 50.0363376], [82.7169611, 50.0364335]]]}}, {"type": "Feature", "properties": {"osm_id": 1215073296, "building": "yes", "housenumber": "17", "street": "Садовая (СТ Восточник-6)", "levels": null, "area_m2": 107.6, "clat": 50.036227794327324, "clon": 82.717039425629}, "geometry": {"type": "Polygon", "coordinates": [[[82.7169663, 50.0362741], [82.7171069, 50.0362775], [82.7171126, 50.0361815], [82.7169719, 50.0361781], [82.7169663, 50.0362741]]]}}, {"type": "Feature", "properties": {"osm_id": 1215073297, "building": "yes", "housenumber": "15", "street": "Садовая (СТ Восточник-6)", "levels": null, "area_m2": 107.6, "clat": 50.036015, "clon": 82.71706760000001}, "geometry": {"type": "Polygon", "coordinates": [[[82.7169933, 50.0360605], [82.7171338, 50.0360654], [82.7171419, 50.0359695], [82.7170014, 50.0359646], [82.7169933, 50.0360605]]]}}, {"type": "Feature", "properties": {"osm_id": 1215073298, "building": "yes", "housenumber": "11", "street": "Садовая (СТ Восточник-6)", "levels": null, "area_m2": 107.6, "clat": 50.0356455, "clon": 82.7170837}, "geometry": {"type": "Polygon", "coordinates": [[[82.7170094, 50.035691], [82.7171499, 50.0356959], [82.717158, 50.0356], [82.7170175, 50.0355951], [82.7170094, 50.035691]]]}}, {"type": "Feature", "properties": {"osm_id": 1215073299, "building": "yes", "housenumber": "30", "street": "Садовая (СТ Восточник-6)", "levels": null, "area_m2": 107.6, "clat": 50.0374372, "clon": 82.71672025000001}, "geometry": {"type": "Polygon", "coordinates": [[[82.7166459, 50.0374827], [82.7167865, 50.0374876], [82.7167946, 50.0373917], [82.716654, 50.0373868], [82.7166459, 50.0374827]]]}}, {"type": "Feature", "properties": {"osm_id": 1215073300, "building": "yes", "housenumber": "26", "street": "Садовая (СТ Восточник-6)", "levels": null, "area_m2": 107.6, "clat": 50.0370771, "clon": 82.71677389999999}, "geometry": {"type": "Polygon", "coordinates": [[[82.7166996, 50.0371226], [82.7168401, 50.0371275], [82.7168482, 50.0370316], [82.7167077, 50.0370267], [82.7166996, 50.0371226]]]}}, {"type": "Feature", "properties": {"osm_id": 1215073301, "building": "yes", "housenumber": "24", "street": "Садовая (СТ Восточник-6)", "levels": null, "area_m2": 107.6, "clat": 50.0368549, "clon": 82.7168061}, "geometry": {"type": "Polygon", "coordinates": [[[82.7167318, 50.0369004], [82.7168723, 50.0369053], [82.7168804, 50.0368094], [82.7167399, 50.0368045], [82.7167318, 50.0369004]]]}}, {"type": "Feature", "properties": {"osm_id": 1215073302, "building": "yes", "housenumber": "20", "street": "Садовая (СТ Восточник-6)", "levels": null, "area_m2": 107.6, "clat": 50.036618849999996, "clon": 82.71680345}, "geometry": {"type": "Polygon", "coordinates": [[[82.7167312, 50.0366657], [82.7168719, 50.036668], [82.7168757, 50.036572], [82.716735, 50.0365697], [82.7167312, 50.0366657]]]}}, {"type": "Feature", "properties": {"osm_id": 1215073303, "building": "yes", "housenumber": "18", "street": "Садовая (СТ Восточник-6)", "levels": null, "area_m2": 107.6, "clat": 50.03645265, "clon": 82.71682085}, "geometry": {"type": "Polygon", "coordinates": [[[82.7167486, 50.0364995], [82.7168893, 50.0365018], [82.7168931, 50.0364058], [82.7167524, 50.0364035], [82.7167486, 50.0364995]]]}}, {"type": "Feature", "properties": {"osm_id": 1215073304, "building": "yes", "housenumber": "16", "street": "Садовая (СТ Восточник-6)", "levels": null, "area_m2": 107.6, "clat": 50.03625625, "clon": 82.71681545}, "geometry": {"type": "Polygon", "coordinates": [[[82.7167432, 50.0363031], [82.7168839, 50.0363054], [82.7168877, 50.0362094], [82.716747, 50.0362071], [82.7167432, 50.0363031]]]}}, {"type": "Feature", "properties": {"osm_id": 1215073305, "building": "yes", "housenumber": "14", "street": "Садовая (СТ Восточник-6)", "levels": null, "area_m2": 107.6, "clat": 50.03606495, "clon": 82.71684225}, "geometry": {"type": "Polygon", "coordinates": [[[82.71677, 50.0361118], [82.7169107, 50.0361141], [82.7169145, 50.0360181], [82.7167738, 50.0360158], [82.71677, 50.0361118]]]}}, {"type": "Feature", "properties": {"osm_id": 1215073306, "building": "yes", "housenumber": "12", "street": "Садовая (СТ Восточник-6)", "levels": null, "area_m2": 107.6, "clat": 50.035847950000004, "clon": 82.71681545}, "geometry": {"type": "Polygon", "coordinates": [[[82.7167432, 50.0358948], [82.7168839, 50.0358971], [82.7168877, 50.0358011], [82.716747, 50.0357988], [82.7167432, 50.0358948]]]}}, {"type": "Feature", "properties": {"osm_id": 1322727826, "building": "yes", "housenumber": null, "street": null, "levels": null, "area_m2": 254.4, "clat": 50.035919, "clon": 82.74007595}, "geometry": {"type": "Polygon", "coordinates": [[[82.7399275, 50.0358667], [82.7399316, 50.0359758], [82.7402244, 50.0359713], [82.7402203, 50.0358622], [82.7399275, 50.0358667]]]}}, {"type": "Feature", "properties": {"osm_id": 1322727827, "building": "yes", "housenumber": null, "street": null, "levels": null, "area_m2": 263.9, "clat": 50.035988851752755, "clon": 82.74206997855168}, "geometry": {"type": "Polygon", "coordinates": [[[82.7418798, 50.0359608], [82.7419004, 50.036051], [82.7422602, 50.0360169], [82.7422395, 50.0359267], [82.7418798, 50.0359608]]]}}, {"type": "Feature", "properties": {"osm_id": 1322727828, "building": "yes", "housenumber": null, "street": null, "levels": null, "area_m2": 93.1, "clat": 50.0356972, "clon": 82.7425104}, "geometry": {"type": "Polygon", "coordinates": [[[82.7424347, 50.0356598], [82.742455, 50.0357471], [82.7425861, 50.0357346], [82.7425658, 50.0356473], [82.7424347, 50.0356598]]]}}, {"type": "Feature", "properties": {"osm_id": 1322727829, "building": "yes", "housenumber": null, "street": null, "levels": null, "area_m2": 213.6, "clat": 50.0357550815634, "clon": 82.74205436062887}, "geometry": {"type": "Polygon", "coordinates": [[[82.7419188, 50.0357153], [82.7419501, 50.0358235], [82.74219, 50.0357948], [82.7421586, 50.0356867], [82.7419188, 50.0357153]]]}}, {"type": "Feature", "properties": {"osm_id": 1322736987, "building": "yes", "housenumber": null, "street": null, "levels": null, "area_m2": 316.9, "clat": 50.04084317925161, "clon": 82.73789857057406}, "geometry": {"type": "Polygon", "coordinates": [[[82.7378184, 50.0410269], [82.737924, 50.0410333], [82.7379787, 50.0406594], [82.7378732, 50.040653], [82.7378184, 50.0410269]]]}}, {"type": "Feature", "properties": {"osm_id": 1322736988, "building": "yes", "housenumber": null, "street": null, "levels": null, "area_m2": 98.3, "clat": 50.040661160538335, "clon": 82.73718462246315}, "geometry": {"type": "Polygon", "coordinates": [[[82.737124, 50.0407199], [82.7372212, 50.0407276], [82.7372452, 50.0406024], [82.7371481, 50.0405947], [82.737124, 50.0407199]]]}}, {"type": "Feature", "properties": {"osm_id": 1322736989, "building": "yes", "housenumber": null, "street": null, "levels": null, "area_m2": 48.8, "clat": 50.04170351555939, "clon": 82.73718666778653}, "geometry": {"type": "Polygon", "coordinates": [[[82.7371467, 50.0417431], [82.7372226, 50.0417446], [82.7372267, 50.041664], [82.7371507, 50.0416624], [82.7371467, 50.0417431]]]}}, {"type": "Feature", "properties": {"osm_id": 1322736990, "building": "yes", "housenumber": null, "street": null, "levels": null, "area_m2": 119.0, "clat": 50.040582050000005, "clon": 82.7400697}, "geometry": {"type": "Polygon", "coordinates": [[[82.7400218, 50.0406513], [82.7401336, 50.0406457], [82.7401176, 50.0405128], [82.7400058, 50.0405184], [82.7400218, 50.0406513]]]}}, {"type": "Feature", "properties": {"osm_id": 1322736991, "building": "yes", "housenumber": null, "street": null, "levels": null, "area_m2": 395.6, "clat": 50.04069438634356, "clon": 82.74079442264654}, "geometry": {"type": "Polygon", "coordinates": [[[82.7407296, 50.0408425], [82.740902, 50.0408319], [82.7408593, 50.0405463], [82.7406868, 50.0405569], [82.7407296, 50.0408425]]]}}, {"type": "Feature", "properties": {"osm_id": 1322736992, "building": "yes", "housenumber": null, "street": null, "levels": null, "area_m2": 364.5, "clat": 50.0409539248487, "clon": 82.7414687450896}, "geometry": {"type": "Polygon", "coordinates": [[[82.7413853, 50.041093], [82.7415496, 50.0410936], [82.7415522, 50.0408149], [82.7413879, 50.0408142], [82.7413853, 50.041093]]]}}, {"type": "Feature", "properties": {"osm_id": 1322736993, "building": "yes", "housenumber": null, "street": null, "levels": null, "area_m2": 279.5, "clat": 50.040951899999996, "clon": 82.74170315}, "geometry": {"type": "Polygon", "coordinates": [[[82.7417712, 50.0410895], [82.7417618, 50.0408125], [82.7416351, 50.0408143], [82.7416445, 50.0410913], [82.7417712, 50.0410895]]]}}, {"type": "Feature", "properties": {"osm_id": 1322736994, "building": "yes", "housenumber": null, "street": null, "levels": null, "area_m2": 2445.9, "clat": 50.0404276693269, "clon": 82.74209783224181}, "geometry": {"type": "Polygon", "coordinates": [[[82.7414897, 50.0404539], [82.7415198, 50.0405964], [82.7429176, 50.0404744], [82.7428846, 50.0403187], [82.7421936, 50.040379], [82.7421684, 50.04026], [82.7414617, 50.0403217], [82.7414897, 50.0404539]]]}}, {"type": "Feature", "properties": {"osm_id": 1330380621, "building": "yes", "housenumber": null, "street": null, "levels": null, "area_m2": 37.2, "clat": 50.0400608, "clon": 82.734909}, "geometry": {"type": "Polygon", "coordinates": [[[82.7348721, 50.0400919], [82.7349633, 50.0400784], [82.7349459, 50.0400297], [82.7348547, 50.0400432], [82.7348721, 50.0400919]]]}}, {"type": "Feature", "properties": {"osm_id": 1330380622, "building": "yes", "housenumber": null, "street": null, "levels": null, "area_m2": 815.4, "clat": 50.0389936, "clon": 82.73026435}, "geometry": {"type": "Polygon", "coordinates": [[[82.7303928, 50.0391857], [82.7304049, 50.038805], [82.7301359, 50.0388015], [82.7301238, 50.0391822], [82.7303928, 50.0391857]]]}}, {"type": "Feature", "properties": {"osm_id": 1330380623, "building": "yes", "housenumber": null, "street": null, "levels": null, "area_m2": 86.1, "clat": 50.03931966371564, "clon": 82.72352400504721}, "geometry": {"type": "Polygon", "coordinates": [[[82.7234378, 50.0393701], [82.723505, 50.0393935], [82.7236102, 50.0392693], [82.723543, 50.0392458], [82.7234378, 50.0393701]]]}}, {"type": "Feature", "properties": {"osm_id": 1330380624, "building": "yes", "housenumber": null, "street": null, "levels": null, "area_m2": 172.2, "clat": 50.03958429894582, "clon": 82.72285313249712}, "geometry": {"type": "Polygon", "coordinates": [[[82.7227921, 50.0395074], [82.7227195, 50.0395932], [82.7229141, 50.0396612], [82.7229868, 50.0395754], [82.7227921, 50.0395074]]]}}, {"type": "Feature", "properties": {"osm_id": 1330380625, "building": "yes", "housenumber": null, "street": null, "levels": null, "area_m2": 128.2, "clat": 50.03978952587716, "clon": 82.7231226692601}, "geometry": {"type": "Polygon", "coordinates": [[[82.7230147, 50.0398602], [82.7230891, 50.0398861], [82.7232306, 50.0397189], [82.7231563, 50.0396929], [82.7230147, 50.0398602]]]}}, {"type": "Feature", "properties": {"osm_id": 1330380626, "building": "yes", "housenumber": null, "street": null, "levels": null, "area_m2": 347.6, "clat": 50.0401373, "clon": 82.724047}, "geometry": {"type": "Polygon", "coordinates": [[[82.7238791, 50.0402142], [82.7240419, 50.0402697], [82.7242149, 50.0400604], [82.7240521, 50.0400049], [82.7238791, 50.0402142]]]}}, {"type": "Feature", "properties": {"osm_id": 1330380631, "building": "yes", "housenumber": null, "street": null, "levels": null, "area_m2": 2739.5, "clat": 50.0468970556787, "clon": 82.70729029313003}, "geometry": {"type": "Polygon", "coordinates": [[[82.7069535, 50.0473716], [82.7068952, 50.047514], [82.7073503, 50.0475908], [82.7074098, 50.0474455], [82.7071594, 50.0474033], [82.7077144, 50.0460466], [82.7075557, 50.0460198], [82.7073613, 50.0464951], [82.7073152, 50.0464873], [82.7069535, 50.0473716]]]}}, {"type": "Feature", "properties": {"osm_id": 1330380632, "building": "yes", "housenumber": null, "street": null, "levels": null, "area_m2": 1111.8, "clat": 50.047052287128594, "clon": 82.70771713092371}, "geometry": {"type": "Polygon", "coordinates": [[[82.7074841, 50.0472627], [82.7077651, 50.0473087], [82.7079502, 50.0468419], [82.7076691, 50.0467959], [82.7074841, 50.0472627]]]}}, {"type": "Feature", "properties": {"osm_id": 1330380633, "building": "yes", "housenumber": null, "street": null, "levels": null, "area_m2": 1515.1, "clat": 50.04661781257829, "clon": 82.70840971882916}, "geometry": {"type": "Polygon", "coordinates": [[[82.7081318, 50.0468588], [82.708461, 50.0469159], [82.7086876, 50.0463768], [82.7083585, 50.0463197], [82.7081318, 50.0468588]]]}}, {"type": "Feature", "properties": {"osm_id": 1330380634, "building": "yes", "housenumber": null, "street": null, "levels": null, "area_m2": 162.2, "clat": 50.045911499999995, "clon": 82.70773575}, "geometry": {"type": "Polygon", "coordinates": [[[82.7076061, 50.0459356], [82.7078321, 50.0459722], [82.7078654, 50.0458874], [82.7076394, 50.0458508], [82.7076061, 50.0459356]]]}}, {"type": "Feature", "properties": {"osm_id": 1330380635, "building": "yes", "housenumber": null, "street": null, "levels": null, "area_m2": 670.9, "clat": 50.046396168451885, "clon": 82.70806956662696}, "geometry": {"type": "Polygon", "coordinates": [[[82.7078877, 50.046597], [82.7080691, 50.0466285], [82.7082514, 50.0461953], [82.7080701, 50.0461638], [82.7078877, 50.046597]]]}}, {"type": "Feature", "properties": {"osm_id": 1330380636, "building": "yes", "housenumber": null, "street": null, "levels": null, "area_m2": 15.9, "clat": 50.04504554492668, "clon": 82.71061288016921}, "geometry": {"type": "Polygon", "coordinates": [[[82.7105787, 50.0450584], [82.7106276, 50.0450692], [82.7106471, 50.0450327], [82.7105981, 50.0450219], [82.7105787, 50.0450584]]]}}, {"type": "Feature", "properties": {"osm_id": 1330380637, "building": "yes", "housenumber": null, "street": null, "levels": null, "area_m2": 16.3, "clat": 50.044933554573426, "clon": 82.71064926929898}, "geometry": {"type": "Polygon", "coordinates": [[[82.7106135, 50.0449452], [82.7106632, 50.0449577], [82.710685, 50.0449219], [82.7106354, 50.0449094], [82.7106135, 50.0449452]]]}}, {"type": "Feature", "properties": {"osm_id": 1330380638, "building": "yes", "housenumber": null, "street": null, "levels": null, "area_m2": 460.1, "clat": 50.0444897310787, "clon": 82.70881012287818}, "geometry": {"type": "Polygon", "coordinates": [[[82.7085757, 50.0445128], [82.7089794, 50.0445964], [82.7090445, 50.0444666], [82.7086408, 50.0443831], [82.7085757, 50.0445128]]]}}, {"type": "Feature", "properties": {"osm_id": 1330380639, "building": "yes", "housenumber": null, "street": null, "levels": null, "area_m2": 143.3, "clat": 50.044580566563766, "clon": 82.70828890910354}, "geometry": {"type": "Polygon", "coordinates": [[[82.7081493, 50.0445787], [82.7083839, 50.0446463], [82.7084286, 50.0445825], [82.7081939, 50.0445148], [82.7081493, 50.0445787]]]}}, {"type": "Feature", "properties": {"osm_id": 1330380640, "building": "yes", "housenumber": null, "street": null, "levels": null, "area_m2": 177.6, "clat": 50.0447358, "clon": 82.708281}, "geometry": {"type": "Polygon", "coordinates": [[[82.7081727, 50.0448052], [82.7082887, 50.0448339], [82.7083893, 50.0446664], [82.7082733, 50.0446377], [82.7081727, 50.0448052]]]}}, {"type": "Feature", "properties": {"osm_id": 1330380641, "building": "yes", "housenumber": null, "street": null, "levels": null, "area_m2": 8188.9, "clat": 50.04265083234794, "clon": 82.70856683296515}, "geometry": {"type": "Polygon", "coordinates": [[[82.7079347, 50.0433355], [82.7085834, 50.0434467], [82.709199, 50.0419662], [82.7085502, 50.041855], [82.7079347, 50.0433355]]]}}, {"type": "Feature", "properties": {"osm_id": 1330380642, "building": "yes", "housenumber": null, "street": null, "levels": null, "area_m2": 8748.9, "clat": 50.043326252906326, "clon": 82.71037161627481}, "geometry": {"type": "Polygon", "coordinates": [[[82.709721, 50.0440727], [82.7103624, 50.0441817], [82.7110222, 50.0425797], [82.7103809, 50.0424708], [82.709721, 50.0440727]]]}}, {"type": "Feature", "properties": {"osm_id": 1330380643, "building": "yes", "housenumber": null, "street": null, "levels": null, "area_m2": 293.3, "clat": 50.04423600747869, "clon": 82.70964392563071}, "geometry": {"type": "Polygon", "coordinates": [[[82.7094098, 50.0442752], [82.7094958, 50.0442899], [82.7095153, 50.0442429], [82.7098786, 50.0443053], [82.7099067, 50.0442377], [82.7094575, 50.0441606], [82.7094098, 50.0442752]]]}}, {"type": "Feature", "properties": {"osm_id": 1330380644, "building": "yes", "housenumber": null, "street": null, "levels": null, "area_m2": 146.4, "clat": 50.04410417028113, "clon": 82.70891169047516}, "geometry": {"type": "Polygon", "coordinates": [[[82.7088084, 50.0441434], [82.7089626, 50.0441739], [82.709015, 50.044065], [82.7088608, 50.0440344], [82.7088084, 50.0441434]]]}}, {"type": "Feature", "properties": {"osm_id": 1330380645, "building": "yes", "housenumber": null, "street": null, "levels": null, "area_m2": 1132.6, "clat": 50.04370019877182, "clon": 82.7092912183992}, "geometry": {"type": "Polygon", "coordinates": [[[82.7090558, 50.0439435], [82.7093067, 50.0439865], [82.7095266, 50.0434568], [82.7092758, 50.0434139], [82.7090558, 50.0439435]]]}}, {"type": "Feature", "properties": {"osm_id": 1330380646, "building": "yes", "housenumber": null, "street": null, "levels": null, "area_m2": 68.5, "clat": 50.04452632130907, "clon": 82.70846088913852}, "geometry": {"type": "Polygon", "coordinates": [[[82.7083927, 50.0445555], [82.708502, 50.0445718], [82.7085291, 50.0444972], [82.7084198, 50.0444808], [82.7083927, 50.0445555]]]}}, {"type": "Feature", "properties": {"osm_id": 1330380647, "building": "yes", "housenumber": null, "street": null, "levels": null, "area_m2": 640.3, "clat": 50.04484565, "clon": 82.70944915}, "geometry": {"type": "Polygon", "coordinates": [[[82.7091846, 50.0448849], [82.7096406, 50.0449693], [82.7097137, 50.0448064], [82.7092577, 50.044722], [82.7091846, 50.0448849]]]}}, {"type": "Feature", "properties": {"osm_id": 1330442040, "building": "yes", "housenumber": null, "street": null, "levels": null, "area_m2": 306.2, "clat": 50.0404519, "clon": 82.72521959999999}, "geometry": {"type": "Polygon", "coordinates": [[[82.725023, 50.0404463], [82.7253375, 50.0405531], [82.7254162, 50.0404575], [82.7251017, 50.0403507], [82.725023, 50.0404463]]]}}, {"type": "Feature", "properties": {"osm_id": 1330442041, "building": "yes", "housenumber": null, "street": null, "levels": null, "area_m2": 231.6, "clat": 50.03729947850969, "clon": 82.73703020279879}, "geometry": {"type": "Polygon", "coordinates": [[[82.7369548, 50.0374294], [82.7370626, 50.0374366], [82.7371056, 50.0371695], [82.7369978, 50.0371624], [82.7369548, 50.0374294]]]}}, {"type": "Feature", "properties": {"osm_id": 1330442042, "building": "yes", "housenumber": null, "street": null, "levels": null, "area_m2": 117.8, "clat": 50.04508807834637, "clon": 82.72923669196236}, "geometry": {"type": "Polygon", "coordinates": [[[82.7291919, 50.0451532], [82.7293164, 50.0451375], [82.7292815, 50.045023], [82.729157, 50.0450386], [82.7291919, 50.0451532]]]}}, {"type": "Feature", "properties": {"osm_id": 1330442043, "building": "yes", "housenumber": null, "street": null, "levels": null, "area_m2": 53.4, "clat": 50.045076, "clon": 82.72902985}, "geometry": {"type": "Polygon", "coordinates": [[[82.7290215, 50.0451355], [82.7290791, 50.0451267], [82.7290382, 50.0450165], [82.7289806, 50.0450253], [82.7290215, 50.0451355]]]}}]}