{"type": "FeatureCollection", "village": "с. Верхнеберезовка", "key": "verhneberezevka", "features": [{"type": "Feature", "properties": {"osm_id": 351094183, "building": "yes", "housenumber": "13", "street": "улица Амбулаторная", "levels": "2", "area_m2": 923.9, "clat": 50.271963827062706, "clon": 82.22519415644385}, "geometry": {"type": "Polygon", "coordinates": [[[82.2253118, 50.2721848], [82.2252046, 50.2721353], [82.2252968, 50.2720539], [82.2250789, 50.2719531], [82.2249693, 50.2720498], [82.2248285, 50.2719846], [82.2250699, 50.2717716], [82.2255357, 50.2719872], [82.2253118, 50.2721848]]]}}, {"type": "Feature", "properties": {"osm_id": 351094184, "building": "yes", "housenumber": "11а", "street": "Амбулаторная улица", "levels": "2", "area_m2": 1221.9, "clat": 50.27146209287391, "clon": 82.22355355097547}, "geometry": {"type": "Polygon", "coordinates": [[[82.2234414, 50.2717759], [82.2232618, 50.2716926], [82.2235872, 50.2714062], [82.2233008, 50.2712732], [82.2234217, 50.2711669], [82.2238877, 50.2713833], [82.2234414, 50.2717759]]]}}, {"type": "Feature", "properties": {"osm_id": 351094484, "building": "yes", "housenumber": "22", "street": "улица Больничная", "levels": "1", "area_m2": 382.1, "clat": 50.26615683999984, "clon": 82.22460351682179}, "geometry": {"type": "Polygon", "coordinates": [[[82.2246013, 50.2663019], [82.2244388, 50.2660571], [82.2246058, 50.2660118], [82.2247682, 50.2662566], [82.2246013, 50.2663019]]]}}, {"type": "Feature", "properties": {"osm_id": 351094486, "building": "yes", "housenumber": null, "street": null, "levels": "1", "area_m2": 248.9, "clat": 50.26640999089005, "clon": 82.22480716784999}, "geometry": {"type": "Polygon", "coordinates": [[[82.2247926, 50.2665224], [82.224937, 50.2664864], [82.2248218, 50.2662976], [82.2246773, 50.2663336], [82.2247926, 50.2665224]]]}}, {"type": "Feature", "properties": {"osm_id": 351094488, "building": "yes", "housenumber": "30", "street": "улица Ленина", "levels": "2", "area_m2": 399.2, "clat": 50.26774914510778, "clon": 82.22547063373388}, "geometry": {"type": "Polygon", "coordinates": [[[82.2252786, 50.2678042], [82.2254816, 50.2676148], [82.2256627, 50.2676941], [82.2254596, 50.2678835], [82.2252786, 50.2678042]]]}}, {"type": "Feature", "properties": {"osm_id": 351094490, "building": "yes", "housenumber": "27", "street": "улица Ленина", "levels": "2", "area_m2": 786.7, "clat": 50.26813764371735, "clon": 82.22587810846825}, "geometry": {"type": "Polygon", "coordinates": [[[82.2261362, 50.2683354], [82.2255035, 50.268043], [82.2256201, 50.2679399], [82.2262527, 50.2682323], [82.2261362, 50.2683354]]]}}, {"type": "Feature", "properties": {"osm_id": 351094492, "building": "yes", "housenumber": "33а", "street": "улица Больничная", "levels": "2", "area_m2": 564.0, "clat": 50.26791098906529, "clon": 82.22665903934656}, "geometry": {"type": "Polygon", "coordinates": [[[82.2265538, 50.2681023], [82.2264058, 50.2680331], [82.2267642, 50.2677197], [82.2269123, 50.2677889], [82.2265538, 50.2681023]]]}}, {"type": "Feature", "properties": {"osm_id": 351094493, "building": "yes", "housenumber": "27", "street": "улица Больничная", "levels": "2", "area_m2": 575.3, "clat": 50.26774945730797, "clon": 82.22375911353706}, "geometry": {"type": "Polygon", "coordinates": [[[82.2236841, 50.2679247], [82.223513, 50.2678403], [82.2238342, 50.2675742], [82.2240052, 50.2676586], [82.2236841, 50.2679247]]]}}, {"type": "Feature", "properties": {"osm_id": 351094495, "building": "yes", "housenumber": "28", "street": "улица Ленина", "levels": "2", "area_m2": 494.6, "clat": 50.26793913667365, "clon": 82.22443246952422}, "geometry": {"type": "Polygon", "coordinates": [[[82.224574, 50.2680842], [82.2241741, 50.2678949], [82.2242909, 50.2677941], [82.2246908, 50.2679833], [82.224574, 50.2680842]]]}}, {"type": "Feature", "properties": {"osm_id": 351094497, "building": "yes", "housenumber": "33", "street": "улица Больничная", "levels": "2", "area_m2": 372.5, "clat": 50.2674415, "clon": 82.2257879}, "geometry": {"type": "Polygon", "coordinates": [[[82.2255942, 50.2675321], [82.2257293, 50.2675903], [82.2259816, 50.2673509], [82.2258465, 50.2672927], [82.2255942, 50.2675321]]]}}, {"type": "Feature", "properties": {"osm_id": 351094499, "building": "yes", "housenumber": "20а", "street": "улица Амбулаторная", "levels": "2", "area_m2": 463.2, "clat": 50.27003518712218, "clon": 82.2259689717021}, "geometry": {"type": "Polygon", "coordinates": [[[82.2258201, 50.2698949], [82.2262247, 50.2700798], [82.2261178, 50.2701755], [82.2257132, 50.2699905], [82.2258201, 50.2698949]]]}}, {"type": "Feature", "properties": {"osm_id": 351094501, "building": "yes", "housenumber": "11а", "street": "улица Амбулаторная", "levels": "1", "area_m2": 1392.3, "clat": 50.271962785619955, "clon": 82.22308991761162}, "geometry": {"type": "Polygon", "coordinates": [[[82.2231643, 50.2717469], [82.2230016, 50.2716721], [82.2226844, 50.271954], [82.2232465, 50.2722124], [82.2235537, 50.2719395], [82.2234193, 50.2718777], [82.2232536, 50.272025], [82.2229885, 50.2719031], [82.2231643, 50.2717469]]]}}, {"type": "Feature", "properties": {"osm_id": 351095153, "building": "yes", "housenumber": "5", "street": "улица Больничная", "levels": "2", "area_m2": 384.8, "clat": 50.27143018368946, "clon": 82.21965024854221}, "geometry": {"type": "Polygon", "coordinates": [[[82.2196391, 50.2715604], [82.2194597, 50.2714767], [82.2196614, 50.2713], [82.2198408, 50.2713836], [82.2196391, 50.2715604]]]}}, {"type": "Feature", "properties": {"osm_id": 351095155, "building": "yes", "housenumber": "7", "street": "улица Больничная", "levels": "2", "area_m2": 379.0, "clat": 50.27109131606383, "clon": 82.2200250521357}, "geometry": {"type": "Polygon", "coordinates": [[[82.2200088, 50.2712227], [82.2198364, 50.2711446], [82.2200413, 50.2709599], [82.2202137, 50.2710381], [82.2200088, 50.2712227]]]}}, {"type": "Feature", "properties": {"osm_id": 426709513, "building": "house", "housenumber": "5а", "street": "улица Куйбышева", "levels": "1", "area_m2": 545.0, "clat": 50.281711740031554, "clon": 82.21376286412365}, "geometry": {"type": "Polygon", "coordinates": [[[82.2137878, 50.2818914], [82.2139755, 50.2818417], [82.2137287, 50.281528], [82.2135544, 50.2815811], [82.2137878, 50.2818914]]]}}, {"type": "Feature", "properties": {"osm_id": 426709932, "building": "yes", "housenumber": "2", "street": "Горноспасательная улица", "levels": "1", "area_m2": 936.0, "clat": 50.27943879873497, "clon": 82.21672899859463}, "geometry": {"type": "Polygon", "coordinates": [[[82.2163251, 50.2795912], [82.2171995, 50.2794078], [82.2171271, 50.2792861], [82.2162581, 50.2794712], [82.2163251, 50.2795912]]]}}, {"type": "Feature", "properties": {"osm_id": 490233656, "building": "school", "housenumber": "8", "street": "улица Калинина", "levels": "2", "area_m2": 1844.5, "clat": 50.281983836291865, "clon": 82.21262096998501}, "geometry": {"type": "Polygon", "coordinates": [[[82.2118593, 50.2819633], [82.2119273, 50.2820573], [82.2126223, 50.2818519], [82.2126404, 50.281877], [82.2128174, 50.2821215], [82.2126045, 50.2821843], [82.212695, 50.2823093], [82.2131125, 50.2821861], [82.2127589, 50.2816975], [82.2118593, 50.2819633]]]}}, {"type": "Feature", "properties": {"osm_id": 544187407, "building": "industrial", "housenumber": null, "street": null, "levels": null, "area_m2": 7560.7, "clat": 50.2806048382712, "clon": 82.21998104166586}, "geometry": {"type": "Polygon", "coordinates": [[[82.219225, 50.2808872], [82.2197258, 50.2809035], [82.2197173, 50.2810107], [82.2201612, 50.2810251], [82.2201734, 50.280871], [82.2207018, 50.2808881], [82.2207472, 50.2803163], [82.2203366, 50.280303], [82.2203403, 50.2802562], [82.2198341, 50.2802398], [82.2198369, 50.2802058], [82.2196951, 50.2802012], [82.2196843, 50.2803379], [82.2194981, 50.2803318], [82.2195026, 50.280275], [82.219372, 50.2802708], [82.2193664, 50.2803413], [82.2192686, 50.2803382], [82.219225, 50.2808872]]]}}, {"type": "Feature", "properties": {"osm_id": 566738771, "building": "yes", "housenumber": "5", "street": "улица Нагорная", "levels": "1", "area_m2": 82.2, "clat": 50.272863900000004, "clon": 82.21028415}, "geometry": {"type": "Polygon", "coordinates": [[[82.2103621, 50.272909], [82.210283, 50.2727967], [82.2102062, 50.2728188], [82.2102853, 50.2729311], [82.2103621, 50.272909]]]}}, {"type": "Feature", "properties": {"osm_id": 566738772, "building": "yes", "housenumber": "7", "street": "улица Нагорная", "levels": "1", "area_m2": 92.8, "clat": 50.27292865409215, "clon": 82.21012373184776}, "geometry": {"type": "Polygon", "coordinates": [[[82.2101019, 50.2729887], [82.2102126, 50.2729526], [82.2101455, 50.2728686], [82.2100349, 50.2729047], [82.2101019, 50.2729887]]]}}, {"type": "Feature", "properties": {"osm_id": 566738773, "building": "yes", "housenumber": "3", "street": "улица Нагорная", "levels": "1", "area_m2": 42.3, "clat": 50.27276685, "clon": 82.2105127}, "geometry": {"type": "Polygon", "coordinates": [[[82.2105069, 50.2728121], [82.2105681, 50.2727953], [82.2105185, 50.2727216], [82.2104573, 50.2727384], [82.2105069, 50.2728121]]]}}, {"type": "Feature", "properties": {"osm_id": 566738774, "building": "yes", "housenumber": "1", "street": "улица Нагорная", "levels": "1", "area_m2": 58.6, "clat": 50.27263058390749, "clon": 82.21081287325437}, "geometry": {"type": "Polygon", "coordinates": [[[82.2107859, 50.2726767], [82.2108892, 50.2726372], [82.2108398, 50.2725845], [82.2107366, 50.2726239], [82.2107859, 50.2726767]]]}}, {"type": "Feature", "properties": {"osm_id": 566738775, "building": "yes", "housenumber": null, "street": null, "levels": "1", "area_m2": 68.0, "clat": 50.27238047901008, "clon": 82.21064075718172}, "geometry": {"type": "Polygon", "coordinates": [[[82.2105606, 50.2723672], [82.2106043, 50.272428], [82.2107209, 50.2723937], [82.2106773, 50.272333], [82.2105606, 50.2723672]]]}}, {"type": "Feature", "properties": {"osm_id": 566738776, "building": "yes", "housenumber": "10", "street": "улица Самарская", "levels": "1", "area_m2": 76.3, "clat": 50.27225189417246, "clon": 82.20898456801383}, "geometry": {"type": "Polygon", "coordinates": [[[82.2089714, 50.272309], [82.2090621, 50.2722814], [82.2089978, 50.2721948], [82.208907, 50.2722224], [82.2089714, 50.272309]]]}}, {"type": "Feature", "properties": {"osm_id": 566738777, "building": "yes", "housenumber": null, "street": "улица Самарская", "levels": "1", "area_m2": 79.8, "clat": 50.272173450000004, "clon": 82.20925204999999}, "geometry": {"type": "Polygon", "coordinates": [[[82.2092369, 50.2722318], [82.2093302, 50.2722051], [82.2092672, 50.2721151], [82.2091739, 50.2721418], [82.2092369, 50.2722318]]]}}, {"type": "Feature", "properties": {"osm_id": 566738779, "building": "yes", "housenumber": "6", "street": "улица Самарская", "levels": "1", "area_m2": 78.6, "clat": 50.272097099999996, "clon": 82.20950905000001}, "geometry": {"type": "Polygon", "coordinates": [[[82.2094904, 50.2721538], [82.2095867, 50.272127], [82.2095277, 50.2720404], [82.2094314, 50.2720672], [82.2094904, 50.2721538]]]}}, {"type": "Feature", "properties": {"osm_id": 566738780, "building": "yes", "housenumber": "4", "street": "улица Самарская", "levels": "1", "area_m2": 79.0, "clat": 50.27193615318369, "clon": 82.20989743152094}, "geometry": {"type": "Polygon", "coordinates": [[[82.2098672, 50.2719892], [82.2099812, 50.2719541], [82.2099276, 50.2718831], [82.2098137, 50.2719182], [82.2098672, 50.2719892]]]}}, {"type": "Feature", "properties": {"osm_id": 566738781, "building": "yes", "housenumber": "1", "street": "улица Самарская", "levels": "1", "area_m2": 69.4, "clat": 50.271446705124625, "clon": 82.21023888134533}, "geometry": {"type": "Polygon", "coordinates": [[[82.2102186, 50.2714989], [82.2103128, 50.2714725], [82.2102591, 50.2713945], [82.210165, 50.2714209], [82.2102186, 50.2714989]]]}}, {"type": "Feature", "properties": {"osm_id": 566738782, "building": "yes", "housenumber": "3", "street": "улица Самарская", "levels": "1", "area_m2": 73.3, "clat": 50.27156085, "clon": 82.20991344999999}, "geometry": {"type": "Polygon", "coordinates": [[[82.2099021, 50.2716181], [82.2099878, 50.2715936], [82.2099248, 50.2715036], [82.2098391, 50.2715281], [82.2099021, 50.2716181]]]}}, {"type": "Feature", "properties": {"osm_id": 566738783, "building": "yes", "housenumber": "5", "street": "улица Самарская", "levels": "1", "area_m2": 78.9, "clat": 50.271668258597316, "clon": 82.20970719771171}, "geometry": {"type": "Polygon", "coordinates": [[[82.2097358, 50.2717518], [82.2097899, 50.2717355], [82.2096785, 50.2715847], [82.2096245, 50.2716009], [82.2097358, 50.2717518]]]}}, {"type": "Feature", "properties": {"osm_id": 566738784, "building": "yes", "housenumber": "7", "street": "улица Самарская", "levels": "1", "area_m2": 59.1, "clat": 50.271732808375084, "clon": 82.20941713325719}, "geometry": {"type": "Polygon", "coordinates": [[[82.2094166, 50.2717878], [82.2094847, 50.2717669], [82.2094176, 50.2716778], [82.2093496, 50.2716987], [82.2094166, 50.2717878]]]}}, {"type": "Feature", "properties": {"osm_id": 566738785, "building": "yes", "housenumber": "41", "street": "улица Крутая", "levels": "1", "area_m2": 77.3, "clat": 50.27292000318173, "clon": 82.21154033366534}, "geometry": {"type": "Polygon", "coordinates": [[[82.2115463, 50.2729775], [82.2116269, 50.2729362], [82.2115343, 50.2728625], [82.2114538, 50.2729038], [82.2115463, 50.2729775]]]}}, {"type": "Feature", "properties": {"osm_id": 566738786, "building": "yes", "housenumber": "43", "street": "улица Крутая", "levels": "1", "area_m2": 72.5, "clat": 50.2725249176463, "clon": 82.21121285488009}, "geometry": {"type": "Polygon", "coordinates": [[[82.2111963, 50.2725781], [82.2112938, 50.2725412], [82.2112294, 50.2724717], [82.2111319, 50.2725087], [82.2111963, 50.2725781]]]}}, {"type": "Feature", "properties": {"osm_id": 566738787, "building": "yes", "housenumber": "45", "street": "улица Крутая", "levels": "1", "area_m2": 88.4, "clat": 50.2722577, "clon": 82.21100595}, "geometry": {"type": "Polygon", "coordinates": [[[82.2109857, 50.2723167], [82.2110919, 50.2722827], [82.2110262, 50.2721987], [82.21092, 50.2722327], [82.2109857, 50.2723167]]]}}, {"type": "Feature", "properties": {"osm_id": 566738788, "building": "yes", "housenumber": "47", "street": "улица Крутая", "levels": "1", "area_m2": 79.3, "clat": 50.270285550000004, "clon": 82.20904135}, "geometry": {"type": "Polygon", "coordinates": [[[82.2090425, 50.270346], [82.2091247, 50.2703142], [82.2090402, 50.2702251], [82.208958, 50.2702569], [82.2090425, 50.270346]]]}}, {"type": "Feature", "properties": {"osm_id": 566738790, "building": "yes", "housenumber": "31", "street": "улица Крутая", "levels": "1", "area_m2": 97.2, "clat": 50.273472, "clon": 82.2124469}, "geometry": {"type": "Polygon", "coordinates": [[[82.2123496, 50.2734841], [82.2124449, 50.2735353], [82.2125442, 50.2734599], [82.2124489, 50.2734087], [82.2123496, 50.2734841]]]}}, {"type": "Feature", "properties": {"osm_id": 566738791, "building": "yes", "housenumber": "33", "street": "улица Крутая", "levels": "1", "area_m2": 93.2, "clat": 50.27332718320048, "clon": 82.21222569619287}, "geometry": {"type": "Polygon", "coordinates": [[[82.2121297, 50.2733238], [82.2122117, 50.273388], [82.2123217, 50.2733305], [82.2122397, 50.2732664], [82.2121297, 50.2733238]]]}}, {"type": "Feature", "properties": {"osm_id": 566738792, "building": "yes", "housenumber": "27", "street": "улица Крутая", "levels": "1", "area_m2": 99.3, "clat": 50.273864401863435, "clon": 82.21331291824406}, "geometry": {"type": "Polygon", "coordinates": [[[82.2132133, 50.2738767], [82.2133612, 50.2739214], [82.2134125, 50.2738521], [82.2132647, 50.2738074], [82.2132133, 50.2738767]]]}}, {"type": "Feature", "properties": {"osm_id": 566738793, "building": "yes", "housenumber": "25", "street": "улица Крутая", "levels": "1", "area_m2": 67.9, "clat": 50.2739891, "clon": 82.2136886}, "geometry": {"type": "Polygon", "coordinates": [[[82.2136156, 50.2740215], [82.2136932, 50.2740458], [82.2137616, 50.2739567], [82.213684, 50.2739324], [82.2136156, 50.2740215]]]}}, {"type": "Feature", "properties": {"osm_id": 566738794, "building": "yes", "housenumber": null, "street": null, "levels": "1", "area_m2": 62.5, "clat": 50.2739197091974, "clon": 82.21354331481322}, "geometry": {"type": "Polygon", "coordinates": [[[82.2134694, 50.2739564], [82.2135314, 50.273979], [82.2136172, 50.273883], [82.2135553, 50.2738604], [82.2134694, 50.2739564]]]}}, {"type": "Feature", "properties": {"osm_id": 566738795, "building": "yes", "housenumber": "23", "street": "улица Крутая", "levels": "1", "area_m2": 87.3, "clat": 50.27375311623935, "clon": 82.21424780287246}, "geometry": {"type": "Polygon", "coordinates": [[[82.2141547, 50.273767], [82.2142376, 50.2738138], [82.2143409, 50.2737393], [82.214258, 50.2736924], [82.2141547, 50.273767]]]}}, {"type": "Feature", "properties": {"osm_id": 566738796, "building": "yes", "housenumber": "21", "street": "улица Крутая", "levels": "1", "area_m2": 58.3, "clat": 50.2739368, "clon": 82.21439785}, "geometry": {"type": "Polygon", "coordinates": [[[82.2143224, 50.2739435], [82.2143988, 50.2739855], [82.2144733, 50.2739301], [82.2143969, 50.2738881], [82.2143224, 50.2739435]]]}}, {"type": "Feature", "properties": {"osm_id": 566738797, "building": "yes", "housenumber": null, "street": null, "levels": "1", "area_m2": 64.3, "clat": 50.27417715, "clon": 82.2147844}, "geometry": {"type": "Polygon", "coordinates": [[[82.2147073, 50.2742007], [82.2147784, 50.2742316], [82.2148615, 50.2741536], [82.2147904, 50.2741227], [82.2147073, 50.2742007]]]}}, {"type": "Feature", "properties": {"osm_id": 566738798, "building": "yes", "housenumber": "19", "street": "улица Крутая", "levels": "1", "area_m2": 86.6, "clat": 50.27406380263027, "clon": 82.21463676645729}, "geometry": {"type": "Polygon", "coordinates": [[[82.214545, 50.2740781], [82.214632, 50.2741241], [82.2147285, 50.2740495], [82.2146416, 50.2740035], [82.214545, 50.2740781]]]}}, {"type": "Feature", "properties": {"osm_id": 566738799, "building": "yes", "housenumber": "17", "street": "улица Крутая", "levels": "1", "area_m2": 87.1, "clat": 50.27420554812742, "clon": 82.21494203286319}, "geometry": {"type": "Polygon", "coordinates": [[[82.2148508, 50.2742161], [82.2149567, 50.2742641], [82.2150333, 50.274195], [82.2149273, 50.274147], [82.2148508, 50.2742161]]]}}, {"type": "Feature", "properties": {"osm_id": 566738801, "building": "yes", "housenumber": null, "street": null, "levels": "1", "area_m2": 72.0, "clat": 50.27438229301695, "clon": 82.21539328419018}, "geometry": {"type": "Polygon", "coordinates": [[[82.2153135, 50.2744141], [82.2153859, 50.2744422], [82.2154731, 50.2743505], [82.2154006, 50.2743224], [82.2153135, 50.2744141]]]}}, {"type": "Feature", "properties": {"osm_id": 566738802, "building": "yes", "housenumber": "15", "street": "улица Крутая", "levels": "1", "area_m2": 92.9, "clat": 50.2744840505266, "clon": 82.21548381696688}, "geometry": {"type": "Polygon", "coordinates": [[[82.2154503, 50.2744252], [82.2153859, 50.2744872], [82.2155174, 50.2745429], [82.2155817, 50.2744809], [82.2154503, 50.2744252]]]}}, {"type": "Feature", "properties": {"osm_id": 566738803, "building": "yes", "housenumber": "13", "street": "улица Крутая", "levels": "1", "area_m2": 77.1, "clat": 50.27459310297633, "clon": 82.21577106818853}, "geometry": {"type": "Polygon", "coordinates": [[[82.2156876, 50.2746095], [82.2157982, 50.2746461], [82.2158545, 50.2745767], [82.215744, 50.2745401], [82.2156876, 50.2746095]]]}}, {"type": "Feature", "properties": {"osm_id": 566738804, "building": "yes", "housenumber": "11", "street": "улица Крутая", "levels": "1", "area_m2": 86.5, "clat": 50.2747685, "clon": 82.21628344999999}, "geometry": {"type": "Polygon", "coordinates": [[[82.2162053, 50.2748101], [82.2162932, 50.2748332], [82.2163616, 50.2747269], [82.2162737, 50.2747038], [82.2162053, 50.2748101]]]}}, {"type": "Feature", "properties": {"osm_id": 566738805, "building": "yes", "housenumber": "9", "street": "улица Крутая", "levels": "1", "area_m2": 60.5, "clat": 50.27483835802022, "clon": 82.21655886906122}, "geometry": {"type": "Polygon", "coordinates": [[[82.2164963, 50.2748735], [82.2165745, 50.2748906], [82.2166214, 50.2748032], [82.2165433, 50.2747861], [82.2164963, 50.2748735]]]}}, {"type": "Feature", "properties": {"osm_id": 566738806, "building": "yes", "housenumber": null, "street": null, "levels": "1", "area_m2": 49.2, "clat": 50.27470625, "clon": 82.21696455}, "geometry": {"type": "Polygon", "coordinates": [[[82.2168946, 50.2747192], [82.2169553, 50.2747524], [82.2170345, 50.2746933], [82.2169738, 50.2746601], [82.2168946, 50.2747192]]]}}, {"type": "Feature", "properties": {"osm_id": 566738807, "building": "yes", "housenumber": null, "street": null, "levels": "1", "area_m2": 93.0, "clat": 50.2746071, "clon": 82.21724525}, "geometry": {"type": "Polygon", "coordinates": [[[82.2171494, 50.2746292], [82.2172311, 50.2746716], [82.2173411, 50.274585], [82.2172594, 50.2745426], [82.2171494, 50.2746292]]]}}, {"type": "Feature", "properties": {"osm_id": 566738808, "building": "yes", "housenumber": null, "street": null, "levels": "1", "area_m2": 59.4, "clat": 50.2747357, "clon": 82.21808399999999}, "geometry": {"type": "Polygon", "coordinates": [[[82.2181083, 50.2747861], [82.2181643, 50.2747479], [82.2180597, 50.2746853], [82.2180037, 50.2747235], [82.2181083, 50.2747861]]]}}, {"type": "Feature", "properties": {"osm_id": 566738809, "building": "yes", "housenumber": "2", "street": "улица Спортивная", "levels": "1", "area_m2": 86.0, "clat": 50.27459365, "clon": 82.21795250000001}, "geometry": {"type": "Polygon", "coordinates": [[[82.2178602, 50.2746121], [82.2179402, 50.2746549], [82.2180448, 50.2745752], [82.2179648, 50.2745324], [82.2178602, 50.2746121]]]}}, {"type": "Feature", "properties": {"osm_id": 566738810, "building": "yes", "housenumber": "8", "street": "улица Спортивная", "levels": "1", "area_m2": 109.3, "clat": 50.27405709979149, "clon": 82.2172010666604}, "geometry": {"type": "Polygon", "coordinates": [[[82.2170971, 50.2740558], [82.2172031, 50.2741235], [82.217305, 50.2740584], [82.2171991, 50.2739907], [82.2170971, 50.2740558]]]}}, {"type": "Feature", "properties": {"osm_id": 566738811, "building": "yes", "housenumber": "6", "street": "улица Спортивная", "levels": "1", "area_m2": 114.3, "clat": 50.27416085, "clon": 82.21735145}, "geometry": {"type": "Polygon", "coordinates": [[[82.2173318, 50.2742315], [82.2174592, 50.2741407], [82.2173711, 50.2740902], [82.2172437, 50.274181], [82.2173318, 50.2742315]]]}}, {"type": "Feature", "properties": {"osm_id": 566738812, "building": "yes", "housenumber": "10", "street": "улица Спортивная", "levels": "1", "area_m2": 103.2, "clat": 50.2738534, "clon": 82.21682675}, "geometry": {"type": "Polygon", "coordinates": [[[82.2168463, 50.2739178], [82.2169292, 50.2738576], [82.2168072, 50.273789], [82.2167243, 50.2738492], [82.2168463, 50.2739178]]]}}, {"type": "Feature", "properties": {"osm_id": 566738813, "building": "yes", "housenumber": "14", "street": "улица Спортивная", "levels": "1", "area_m2": 87.4, "clat": 50.27360474817169, "clon": 82.21643076622362}, "geometry": {"type": "Polygon", "coordinates": [[[82.2163367, 50.2735947], [82.2164454, 50.273665], [82.2165248, 50.2736148], [82.2164162, 50.2735445], [82.2163367, 50.2735947]]]}}, {"type": "Feature", "properties": {"osm_id": 566738816, "building": "yes", "housenumber": "16", "street": "улица Спортивная", "levels": "1", "area_m2": 62.4, "clat": 50.27344858422124, "clon": 82.2161695184011}, "geometry": {"type": "Polygon", "coordinates": [[[82.2160913, 50.2734532], [82.2161745, 50.2734987], [82.2162477, 50.2734439], [82.2161646, 50.2733985], [82.2160913, 50.2734532]]]}}, {"type": "Feature", "properties": {"osm_id": 566738818, "building": "yes", "housenumber": "18", "street": "улица Спортивная", "levels": "1", "area_m2": 92.4, "clat": 50.2733458, "clon": 82.2159947}, "geometry": {"type": "Polygon", "coordinates": [[[82.2160216, 50.2734087], [82.2160939, 50.2733609], [82.2159678, 50.2732829], [82.2158955, 50.2733307], [82.2160216, 50.2734087]]]}}, {"type": "Feature", "properties": {"osm_id": 566738819, "building": "yes", "housenumber": "20", "street": "улица Спортивная", "levels": "1", "area_m2": 61.7, "clat": 50.273237949999995, "clon": 82.21582065}, "geometry": {"type": "Polygon", "coordinates": [[[82.2158191, 50.2732878], [82.2158987, 50.2732387], [82.2158222, 50.2731881], [82.2157426, 50.2732372], [82.2158191, 50.2732878]]]}}, {"type": "Feature", "properties": {"osm_id": 566738820, "building": "yes", "housenumber": "22", "street": "улица Спортивная", "levels": "1", "area_m2": 63.9, "clat": 50.273123016664655, "clon": 82.21562355008203}, "geometry": {"type": "Polygon", "coordinates": [[[82.2156233, 50.2731738], [82.215703, 50.2731211], [82.2156238, 50.2730722], [82.2155441, 50.273125], [82.2156233, 50.2731738]]]}}, {"type": "Feature", "properties": {"osm_id": 566738821, "building": "yes", "housenumber": "24", "street": "улица Спортивная", "levels": "1", "area_m2": 63.8, "clat": 50.27301585, "clon": 82.21547294999999}, "geometry": {"type": "Polygon", "coordinates": [[[82.2154717, 50.2730667], [82.215552, 50.2730216], [82.2154742, 50.272965], [82.2153939, 50.2730101], [82.2154717, 50.2730667]]]}}, {"type": "Feature", "properties": {"osm_id": 566738822, "building": "yes", "housenumber": "26", "street": "улица Спортивная", "levels": "1", "area_m2": 96.4, "clat": 50.272829983459026, "clon": 82.21516720182119}, "geometry": {"type": "Polygon", "coordinates": [[[82.215174, 50.2728927], [82.215265, 50.2728367], [82.2151604, 50.2727673], [82.2150694, 50.2728232], [82.215174, 50.2728927]]]}}, {"type": "Feature", "properties": {"osm_id": 566738823, "building": "yes", "housenumber": "28", "street": "улица Спортивная", "levels": "1", "area_m2": 80.4, "clat": 50.272710967936675, "clon": 82.21493476859627}, "geometry": {"type": "Polygon", "coordinates": [[[82.2148454, 50.2727187], [82.2149276, 50.2727684], [82.2150241, 50.2727033], [82.214942, 50.2726535], [82.2148454, 50.2727187]]]}}, {"type": "Feature", "properties": {"osm_id": 566738824, "building": "yes", "housenumber": "30", "street": "улица Спортивная", "levels": "1", "area_m2": 96.0, "clat": 50.27256988330548, "clon": 82.21471080200952}, "geometry": {"type": "Polygon", "coordinates": [[[82.2146134, 50.2725712], [82.2147183, 50.272632], [82.2148082, 50.2725685], [82.2147033, 50.2725078], [82.2146134, 50.2725712]]]}}, {"type": "Feature", "properties": {"osm_id": 566738825, "building": "yes", "housenumber": "32", "street": "улица Спортивная", "levels": "1", "area_m2": 105.1, "clat": 50.2724165, "clon": 82.21447380000001}, "geometry": {"type": "Polygon", "coordinates": [[[82.214372, 50.2724247], [82.2144696, 50.272482], [82.2145756, 50.2724083], [82.214478, 50.272351], [82.214372, 50.2724247]]]}}, {"type": "Feature", "properties": {"osm_id": 566738826, "building": "yes", "housenumber": "34", "street": "улица Спортивная", "levels": "1", "area_m2": 100.3, "clat": 50.27212146589215, "clon": 82.2139717551643}, "geometry": {"type": "Polygon", "coordinates": [[[82.2138704, 50.2721367], [82.2139524, 50.2721868], [82.2140731, 50.2721063], [82.2139911, 50.2720561], [82.2138704, 50.2721367]]]}}, {"type": "Feature", "properties": {"osm_id": 566738827, "building": "yes", "housenumber": "36", "street": "улица Спортивная", "levels": "1", "area_m2": 72.4, "clat": 50.27201496548988, "clon": 82.21380665753746}, "geometry": {"type": "Polygon", "coordinates": [[[82.2137189, 50.2720287], [82.2137831, 50.2720707], [82.2138944, 50.2720013], [82.2138302, 50.2719592], [82.2137189, 50.2720287]]]}}, {"type": "Feature", "properties": {"osm_id": 566738828, "building": "yes", "housenumber": "38", "street": "улица Спортивная", "levels": "1", "area_m2": 76.2, "clat": 50.27187240053832, "clon": 82.21360881658762}, "geometry": {"type": "Polygon", "coordinates": [[[82.2135217, 50.2718752], [82.2136007, 50.2719279], [82.2136959, 50.2718696], [82.213617, 50.2718169], [82.2135217, 50.2718752]]]}}, {"type": "Feature", "properties": {"osm_id": 566738829, "building": "yes", "housenumber": "40", "street": "улица Спортивная", "levels": "1", "area_m2": 83.0, "clat": 50.271698300000004, "clon": 82.21340070000001}, "geometry": {"type": "Polygon", "coordinates": [[[82.2133099, 50.2717012], [82.2133936, 50.2717562], [82.2134915, 50.2716954], [82.2134078, 50.2716404], [82.2133099, 50.2717012]]]}}, {"type": "Feature", "properties": {"osm_id": 566738830, "building": "yes", "housenumber": "46", "street": "улица Спортивная", "levels": "1", "area_m2": 102.0, "clat": 50.27128415, "clon": 82.2128452}, "geometry": {"type": "Polygon", "coordinates": [[[82.2127412, 50.2712941], [82.2128164, 50.2713488], [82.2129492, 50.2712742], [82.212874, 50.2712195], [82.2127412, 50.2712941]]]}}, {"type": "Feature", "properties": {"osm_id": 566738831, "building": "yes", "housenumber": "48", "street": "улица Спортивная", "levels": "1", "area_m2": 121.5, "clat": 50.27108585, "clon": 82.2125398}, "geometry": {"type": "Polygon", "coordinates": [[[82.2124287, 50.2710935], [82.2125208, 50.2711562], [82.2126509, 50.2710782], [82.2125588, 50.2710155], [82.2124287, 50.2710935]]]}}, {"type": "Feature", "properties": {"osm_id": 566738832, "building": "yes", "housenumber": "7", "street": "улица Спортивная", "levels": "1", "area_m2": 67.3, "clat": 50.2741369, "clon": 82.21798235}, "geometry": {"type": "Polygon", "coordinates": [[[82.2179903, 50.2741895], [82.2180642, 50.2741443], [82.2179744, 50.2740843], [82.2179005, 50.2741295], [82.2179903, 50.2741895]]]}}, {"type": "Feature", "properties": {"osm_id": 566738833, "building": "yes", "housenumber": "3", "street": "улица Спортивная", "levels": "1", "area_m2": 98.3, "clat": 50.27427725, "clon": 82.21826595}, "geometry": {"type": "Polygon", "coordinates": [[[82.2181687, 50.2742881], [82.2182747, 50.2743401], [82.2183632, 50.2742664], [82.2182572, 50.2742144], [82.2181687, 50.2742881]]]}}, {"type": "Feature", "properties": {"osm_id": 566738834, "building": "yes", "housenumber": "9", "street": "улица Спортивная", "levels": "1", "area_m2": 70.6, "clat": 50.27404718293501, "clon": 82.21786328567268}, "geometry": {"type": "Polygon", "coordinates": [[[82.2178709, 50.2741004], [82.2179468, 50.2740454], [82.2178556, 50.273994], [82.2177798, 50.2740489], [82.2178709, 50.2741004]]]}}, {"type": "Feature", "properties": {"osm_id": 566738835, "building": "yes", "housenumber": "11", "street": "улица Спортивная", "levels": "1", "area_m2": 82.2, "clat": 50.2739184, "clon": 82.21767009999999}, "geometry": {"type": "Polygon", "coordinates": [[[82.2176564, 50.2739778], [82.217761, 50.2739032], [82.2176838, 50.273859], [82.2175792, 50.2739336], [82.2176564, 50.2739778]]]}}, {"type": "Feature", "properties": {"osm_id": 566738836, "building": "yes", "housenumber": "13", "street": "улица Спортивная", "levels": "1", "area_m2": 66.5, "clat": 50.27383694029512, "clon": 82.2175695307746}, "geometry": {"type": "Polygon", "coordinates": [[[82.217474, 50.2738715], [82.2175189, 50.2738992], [82.2176651, 50.2738023], [82.2176202, 50.2737747], [82.217474, 50.2738715]]]}}, {"type": "Feature", "properties": {"osm_id": 566738837, "building": "yes", "housenumber": "15", "street": "улица Спортивная", "levels": "1", "area_m2": 98.9, "clat": 50.273667831765636, "clon": 82.217269137481}, "geometry": {"type": "Polygon", "coordinates": [[[82.2171709, 50.2736752], [82.2172862, 50.2737301], [82.2173674, 50.2736604], [82.217252, 50.2736056], [82.2171709, 50.2736752]]]}}, {"type": "Feature", "properties": {"osm_id": 566738838, "building": "yes", "housenumber": "17", "street": "улица Спортивная", "levels": "1", "area_m2": 93.7, "clat": 50.27348695, "clon": 82.2168692}, "geometry": {"type": "Polygon", "coordinates": [[[82.2169456, 50.273557], [82.2169913, 50.2735215], [82.2167928, 50.2734169], [82.2167471, 50.2734524], [82.2169456, 50.273557]]]}}, {"type": "Feature", "properties": {"osm_id": 566738839, "building": "yes", "housenumber": "21", "street": "улица Спортивная", "levels": "1", "area_m2": 48.6, "clat": 50.27331566281869, "clon": 82.21659353664431}, "geometry": {"type": "Polygon", "coordinates": [[[82.2165245, 50.273329], [82.2165861, 50.2733615], [82.2166626, 50.2733024], [82.2166009, 50.2732698], [82.2165245, 50.273329]]]}}, {"type": "Feature", "properties": {"osm_id": 566738840, "building": "yes", "housenumber": "23", "street": "улица Спортивная", "levels": "1", "area_m2": 80.9, "clat": 50.27312090052266, "clon": 82.21626398337308}, "geometry": {"type": "Polygon", "coordinates": [[[82.2162683, 50.2731781], [82.2163535, 50.2731237], [82.2162596, 50.2730637], [82.2161745, 50.2731181], [82.2162683, 50.2731781]]]}}, {"type": "Feature", "properties": {"osm_id": 566738841, "building": "yes", "housenumber": "29", "street": "улица Спортивная", "levels": "1", "area_m2": 56.3, "clat": 50.272800787991464, "clon": 82.21576758985043}, "geometry": {"type": "Polygon", "coordinates": [[[82.2157828, 50.2728507], [82.2158435, 50.272816], [82.2157523, 50.2727509], [82.2156917, 50.2727855], [82.2157828, 50.2728507]]]}}, {"type": "Feature", "properties": {"osm_id": 566738842, "building": "yes", "housenumber": "33", "street": "улица Спортивная", "levels": "1", "area_m2": 42.3, "clat": 50.272596899999996, "clon": 82.21551385}, "geometry": {"type": "Polygon", "coordinates": [[[82.2154476, 50.2726115], [82.2154983, 50.2726406], [82.2155801, 50.2725823], [82.2155294, 50.2725532], [82.2154476, 50.2726115]]]}}, {"type": "Feature", "properties": {"osm_id": 566738843, "building": "yes", "housenumber": "31", "street": "улица Спортивная", "levels": "1", "area_m2": 83.6, "clat": 50.27269275, "clon": 82.2156416}, "geometry": {"type": "Polygon", "coordinates": [[[82.2156635, 50.272753], [82.215735, 50.2727088], [82.2156197, 50.2726325], [82.2155482, 50.2726767], [82.2156635, 50.272753]]]}}, {"type": "Feature", "properties": {"osm_id": 566738844, "building": "yes", "housenumber": "35", "street": "улица Спортивная", "levels": "1", "area_m2": 52.4, "clat": 50.272503147531935, "clon": 82.2153703329466}, "geometry": {"type": "Polygon", "coordinates": [[[82.2153001, 50.2725138], [82.2153775, 50.2725491], [82.2154406, 50.2724925], [82.2153631, 50.2724572], [82.2153001, 50.2725138]]]}}, {"type": "Feature", "properties": {"osm_id": 566738845, "building": "yes", "housenumber": "37", "street": "улица Спортивная", "levels": "1", "area_m2": 69.6, "clat": 50.27238773348732, "clon": 82.21522809632197}, "geometry": {"type": "Polygon", "coordinates": [[[82.2151445, 50.2723912], [82.2152165, 50.2724408], [82.2153117, 50.2723842], [82.2152397, 50.2723347], [82.2151445, 50.2723912]]]}}, {"type": "Feature", "properties": {"osm_id": 566738846, "building": "yes", "housenumber": "43", "street": "улица Спортивная", "levels": "1", "area_m2": 76.1, "clat": 50.272115383325705, "clon": 82.21478514556264}, "geometry": {"type": "Polygon", "coordinates": [[[82.2146979, 50.2721152], [82.2147705, 50.2721704], [82.2148724, 50.2721155], [82.2147998, 50.2720604], [82.2146979, 50.2721152]]]}}, {"type": "Feature", "properties": {"osm_id": 566738847, "building": "yes", "housenumber": "45", "street": "улица Спортивная", "levels": "1", "area_m2": 87.2, "clat": 50.27178445, "clon": 82.21429565}, "geometry": {"type": "Polygon", "coordinates": [[[82.2143103, 50.2718444], [82.2143896, 50.2717931], [82.214281, 50.2717245], [82.2142017, 50.2717758], [82.2143103, 50.2718444]]]}}, {"type": "Feature", "properties": {"osm_id": 566738848, "building": "yes", "housenumber": "59", "street": "улица Спортивная", "levels": "1", "area_m2": 74.6, "clat": 50.27105395, "clon": 82.21321375}, "geometry": {"type": "Polygon", "coordinates": [[[82.2132227, 50.2711089], [82.2133, 50.2710573], [82.2132048, 50.270999], [82.2131275, 50.2710506], [82.2132227, 50.2711089]]]}}, {"type": "Feature", "properties": {"osm_id": 566738850, "building": "yes", "housenumber": "61", "street": "улица Спортивная", "levels": "1", "area_m2": 80.0, "clat": 50.2709635, "clon": 82.21306134999999}, "geometry": {"type": "Polygon", "coordinates": [[[82.2130658, 50.2710215], [82.2131495, 50.2709775], [82.2130569, 50.2709055], [82.2129732, 50.2709495], [82.2130658, 50.2710215]]]}}, {"type": "Feature", "properties": {"osm_id": 566738851, "building": "yes", "housenumber": "63", "street": "улица Спортивная", "levels": "1", "area_m2": 66.8, "clat": 50.27064985, "clon": 82.21269385000001}, "geometry": {"type": "Polygon", "coordinates": [[[82.2126876, 50.2707018], [82.2127739, 50.2706596], [82.2127001, 50.2705979], [82.2126138, 50.2706401], [82.2126876, 50.2707018]]]}}, {"type": "Feature", "properties": {"osm_id": 566738852, "building": "yes", "housenumber": "1", "street": "улица Предгорненская", "levels": "1", "area_m2": 87.9, "clat": 50.27236680196018, "clon": 82.21808281636322}, "geometry": {"type": "Polygon", "coordinates": [[[82.2180922, 50.2723064], [82.2179893, 50.2723776], [82.2180735, 50.2724272], [82.2181763, 50.272356], [82.2180922, 50.2723064]]]}}, {"type": "Feature", "properties": {"osm_id": 566738853, "building": "yes", "housenumber": "2", "street": "улица Предгорненская", "levels": "1", "area_m2": 72.0, "clat": 50.2722254, "clon": 82.2178743}, "geometry": {"type": "Polygon", "coordinates": [[[82.2178683, 50.2722798], [82.2179587, 50.2722172], [82.2178803, 50.272171], [82.2177899, 50.2722336], [82.2178683, 50.2722798]]]}}, {"type": "Feature", "properties": {"osm_id": 566738855, "building": "yes", "housenumber": "3", "street": "улица Предгорненская", "levels": "1", "area_m2": 112.2, "clat": 50.272159420231745, "clon": 82.21772240006635}, "geometry": {"type": "Polygon", "coordinates": [[[82.2176068, 50.2721821], [82.2176718, 50.2722205], [82.2177256, 50.2721832], [82.2177614, 50.2722043], [82.2178363, 50.2721524], [82.2177355, 50.272093], [82.2176068, 50.2721821]]]}}, {"type": "Feature", "properties": {"osm_id": 566738856, "building": "yes", "housenumber": "5", "street": "улица Предгорненская", "levels": "1", "area_m2": 94.3, "clat": 50.2719535, "clon": 82.21745475}, "geometry": {"type": "Polygon", "coordinates": [[[82.2173573, 50.2719601], [82.2174409, 50.2720155], [82.2175522, 50.2719469], [82.2174686, 50.2718915], [82.2173573, 50.2719601]]]}}, {"type": "Feature", "properties": {"osm_id": 566738857, "building": "yes", "housenumber": "11", "street": "улица Предгорненская", "levels": "1", "area_m2": 83.2, "clat": 50.2714157, "clon": 82.21689500000001}, "geometry": {"type": "Polygon", "coordinates": [[[82.2168048, 50.2714235], [82.2168954, 50.2714739], [82.2169852, 50.2714079], [82.2168946, 50.2713575], [82.2168048, 50.2714235]]]}}, {"type": "Feature", "properties": {"osm_id": 566738858, "building": "yes", "housenumber": "12", "street": "улица Предгорненская", "levels": "1", "area_m2": 73.9, "clat": 50.27132095, "clon": 82.21673335}, "geometry": {"type": "Polygon", "coordinates": [[[82.2167431, 50.2713772], [82.2168188, 50.2713358], [82.2167236, 50.2712647], [82.2166479, 50.2713061], [82.2167431, 50.2713772]]]}}, {"type": "Feature", "properties": {"osm_id": 566738859, "building": "yes", "housenumber": "13", "street": "улица Предгорненская", "levels": "1", "area_m2": 127.7, "clat": 50.271159149999995, "clon": 82.2169985}, "geometry": {"type": "Polygon", "coordinates": [[[82.2168826, 50.2711604], [82.2169602, 50.2712291], [82.2171144, 50.2711579], [82.2170368, 50.2710892], [82.2168826, 50.2711604]]]}}, {"type": "Feature", "properties": {"osm_id": 566738861, "building": "yes", "housenumber": "14", "street": "улица Предгорненская", "levels": "1", "area_m2": 81.0, "clat": 50.271169199999996, "clon": 82.21656130000001}, "geometry": {"type": "Polygon", "coordinates": [[[82.2165674, 50.2712289], [82.2166491, 50.27119], [82.2165552, 50.2711095], [82.2164735, 50.2711484], [82.2165674, 50.2712289]]]}}, {"type": "Feature", "properties": {"osm_id": 566738862, "building": "yes", "housenumber": "15", "street": "улица Предгорненская", "levels": "1", "area_m2": 52.8, "clat": 50.2710467, "clon": 82.21633595}, "geometry": {"type": "Polygon", "coordinates": [[[82.2162643, 50.2710412], [82.2163271, 50.2710925], [82.2164076, 50.2710522], [82.2163448, 50.2710009], [82.2162643, 50.2710412]]]}}, {"type": "Feature", "properties": {"osm_id": 566738863, "building": "yes", "housenumber": "24", "street": "улица Предгорненская", "levels": "1", "area_m2": 69.8, "clat": 50.270227218531666, "clon": 82.21583941071214}, "geometry": {"type": "Polygon", "coordinates": [[[82.2158043, 50.2702757], [82.2159201, 50.2702413], [82.2158745, 50.2701787], [82.2157587, 50.2702132], [82.2158043, 50.2702757]]]}}, {"type": "Feature", "properties": {"osm_id": 566738864, "building": "yes", "housenumber": null, "street": null, "levels": "1", "area_m2": 572.7, "clat": 50.277154233337086, "clon": 82.21845564999583}, "geometry": {"type": "Polygon", "coordinates": [[[82.2182746, 50.277317], [82.2184556, 50.277354], [82.2186367, 50.2769914], [82.2184557, 50.2769545], [82.2182746, 50.277317]]]}}, {"type": "Feature", "properties": {"osm_id": 566738867, "building": "yes", "housenumber": null, "street": null, "levels": "2", "area_m2": 214.4, "clat": 50.27795614655182, "clon": 82.21931570390478}, "geometry": {"type": "Polygon", "coordinates": [[[82.2191579, 50.277994], [82.2192529, 50.2780587], [82.21943, 50.2779526], [82.2193987, 50.2779312], [82.2194663, 50.2778907], [82.2194027, 50.2778473], [82.219335, 50.2778878], [82.2191579, 50.277994]]]}}, {"type": "Feature", "properties": {"osm_id": 566738868, "building": "yes", "housenumber": null, "street": null, "levels": "1", "area_m2": 172.3, "clat": 50.27711265, "clon": 82.2194064}, "geometry": {"type": "Polygon", "coordinates": [[[82.2192858, 50.2771456], [82.2194398, 50.2771937], [82.219527, 50.2770797], [82.219373, 50.2770316], [82.2192858, 50.2771456]]]}}, {"type": "Feature", "properties": {"osm_id": 566738872, "building": "yes", "housenumber": null, "street": null, "levels": "1", "area_m2": 136.0, "clat": 50.2757547, "clon": 82.21892735}, "geometry": {"type": "Polygon", "coordinates": [[[82.2188446, 50.2758163], [82.2189618, 50.2758328], [82.2190101, 50.2756931], [82.2188929, 50.2756766], [82.2188446, 50.2758163]]]}}, {"type": "Feature", "properties": {"osm_id": 566738873, "building": "yes", "housenumber": null, "street": null, "levels": "1", "area_m2": 89.3, "clat": 50.27567105, "clon": 82.21980384999999}, "geometry": {"type": "Polygon", "coordinates": [[[82.2197498, 50.2756217], [82.2197211, 50.2756998], [82.2198579, 50.2757204], [82.2198866, 50.2756423], [82.2197498, 50.2756217]]]}}, {"type": "Feature", "properties": {"osm_id": 566738874, "building": "yes", "housenumber": null, "street": null, "levels": "1", "area_m2": 628.6, "clat": 50.27602095, "clon": 82.2200027}, "geometry": {"type": "Polygon", "coordinates": [[[82.2198732, 50.2761771], [82.2201255, 50.2761793], [82.2201322, 50.2758648], [82.2198799, 50.2758626], [82.2198732, 50.2761771]]]}}, {"type": "Feature", "properties": {"osm_id": 566738875, "building": "yes", "housenumber": null, "street": null, "levels": "1", "area_m2": 62.3, "clat": 50.27662203339834, "clon": 82.22024915574572}, "geometry": {"type": "Polygon", "coordinates": [[[82.2202662, 50.2766717], [82.2203287, 50.2766229], [82.2202321, 50.2765724], [82.2201696, 50.2766211], [82.2202662, 50.2766717]]]}}, {"type": "Feature", "properties": {"osm_id": 566738876, "building": "yes", "housenumber": "30", "street": "Березовский переулок", "levels": "1", "area_m2": 127.9, "clat": 50.2765613488215, "clon": 82.22156363265054}, "geometry": {"type": "Polygon", "coordinates": [[[82.2216032, 50.2766297], [82.2216769, 50.276553], [82.221524, 50.276493], [82.2214504, 50.2765697], [82.2216032, 50.2766297]]]}}, {"type": "Feature", "properties": {"osm_id": 566738877, "building": "yes", "housenumber": "28", "street": "Березовский переулок", "levels": "1", "area_m2": 83.5, "clat": 50.27637146666216, "clon": 82.22117774972718}, "geometry": {"type": "Polygon", "coordinates": [[[82.2210869, 50.27637], [82.2211787, 50.2764295], [82.2212686, 50.276373], [82.2211768, 50.2763134], [82.2210869, 50.27637]]]}}, {"type": "Feature", "properties": {"osm_id": 566738878, "building": "yes", "housenumber": "26", "street": "Березовский переулок", "levels": "1", "area_m2": 66.9, "clat": 50.27621544941458, "clon": 82.22089213339744}, "geometry": {"type": "Polygon", "coordinates": [[[82.2208107, 50.2762183], [82.2208864, 50.2762675], [82.2209736, 50.2762126], [82.2208978, 50.2761634], [82.2208107, 50.2762183]]]}}, {"type": "Feature", "properties": {"osm_id": 566738879, "building": "yes", "housenumber": null, "street": null, "levels": "1", "area_m2": 70.3, "clat": 50.27597515, "clon": 82.22030395}, "geometry": {"type": "Polygon", "coordinates": [[[82.2202313, 50.2759431], [82.2202264, 50.276002], [82.2203766, 50.2760072], [82.2203815, 50.2759483], [82.2202313, 50.2759431]]]}}, {"type": "Feature", "properties": {"osm_id": 566738880, "building": "yes", "housenumber": "24", "street": "Березовский переулок", "levels": "1", "area_m2": 116.3, "clat": 50.276066615851775, "clon": 82.22067889249351}, "geometry": {"type": "Polygon", "coordinates": [[[82.2207087, 50.276136], [82.2207899, 50.2760787], [82.2206491, 50.2759972], [82.2205679, 50.2760546], [82.2207087, 50.276136]]]}}, {"type": "Feature", "properties": {"osm_id": 566738881, "building": "yes", "housenumber": "22", "street": "Березовский переулок", "levels": "1", "area_m2": 66.9, "clat": 50.275962382896765, "clon": 82.22127272153882}, "geometry": {"type": "Polygon", "coordinates": [[[82.2212572, 50.2759106], [82.2211903, 50.2759593], [82.2212883, 50.2760142], [82.2213551, 50.2759654], [82.2212572, 50.2759106]]]}}, {"type": "Feature", "properties": {"osm_id": 566738882, "building": "yes", "housenumber": "5", "street": "Березовский переулок", "levels": "1", "area_m2": 73.9, "clat": 50.275570065208115, "clon": 82.22090359032758}, "geometry": {"type": "Polygon", "coordinates": [[[82.220816, 50.2755755], [82.2208825, 50.2756246], [82.2209912, 50.2755647], [82.2209246, 50.2755155], [82.220816, 50.2755755]]]}}, {"type": "Feature", "properties": {"osm_id": 566738884, "building": "yes", "housenumber": "3", "street": "Березовский переулок", "levels": "1", "area_m2": 84.1, "clat": 50.27545475, "clon": 82.2207256}, "geometry": {"type": "Polygon", "coordinates": [[[82.2206296, 50.275464], [82.2206929, 50.2755132], [82.2208216, 50.2754455], [82.2207583, 50.2753963], [82.2206296, 50.275464]]]}}, {"type": "Feature", "properties": {"osm_id": 566738885, "building": "yes", "housenumber": "1", "street": "Березовский переулок", "levels": "1", "area_m2": 90.6, "clat": 50.27525725, "clon": 82.2205145}, "geometry": {"type": "Polygon", "coordinates": [[[82.2205344, 50.2753252], [82.2206086, 50.2752913], [82.2204946, 50.2751893], [82.2204204, 50.2752232], [82.2205344, 50.2753252]]]}}, {"type": "Feature", "properties": {"osm_id": 566738886, "building": "yes", "housenumber": "34", "street": "Березовский переулок", "levels": "1", "area_m2": 98.7, "clat": 50.27665066608966, "clon": 82.22247307878388}, "geometry": {"type": "Polygon", "coordinates": [[[82.2224895, 50.276713], [82.2225718, 50.276646], [82.2224566, 50.2765883], [82.2223744, 50.2766554], [82.2224895, 50.276713]]]}}, {"type": "Feature", "properties": {"osm_id": 566738887, "building": "yes", "housenumber": "16", "street": "Березовский переулок", "levels": "1", "area_m2": 100.2, "clat": 50.275835856913176, "clon": 82.22204647139097}, "geometry": {"type": "Polygon", "coordinates": [[[82.2219707, 50.2758797], [82.2220874, 50.2758957], [82.2221222, 50.275792], [82.2220056, 50.275776], [82.2219707, 50.2758797]]]}}, {"type": "Feature", "properties": {"osm_id": 566738888, "building": "yes", "housenumber": "18", "street": "Березовский переулок", "levels": "1", "area_m2": 77.2, "clat": 50.276032348848226, "clon": 82.22193371612337}, "geometry": {"type": "Polygon", "coordinates": [[[82.22196, 50.276088], [82.2220241, 50.2760384], [82.2219075, 50.2759767], [82.2218433, 50.2760263], [82.22196, 50.276088]]]}}, {"type": "Feature", "properties": {"osm_id": 566738889, "building": "yes", "housenumber": "20", "street": "Березовский переулок", "levels": "1", "area_m2": 93.2, "clat": 50.27603665, "clon": 82.2216796}, "geometry": {"type": "Polygon", "coordinates": [[[82.2215818, 50.2760494], [82.2216607, 50.2760993], [82.2217774, 50.2760239], [82.2216985, 50.275974], [82.2215818, 50.2760494]]]}}, {"type": "Feature", "properties": {"osm_id": 566738891, "building": "yes", "housenumber": null, "street": null, "levels": "1", "area_m2": 50.5, "clat": 50.27638504607878, "clon": 82.222835182328}, "geometry": {"type": "Polygon", "coordinates": [[[82.2227687, 50.2764017], [82.2228467, 50.2764301], [82.2229017, 50.2763684], [82.2228236, 50.27634], [82.2227687, 50.2764017]]]}}, {"type": "Feature", "properties": {"osm_id": 566738892, "building": "yes", "housenumber": null, "street": null, "levels": "1", "area_m2": 67.4, "clat": 50.275675552493176, "clon": 82.22368051772385}, "geometry": {"type": "Polygon", "coordinates": [[[82.2236592, 50.2756252], [82.2236013, 50.2756882], [82.2237019, 50.2757259], [82.2237597, 50.2756629], [82.2236592, 50.2756252]]]}}, {"type": "Feature", "properties": {"osm_id": 566738893, "building": "yes", "housenumber": null, "street": null, "levels": "1", "area_m2": 77.8, "clat": 50.27549995, "clon": 82.22317265}, "geometry": {"type": "Polygon", "coordinates": [[[82.2230852, 50.2755137], [82.2231649, 50.2755573], [82.2232601, 50.2754862], [82.2231804, 50.2754426], [82.2230852, 50.2755137]]]}}, {"type": "Feature", "properties": {"osm_id": 566738894, "building": "yes", "housenumber": null, "street": null, "levels": "1", "area_m2": 64.2, "clat": 50.27544518161831, "clon": 82.22299630456693}, "geometry": {"type": "Polygon", "coordinates": [[[82.2229256, 50.2754717], [82.223012, 50.2754966], [82.223067, 50.2754186], [82.2229806, 50.2753938], [82.2229256, 50.2754717]]]}}, {"type": "Feature", "properties": {"osm_id": 566738895, "building": "yes", "housenumber": "14", "street": "Березовский переулок", "levels": "1", "area_m2": 76.6, "clat": 50.27546125, "clon": 82.2225027}, "geometry": {"type": "Polygon", "coordinates": [[[82.2224227, 50.2754863], [82.2225157, 50.2755176], [82.2225827, 50.2754362], [82.2224897, 50.2754049], [82.2224227, 50.2754863]]]}}, {"type": "Feature", "properties": {"osm_id": 566738896, "building": "yes", "housenumber": "12", "street": "Березовский переулок", "levels": "1", "area_m2": 85.5, "clat": 50.27531455583534, "clon": 82.22244871697131}, "geometry": {"type": "Polygon", "coordinates": [[[82.2223636, 50.2753449], [82.222452, 50.2753768], [82.2225338, 50.2752842], [82.2224455, 50.2752523], [82.2223636, 50.2753449]]]}}, {"type": "Feature", "properties": {"osm_id": 566738898, "building": "yes", "housenumber": "10", "street": "Березовский переулок", "levels": "1", "area_m2": 48.7, "clat": 50.27533556230322, "clon": 82.22176542903959}, "geometry": {"type": "Polygon", "coordinates": [[[82.2217025, 50.2753578], [82.2217747, 50.2753811], [82.2218284, 50.2753134], [82.2217561, 50.27529], [82.2217025, 50.2753578]]]}}, {"type": "Feature", "properties": {"osm_id": 566738899, "building": "yes", "housenumber": "6", "street": "Березовский переулок", "levels": "1", "area_m2": 48.6, "clat": 50.2754975, "clon": 82.2211896}, "geometry": {"type": "Polygon", "coordinates": [[[82.221217, 50.2755463], [82.2212641, 50.2755181], [82.2211622, 50.2754487], [82.2211151, 50.2754769], [82.221217, 50.2755463]]]}}, {"type": "Feature", "properties": {"osm_id": 566738900, "building": "yes", "housenumber": "4", "street": "Березовский переулок", "levels": "1", "area_m2": 64.6, "clat": 50.275322450000004, "clon": 82.22100265}, "geometry": {"type": "Polygon", "coordinates": [[[82.2209166, 50.275332], [82.220968, 50.2753737], [82.2210887, 50.2753129], [82.2210373, 50.2752712], [82.2209166, 50.275332]]]}}, {"type": "Feature", "properties": {"osm_id": 566738901, "building": "yes", "housenumber": "2", "street": "Березовский переулок", "levels": "1", "area_m2": 140.5, "clat": 50.275122950000004, "clon": 82.2206781}, "geometry": {"type": "Polygon", "coordinates": [[[82.2206685, 50.2751983], [82.2207937, 50.2751393], [82.2206877, 50.2750476], [82.2205625, 50.2751066], [82.2206685, 50.2751983]]]}}, {"type": "Feature", "properties": {"osm_id": 566738902, "building": "yes", "housenumber": "2", "street": "улица Амбулаторная", "levels": "1", "area_m2": 179.4, "clat": 50.27348976625151, "clon": 82.22182125136767}, "geometry": {"type": "Polygon", "coordinates": [[[82.2216931, 50.2735287], [82.221814, 50.2735803], [82.2219494, 50.2734509], [82.2218285, 50.2733992], [82.2216931, 50.2735287]]]}}, {"type": "Feature", "properties": {"osm_id": 566738903, "building": "yes", "housenumber": "4", "street": "улица Амбулаторная", "levels": "1", "area_m2": 141.0, "clat": 50.273253221297175, "clon": 82.22208541835113}, "geometry": {"type": "Polygon", "coordinates": [[[82.2219707, 50.2732887], [82.2220741, 50.2733343], [82.2222001, 50.2732178], [82.2220968, 50.2731721], [82.2219707, 50.2732887]]]}}, {"type": "Feature", "properties": {"osm_id": 566738907, "building": "yes", "housenumber": null, "street": null, "levels": "1", "area_m2": 71.4, "clat": 50.26755935, "clon": 82.22004414999999}, "geometry": {"type": "Polygon", "coordinates": [[[82.2200449, 50.2676132], [82.2201279, 50.2675655], [82.2200434, 50.2675055], [82.2199604, 50.2675532], [82.2200449, 50.2676132]]]}}, {"type": "Feature", "properties": {"osm_id": 566738908, "building": "yes", "housenumber": null, "street": null, "levels": "1", "area_m2": 85.7, "clat": 50.26767170643496, "clon": 82.22140361723626}, "geometry": {"type": "Polygon", "coordinates": [[[82.2213203, 50.267705], [82.2214092, 50.2677344], [82.2214869, 50.2676384], [82.2213981, 50.267609], [82.2213203, 50.267705]]]}}, {"type": "Feature", "properties": {"osm_id": 566738909, "building": "yes", "housenumber": null, "street": null, "levels": "1", "area_m2": 64.8, "clat": 50.267825917310226, "clon": 82.22093929398329}, "geometry": {"type": "Polygon", "coordinates": [[[82.2208603, 50.2678344], [82.220958, 50.2678757], [82.2210183, 50.2678175], [82.2209206, 50.2677761], [82.2208603, 50.2678344]]]}}, {"type": "Feature", "properties": {"osm_id": 566738912, "building": "yes", "housenumber": "7", "street": "улица Школьная", "levels": "2", "area_m2": 360.3, "clat": 50.27387949654234, "clon": 82.22430908320564}, "geometry": {"type": "Polygon", "coordinates": [[[82.2243136, 50.2740027], [82.2244923, 50.2738412], [82.2243045, 50.2737563], [82.2241259, 50.2739178], [82.2243136, 50.2740027]]]}}, {"type": "Feature", "properties": {"osm_id": 566738914, "building": "yes", "housenumber": "1", "street": "улица Школьная", "levels": "1", "area_m2": 120.8, "clat": 50.274769124556364, "clon": 82.22348126449066}, "geometry": {"type": "Polygon", "coordinates": [[[82.2233856, 50.2748092], [82.2234992, 50.2748413], [82.2235769, 50.2747291], [82.2234634, 50.2746969], [82.2233856, 50.2748092]]]}}, {"type": "Feature", "properties": {"osm_id": 566738915, "building": "yes", "housenumber": "5", "street": "улица Школьная", "levels": "1", "area_m2": 148.6, "clat": 50.27425095, "clon": 82.2238798}, "geometry": {"type": "Polygon", "coordinates": [[[82.2237758, 50.2742992], [82.2238993, 50.2743321], [82.2239838, 50.2742027], [82.2238603, 50.2741698], [82.2237758, 50.2742992]]]}}, {"type": "Feature", "properties": {"osm_id": 566738916, "building": "yes", "housenumber": "3", "street": "улица Школьная", "levels": "1", "area_m2": 148.0, "clat": 50.27451610697843, "clon": 82.22367376814798}, "geometry": {"type": "Polygon", "coordinates": [[[82.2235693, 50.2745641], [82.2236911, 50.2745976], [82.2237782, 50.2744681], [82.2236565, 50.2744346], [82.2235693, 50.2745641]]]}}, {"type": "Feature", "properties": {"osm_id": 566738918, "building": "yes", "housenumber": "1", "street": "улица Амбулаторная", "levels": "1", "area_m2": 125.8, "clat": 50.27404449664089, "clon": 82.22252317600261}, "geometry": {"type": "Polygon", "coordinates": [[[82.222428, 50.2740009], [82.2224212, 50.2740812], [82.2226183, 50.2740881], [82.2226252, 50.2740078], [82.222428, 50.2740009]]]}}, {"type": "Feature", "properties": {"osm_id": 566738919, "building": "yes", "housenumber": "1а", "street": "улица Амбулаторная", "levels": "1", "area_m2": 398.4, "clat": 50.27405877119066, "clon": 82.22176157722826}, "geometry": {"type": "Polygon", "coordinates": [[[82.2216824, 50.2739444], [82.221647, 50.273975], [82.2216056, 50.2739554], [82.2215394, 50.2740128], [82.2215808, 50.2740323], [82.2215638, 50.274047], [82.2218253, 50.2741704], [82.2218803, 50.2741228], [82.221951, 50.2741562], [82.2220057, 50.2741088], [82.221935, 50.2740755], [82.2219439, 50.2740678], [82.2216824, 50.2739444]]]}}, {"type": "Feature", "properties": {"osm_id": 566738922, "building": "yes", "housenumber": "13", "street": "улица Ленина", "levels": "1", "area_m2": 324.6, "clat": 50.27042914159963, "clon": 82.22363758706993}, "geometry": {"type": "Polygon", "coordinates": [[[82.2235773, 50.2705646], [82.2238228, 50.2703529], [82.2236978, 50.2702937], [82.2234524, 50.2705054], [82.2235773, 50.2705646]]]}}, {"type": "Feature", "properties": {"osm_id": 566738923, "building": "yes", "housenumber": "15", "street": "улица Ленина", "levels": "1", "area_m2": 337.2, "clat": 50.2700853, "clon": 82.22403215}, "geometry": {"type": "Polygon", "coordinates": [[[82.2239837, 50.2702183], [82.2242171, 50.2700169], [82.2240806, 50.2699523], [82.2238472, 50.2701537], [82.2239837, 50.2702183]]]}}, {"type": "Feature", "properties": {"osm_id": 566738926, "building": "yes", "housenumber": "17", "street": "улица Ленина", "levels": "1", "area_m2": 317.6, "clat": 50.269785049999996, "clon": 82.2244496}, "geometry": {"type": "Polygon", "coordinates": [[[82.2242761, 50.2698257], [82.2244394, 50.269903], [82.2246231, 50.2697444], [82.2244598, 50.2696671], [82.2242761, 50.2698257]]]}}, {"type": "Feature", "properties": {"osm_id": 566738927, "building": "yes", "housenumber": "19", "street": "улица Ленина", "levels": "1", "area_m2": 163.9, "clat": 50.2698816172651, "clon": 82.22481745435819}, "geometry": {"type": "Polygon", "coordinates": [[[82.2247589, 50.2698051], [82.2246843, 50.2698844], [82.2248761, 50.2699581], [82.2249506, 50.2698789], [82.2247589, 50.2698051]]]}}, {"type": "Feature", "properties": {"osm_id": 566738929, "building": "yes", "housenumber": "22", "street": "улица Амбулаторная", "levels": "1", "area_m2": 147.3, "clat": 50.27002168506792, "clon": 82.22512999727553}, "geometry": {"type": "Polygon", "coordinates": [[[82.2250003, 50.2700143], [82.2251867, 50.2700966], [82.2252597, 50.270029], [82.2250732, 50.2699468], [82.2250003, 50.2700143]]]}}, {"type": "Feature", "properties": {"osm_id": 566738931, "building": "yes", "housenumber": "20", "street": "улица Амбулаторная", "levels": "1", "area_m2": 175.3, "clat": 50.27026078402396, "clon": 82.22547919798481}, "geometry": {"type": "Polygon", "coordinates": [[[82.225353, 50.270304], [82.2254686, 50.2703521], [82.2256054, 50.2702175], [82.2254898, 50.2701695], [82.225353, 50.270304]]]}}, {"type": "Feature", "properties": {"osm_id": 566738932, "building": "yes", "housenumber": "18", "street": "улица Амбулаторная", "levels": "1", "area_m2": 156.6, "clat": 50.27047805, "clon": 82.2252225}, "geometry": {"type": "Polygon", "coordinates": [[[82.2251022, 50.2705166], [82.2252114, 50.2705638], [82.2253428, 50.2704395], [82.2252336, 50.2703923], [82.2251022, 50.2705166]]]}}, {"type": "Feature", "properties": {"osm_id": 566738934, "building": "yes", "housenumber": "16", "street": "улица Амбулаторная", "levels": "1", "area_m2": 173.0, "clat": 50.27069626609576, "clon": 82.2249868018074}, "geometry": {"type": "Polygon", "coordinates": [[[82.2248608, 50.2707361], [82.2249774, 50.2707859], [82.2251128, 50.2706565], [82.2249962, 50.2706066], [82.2248608, 50.2707361]]]}}, {"type": "Feature", "properties": {"osm_id": 566738936, "building": "yes", "housenumber": "11", "street": "улица Ленина", "levels": "1", "area_m2": 327.8, "clat": 50.27071131325188, "clon": 82.22395823043585}, "geometry": {"type": "Polygon", "coordinates": [[[82.2241688, 50.2707481], [82.2238429, 50.2705929], [82.2237477, 50.2706746], [82.2240736, 50.2708297], [82.2241688, 50.2707481]]]}}, {"type": "Feature", "properties": {"osm_id": 566738938, "building": "yes", "housenumber": "14", "street": "улица Амбулаторная", "levels": "1", "area_m2": 334.4, "clat": 50.2709384533846, "clon": 82.22445618657886}, "geometry": {"type": "Polygon", "coordinates": [[[82.2246677, 50.2709744], [82.2243418, 50.2708192], [82.2242447, 50.2709025], [82.2245705, 50.2710577], [82.2246677, 50.2709744]]]}}, {"type": "Feature", "properties": {"osm_id": 566738940, "building": "yes", "housenumber": "11", "street": "улица Амбулаторная", "levels": "1", "area_m2": 307.0, "clat": 50.27164309154184, "clon": 82.22442208738008}, "geometry": {"type": "Polygon", "coordinates": [[[82.2242399, 50.2717175], [82.2243588, 50.2717753], [82.2246043, 50.2715687], [82.2244853, 50.2715109], [82.2242399, 50.2717175]]]}}, {"type": "Feature", "properties": {"osm_id": 566738941, "building": "yes", "housenumber": "9", "street": "улица Амбулаторная", "levels": "1", "area_m2": 316.5, "clat": 50.27196480719559, "clon": 82.22404161330707}, "geometry": {"type": "Polygon", "coordinates": [[[82.2242264, 50.2718984], [82.2241023, 50.2718349], [82.2238568, 50.2720312], [82.223981, 50.2720947], [82.2242264, 50.2718984]]]}}, {"type": "Feature", "properties": {"osm_id": 566738943, "building": "yes", "housenumber": "12", "street": "улица Школьная", "levels": "1", "area_m2": 104.8, "clat": 50.27232237112523, "clon": 82.22364921794663}, "geometry": {"type": "Polygon", "coordinates": [[[82.2235505, 50.272351], [82.223642, 50.2723915], [82.2237479, 50.2722938], [82.2236565, 50.2722532], [82.2235505, 50.272351]]]}}, {"type": "Feature", "properties": {"osm_id": 566738944, "building": "yes", "housenumber": "10", "street": "улица Школьная", "levels": "1", "area_m2": 164.1, "clat": 50.27258755, "clon": 82.2241536}, "geometry": {"type": "Polygon", "coordinates": [[[82.2240186, 50.2725824], [82.224209, 50.2726664], [82.2242886, 50.2725927], [82.2240982, 50.2725087], [82.2240186, 50.2725824]]]}}, {"type": "Feature", "properties": {"osm_id": 566738945, "building": "yes", "housenumber": "8", "street": "улица Школьная", "levels": "1", "area_m2": 170.0, "clat": 50.272788037781694, "clon": 82.2247406138489}, "geometry": {"type": "Polygon", "coordinates": [[[82.2246127, 50.2728172], [82.2247291, 50.2728746], [82.2248685, 50.2727588], [82.2247522, 50.2727015], [82.2246127, 50.2728172]]]}}, {"type": "Feature", "properties": {"osm_id": 566738946, "building": "yes", "housenumber": "6", "street": "улица Школьная", "levels": "2", "area_m2": 315.9, "clat": 50.273081250000004, "clon": 82.22438695}, "geometry": {"type": "Polygon", "coordinates": [[[82.2242144, 50.273119], [82.2243825, 50.2731978], [82.2245595, 50.2730435], [82.2243914, 50.2729647], [82.2242144, 50.273119]]]}}, {"type": "Feature", "properties": {"osm_id": 566738947, "building": "yes", "housenumber": "4", "street": "улица Школьная", "levels": "2", "area_m2": 341.0, "clat": 50.273446283391785, "clon": 82.22396264968614}, "geometry": {"type": "Polygon", "coordinates": [[[82.2237825, 50.2734798], [82.2239604, 50.2735662], [82.2241428, 50.2734127], [82.2239649, 50.2733264], [82.2237825, 50.2734798]]]}}, {"type": "Feature", "properties": {"osm_id": 566738948, "building": "yes", "housenumber": "7", "street": "улица Амбулаторная", "levels": "2", "area_m2": 298.1, "clat": 50.27265879714109, "clon": 82.22334453324343}, "geometry": {"type": "Polygon", "coordinates": [[[82.223348, 50.2727701], [82.2235127, 50.2726298], [82.223341, 50.2725475], [82.2231764, 50.2726878], [82.223348, 50.2727701]]]}}, {"type": "Feature", "properties": {"osm_id": 566738949, "building": "yes", "housenumber": "5", "street": "улица Амбулаторная", "levels": "2", "area_m2": 277.7, "clat": 50.27307038587181, "clon": 82.22283049313647}, "geometry": {"type": "Polygon", "coordinates": [[[82.2227874, 50.273191], [82.222998, 50.2730084], [82.2228736, 50.2729498], [82.222663, 50.2731323], [82.2227874, 50.273191]]]}}, {"type": "Feature", "properties": {"osm_id": 566738950, "building": "yes", "housenumber": "6", "street": "улица Амбулаторная", "levels": "1", "area_m2": 146.4, "clat": 50.2730108, "clon": 82.2223544}, "geometry": {"type": "Polygon", "coordinates": [[[82.2222362, 50.2730418], [82.2223425, 50.2730921], [82.2224726, 50.2729798], [82.2223663, 50.2729295], [82.2222362, 50.2730418]]]}}, {"type": "Feature", "properties": {"osm_id": 566738951, "building": "yes", "housenumber": "8", "street": "улица Амбулаторная", "levels": "1", "area_m2": 133.6, "clat": 50.2727759, "clon": 82.22263065}, "geometry": {"type": "Polygon", "coordinates": [[[82.2225165, 50.2728018], [82.2226174, 50.2728528], [82.2227448, 50.27275], [82.2226439, 50.272699], [82.2225165, 50.2728018]]]}}, {"type": "Feature", "properties": {"osm_id": 566738952, "building": "yes", "housenumber": "3", "street": "улица Ленина", "levels": "1", "area_m2": 377.9, "clat": 50.27250295, "clon": 82.22130320000001}, "geometry": {"type": "Polygon", "coordinates": [[[82.2210762, 50.2726081], [82.2211815, 50.2726644], [82.2215302, 50.2723978], [82.2214249, 50.2723415], [82.2210762, 50.2726081]]]}}, {"type": "Feature", "properties": {"osm_id": 566738953, "building": "yes", "housenumber": "1а", "street": "улица Ленина", "levels": "1", "area_m2": 159.2, "clat": 50.27286284316819, "clon": 82.22085958620337}, "geometry": {"type": "Polygon", "coordinates": [[[82.2207302, 50.2729081], [82.2208213, 50.2729539], [82.220989, 50.2728176], [82.2208978, 50.2727718], [82.2207302, 50.2729081]]]}}, {"type": "Feature", "properties": {"osm_id": 566738955, "building": "yes", "housenumber": "8", "street": "улица Ленина", "levels": "1", "area_m2": 403.5, "clat": 50.2722848, "clon": 82.2208076}, "geometry": {"type": "Polygon", "coordinates": [[[82.2205974, 50.2723861], [82.2207268, 50.2724449], [82.2210178, 50.2721835], [82.2208884, 50.2721247], [82.2205974, 50.2723861]]]}}, {"type": "Feature", "properties": {"osm_id": 566738956, "building": "yes", "housenumber": "10", "street": "улица Ленина", "levels": "1", "area_m2": 167.7, "clat": 50.2718657, "clon": 82.22128985}, "geometry": {"type": "Polygon", "coordinates": [[[82.221162, 50.2718958], [82.2212742, 50.2719522], [82.2214177, 50.2718356], [82.2213055, 50.2717792], [82.221162, 50.2718958]]]}}, {"type": "Feature", "properties": {"osm_id": 566738957, "building": "yes", "housenumber": "12", "street": "улица Ленина", "levels": "1", "area_m2": 562.1, "clat": 50.27160487075204, "clon": 82.22093117269111}, "geometry": {"type": "Polygon", "coordinates": [[[82.2208469, 50.2717809], [82.2211781, 50.2715101], [82.2210155, 50.2714288], [82.2206842, 50.2716997], [82.2208469, 50.2717809]]]}}, {"type": "Feature", "properties": {"osm_id": 566738959, "building": "yes", "housenumber": "1", "street": "улица Больничная", "levels": "1", "area_m2": 322.4, "clat": 50.272125692238355, "clon": 82.21880680942434}, "geometry": {"type": "Polygon", "coordinates": [[[82.21863, 50.2721915], [82.2187704, 50.2722544], [82.2189836, 50.2720598], [82.2188433, 50.271997], [82.21863, 50.2721915]]]}}, {"type": "Feature", "properties": {"osm_id": 566738960, "building": "yes", "housenumber": "3", "street": "улица Больничная", "levels": "2", "area_m2": 373.1, "clat": 50.271774746245804, "clon": 82.2192487831976}, "geometry": {"type": "Polygon", "coordinates": [[[82.2190632, 50.2718169], [82.2192533, 50.2719006], [82.2194344, 50.2717326], [82.2192442, 50.2716489], [82.2190632, 50.2718169]]]}}, {"type": "Feature", "properties": {"osm_id": 566738961, "building": "yes", "housenumber": "16", "street": "улица Ленина", "levels": "1", "area_m2": 339.2, "clat": 50.271042952801125, "clon": 82.2208710363926}, "geometry": {"type": "Polygon", "coordinates": [[[82.2207436, 50.2709263], [82.2206538, 50.2710121], [82.2209984, 50.2711596], [82.2210883, 50.2710738], [82.2207436, 50.2709263]]]}}, {"type": "Feature", "properties": {"osm_id": 566738962, "building": "yes", "housenumber": "6", "street": "улица Больничная", "levels": "1", "area_m2": 143.2, "clat": 50.2702247, "clon": 82.22040305}, "geometry": {"type": "Polygon", "coordinates": [[[82.2202863, 50.2702595], [82.2203884, 50.2703065], [82.2205198, 50.2701899], [82.2204177, 50.2701429], [82.2202863, 50.2702595]]]}}, {"type": "Feature", "properties": {"osm_id": 566738963, "building": "yes", "housenumber": "9", "street": "улица Больничная", "levels": "1", "area_m2": 154.3, "clat": 50.270714015782154, "clon": 82.22040180240622}, "geometry": {"type": "Polygon", "coordinates": [[[82.2202836, 50.2707575], [82.2203899, 50.2708008], [82.22052, 50.2706706], [82.2204137, 50.2706272], [82.2202836, 50.2707575]]]}}, {"type": "Feature", "properties": {"osm_id": 566738964, "building": "yes", "housenumber": "11", "street": "улица Больничная", "levels": "1", "area_m2": 181.1, "clat": 50.27048491592645, "clon": 82.22065665222756}, "geometry": {"type": "Polygon", "coordinates": [[[82.2205277, 50.2705278], [82.2206448, 50.2705775], [82.2207856, 50.2704421], [82.2206685, 50.2703923], [82.2205277, 50.2705278]]]}}, {"type": "Feature", "properties": {"osm_id": 566738967, "building": "yes", "housenumber": "13", "street": "улица Больничная", "levels": "1", "area_m2": 172.7, "clat": 50.27026305, "clon": 82.2209089}, "geometry": {"type": "Polygon", "coordinates": [[[82.2207798, 50.27031], [82.2208838, 50.2703566], [82.221038, 50.2702161], [82.220934, 50.2701695], [82.2207798, 50.27031]]]}}, {"type": "Feature", "properties": {"osm_id": 566738968, "building": "yes", "housenumber": "15", "street": "улица Больничная", "levels": "1", "area_m2": 155.8, "clat": 50.27002883395469, "clon": 82.22117224768326}, "geometry": {"type": "Polygon", "coordinates": [[[82.2210507, 50.2700614], [82.221161, 50.2701128], [82.2212938, 50.2699962], [82.2211835, 50.2699449], [82.2210507, 50.2700614]]]}}, {"type": "Feature", "properties": {"osm_id": 566738970, "building": "yes", "housenumber": "17", "street": "улица Больничная", "levels": "1", "area_m2": 141.5, "clat": 50.269807699999994, "clon": 82.22142550000001}, "geometry": {"type": "Polygon", "coordinates": [[[82.2213095, 50.2698403], [82.2214127, 50.2698883], [82.2215415, 50.2697751], [82.2214383, 50.2697271], [82.2213095, 50.2698403]]]}}, {"type": "Feature", "properties": {"osm_id": 566738972, "building": "yes", "housenumber": "19", "street": "улица Больничная", "levels": "1", "area_m2": 150.4, "clat": 50.2695749, "clon": 82.22168355}, "geometry": {"type": "Polygon", "coordinates": [[[82.2215657, 50.2696114], [82.221674, 50.2696584], [82.2218014, 50.2695384], [82.2216931, 50.2694914], [82.2215657, 50.2696114]]]}}, {"type": "Feature", "properties": {"osm_id": 566738974, "building": "yes", "housenumber": "21", "street": "улица Больничная", "levels": "1", "area_m2": 168.8, "clat": 50.2693406, "clon": 82.22195205}, "geometry": {"type": "Polygon", "coordinates": [[[82.2218259, 50.2693843], [82.2219334, 50.2694315], [82.2220782, 50.2692969], [82.2219707, 50.2692497], [82.2218259, 50.2693843]]]}}, {"type": "Feature", "properties": {"osm_id": 566738976, "building": "yes", "housenumber": "23", "street": "улица Больничная", "levels": "1", "area_m2": 168.0, "clat": 50.26911565, "clon": 82.2222153}, "geometry": {"type": "Polygon", "coordinates": [[[82.2222, 50.2692017], [82.2223435, 50.2690877], [82.2222306, 50.2690296], [82.2220871, 50.2691436], [82.2222, 50.2692017]]]}}, {"type": "Feature", "properties": {"osm_id": 566738979, "building": "yes", "housenumber": "25", "street": "улица Больничная", "levels": "1", "area_m2": 158.7, "clat": 50.2688841046823, "clon": 82.22247726568959}, "geometry": {"type": "Polygon", "coordinates": [[[82.2223529, 50.2689171], [82.2224595, 50.2689694], [82.2226016, 50.2688511], [82.2224951, 50.2687988], [82.2223529, 50.2689171]]]}}, {"type": "Feature", "properties": {"osm_id": 566738989, "building": "yes", "housenumber": "14", "street": "улица Больничная", "levels": "1", "area_m2": 99.8, "clat": 50.26808095, "clon": 82.22281955}, "geometry": {"type": "Polygon", "coordinates": [[[82.2227298, 50.2681224], [82.2228181, 50.2681518], [82.2229093, 50.2680395], [82.222821, 50.2680101], [82.2227298, 50.2681224]]]}}, {"type": "Feature", "properties": {"osm_id": 566738991, "building": "yes", "housenumber": null, "street": null, "levels": "1", "area_m2": 93.9, "clat": 50.2685671, "clon": 82.22282305}, "geometry": {"type": "Polygon", "coordinates": [[[82.2227284, 50.2685785], [82.2228399, 50.2686277], [82.2229177, 50.2685557], [82.2228062, 50.2685065], [82.2227284, 50.2685785]]]}}, {"type": "Feature", "properties": {"osm_id": 566738993, "building": "yes", "housenumber": null, "street": null, "levels": "1", "area_m2": 119.3, "clat": 50.26868975, "clon": 82.22308}, "geometry": {"type": "Polygon", "coordinates": [[[82.2229725, 50.2687002], [82.2231057, 50.2687573], [82.2231875, 50.2686793], [82.2230543, 50.2686222], [82.2229725, 50.2687002]]]}}, {"type": "Feature", "properties": {"osm_id": 566738996, "building": "yes", "housenumber": null, "street": null, "levels": "1", "area_m2": 152.3, "clat": 50.26864239783807, "clon": 82.22341876495699}, "geometry": {"type": "Polygon", "coordinates": [[[82.2234808, 50.2687208], [82.2235539, 50.2686583], [82.2233568, 50.268564], [82.2232836, 50.2686265], [82.2234808, 50.2687208]]]}}, {"type": "Feature", "properties": {"osm_id": 566738999, "building": "yes", "housenumber": null, "street": null, "levels": "1", "area_m2": 242.2, "clat": 50.268928, "clon": 82.22350355}, "geometry": {"type": "Polygon", "coordinates": [[[82.2235975, 50.2690294], [82.2236819, 50.2689578], [82.2234096, 50.2688266], [82.2233252, 50.2688982], [82.2235975, 50.2690294]]]}}, {"type": "Feature", "properties": {"osm_id": 566739001, "building": "yes", "housenumber": "22", "street": "улица Ленина", "levels": "1", "area_m2": 300.3, "clat": 50.26913865, "clon": 82.2232037}, "geometry": {"type": "Polygon", "coordinates": [[[82.222998, 50.2691014], [82.2233225, 50.2692523], [82.2234094, 50.2691759], [82.2230849, 50.269025], [82.222998, 50.2691014]]]}}, {"type": "Feature", "properties": {"osm_id": 566739003, "building": "yes", "housenumber": "20", "street": "улица Ленина", "levels": "1", "area_m2": 343.4, "clat": 50.269572407503034, "clon": 82.22387641323444}, "geometry": {"type": "Polygon", "coordinates": [[[82.2236846, 50.269644], [82.2238141, 50.2697087], [82.2240682, 50.2695008], [82.2239388, 50.2694361], [82.2236846, 50.269644]]]}}, {"type": "Feature", "properties": {"osm_id": 566739007, "building": "yes", "housenumber": "16", "street": "улица Больничная", "levels": "1", "area_m2": 297.7, "clat": 50.26777564089016, "clon": 82.22302788454537}, "geometry": {"type": "Polygon", "coordinates": [[[82.2228706, 50.2678558], [82.2230108, 50.2679038], [82.2231852, 50.2676955], [82.2230449, 50.2676475], [82.2228706, 50.2678558]]]}}, {"type": "Feature", "properties": {"osm_id": 566739009, "building": "yes", "housenumber": "18", "street": "улица Больничная", "levels": "1", "area_m2": 302.8, "clat": 50.26737332641157, "clon": 82.22323266793649}, "geometry": {"type": "Polygon", "coordinates": [[[82.2230771, 50.2674718], [82.2232072, 50.2675123], [82.2233882, 50.2672749], [82.2232582, 50.2672343], [82.2230771, 50.2674718]]]}}, {"type": "Feature", "properties": {"osm_id": 566739011, "building": "yes", "housenumber": null, "street": null, "levels": "1", "area_m2": 123.3, "clat": 50.26661025, "clon": 82.22495895}, "geometry": {"type": "Polygon", "coordinates": [[[82.2248474, 50.2665974], [82.2249042, 50.2666737], [82.2250705, 50.2666231], [82.2250137, 50.2665468], [82.2248474, 50.2665974]]]}}, {"type": "Feature", "properties": {"osm_id": 566739015, "building": "yes", "housenumber": "32", "street": "улица Железнодорожный переезд", "levels": "1", "area_m2": 35.3, "clat": 50.26514204066037, "clon": 82.22431807913931}, "geometry": {"type": "Polygon", "coordinates": [[[82.2242761, 50.2651735], [82.2243359, 50.2651818], [82.2243601, 50.2651106], [82.2243002, 50.2651023], [82.2242761, 50.2651735]]]}}, {"type": "Feature", "properties": {"osm_id": 566739017, "building": "yes", "housenumber": "28", "street": "улица Железнодорожный переезд", "levels": "1", "area_m2": 54.8, "clat": 50.2650927, "clon": 82.22500744999999}, "geometry": {"type": "Polygon", "coordinates": [[[82.2249466, 50.2651203], [82.2250348, 50.2651371], [82.2250683, 50.2650651], [82.2249801, 50.2650483], [82.2249466, 50.2651203]]]}}, {"type": "Feature", "properties": {"osm_id": 566739021, "building": "yes", "housenumber": "20", "street": "улица Железнодорожный переезд", "levels": "1", "area_m2": 97.0, "clat": 50.265372649999996, "clon": 82.2257588}, "geometry": {"type": "Polygon", "coordinates": [[[82.2256668, 50.2653955], [82.225777, 50.2654347], [82.2258508, 50.2653498], [82.2257406, 50.2653106], [82.2256668, 50.2653955]]]}}, {"type": "Feature", "properties": {"osm_id": 566739023, "building": "yes", "housenumber": "18", "street": "улица Железнодорожный переезд", "levels": "1", "area_m2": 58.7, "clat": 50.265503274387285, "clon": 82.22613578444984}, "geometry": {"type": "Polygon", "coordinates": [[[82.2260705, 50.2655361], [82.2261434, 50.2655562], [82.2262011, 50.2654704], [82.2261281, 50.2654504], [82.2260705, 50.2655361]]]}}, {"type": "Feature", "properties": {"osm_id": 566739025, "building": "yes", "housenumber": "14", "street": "улица Железнодорожный переезд", "levels": "1", "area_m2": 70.4, "clat": 50.265664847481084, "clon": 82.22664498172438}, "geometry": {"type": "Polygon", "coordinates": [[[82.226564, 50.2656784], [82.2266766, 50.2657144], [82.226726, 50.2656513], [82.2266133, 50.2656153], [82.226564, 50.2656784]]]}}, {"type": "Feature", "properties": {"osm_id": 566739028, "building": "yes", "housenumber": "10", "street": "улица Железнодорожный переезд", "levels": "1", "area_m2": 63.0, "clat": 50.26578536860785, "clon": 82.22708984533094}, "geometry": {"type": "Polygon", "coordinates": [[[82.2270213, 50.2658139], [82.2271061, 50.2658366], [82.2271584, 50.2657569], [82.2270736, 50.2657341], [82.2270213, 50.2658139]]]}}, {"type": "Feature", "properties": {"osm_id": 566739032, "building": "yes", "housenumber": "8", "street": "улица Железнодорожный переезд", "levels": "1", "area_m2": 62.3, "clat": 50.26589585, "clon": 82.2274387}, "geometry": {"type": "Polygon", "coordinates": [[[82.2273713, 50.2659253], [82.2274551, 50.265947], [82.2275061, 50.2658664], [82.2274223, 50.2658447], [82.2273713, 50.2659253]]]}}, {"type": "Feature", "properties": {"osm_id": 566739034, "building": "yes", "housenumber": "6", "street": "улица Железнодорожный переезд", "levels": "1", "area_m2": 78.0, "clat": 50.26605141655441, "clon": 82.22793491756927}, "geometry": {"type": "Polygon", "coordinates": [[[82.2278461, 50.2660625], [82.2279815, 50.266101], [82.2280238, 50.2660404], [82.2278883, 50.2660018], [82.2278461, 50.2660625]]]}}, {"type": "Feature", "properties": {"osm_id": 566739036, "building": "yes", "housenumber": null, "street": null, "levels": "1", "area_m2": 42.1, "clat": 50.26614165, "clon": 82.22820405}, "geometry": {"type": "Polygon", "coordinates": [[[82.2281452, 50.2661585], [82.2282321, 50.2661788], [82.2282629, 50.2661248], [82.228176, 50.2661045], [82.2281452, 50.2661585]]]}}, {"type": "Feature", "properties": {"osm_id": 566739039, "building": "yes", "housenumber": null, "street": null, "levels": "1", "area_m2": 43.3, "clat": 50.26629179421292, "clon": 82.22860248225744}, "geometry": {"type": "Polygon", "coordinates": [[[82.2285435, 50.2663137], [82.2286105, 50.2663351], [82.2286615, 50.2662699], [82.2285944, 50.2662485], [82.2285435, 50.2663137]]]}}, {"type": "Feature", "properties": {"osm_id": 566739041, "building": "yes", "housenumber": "4", "street": "улица Железнодорожный переезд", "levels": "1", "area_m2": 73.8, "clat": 50.266289916941766, "clon": 82.22847054941556}, "geometry": {"type": "Polygon", "coordinates": [[[82.2283946, 50.2663257], [82.2284727, 50.2663502], [82.2285465, 50.2662542], [82.2284684, 50.2662296], [82.2283946, 50.2663257]]]}}, {"type": "Feature", "properties": {"osm_id": 566739044, "building": "yes", "housenumber": "2", "street": "улица Железнодорожный переезд", "levels": "1", "area_m2": 65.2, "clat": 50.26636905, "clon": 82.22868175}, "geometry": {"type": "Polygon", "coordinates": [[[82.2286078, 50.2664088], [82.2286712, 50.2664304], [82.2287557, 50.2663293], [82.2286923, 50.2663077], [82.2286078, 50.2664088]]]}}, {"type": "Feature", "properties": {"osm_id": 566739046, "building": "yes", "housenumber": "1", "street": "улица Железнодорожный переезд", "levels": "1", "area_m2": 94.9, "clat": 50.266525099999996, "clon": 82.2302175}, "geometry": {"type": "Polygon", "coordinates": [[[82.2301179, 50.2665357], [82.2302721, 50.2665794], [82.2303171, 50.2665145], [82.2301629, 50.2664708], [82.2301179, 50.2665357]]]}}, {"type": "Feature", "properties": {"osm_id": 566739048, "building": "yes", "housenumber": "3", "street": "улица Железнодорожный переезд", "levels": "1", "area_m2": 54.3, "clat": 50.2663877, "clon": 82.22983535}, "geometry": {"type": "Polygon", "coordinates": [[[82.2297692, 50.2664234], [82.2298291, 50.2664429], [82.2299015, 50.266352], [82.2298416, 50.2663325], [82.2297692, 50.2664234]]]}}, {"type": "Feature", "properties": {"osm_id": 566739050, "building": "yes", "housenumber": null, "street": null, "levels": "1", "area_m2": 39.6, "clat": 50.266322367078686, "clon": 82.22968559920089}, "geometry": {"type": "Polygon", "coordinates": [[[82.2296311, 50.2663505], [82.2296878, 50.2663671], [82.2297401, 50.2662943], [82.2296834, 50.2662776], [82.2296311, 50.2663505]]]}}, {"type": "Feature", "properties": {"osm_id": 566739052, "building": "yes", "housenumber": "5", "street": "улица Железнодорожный переезд", "levels": "1", "area_m2": 61.7, "clat": 50.26629197273215, "clon": 82.22956181683432}, "geometry": {"type": "Polygon", "coordinates": [[[82.2294889, 50.2663188], [82.229561, 50.2663457], [82.2296347, 50.2662652], [82.2295627, 50.2662382], [82.2294889, 50.2663188]]]}}, {"type": "Feature", "properties": {"osm_id": 566739055, "building": "yes", "housenumber": "7", "street": "улица Железнодорожный переезд", "levels": "1", "area_m2": 63.9, "clat": 50.2661942843465, "clon": 82.22903982675867}, "geometry": {"type": "Polygon", "coordinates": [[[82.2289726, 50.2661499], [82.2289434, 50.2661906], [82.229107, 50.2662387], [82.2291362, 50.2661979], [82.2289726, 50.2661499]]]}}, {"type": "Feature", "properties": {"osm_id": 566739057, "building": "yes", "housenumber": "9", "street": "улица Железнодорожный переезд", "levels": "1", "area_m2": 73.7, "clat": 50.26600400191145, "clon": 82.2285328679234}, "geometry": {"type": "Polygon", "coordinates": [[[82.2285663, 50.2660548], [82.2286175, 50.2659935], [82.2284995, 50.2659532], [82.2284482, 50.2660145], [82.2285663, 50.2660548]]]}}, {"type": "Feature", "properties": {"osm_id": 566739059, "building": "yes", "housenumber": "11", "street": "улица Железнодорожный переезд", "levels": "1", "area_m2": 74.2, "clat": 50.26596069837978, "clon": 82.22833393196187}, "geometry": {"type": "Polygon", "coordinates": [[[82.2282471, 50.2659699], [82.2283758, 50.2660102], [82.2284208, 50.2659515], [82.228292, 50.2659112], [82.2282471, 50.2659699]]]}}, {"type": "Feature", "properties": {"osm_id": 566739061, "building": "yes", "housenumber": "17", "street": "улица Железнодорожный переезд", "levels": "1", "area_m2": 37.0, "clat": 50.2655922166025, "clon": 82.22726596800466}, "geometry": {"type": "Polygon", "coordinates": [[[82.2272024, 50.2655953], [82.2272982, 50.2656274], [82.2273296, 50.2655892], [82.2272337, 50.265557], [82.2272024, 50.2655953]]]}}, {"type": "Feature", "properties": {"osm_id": 566739066, "building": "yes", "housenumber": "41", "street": "улица Железнодорожный переезд", "levels": "1", "area_m2": 69.7, "clat": 50.264978430445304, "clon": 82.22805261249383}, "geometry": {"type": "Polygon", "coordinates": [[[82.2279949, 50.2650166], [82.228109, 50.2650174], [82.2281103, 50.2649403], [82.2279963, 50.2649394], [82.2279949, 50.2650166]]]}}, {"type": "Feature", "properties": {"osm_id": 566739067, "building": "yes", "housenumber": "39", "street": "улица Железнодорожный переезд", "levels": "1", "area_m2": 85.6, "clat": 50.26513352438906, "clon": 82.2279553409415}, "geometry": {"type": "Polygon", "coordinates": [[[82.2278984, 50.2651821], [82.2280069, 50.2651844], [82.2280123, 50.265085], [82.2279038, 50.2650826], [82.2278984, 50.2651821]]]}}, {"type": "Feature", "properties": {"osm_id": 566739068, "building": "yes", "housenumber": "45", "street": "улица Железнодорожный переезд", "levels": "1", "area_m2": 71.9, "clat": 50.26518267599953, "clon": 82.22742774303786}, "geometry": {"type": "Polygon", "coordinates": [[[82.2273499, 50.2652043], [82.2274747, 50.2652279], [82.2275056, 50.265161], [82.2273807, 50.2651375], [82.2273499, 50.2652043]]]}}, {"type": "Feature", "properties": {"osm_id": 566739069, "building": "yes", "housenumber": "43", "street": "улица Железнодорожный переезд", "levels": "1", "area_m2": 89.7, "clat": 50.26516599337777, "clon": 82.22695432773276}, "geometry": {"type": "Polygon", "coordinates": [[[82.2268845, 50.2652078], [82.2269998, 50.2652198], [82.2270242, 50.2651242], [82.2269088, 50.2651122], [82.2268845, 50.2652078]]]}}, {"type": "Feature", "properties": {"osm_id": 566739070, "building": "yes", "housenumber": "21", "street": "улица Железнодорожный переезд", "levels": "1", "area_m2": 58.7, "clat": 50.2654612, "clon": 82.22657455}, "geometry": {"type": "Polygon", "coordinates": [[[82.226505, 50.2654821], [82.2265932, 50.2655089], [82.2266441, 50.2654403], [82.2265559, 50.2654135], [82.226505, 50.2654821]]]}}, {"type": "Feature", "properties": {"osm_id": 566739071, "building": "yes", "housenumber": "23", "street": "улица Железнодорожный переезд", "levels": "1", "area_m2": 63.6, "clat": 50.26537816916572, "clon": 82.22650253858764}, "geometry": {"type": "Polygon", "coordinates": [[[82.2264272, 50.2653947], [82.226539, 50.2654234], [82.2265779, 50.2653617], [82.2264661, 50.2653329], [82.2264272, 50.2653947]]]}}, {"type": "Feature", "properties": {"osm_id": 566739072, "building": "yes", "housenumber": null, "street": null, "levels": "1", "area_m2": 45.0, "clat": 50.2651713, "clon": 82.2258164}, "geometry": {"type": "Polygon", "coordinates": [[[82.2257607, 50.2651949], [82.2258467, 50.2652094], [82.2258721, 50.2651477], [82.2257861, 50.2651332], [82.2257607, 50.2651949]]]}}, {"type": "Feature", "properties": {"osm_id": 566739076, "building": "yes", "housenumber": "25", "street": "улица Железнодорожный переезд", "levels": "1", "area_m2": 95.6, "clat": 50.265232533404024, "clon": 82.22602900432979}, "geometry": {"type": "Polygon", "coordinates": [[[82.225931, 50.2652309], [82.226045, 50.2652944], [82.226127, 50.2652341], [82.226013, 50.2651707], [82.225931, 50.2652309]]]}}, {"type": "Feature", "properties": {"osm_id": 566739080, "building": "yes", "housenumber": "24", "street": "улица Больничная", "levels": "1", "area_m2": 258.6, "clat": 50.2666917, "clon": 82.22647145}, "geometry": {"type": "Polygon", "coordinates": [[[82.2263078, 50.2666943], [82.2265246, 50.2667906], [82.2266351, 50.2666891], [82.2264183, 50.2665928], [82.2263078, 50.2666943]]]}}, {"type": "Feature", "properties": {"osm_id": 566739083, "building": "yes", "housenumber": "33/1", "street": "улица Больничная", "levels": "2", "area_m2": 583.7, "clat": 50.26750481068581, "clon": 82.22782231090363}, "geometry": {"type": "Polygon", "coordinates": [[[82.2275658, 50.267627], [82.2277181, 50.2676981], [82.2280788, 50.2673826], [82.2279266, 50.2673115], [82.2275658, 50.267627]]]}}, {"type": "Feature", "properties": {"osm_id": 566739087, "building": "yes", "housenumber": null, "street": null, "levels": "1", "area_m2": 43.5, "clat": 50.26852373291435, "clon": 82.22741470223573}, "geometry": {"type": "Polygon", "coordinates": [[[82.2273512, 50.2685356], [82.2274205, 50.2685659], [82.2274782, 50.2685118], [82.2274089, 50.2684816], [82.2273512, 50.2685356]]]}}, {"type": "Feature", "properties": {"osm_id": 566739090, "building": "yes", "housenumber": null, "street": null, "levels": "1", "area_m2": 97.6, "clat": 50.26845673456732, "clon": 82.22721291405963}, "geometry": {"type": "Polygon", "coordinates": [[[82.2272614, 50.2685185], [82.22732, 50.2684661], [82.2271644, 50.268395], [82.2271058, 50.2684473], [82.2272614, 50.2685185]]]}}, {"type": "Feature", "properties": {"osm_id": 566739091, "building": "yes", "housenumber": null, "street": null, "levels": "5", "area_m2": 411.9, "clat": 50.26831438281175, "clon": 82.22694770463471}, "geometry": {"type": "Polygon", "coordinates": [[[82.2267491, 50.2683367], [82.2269841, 50.2684412], [82.2271463, 50.268292], [82.2269113, 50.2681876], [82.2267491, 50.2683367]]]}}, {"type": "Feature", "properties": {"osm_id": 566739092, "building": "yes", "housenumber": null, "street": null, "levels": "1", "area_m2": 224.3, "clat": 50.27041418208058, "clon": 82.2302378876952}, "geometry": {"type": "Polygon", "coordinates": [[[82.2300991, 50.270454], [82.2303379, 50.2704875], [82.2303766, 50.2703743], [82.2301379, 50.2703409], [82.2300991, 50.270454]]]}}, {"type": "Feature", "properties": {"osm_id": 566739094, "building": "yes", "housenumber": "25", "street": "улица Школьная", "levels": "1", "area_m2": 839.1, "clat": 50.27060146430213, "clon": 82.22928815339885}, "geometry": {"type": "Polygon", "coordinates": [[[82.2290343, 50.2707781], [82.2292456, 50.2708397], [82.229542, 50.2704249], [82.2293307, 50.2703632], [82.2290343, 50.2707781]]]}}, {"type": "Feature", "properties": {"osm_id": 566739097, "building": "yes", "housenumber": null, "street": null, "levels": "1", "area_m2": 402.3, "clat": 50.27033535, "clon": 82.2290679}, "geometry": {"type": "Polygon", "coordinates": [[[82.2288667, 50.2704232], [82.2290103, 50.2704867], [82.2292691, 50.2702475], [82.2291255, 50.270184], [82.2288667, 50.2704232]]]}}, {"type": "Feature", "properties": {"osm_id": 566739099, "building": "yes", "housenumber": "23", "street": "улица Школьная", "levels": "1", "area_m2": 170.8, "clat": 50.27000358450164, "clon": 82.22864694634028}, "geometry": {"type": "Polygon", "coordinates": [[[82.2285193, 50.2700443], [82.2286284, 50.270094], [82.2287746, 50.2699628], [82.2286655, 50.2699132], [82.2285193, 50.2700443]]]}}, {"type": "Feature", "properties": {"osm_id": 566739101, "building": "yes", "housenumber": "21", "street": "улица Школьная", "levels": "1", "area_m2": 163.7, "clat": 50.27028007869183, "clon": 82.22833783215303}, "geometry": {"type": "Polygon", "coordinates": [[[82.2282149, 50.2703169], [82.2283293, 50.2703667], [82.2284608, 50.2702432], [82.2283463, 50.2701935], [82.2282149, 50.2703169]]]}}, {"type": "Feature", "properties": {"osm_id": 566739104, "building": "yes", "housenumber": "19", "street": "улица Школьная", "levels": "1", "area_m2": 179.3, "clat": 50.2705477, "clon": 82.2280437}, "geometry": {"type": "Polygon", "coordinates": [[[82.2279158, 50.2705903], [82.2280334, 50.2706396], [82.2281716, 50.2705051], [82.228054, 50.2704558], [82.2279158, 50.2705903]]]}}, {"type": "Feature", "properties": {"osm_id": 566739106, "building": "yes", "housenumber": "17", "street": "улица Школьная", "levels": "1", "area_m2": 165.1, "clat": 50.27079349506676, "clon": 82.2277532333506}, "geometry": {"type": "Polygon", "coordinates": [[[82.2276315, 50.2708295], [82.2277529, 50.2708792], [82.227875, 50.2707575], [82.2277535, 50.2707078], [82.2276315, 50.2708295]]]}}, {"type": "Feature", "properties": {"osm_id": 566739107, "building": "yes", "housenumber": "15", "street": "улица Школьная", "levels": "1", "area_m2": 91.1, "clat": 50.27102535, "clon": 82.22748985}, "geometry": {"type": "Polygon", "coordinates": [[[82.2273968, 50.2710378], [82.2274997, 50.2710858], [82.2275829, 50.2710129], [82.22748, 50.2709649], [82.2273968, 50.2710378]]]}}, {"type": "Feature", "properties": {"osm_id": 566739108, "building": "yes", "housenumber": "39", "street": "улица Амбулаторная", "levels": "1", "area_m2": 75.7, "clat": 50.269252699999996, "clon": 82.22731420000001}, "geometry": {"type": "Polygon", "coordinates": [[[82.2273512, 50.2693054], [82.2274046, 50.2692523], [82.2272772, 50.2692], [82.2272238, 50.2692531], [82.2273512, 50.2693054]]]}}, {"type": "Feature", "properties": {"osm_id": 566739109, "building": "yes", "housenumber": "43", "street": "улица Амбулаторная", "levels": "1", "area_m2": 67.6, "clat": 50.268967366988015, "clon": 82.22671074284791}, "geometry": {"type": "Polygon", "coordinates": [[[82.226733, 50.2690182], [82.2267931, 50.2689637], [82.2266885, 50.2689165], [82.2266284, 50.2689711], [82.226733, 50.2690182]]]}}, {"type": "Feature", "properties": {"osm_id": 566739110, "building": "yes", "housenumber": "12", "street": "улица Школьная", "levels": "1", "area_m2": 314.1, "clat": 50.27155586030364, "clon": 82.2257741929804}, "geometry": {"type": "Polygon", "coordinates": [[[82.2256619, 50.2714412], [82.2255657, 50.2715259], [82.2256783, 50.2715781], [82.2256894, 50.2715683], [82.2257855, 50.2716129], [82.2257745, 50.2716227], [82.2258836, 50.2716733], [82.2259797, 50.2715886], [82.2256619, 50.2714412]]]}}, {"type": "Feature", "properties": {"osm_id": 566739111, "building": "yes", "housenumber": "17", "street": "улица Амбулаторная", "levels": "1", "area_m2": 314.3, "clat": 50.27124589275287, "clon": 82.22512330990816}, "geometry": {"type": "Polygon", "coordinates": [[[82.225011, 50.2711312], [82.2249148, 50.2712159], [82.2250274, 50.2712681], [82.2250385, 50.2712584], [82.2251346, 50.271303], [82.2251236, 50.2713127], [82.2252327, 50.2713634], [82.2253288, 50.2712786], [82.225011, 50.2711312]]]}}, {"type": "Feature", "properties": {"osm_id": 566739112, "building": "yes", "housenumber": "23", "street": "улица Амбулаторная", "levels": "1", "area_m2": 166.7, "clat": 50.27040511096402, "clon": 82.22579038784555}, "geometry": {"type": "Polygon", "coordinates": [[[82.2257727, 50.2704926], [82.2259176, 50.2703709], [82.225808, 50.2703176], [82.2256632, 50.2704394], [82.2257727, 50.2704926]]]}}, {"type": "Feature", "properties": {"osm_id": 566739113, "building": "yes", "housenumber": "21", "street": "улица Амбулаторная", "levels": "1", "area_m2": 160.3, "clat": 50.27062636570959, "clon": 82.22554480357613}, "geometry": {"type": "Polygon", "coordinates": [[[82.22542, 50.2706598], [82.2255274, 50.2707121], [82.2256696, 50.270593], [82.2255622, 50.2705406], [82.22542, 50.2706598]]]}}, {"type": "Feature", "properties": {"osm_id": 566739115, "building": "yes", "housenumber": "19", "street": "улица Амбулаторная", "levels": "1", "area_m2": 146.9, "clat": 50.27084338420739, "clon": 82.22529304727308}, "geometry": {"type": "Polygon", "coordinates": [[[82.2251759, 50.2708809], [82.2252801, 50.2709267], [82.2254102, 50.2708058], [82.225306, 50.2707601], [82.2251759, 50.2708809]]]}}, {"type": "Feature", "properties": {"osm_id": 566739116, "building": "yes", "housenumber": "14", "street": "улица Школьная", "levels": "1", "area_m2": 305.4, "clat": 50.27136345771231, "clon": 82.22633868956547}, "geometry": {"type": "Polygon", "coordinates": [[[82.2261603, 50.2714364], [82.226289, 50.2714965], [82.2263752, 50.2714211], [82.2263567, 50.2714124], [82.226426, 50.2713518], [82.2264446, 50.2713605], [82.2265224, 50.2712925], [82.2263937, 50.2712324], [82.2261603, 50.2714364]]]}}, {"type": "Feature", "properties": {"osm_id": 566739117, "building": "yes", "housenumber": "16", "street": "улица Школьная", "levels": "1", "area_m2": 94.6, "clat": 50.27110366708565, "clon": 82.22665279578813}, "geometry": {"type": "Polygon", "coordinates": [[[82.2265573, 50.2711132], [82.2266686, 50.2711646], [82.2267483, 50.2710942], [82.226637, 50.2710427], [82.2265573, 50.2711132]]]}}, {"type": "Feature", "properties": {"osm_id": 566739118, "building": "yes", "housenumber": "18", "street": "улица Школьная", "levels": "1", "area_m2": 158.4, "clat": 50.2709191, "clon": 82.2268616}, "geometry": {"type": "Polygon", "coordinates": [[[82.2267383, 50.2709478], [82.2268508, 50.2710027], [82.2269849, 50.2708904], [82.2268724, 50.2708355], [82.2267383, 50.2709478]]]}}, {"type": "Feature", "properties": {"osm_id": 566739119, "building": "yes", "housenumber": null, "street": null, "levels": "1", "area_m2": 177.6, "clat": 50.27061458446073, "clon": 82.22641306143153}, "geometry": {"type": "Polygon", "coordinates": [[[82.2264674, 50.2706992], [82.2265545, 50.2706285], [82.2263587, 50.27053], [82.2262716, 50.2706006], [82.2264674, 50.2706992]]]}}, {"type": "Feature", "properties": {"osm_id": 566739120, "building": "yes", "housenumber": "20", "street": "улица Школьная", "levels": "1", "area_m2": 168.6, "clat": 50.27058571573684, "clon": 82.22724440309128}, "geometry": {"type": "Polygon", "coordinates": [[[82.2271179, 50.2706238], [82.2272288, 50.2706745], [82.2273709, 50.2705477], [82.22726, 50.2704969], [82.2271179, 50.2706238]]]}}, {"type": "Feature", "properties": {"osm_id": 566739121, "building": "yes", "housenumber": "22", "street": "улица Школьная", "levels": "1", "area_m2": 150.2, "clat": 50.2703216, "clon": 82.22754905}, "geometry": {"type": "Polygon", "coordinates": [[[82.227425, 50.270364], [82.2275167, 50.2704091], [82.2276731, 50.2702792], [82.2275814, 50.2702341], [82.227425, 50.270364]]]}}, {"type": "Feature", "properties": {"osm_id": 566739122, "building": "yes", "housenumber": "24", "street": "улица Школьная", "levels": "1", "area_m2": 172.8, "clat": 50.2700606, "clon": 82.22785615}, "geometry": {"type": "Polygon", "coordinates": [[[82.2277267, 50.2700932], [82.2278401, 50.2701489], [82.2279856, 50.270028], [82.2278722, 50.2699723], [82.2277267, 50.2700932]]]}}, {"type": "Feature", "properties": {"osm_id": 566739123, "building": "yes", "housenumber": "26", "street": "улица Школьная", "levels": "1", "area_m2": 160.8, "clat": 50.2696217, "clon": 82.22808885}, "geometry": {"type": "Polygon", "coordinates": [[[82.2281465, 50.2697023], [82.2282255, 50.2696367], [82.2280312, 50.2695411], [82.2279522, 50.2696067], [82.2281465, 50.2697023]]]}}, {"type": "Feature", "properties": {"osm_id": 566739124, "building": "yes", "housenumber": "33", "street": "улица Амбулаторная", "levels": "1", "area_m2": 115.5, "clat": 50.26939480219153, "clon": 82.22764182119124}, "geometry": {"type": "Polygon", "coordinates": [[[82.2275376, 50.2693757], [82.2275797, 50.2693964], [82.2275622, 50.2694109], [82.2276549, 50.2694565], [82.2276724, 50.2694419], [82.2276945, 50.2694528], [82.2277545, 50.269403], [82.2275976, 50.2693259], [82.2275376, 50.2693757]]]}}, {"type": "Feature", "properties": {"osm_id": 566739125, "building": "yes", "housenumber": "31", "street": "улица Амбулаторная", "levels": "1", "area_m2": 210.7, "clat": 50.26976015, "clon": 82.2272344}, "geometry": {"type": "Polygon", "coordinates": [[[82.227091, 50.2698094], [82.2272061, 50.2698626], [82.2273778, 50.2697109], [82.2272627, 50.2696577], [82.227091, 50.2698094]]]}}, {"type": "Feature", "properties": {"osm_id": 566739126, "building": "yes", "housenumber": "27", "street": "улица Амбулаторная", "levels": "1", "area_m2": 111.2, "clat": 50.270359453799955, "clon": 82.2265518670397}, "geometry": {"type": "Polygon", "coordinates": [[[82.2264513, 50.2703829], [82.2265586, 50.2704277], [82.2266524, 50.270336], [82.2265452, 50.2702912], [82.2264513, 50.2703829]]]}}, {"type": "Feature", "properties": {"osm_id": 566739128, "building": "yes", "housenumber": "29", "street": "улица Амбулаторная", "levels": "1", "area_m2": 143.7, "clat": 50.27003703397534, "clon": 82.2269258979699}, "geometry": {"type": "Polygon", "coordinates": [[[82.2268108, 50.2700734], [82.2269163, 50.2701189], [82.227041, 50.2700006], [82.2269355, 50.2699552], [82.2268108, 50.2700734]]]}}, {"type": "Feature", "properties": {"osm_id": 566739129, "building": "yes", "housenumber": null, "street": null, "levels": "1", "area_m2": 249.2, "clat": 50.270001003579914, "clon": 82.2263850373922}, "geometry": {"type": "Polygon", "coordinates": [[[82.2262689, 50.2698986], [82.226194, 50.269968], [82.2265011, 50.2701034], [82.2265761, 50.270034], [82.2262689, 50.2698986]]]}}, {"type": "Feature", "properties": {"osm_id": 566739130, "building": "yes", "housenumber": "35", "street": "улица Амбулаторная", "levels": "1", "area_m2": 153.7, "clat": 50.26985515, "clon": 82.22664999999999}, "geometry": {"type": "Polygon", "coordinates": [[[82.2265298, 50.2698883], [82.2266401, 50.2699386], [82.2267702, 50.269822], [82.2266599, 50.2697717], [82.2265298, 50.2698883]]]}}, {"type": "Feature", "properties": {"osm_id": 566739131, "building": "yes", "housenumber": "37", "street": "улица Амбулаторная", "levels": "1", "area_m2": 176.2, "clat": 50.2696131059456, "clon": 82.22692126532328}, "geometry": {"type": "Polygon", "coordinates": [[[82.2267913, 50.269656], [82.2269004, 50.2697056], [82.2270512, 50.2695702], [82.2269422, 50.2695206], [82.2267913, 50.269656]]]}}, {"type": "Feature", "properties": {"osm_id": 566739132, "building": "yes", "housenumber": "41", "street": "улица Амбулаторная", "levels": "1", "area_m2": 151.9, "clat": 50.2691559, "clon": 82.22696335}, "geometry": {"type": "Polygon", "coordinates": [[[82.2270173, 50.2692321], [82.2270938, 50.2691624], [82.2269094, 50.2690797], [82.2268329, 50.2691494], [82.2270173, 50.2692321]]]}}, {"type": "Feature", "properties": {"osm_id": 566739133, "building": "yes", "housenumber": "30", "street": "улица Амбулаторная", "levels": "1", "area_m2": 133.0, "clat": 50.269312150000005, "clon": 82.22633185}, "geometry": {"type": "Polygon", "coordinates": [[[82.2263078, 50.269392], [82.2264473, 50.269278], [82.2263559, 50.2692323], [82.2262164, 50.2693463], [82.2263078, 50.269392]]]}}, {"type": "Feature", "properties": {"osm_id": 566739134, "building": "yes", "housenumber": "28", "street": "улица Амбулаторная", "levels": "1", "area_m2": 143.6, "clat": 50.26956299429871, "clon": 82.22605023564779}, "geometry": {"type": "Polygon", "coordinates": [[[82.2260161, 50.269647], [82.2261731, 50.2695261], [82.2260843, 50.269479], [82.2259274, 50.2695999], [82.2260161, 50.269647]]]}}, {"type": "Feature", "properties": {"osm_id": 566739135, "building": "yes", "housenumber": "26", "street": "улица Амбулаторная", "levels": "1", "area_m2": 319.5, "clat": 50.26922061146926, "clon": 82.22593104520607}, "geometry": {"type": "Polygon", "coordinates": [[[82.2257452, 50.2692957], [82.2258714, 50.269357], [82.2259578, 50.2692844], [82.225944, 50.2692777], [82.2260211, 50.269213], [82.2260349, 50.2692197], [82.2261208, 50.2691475], [82.2259946, 50.2690861], [82.2257452, 50.2692957]]]}}, {"type": "Feature", "properties": {"osm_id": 566739136, "building": "yes", "housenumber": "24", "street": "улица Амбулаторная", "levels": "1", "area_m2": 328.5, "clat": 50.26970527860229, "clon": 82.22537346912891}, "geometry": {"type": "Polygon", "coordinates": [[[82.225184, 50.2697833], [82.2253102, 50.2698447], [82.2253931, 50.269775], [82.2253793, 50.2697683], [82.2254563, 50.2697037], [82.22547, 50.2697104], [82.2255663, 50.2696295], [82.2254401, 50.2695681], [82.225184, 50.2697833]]]}}, {"type": "Feature", "properties": {"osm_id": 566739139, "building": "yes", "housenumber": "25", "street": "улица Ленина", "levels": "2", "area_m2": 761.8, "clat": 50.26863429769057, "clon": 82.22574441709881}, "geometry": {"type": "Polygon", "coordinates": [[[82.2254436, 50.2687093], [82.2257155, 50.2684643], [82.2260777, 50.2686285], [82.2259645, 50.2687305], [82.225803, 50.2686573], [82.2258217, 50.2686405], [82.2257945, 50.2686281], [82.2257204, 50.2686949], [82.2257491, 50.268708], [82.2256459, 50.268801], [82.2254436, 50.2687093]]]}}, {"type": "Feature", "properties": {"osm_id": 566739140, "building": "yes", "housenumber": "21", "street": "улица Ленина", "levels": "2", "area_m2": 824.0, "clat": 50.26945262027769, "clon": 82.22481290017029}, "geometry": {"type": "Polygon", "coordinates": [[[82.2248239, 50.2692418], [82.2245431, 50.2694968], [82.2249042, 50.2696593], [82.2250277, 50.2695471], [82.2248773, 50.2694793], [82.2248639, 50.2694915], [82.2248398, 50.2694806], [82.2249139, 50.2694133], [82.2249447, 50.2694272], [82.2250412, 50.2693396], [82.2248239, 50.2692418]]]}}, {"type": "Feature", "properties": {"osm_id": 566739142, "building": "yes", "housenumber": "24", "street": "улица Ленина", "levels": "2", "area_m2": 786.2, "clat": 50.26917865044758, "clon": 82.22422604157543}, "geometry": {"type": "Polygon", "coordinates": [[[82.2245282, 50.2691069], [82.2242481, 50.2693524], [82.2238978, 50.2691891], [82.2240221, 50.2690801], [82.2241812, 50.2691542], [82.224169, 50.2691648], [82.2241903, 50.2691747], [82.2242658, 50.2691086], [82.2242211, 50.2690878], [82.2243135, 50.2690068], [82.2245282, 50.2691069]]]}}, {"type": "Feature", "properties": {"osm_id": 566739144, "building": "yes", "housenumber": "26", "street": "улица Ленина", "levels": "2", "area_m2": 690.2, "clat": 50.26837861786486, "clon": 82.22516632009793}, "geometry": {"type": "Polygon", "coordinates": [[[82.225129, 50.2685656], [82.2254187, 50.2683247], [82.2251461, 50.2681908], [82.2250175, 50.2682978], [82.2251023, 50.2683395], [82.2251149, 50.268329], [82.2251357, 50.2683393], [82.2250577, 50.2684042], [82.2250138, 50.2683827], [82.2249183, 50.2684621], [82.225129, 50.2685656]]]}}, {"type": "Feature", "properties": {"osm_id": 567061877, "building": "yes", "housenumber": "2", "street": "улица Фабричная", "levels": "1", "area_m2": 214.3, "clat": 50.28888575, "clon": 82.20724395}, "geometry": {"type": "Polygon", "coordinates": [[[82.2070965, 50.2888543], [82.2071299, 50.2889532], [82.2073914, 50.2889172], [82.207358, 50.2888183], [82.2070965, 50.2888543]]]}}, {"type": "Feature", "properties": {"osm_id": 567061878, "building": "yes", "housenumber": "4", "street": "улица Фабричная", "levels": "1", "area_m2": 214.8, "clat": 50.288961847200795, "clon": 82.20668787163306}, "geometry": {"type": "Polygon", "coordinates": [[[82.2065426, 50.2889271], [82.2065716, 50.2890274], [82.2068331, 50.2889966], [82.2068042, 50.2888963], [82.2065426, 50.2889271]]]}}, {"type": "Feature", "properties": {"osm_id": 567061879, "building": "yes", "housenumber": "6", "street": "улица Фабричная", "levels": "1", "area_m2": 192.5, "clat": 50.2890442684358, "clon": 82.20617379194944}, "geometry": {"type": "Polygon", "coordinates": [[[82.206033, 50.2890154], [82.2060651, 50.2891083], [82.2063145, 50.2890732], [82.2062825, 50.2889802], [82.206033, 50.2890154]]]}}, {"type": "Feature", "properties": {"osm_id": 567061880, "building": "yes", "housenumber": "8", "street": "улица Фабричная", "levels": "1", "area_m2": 205.8, "clat": 50.289135228625796, "clon": 82.20565532834681}, "geometry": {"type": "Polygon", "coordinates": [[[82.20551, 50.2891036], [82.2055392, 50.2891994], [82.2058007, 50.2891668], [82.2057715, 50.2890711], [82.20551, 50.2891036]]]}}, {"type": "Feature", "properties": {"osm_id": 567061881, "building": "yes", "housenumber": "10", "street": "улица Фабричная", "levels": "1", "area_m2": 186.4, "clat": 50.289197997352524, "clon": 82.20510167236016}, "geometry": {"type": "Polygon", "coordinates": [[[82.2049628, 50.2891645], [82.2049817, 50.2892538], [82.2052405, 50.2892315], [82.2052217, 50.2891422], [82.2049628, 50.2891645]]]}}, {"type": "Feature", "properties": {"osm_id": 567061882, "building": "yes", "housenumber": "12", "street": "улица Фабричная", "levels": "1", "area_m2": 204.7, "clat": 50.289254197474584, "clon": 82.2045443712716}, "geometry": {"type": "Polygon", "coordinates": [[[82.2043982, 50.2892236], [82.2044277, 50.2893182], [82.2046905, 50.2892848], [82.2046611, 50.2891902], [82.2043982, 50.2892236]]]}}, {"type": "Feature", "properties": {"osm_id": 567061883, "building": "yes", "housenumber": "14", "street": "улица Фабричная", "levels": "1", "area_m2": 207.7, "clat": 50.289324820760356, "clon": 82.20398897042645}, "geometry": {"type": "Polygon", "coordinates": [[[82.203843, 50.2892956], [82.2038788, 50.2893926], [82.2041349, 50.2893541], [82.2040991, 50.289257], [82.203843, 50.2892956]]]}}, {"type": "Feature", "properties": {"osm_id": 567061884, "building": "yes", "housenumber": "16", "street": "улица Фабричная", "levels": "1", "area_m2": 203.3, "clat": 50.2893881, "clon": 82.20342845}, "geometry": {"type": "Polygon", "coordinates": [[[82.2032878, 50.2893547], [82.2033183, 50.2894532], [82.2035691, 50.2894215], [82.2035386, 50.289323], [82.2032878, 50.2893547]]]}}, {"type": "Feature", "properties": {"osm_id": 567061886, "building": "yes", "housenumber": "18", "street": "улица Фабричная", "levels": "1", "area_m2": 270.5, "clat": 50.28950040266836, "clon": 82.20268977927222}, "geometry": {"type": "Polygon", "coordinates": [[[82.2025435, 50.2894558], [82.202593, 50.2895893], [82.2027895, 50.2895595], [82.2027756, 50.2895222], [82.2028393, 50.2895125], [82.2028036, 50.2894164], [82.2025435, 50.2894558]]]}}, {"type": "Feature", "properties": {"osm_id": 567061887, "building": "yes", "housenumber": "20", "street": "улица Фабричная", "levels": "1", "area_m2": 217.6, "clat": 50.2895761, "clon": 82.20210125}, "geometry": {"type": "Polygon", "coordinates": [[[82.2019494, 50.2895492], [82.2019889, 50.2896467], [82.2022531, 50.289603], [82.2022136, 50.2895055], [82.2019494, 50.2895492]]]}}, {"type": "Feature", "properties": {"osm_id": 567061889, "building": "yes", "housenumber": "22", "street": "улица Фабричная", "levels": "1", "area_m2": 176.9, "clat": 50.28967992576102, "clon": 82.20147324476486}, "geometry": {"type": "Polygon", "coordinates": [[[82.2013526, 50.2896409], [82.2013793, 50.2897421], [82.2015939, 50.289719], [82.2015671, 50.2896177], [82.2013526, 50.2896409]]]}}, {"type": "Feature", "properties": {"osm_id": 567061891, "building": "yes", "housenumber": null, "street": null, "levels": "1", "area_m2": 125.4, "clat": 50.28968925, "clon": 82.20119565}, "geometry": {"type": "Polygon", "coordinates": [[[82.2011568, 50.2897591], [82.2012811, 50.2897394], [82.2012345, 50.2896194], [82.2011102, 50.2896391], [82.2011568, 50.2897591]]]}}, {"type": "Feature", "properties": {"osm_id": 567061893, "building": "yes", "housenumber": "23", "street": "улица Фабричная", "levels": "1", "area_m2": 159.0, "clat": 50.289412495189794, "clon": 82.2007671711074}, "geometry": {"type": "Polygon", "coordinates": [[[82.2007035, 50.2894815], [82.2008739, 50.2894545], [82.2008309, 50.2893435], [82.2006604, 50.2893705], [82.2007035, 50.2894815]]]}}, {"type": "Feature", "properties": {"osm_id": 567061895, "building": "yes", "housenumber": "19", "street": "улица Фабричная", "levels": "1", "area_m2": 198.8, "clat": 50.28921670205544, "clon": 82.20196947972221}, "geometry": {"type": "Polygon", "coordinates": [[[82.2018196, 50.2891931], [82.2018542, 50.2892823], [82.2021194, 50.2892403], [82.2020847, 50.2891511], [82.2018196, 50.2891931]]]}}, {"type": "Feature", "properties": {"osm_id": 567061897, "building": "yes", "housenumber": "17", "street": "улица Фабричная", "levels": "1", "area_m2": 198.8, "clat": 50.289130202055446, "clon": 82.2025662797222}, "geometry": {"type": "Polygon", "coordinates": [[[82.2024164, 50.2891066], [82.202451, 50.2891958], [82.2027162, 50.2891538], [82.2026815, 50.2890646], [82.2024164, 50.2891066]]]}}, {"type": "Feature", "properties": {"osm_id": 567061899, "building": "yes", "housenumber": null, "street": null, "levels": "1", "area_m2": 76.7, "clat": 50.28902545131913, "clon": 82.20347806788632}, "geometry": {"type": "Polygon", "coordinates": [[[82.2034326, 50.2890839], [82.2035409, 50.2890668], [82.2034983, 50.2889571], [82.2034315, 50.2889677], [82.2034572, 50.289034], [82.2034158, 50.2890406], [82.2034326, 50.2890839]]]}}, {"type": "Feature", "properties": {"osm_id": 567061901, "building": "yes", "housenumber": "15", "street": "улица Фабричная", "levels": "1", "area_m2": 198.8, "clat": 50.289044902055444, "clon": 82.20316557972221}, "geometry": {"type": "Polygon", "coordinates": [[[82.2030157, 50.2890213], [82.2030503, 50.2891105], [82.2033155, 50.2890685], [82.2032808, 50.2889793], [82.2030157, 50.2890213]]]}}, {"type": "Feature", "properties": {"osm_id": 567061903, "building": "yes", "housenumber": "13", "street": "улица Фабричная", "levels": "1", "area_m2": 251.5, "clat": 50.288981080485485, "clon": 82.2038094208194}, "geometry": {"type": "Polygon", "coordinates": [[[82.2036245, 50.288963], [82.2036591, 50.2890523], [82.2039944, 50.2889991], [82.2039598, 50.2889099], [82.2036245, 50.288963]]]}}, {"type": "Feature", "properties": {"osm_id": 567061906, "building": "yes", "housenumber": "11", "street": "улица Фабричная", "levels": "1", "area_m2": 251.4, "clat": 50.28890225, "clon": 82.20435665}, "geometry": {"type": "Polygon", "coordinates": [[[82.2041717, 50.2888842], [82.2042063, 50.2889734], [82.2045416, 50.2889203], [82.204507, 50.2888311], [82.2041717, 50.2888842]]]}}, {"type": "Feature", "properties": {"osm_id": 567061908, "building": "yes", "housenumber": "9", "street": "улица Фабричная", "levels": "1", "area_m2": 251.4, "clat": 50.28882600134561, "clon": 82.20492393049281}, "geometry": {"type": "Polygon", "coordinates": [[[82.204739, 50.288808], [82.2047736, 50.2888972], [82.2051089, 50.288844], [82.2050742, 50.2887548], [82.204739, 50.288808]]]}}, {"type": "Feature", "properties": {"osm_id": 567061910, "building": "yes", "housenumber": "7", "street": "улица Фабричная", "levels": "1", "area_m2": 251.4, "clat": 50.28874460134561, "clon": 82.20549123049281}, "geometry": {"type": "Polygon", "coordinates": [[[82.2053063, 50.2887266], [82.2053409, 50.2888158], [82.2056762, 50.2887626], [82.2056415, 50.2886734], [82.2053063, 50.2887266]]]}}, {"type": "Feature", "properties": {"osm_id": 567061912, "building": "yes", "housenumber": "5", "street": "улица Фабричная", "levels": "1", "area_m2": 251.6, "clat": 50.288675180486905, "clon": 82.2060128708261}, "geometry": {"type": "Polygon", "coordinates": [[[82.2058279, 50.2886571], [82.2058626, 50.2887464], [82.2061979, 50.2886932], [82.2061632, 50.288604], [82.2058279, 50.2886571]]]}}, {"type": "Feature", "properties": {"osm_id": 567061914, "building": "yes", "housenumber": "3", "street": "улица Фабричная", "levels": "1", "area_m2": 251.5, "clat": 50.288591218165024, "clon": 82.2065600986863}, "geometry": {"type": "Polygon", "coordinates": [[[82.2063751, 50.2885732], [82.2064098, 50.2886624], [82.206745, 50.2886093], [82.2067104, 50.28852], [82.2063751, 50.2885732]]]}}, {"type": "Feature", "properties": {"osm_id": 567061915, "building": "yes", "housenumber": "1", "street": "улица Фабричная", "levels": "1", "area_m2": 251.4, "clat": 50.288519298654386, "clon": 82.2071124695072}, "geometry": {"type": "Polygon", "coordinates": [[[82.2069275, 50.2885013], [82.2069622, 50.2885905], [82.2072974, 50.2885373], [82.2072628, 50.2884481], [82.2069275, 50.2885013]]]}}, {"type": "Feature", "properties": {"osm_id": 567061921, "building": "yes", "housenumber": "1", "street": "улица Кузнецова", "levels": "1", "area_m2": 238.0, "clat": 50.28960660926705, "clon": 82.20748257221912}, "geometry": {"type": "Polygon", "coordinates": [[[82.2073082, 50.289581], [82.2073288, 50.2896433], [82.2073743, 50.2896372], [82.2073874, 50.2896768], [82.2076136, 50.2896463], [82.2076005, 50.2896067], [82.2076466, 50.2896005], [82.207626, 50.2895381], [82.2073082, 50.289581]]]}}, {"type": "Feature", "properties": {"osm_id": 567061922, "building": "yes", "housenumber": "3", "street": "улица Кузнецова", "levels": "1", "area_m2": 238.0, "clat": 50.289681560471074, "clon": 82.20691125697927}, "geometry": {"type": "Polygon", "coordinates": [[[82.2067369, 50.2896559], [82.2067575, 50.2897183], [82.206803, 50.2897121], [82.2068161, 50.2897517], [82.2070423, 50.2897213], [82.2070292, 50.2896817], [82.2070753, 50.2896754], [82.2070547, 50.2896131], [82.2067369, 50.2896559]]]}}, {"type": "Feature", "properties": {"osm_id": 567061923, "building": "yes", "housenumber": "5", "street": "улица Кузнецова", "levels": "1", "area_m2": 238.1, "clat": 50.28976170721627, "clon": 82.20633793473172}, "geometry": {"type": "Polygon", "coordinates": [[[82.2061635, 50.2897361], [82.2061841, 50.2897984], [82.2062297, 50.2897923], [82.2062428, 50.2898319], [82.206469, 50.2898014], [82.2064559, 50.2897618], [82.206502, 50.2897556], [82.2064814, 50.2896932], [82.2061635, 50.2897361]]]}}, {"type": "Feature", "properties": {"osm_id": 567061924, "building": "yes", "housenumber": "7", "street": "улица Кузнецова", "levels": "1", "area_m2": 238.1, "clat": 50.28983280721627, "clon": 82.20577803473172}, "geometry": {"type": "Polygon", "coordinates": [[[82.2056036, 50.2898072], [82.2056242, 50.2898695], [82.2056698, 50.2898634], [82.2056829, 50.289903], [82.2059091, 50.2898725], [82.205896, 50.2898329], [82.2059421, 50.2898267], [82.2059215, 50.2897643], [82.2056036, 50.2898072]]]}}, {"type": "Feature", "properties": {"osm_id": 567061925, "building": "yes", "housenumber": "9", "street": "улица Кузнецова", "levels": "1", "area_m2": 238.0, "clat": 50.28991070577613, "clon": 82.20520560571889}, "geometry": {"type": "Polygon", "coordinates": [[[82.2050312, 50.2898851], [82.2050518, 50.2899474], [82.2050974, 50.2899413], [82.2051105, 50.2899809], [82.2053366, 50.2899504], [82.2053236, 50.2899108], [82.2053696, 50.2899046], [82.2053491, 50.2898422], [82.2050312, 50.2898851]]]}}, {"type": "Feature", "properties": {"osm_id": 567061964, "building": "apartments", "housenumber": "3", "street": "улица Алейская", "levels": "2", "area_m2": 1140.9, "clat": 50.28352390856331, "clon": 82.21372239004594}, "geometry": {"type": "Polygon", "coordinates": [[[82.2140783, 50.2838963], [82.2142086, 50.2838302], [82.2133664, 50.2831515], [82.2132361, 50.2832175], [82.2140783, 50.2838963]]]}}, {"type": "Feature", "properties": {"osm_id": 567061965, "building": "apartments", "housenumber": "3а", "street": "улица Алейская", "levels": "2", "area_m2": 1022.2, "clat": 50.28418525, "clon": 82.21377534999999}, "geometry": {"type": "Polygon", "coordinates": [[[82.213275, 50.2843641], [82.2133852, 50.2844537], [82.2142757, 50.2840064], [82.2141655, 50.2839168], [82.213275, 50.2843641]]]}}, {"type": "Feature", "properties": {"osm_id": 567061966, "building": "apartments", "housenumber": "6а", "street": "улица Алейская", "levels": "2", "area_m2": 731.7, "clat": 50.28484311367021, "clon": 82.21144575718694}, "geometry": {"type": "Polygon", "coordinates": [[[82.2111359, 50.2850051], [82.2112836, 50.285077], [82.2117556, 50.2846811], [82.211608, 50.2846092], [82.2111359, 50.2850051]]]}}, {"type": "Feature", "properties": {"osm_id": 567061967, "building": "apartments", "housenumber": "6б", "street": "улица Алейская", "levels": "2", "area_m2": 891.7, "clat": 50.284490822778224, "clon": 82.21093605769661}, "geometry": {"type": "Polygon", "coordinates": [[[82.2106504, 50.2847446], [82.2108167, 50.284794], [82.2112217, 50.284237], [82.2110555, 50.2841876], [82.2106504, 50.2847446]]]}}, {"type": "Feature", "properties": {"osm_id": 567061968, "building": "apartments", "housenumber": "6в", "street": "улица Алейская", "levels": "2", "area_m2": 862.3, "clat": 50.28440315, "clon": 82.2102271}, "geometry": {"type": "Polygon", "coordinates": [[[82.2100282, 50.2846881], [82.2102007, 50.2847147], [82.210426, 50.2841182], [82.2102535, 50.2840916], [82.2100282, 50.2846881]]]}}, {"type": "Feature", "properties": {"osm_id": 567061969, "building": "apartments", "housenumber": "8а", "street": "улица Алейская", "levels": "2", "area_m2": 1414.3, "clat": 50.28453566421252, "clon": 82.20951712287237}, "geometry": {"type": "Polygon", "coordinates": [[[82.2094408, 50.284976], [82.2096444, 50.2849712], [82.2095935, 50.2840954], [82.2093898, 50.2841002], [82.2094408, 50.284976]]]}}, {"type": "Feature", "properties": {"osm_id": 567888296, "building": "yes", "housenumber": "36", "street": "Горноспасательная улица", "levels": "1", "area_m2": 117.4, "clat": 50.2818191820908, "clon": 82.20735164253406}, "geometry": {"type": "Polygon", "coordinates": [[[82.2073198, 50.281885], [82.2074559, 50.2818365], [82.2073835, 50.2817534], [82.2072474, 50.2818018], [82.2073198, 50.281885]]]}}, {"type": "Feature", "properties": {"osm_id": 567888297, "building": "yes", "housenumber": null, "street": null, "levels": "1", "area_m2": 50.7, "clat": 50.2819896, "clon": 82.2066627}, "geometry": {"type": "Polygon", "coordinates": [[[82.2066506, 50.2820345], [82.2067298, 50.2820051], [82.2066748, 50.2819447], [82.2065956, 50.2819741], [82.2066506, 50.2820345]]]}}, {"type": "Feature", "properties": {"osm_id": 567888298, "building": "yes", "housenumber": "40", "street": "Горноспасательная улица", "levels": "1", "area_m2": 72.3, "clat": 50.282052897374605, "clon": 82.20648081812094}, "geometry": {"type": "Polygon", "coordinates": [[[82.2063991, 50.2820388], [82.2064526, 50.2821039], [82.2065625, 50.282067], [82.2065091, 50.2820019], [82.2063991, 50.2820388]]]}}, {"type": "Feature", "properties": {"osm_id": 567888299, "building": "yes", "housenumber": "29", "street": "улица Калинина", "levels": "1", "area_m2": 54.3, "clat": 50.28311435, "clon": 82.2058603}, "geometry": {"type": "Polygon", "coordinates": [[[82.2058292, 50.2831567], [82.2059271, 50.2831336], [82.2058914, 50.283072], [82.2057935, 50.2830951], [82.2058292, 50.2831567]]]}}, {"type": "Feature", "properties": {"osm_id": 567888300, "building": "yes", "housenumber": "31", "street": "улица Калинина", "levels": "1", "area_m2": 93.8, "clat": 50.28318320187813, "clon": 82.20562038186532}, "geometry": {"type": "Polygon", "coordinates": [[[82.2055241, 50.2831713], [82.2055765, 50.2832393], [82.2057167, 50.2831951], [82.2056642, 50.2831271], [82.2055241, 50.2831713]]]}}, {"type": "Feature", "properties": {"osm_id": 567888301, "building": "yes", "housenumber": "33", "street": "улица Калинина", "levels": "1", "area_m2": 96.6, "clat": 50.283341001402526, "clon": 82.20521198218793}, "geometry": {"type": "Polygon", "coordinates": [[[82.2051124, 50.283332], [82.2051654, 50.283398], [82.2053116, 50.28335], [82.2052585, 50.283284], [82.2051124, 50.283332]]]}}, {"type": "Feature", "properties": {"osm_id": 567888302, "building": "yes", "housenumber": "35", "street": "улица Калинина", "levels": "1", "area_m2": 77.0, "clat": 50.2833857, "clon": 82.2049774}, "geometry": {"type": "Polygon", "coordinates": [[[82.2049353, 50.2834361], [82.2050654, 50.2833958], [82.2050195, 50.2833353], [82.2048894, 50.2833756], [82.2049353, 50.2834361]]]}}, {"type": "Feature", "properties": {"osm_id": 567888303, "building": "house", "housenumber": "37", "street": "улица Калинина", "levels": "1", "area_m2": 85.5, "clat": 50.28350955446056, "clon": 82.20458968130151}, "geometry": {"type": "Polygon", "coordinates": [[[82.2045638, 50.2835663], [82.2046732, 50.283535], [82.2046155, 50.2834528], [82.2045062, 50.2834841], [82.2045638, 50.2835663]]]}}, {"type": "Feature", "properties": {"osm_id": 567888304, "building": "yes", "housenumber": "39", "street": "улица Калинина", "levels": "1", "area_m2": 72.6, "clat": 50.28366465, "clon": 82.20402535}, "geometry": {"type": "Polygon", "coordinates": [[[82.2039912, 50.2837142], [82.2041024, 50.2836871], [82.2040595, 50.2836151], [82.2039483, 50.2836422], [82.2039912, 50.2837142]]]}}, {"type": "Feature", "properties": {"osm_id": 567888305, "building": "yes", "housenumber": "41", "street": "улица Калинина", "levels": "1", "area_m2": 61.8, "clat": 50.283770071351235, "clon": 82.20367398959641}, "geometry": {"type": "Polygon", "coordinates": [[[82.2036492, 50.2838174], [82.2037484, 50.2837853], [82.2036987, 50.2837227], [82.2035996, 50.2837549], [82.2036492, 50.2838174]]]}}, {"type": "Feature", "properties": {"osm_id": 567888306, "building": "yes", "housenumber": "43", "street": "улица Калинина", "levels": "1", "area_m2": 58.9, "clat": 50.2838687, "clon": 82.20330609999999}, "geometry": {"type": "Polygon", "coordinates": [[[82.2032254, 50.2838671], [82.2032674, 50.283914], [82.2033868, 50.2838703], [82.2033448, 50.2838234], [82.2032254, 50.2838671]]]}}, {"type": "Feature", "properties": {"osm_id": 567888307, "building": "yes", "housenumber": "45", "street": "улица Калинина", "levels": "1", "area_m2": 82.9, "clat": 50.28395355, "clon": 82.20306005}, "geometry": {"type": "Polygon", "coordinates": [[[82.2030155, 50.2840051], [82.2031496, 50.2839674], [82.2031046, 50.283902], [82.2029705, 50.2839397], [82.2030155, 50.2840051]]]}}, {"type": "Feature", "properties": {"osm_id": 567888308, "building": "yes", "housenumber": "47", "street": "улица Калинина", "levels": "1", "area_m2": 83.0, "clat": 50.28408615, "clon": 82.2026561}, "geometry": {"type": "Polygon", "coordinates": [[[82.2026414, 50.2841456], [82.2027365, 50.2841175], [82.2026708, 50.2840267], [82.2025757, 50.2840548], [82.2026414, 50.2841456]]]}}, {"type": "Feature", "properties": {"osm_id": 567888312, "building": "yes", "housenumber": "26", "street": "улица Калинина", "levels": "1", "area_m2": 99.5, "clat": 50.28314400435382, "clon": 82.20754188178088}, "geometry": {"type": "Polygon", "coordinates": [[[82.2075196, 50.2832064], [82.2076332, 50.2831703], [82.2075641, 50.2830816], [82.2074506, 50.2831177], [82.2075196, 50.2832064]]]}}, {"type": "Feature", "properties": {"osm_id": 567888313, "building": "yes", "housenumber": "28", "street": "улица Калинина", "levels": "1", "area_m2": 70.0, "clat": 50.2832016, "clon": 82.207312}, "geometry": {"type": "Polygon", "coordinates": [[[82.2072293, 50.283191], [82.207276, 50.2832504], [82.2073947, 50.2832122], [82.207348, 50.2831528], [82.2072293, 50.283191]]]}}, {"type": "Feature", "properties": {"osm_id": 567888314, "building": "yes", "housenumber": "30", "street": "улица Калинина", "levels": "1", "area_m2": 74.9, "clat": 50.283319500000005, "clon": 82.2069284}, "geometry": {"type": "Polygon", "coordinates": [[[82.2068424, 50.2833084], [82.2068877, 50.2833692], [82.2070144, 50.2833306], [82.2069691, 50.2832698], [82.2068424, 50.2833084]]]}}, {"type": "Feature", "properties": {"osm_id": 567888315, "building": "yes", "housenumber": "32", "street": "улица Калинина", "levels": "1", "area_m2": 80.4, "clat": 50.283430149999994, "clon": 82.20656364999999}, "geometry": {"type": "Polygon", "coordinates": [[[82.2064769, 50.2834155], [82.206527, 50.2834825], [82.2066504, 50.2834448], [82.2066003, 50.2833778], [82.2064769, 50.2834155]]]}}, {"type": "Feature", "properties": {"osm_id": 567888316, "building": "yes", "housenumber": "34", "street": "улица Калинина", "levels": "1", "area_m2": 72.7, "clat": 50.28352854862176, "clon": 82.20620791776732}, "geometry": {"type": "Polygon", "coordinates": [[[82.2061215, 50.2835209], [82.2061683, 50.2835782], [82.2062943, 50.2835362], [82.2062476, 50.2834789], [82.2061215, 50.2835209]]]}}, {"type": "Feature", "properties": {"osm_id": 567888317, "building": "yes", "housenumber": "36", "street": "улица Калинина", "levels": "1", "area_m2": 46.5, "clat": 50.28362395, "clon": 82.205881}, "geometry": {"type": "Polygon", "coordinates": [[[82.2058681, 50.2836675], [82.2059422, 50.2836447], [82.2058939, 50.2835804], [82.2058198, 50.2836032], [82.2058681, 50.2836675]]]}}, {"type": "Feature", "properties": {"osm_id": 567888318, "building": "yes", "housenumber": "38", "street": "улица Калинина", "levels": "1", "area_m2": 58.9, "clat": 50.28370683152847, "clon": 82.20561794438623}, "geometry": {"type": "Polygon", "coordinates": [[[82.2055998, 50.2837549], [82.205687, 50.283729], [82.2056361, 50.2836588], [82.2055489, 50.2836846], [82.2055998, 50.2837549]]]}}, {"type": "Feature", "properties": {"osm_id": 567888319, "building": "yes", "housenumber": "40", "street": "улица Калинина", "levels": "1", "area_m2": 78.9, "clat": 50.2838134, "clon": 82.2052657}, "geometry": {"type": "Polygon", "coordinates": [[[82.2051774, 50.2838028], [82.2052266, 50.2838651], [82.205354, 50.283824], [82.2053048, 50.2837617], [82.2051774, 50.2838028]]]}}, {"type": "Feature", "properties": {"osm_id": 567888320, "building": "yes", "housenumber": "42", "street": "улица Калинина", "levels": "1", "area_m2": 87.1, "clat": 50.28391884814488, "clon": 82.20490986822503}, "geometry": {"type": "Polygon", "coordinates": [[[82.2048166, 50.2839074], [82.204865, 50.2839723], [82.2050031, 50.2839303], [82.2049548, 50.2838654], [82.2048166, 50.2839074]]]}}, {"type": "Feature", "properties": {"osm_id": 567888321, "building": "yes", "housenumber": "44", "street": "улица Калинина", "levels": "1", "area_m2": 90.9, "clat": 50.28407203342275, "clon": 82.20435231811716}, "geometry": {"type": "Polygon", "coordinates": [[[82.2042534, 50.2840659], [82.2043024, 50.284127], [82.2044513, 50.2840781], [82.2044022, 50.2840171], [82.2042534, 50.2840659]]]}}, {"type": "Feature", "properties": {"osm_id": 567888322, "building": "yes", "housenumber": "46", "street": "улица Калинина", "levels": "1", "area_m2": 88.7, "clat": 50.2842872, "clon": 82.2036453}, "geometry": {"type": "Polygon", "coordinates": [[[82.2035459, 50.2842823], [82.2035918, 50.2843409], [82.2037447, 50.2842921], [82.2036988, 50.2842335], [82.2035459, 50.2842823]]]}}, {"type": "Feature", "properties": {"osm_id": 567888323, "building": "yes", "housenumber": null, "street": null, "levels": "1", "area_m2": 91.9, "clat": 50.284447199999995, "clon": 82.20312290000001}, "geometry": {"type": "Polygon", "coordinates": [[[82.2031094, 50.2845107], [82.2032068, 50.2844823], [82.2031364, 50.2843837], [82.203039, 50.2844121], [82.2031094, 50.2845107]]]}}, {"type": "Feature", "properties": {"osm_id": 567888324, "building": "yes", "housenumber": "48", "street": "улица Калинина", "levels": "1", "area_m2": 110.5, "clat": 50.284513280412256, "clon": 82.20275548386819}, "geometry": {"type": "Polygon", "coordinates": [[[82.2026514, 50.2844944], [82.2026906, 50.2845686], [82.2028596, 50.2845321], [82.2028204, 50.284458], [82.2026514, 50.2844944]]]}}, {"type": "Feature", "properties": {"osm_id": 567888325, "building": "yes", "housenumber": "50", "street": "улица Калинина", "levels": "1", "area_m2": 80.5, "clat": 50.2846184, "clon": 82.2023037}, "geometry": {"type": "Polygon", "coordinates": [[[82.2022592, 50.2846696], [82.2023939, 50.2846289], [82.2023482, 50.2845672], [82.2022135, 50.2846079], [82.2022592, 50.2846696]]]}}, {"type": "Feature", "properties": {"osm_id": 567888326, "building": "yes", "housenumber": "52", "street": "улица Калинина", "levels": "1", "area_m2": 130.9, "clat": 50.284753800000004, "clon": 82.20177580000001}, "geometry": {"type": "Polygon", "coordinates": [[[82.201665, 50.2847352], [82.2017283, 50.2848204], [82.2018866, 50.2847724], [82.2018233, 50.2846872], [82.201665, 50.2847352]]]}}, {"type": "Feature", "properties": {"osm_id": 567888327, "building": "yes", "housenumber": "27", "street": "улица Куйбышева", "levels": "1", "area_m2": 83.8, "clat": 50.28378633190535, "clon": 82.20766348618125}, "geometry": {"type": "Polygon", "coordinates": [[[82.2075706, 50.2837767], [82.2076163, 50.2838384], [82.2077564, 50.2837959], [82.2077107, 50.2837343], [82.2075706, 50.2837767]]]}}, {"type": "Feature", "properties": {"osm_id": 567888331, "building": "yes", "housenumber": "29", "street": "улица Куйбышева", "levels": "1", "area_m2": 80.0, "clat": 50.283879028270064, "clon": 82.20732156032967}, "geometry": {"type": "Polygon", "coordinates": [[[82.2072923, 50.2839327], [82.2074056, 50.2838975], [82.2073509, 50.2838254], [82.2072375, 50.2838605], [82.2072923, 50.2839327]]]}}, {"type": "Feature", "properties": {"osm_id": 567888332, "building": "yes", "housenumber": "31", "street": "улица Куйбышева", "levels": "1", "area_m2": 87.1, "clat": 50.283999098228094, "clon": 82.20694936830408}, "geometry": {"type": "Polygon", "coordinates": [[[82.2069007, 50.2840518], [82.2070435, 50.2840102], [82.2069981, 50.2839464], [82.2068552, 50.283988], [82.2069007, 50.2840518]]]}}, {"type": "Feature", "properties": {"osm_id": 567888333, "building": "yes", "housenumber": "33", "street": "улица Куйбышева", "levels": "1", "area_m2": 79.0, "clat": 50.284134149095735, "clon": 82.2065254674613}, "geometry": {"type": "Polygon", "coordinates": [[[82.2064333, 50.2841289], [82.2064802, 50.2841857], [82.2066176, 50.2841394], [82.2065708, 50.2840826], [82.2064333, 50.2841289]]]}}, {"type": "Feature", "properties": {"osm_id": 567888335, "building": "yes", "housenumber": "35", "street": "улица Куйбышева", "levels": "1", "area_m2": 68.6, "clat": 50.28420653251468, "clon": 82.2063121332367}, "geometry": {"type": "Polygon", "coordinates": [[[82.2062241, 50.2842022], [82.2062627, 50.2842533], [82.2064002, 50.2842108], [82.2063616, 50.2841598], [82.2062241, 50.2842022]]]}}, {"type": "Feature", "properties": {"osm_id": 567888337, "building": "yes", "housenumber": "37", "street": "улица Куйбышева", "levels": "1", "area_m2": 112.0, "clat": 50.2842994680911, "clon": 82.20597686121877}, "geometry": {"type": "Polygon", "coordinates": [[[82.2058721, 50.2842862], [82.2059314, 50.2843612], [82.2060816, 50.2843128], [82.2060223, 50.2842377], [82.2058721, 50.2842862]]]}}, {"type": "Feature", "properties": {"osm_id": 567888338, "building": "yes", "housenumber": "39", "street": "улица Куйбышева", "levels": "1", "area_m2": 97.5, "clat": 50.284394750000004, "clon": 82.20566495}, "geometry": {"type": "Polygon", "coordinates": [[[82.2056233, 50.284452], [82.2057601, 50.2844117], [82.2057066, 50.2843375], [82.2055698, 50.2843778], [82.2056233, 50.284452]]]}}, {"type": "Feature", "properties": {"osm_id": 567888341, "building": "yes", "housenumber": "41", "street": "улица Куйбышева", "levels": "1", "area_m2": 67.0, "clat": 50.2845222966316, "clon": 82.20524931783469}, "geometry": {"type": "Polygon", "coordinates": [[[82.2052317, 50.2845732], [82.2053266, 50.2845391], [82.205267, 50.2844714], [82.205172, 50.2845055], [82.2052317, 50.2845732]]]}}, {"type": "Feature", "properties": {"osm_id": 567888343, "building": "yes", "housenumber": "43", "street": "улица Куйбышева", "levels": "1", "area_m2": 57.6, "clat": 50.28467078150877, "clon": 82.20472798987126}, "geometry": {"type": "Polygon", "coordinates": [[[82.204655, 50.2846576], [82.2046977, 50.2847152], [82.204801, 50.2846839], [82.2047583, 50.2846264], [82.204655, 50.2846576]]]}}, {"type": "Feature", "properties": {"osm_id": 567888345, "building": "yes", "housenumber": "47", "street": "улица Куйбышева", "levels": "1", "area_m2": 96.8, "clat": 50.284934750000005, "clon": 82.2038926}, "geometry": {"type": "Polygon", "coordinates": [[[82.2038665, 50.2849957], [82.2039804, 50.2849638], [82.2039187, 50.2848738], [82.2038048, 50.2849057], [82.2038665, 50.2849957]]]}}, {"type": "Feature", "properties": {"osm_id": 567888347, "building": "yes", "housenumber": "49", "street": "улица Куйбышева", "levels": "1", "area_m2": 64.8, "clat": 50.28499746786437, "clon": 82.20365421437248}, "geometry": {"type": "Polygon", "coordinates": [[[82.2035714, 50.2849906], [82.2036116, 50.2850433], [82.203737, 50.2850044], [82.2036968, 50.2849516], [82.2035714, 50.2849906]]]}}, {"type": "Feature", "properties": {"osm_id": 567888349, "building": "yes", "housenumber": "53", "street": "улица Куйбышева", "levels": "1", "area_m2": 89.5, "clat": 50.2853029, "clon": 82.20270205}, "geometry": {"type": "Polygon", "coordinates": [[[82.202644, 50.2853552], [82.2028016, 50.2853106], [82.2027601, 50.2852506], [82.2026025, 50.2852952], [82.202644, 50.2853552]]]}}, {"type": "Feature", "properties": {"osm_id": 567888352, "building": "yes", "housenumber": null, "street": "улица Куйбышева", "levels": "1", "area_m2": 44.3, "clat": 50.28541724366415, "clon": 82.20243526880566}, "geometry": {"type": "Polygon", "coordinates": [[[82.2024208, 50.2854602], [82.202492, 50.285442], [82.2024498, 50.2853743], [82.2023785, 50.2853925], [82.2024208, 50.2854602]]]}}, {"type": "Feature", "properties": {"osm_id": 567888354, "building": "yes", "housenumber": "55", "street": "улица Куйбышева", "levels": "1", "area_m2": 68.3, "clat": 50.285454031476824, "clon": 82.20213399029943}, "geometry": {"type": "Polygon", "coordinates": [[[82.2021022, 50.2855026], [82.2022129, 50.2854691], [82.2021658, 50.2854055], [82.2020551, 50.2854389], [82.2021022, 50.2855026]]]}}, {"type": "Feature", "properties": {"osm_id": 567888356, "building": "yes", "housenumber": "57", "street": "улица Куйбышева", "levels": "1", "area_m2": 48.8, "clat": 50.28563055, "clon": 82.20154485}, "geometry": {"type": "Polygon", "coordinates": [[[82.2015296, 50.2856748], [82.201607, 50.2856523], [82.2015601, 50.2855863], [82.2014827, 50.2856088], [82.2015296, 50.2856748]]]}}, {"type": "Feature", "properties": {"osm_id": 567888358, "building": "yes", "housenumber": null, "street": null, "levels": "1", "area_m2": 51.3, "clat": 50.28419895, "clon": 82.20815415}, "geometry": {"type": "Polygon", "coordinates": [[[82.2081332, 50.2842476], [82.2082039, 50.2842381], [82.2081751, 50.2841503], [82.2081044, 50.2841598], [82.2081332, 50.2842476]]]}}, {"type": "Feature", "properties": {"osm_id": 567888360, "building": "yes", "housenumber": "24", "street": "улица Куйбышева", "levels": "1", "area_m2": 87.0, "clat": 50.28411225, "clon": 82.2077731}, "geometry": {"type": "Polygon", "coordinates": [[[82.2077322, 50.2841662], [82.2078643, 50.2841263], [82.207814, 50.2840583], [82.2076819, 50.2840982], [82.2077322, 50.2841662]]]}}, {"type": "Feature", "properties": {"osm_id": 567888362, "building": "yes", "housenumber": "26", "street": "улица Куйбышева", "levels": "1", "area_m2": 79.7, "clat": 50.28417858554102, "clon": 82.2075274753401}, "geometry": {"type": "Polygon", "coordinates": [[[82.2075042, 50.2842335], [82.2076102, 50.2841996], [82.2075507, 50.2841237], [82.2074448, 50.2841575], [82.2075042, 50.2842335]]]}}, {"type": "Feature", "properties": {"osm_id": 567888364, "building": "yes", "housenumber": "28", "street": "улица Куйбышева", "levels": "1", "area_m2": 59.9, "clat": 50.28426629729216, "clon": 82.20724176800616}, "geometry": {"type": "Polygon", "coordinates": [[[82.2072186, 50.2843132], [82.2073159, 50.2842794], [82.207265, 50.2842194], [82.2071676, 50.2842532], [82.2072186, 50.2843132]]]}}, {"type": "Feature", "properties": {"osm_id": 567888366, "building": "yes", "housenumber": "30", "street": "улица Куйбышева", "levels": "1", "area_m2": 71.9, "clat": 50.28434225, "clon": 82.2069798}, "geometry": {"type": "Polygon", "coordinates": [[[82.206951, 50.2843929], [82.207059, 50.2843607], [82.2070086, 50.2842916], [82.2069006, 50.2843238], [82.206951, 50.2843929]]]}}, {"type": "Feature", "properties": {"osm_id": 567888367, "building": "yes", "housenumber": "32", "street": "улица Куйбышева", "levels": "1", "area_m2": 70.0, "clat": 50.28442755, "clon": 82.2067258}, "geometry": {"type": "Polygon", "coordinates": [[[82.2067016, 50.2844785], [82.206803, 50.2844477], [82.20675, 50.2843766], [82.2066486, 50.2844074], [82.2067016, 50.2844785]]]}}, {"type": "Feature", "properties": {"osm_id": 567888369, "building": "yes", "housenumber": "34", "street": "улица Куйбышева", "levels": "1", "area_m2": 74.3, "clat": 50.28450015, "clon": 82.20647135}, "geometry": {"type": "Polygon", "coordinates": [[[82.2063851, 50.2844884], [82.2064255, 50.2845483], [82.2065576, 50.2845119], [82.2065172, 50.284452], [82.2063851, 50.2844884]]]}}, {"type": "Feature", "properties": {"osm_id": 567888370, "building": "yes", "housenumber": "38", "street": "улица Куйбышева", "levels": "1", "area_m2": 67.1, "clat": 50.28468855, "clon": 82.20580045}, "geometry": {"type": "Polygon", "coordinates": [[[82.2058124, 50.2847549], [82.205873, 50.2847366], [82.2057885, 50.2846222], [82.2057279, 50.2846405], [82.2058124, 50.2847549]]]}}, {"type": "Feature", "properties": {"osm_id": 567888372, "building": "yes", "housenumber": "40", "street": "улица Куйбышева", "levels": "1", "area_m2": 65.2, "clat": 50.284805299999995, "clon": 82.2054583}, "geometry": {"type": "Polygon", "coordinates": [[[82.2053812, 50.2847909], [82.2054401, 50.2848553], [82.2055354, 50.2848197], [82.2054765, 50.2847553], [82.2053812, 50.2847909]]]}}, {"type": "Feature", "properties": {"osm_id": 567888374, "building": "yes", "housenumber": "42", "street": "улица Куйбышева", "levels": "1", "area_m2": 66.4, "clat": 50.28495115, "clon": 82.204917}, "geometry": {"type": "Polygon", "coordinates": [[[82.2048917, 50.2850004], [82.2049923, 50.2849704], [82.2049423, 50.2849019], [82.2048417, 50.2849319], [82.2048917, 50.2850004]]]}}, {"type": "Feature", "properties": {"osm_id": 567888376, "building": "yes", "housenumber": "44", "street": "улица Куйбышева", "levels": "1", "area_m2": 80.1, "clat": 50.28511135, "clon": 82.20439130000001}, "geometry": {"type": "Polygon", "coordinates": [[[82.2043043, 50.2850977], [82.2043562, 50.285164], [82.2044783, 50.285125], [82.2044264, 50.2850587], [82.2043043, 50.2850977]]]}}, {"type": "Feature", "properties": {"osm_id": 567888377, "building": "yes", "housenumber": "46", "street": "улица Куйбышева", "levels": "1", "area_m2": 55.0, "clat": 50.2851986, "clon": 82.20412125}, "geometry": {"type": "Polygon", "coordinates": [[[82.2040502, 50.2851859], [82.2040964, 50.285243], [82.2041923, 50.2852113], [82.2041461, 50.2851542], [82.2040502, 50.2851859]]]}}, {"type": "Feature", "properties": {"osm_id": 567888379, "building": "yes", "housenumber": "48", "street": "улица Куйбышева", "levels": "1", "area_m2": 48.4, "clat": 50.285268117260856, "clon": 82.20389040182084}, "geometry": {"type": "Polygon", "coordinates": [[[82.2038852, 50.285314], [82.2039546, 50.2852891], [82.2038956, 50.2852222], [82.2038262, 50.2852472], [82.2038852, 50.285314]]]}}, {"type": "Feature", "properties": {"osm_id": 567888380, "building": "yes", "housenumber": "50", "street": "улица Куйбышева", "levels": "1", "area_m2": 90.6, "clat": 50.2853632, "clon": 82.2035983}, "geometry": {"type": "Polygon", "coordinates": [[[82.2035057, 50.2853483], [82.2035575, 50.2854184], [82.2036909, 50.2853781], [82.2036391, 50.285308], [82.2035057, 50.2853483]]]}}, {"type": "Feature", "properties": {"osm_id": 567888381, "building": "yes", "housenumber": "54", "street": "улица Куйбышева", "levels": "1", "area_m2": 42.0, "clat": 50.28560091875604, "clon": 82.20285870438003}, "geometry": {"type": "Polygon", "coordinates": [[[82.2028459, 50.2856435], [82.2029131, 50.2856269], [82.2028715, 50.2855583], [82.2028043, 50.285575], [82.2028459, 50.2856435]]]}}, {"type": "Feature", "properties": {"osm_id": 567888383, "building": "yes", "housenumber": "56", "street": "улица Куйбышева", "levels": "1", "area_m2": 48.0, "clat": 50.2856668690096, "clon": 82.2025657563051}, "geometry": {"type": "Polygon", "coordinates": [[[82.2025468, 50.2857099], [82.2026263, 50.2856894], [82.2025847, 50.2856238], [82.2025052, 50.2856444], [82.2025468, 50.2857099]]]}}, {"type": "Feature", "properties": {"osm_id": 567888385, "building": "yes", "housenumber": "58", "street": "улица Куйбышева", "levels": "1", "area_m2": 102.4, "clat": 50.2857293, "clon": 82.2023083}, "geometry": {"type": "Polygon", "coordinates": [[[82.2022605, 50.2857866], [82.2024057, 50.2857478], [82.2023561, 50.285672], [82.2022109, 50.2857108], [82.2022605, 50.2857866]]]}}, {"type": "Feature", "properties": {"osm_id": 567888386, "building": "yes", "housenumber": "60", "street": "улица Куйбышева", "levels": "1", "area_m2": 93.4, "clat": 50.28583736817808, "clon": 82.20203425360727}, "geometry": {"type": "Polygon", "coordinates": [[[82.2020191, 50.285901], [82.2021185, 50.2858727], [82.2020494, 50.2857737], [82.20195, 50.2858021], [82.2020191, 50.285901]]]}}, {"type": "Feature", "properties": {"osm_id": 567888387, "building": "yes", "housenumber": "62", "street": "улица Куйбышева", "levels": "1", "area_m2": 48.2, "clat": 50.28588145, "clon": 82.20179585000001}, "geometry": {"type": "Polygon", "coordinates": [[[82.2017636, 50.2859207], [82.2018615, 50.2858959], [82.2018281, 50.2858422], [82.2017302, 50.285867], [82.2017636, 50.2859207]]]}}, {"type": "Feature", "properties": {"osm_id": 567888388, "building": "yes", "housenumber": "64", "street": "улица Куйбышева", "levels": "1", "area_m2": 104.0, "clat": 50.28604106905606, "clon": 82.20125845902285}, "geometry": {"type": "Polygon", "coordinates": [[[82.2012205, 50.2861011], [82.2013521, 50.2860659], [82.2012964, 50.285981], [82.2011648, 50.2860163], [82.2012205, 50.2861011]]]}}, {"type": "Feature", "properties": {"osm_id": 567888389, "building": "yes", "housenumber": "66", "street": "улица Куйбышева", "levels": "1", "area_m2": 75.0, "clat": 50.286179499999996, "clon": 82.20080525}, "geometry": {"type": "Polygon", "coordinates": [[[82.2007973, 50.2862378], [82.2008822, 50.2862112], [82.2008132, 50.2861212], [82.2007283, 50.2861478], [82.2007973, 50.2862378]]]}}, {"type": "Feature", "properties": {"osm_id": 567888390, "building": "yes", "housenumber": null, "street": null, "levels": "1", "area_m2": 149.3, "clat": 50.2852889, "clon": 82.20556135}, "geometry": {"type": "Polygon", "coordinates": [[[82.20551, 50.2853599], [82.2056798, 50.2853087], [82.2056127, 50.2852179], [82.2054429, 50.2852691], [82.20551, 50.2853599]]]}}, {"type": "Feature", "properties": {"osm_id": 567888396, "building": "yes", "housenumber": "23", "street": "улица Алейская", "levels": "1", "area_m2": 84.0, "clat": 50.2850753, "clon": 82.20797435}, "geometry": {"type": "Polygon", "coordinates": [[[82.2078891, 50.2850544], [82.2079489, 50.2851313], [82.2080596, 50.2850962], [82.2079998, 50.2850193], [82.2078891, 50.2850544]]]}}, {"type": "Feature", "properties": {"osm_id": 567888397, "building": "yes", "housenumber": "25", "street": "улица Алейская", "levels": "1", "area_m2": 57.4, "clat": 50.2851431, "clon": 82.20775465}, "geometry": {"type": "Polygon", "coordinates": [[[82.2076826, 50.285129], [82.2077295, 50.2851885], [82.2078267, 50.2851572], [82.2077798, 50.2850977], [82.2076826, 50.285129]]]}}, {"type": "Feature", "properties": {"osm_id": 567888398, "building": "yes", "housenumber": "27", "street": "улица Алейская", "levels": "1", "area_m2": 110.0, "clat": 50.28522559631629, "clon": 82.20749191821155}, "geometry": {"type": "Polygon", "coordinates": [[[82.2073942, 50.2852018], [82.2074649, 50.2852901], [82.2075896, 50.2852494], [82.207519, 50.2851611], [82.2073942, 50.2852018]]]}}, {"type": "Feature", "properties": {"osm_id": 567888399, "building": "yes", "housenumber": "29", "street": "улица Алейская", "levels": "1", "area_m2": 71.6, "clat": 50.28533038231818, "clon": 82.20713884592652}, "geometry": {"type": "Polygon", "coordinates": [[[82.2070596, 50.2853106], [82.2071249, 50.285384], [82.2072181, 50.2853501], [82.2071528, 50.2852768], [82.2070596, 50.2853106]]]}}, {"type": "Feature", "properties": {"osm_id": 567888400, "building": "yes", "housenumber": "31", "street": "улица Алейская", "levels": "1", "area_m2": 75.3, "clat": 50.28542315, "clon": 82.2069105}, "geometry": {"type": "Polygon", "coordinates": [[[82.2068283, 50.2854057], [82.2068935, 50.2854774], [82.2069927, 50.2854406], [82.2069275, 50.2853689], [82.2068283, 50.2854057]]]}}, {"type": "Feature", "properties": {"osm_id": 567888401, "building": "yes", "housenumber": "37", "street": "улица Алейская", "levels": "1", "area_m2": 79.2, "clat": 50.285651550000004, "clon": 82.2061038}, "geometry": {"type": "Polygon", "coordinates": [[[82.2060142, 50.2856431], [82.2060646, 50.2857037], [82.2061934, 50.28566], [82.206143, 50.2855994], [82.2060142, 50.2856431]]]}}, {"type": "Feature", "properties": {"osm_id": 567888402, "building": "yes", "housenumber": "41", "street": "улица Алейская", "levels": "1", "area_m2": 75.8, "clat": 50.28591431788487, "clon": 82.20530281322833}, "geometry": {"type": "Polygon", "coordinates": [[[82.2052143, 50.2859062], [82.2052599, 50.2859644], [82.2053913, 50.2859225], [82.2053457, 50.2858642], [82.2052143, 50.2859062]]]}}, {"type": "Feature", "properties": {"osm_id": 567888403, "building": "yes", "housenumber": "45", "street": "улица Алейская", "levels": "1", "area_m2": 57.8, "clat": 50.28615255, "clon": 82.20448265}, "geometry": {"type": "Polygon", "coordinates": [[[82.2044639, 50.286201], [82.204547, 50.2861808], [82.2045014, 50.2861041], [82.2044183, 50.2861243], [82.2044639, 50.286201]]]}}, {"type": "Feature", "properties": {"osm_id": 567888404, "building": "yes", "housenumber": "47", "street": "улица Алейская", "levels": "1", "area_m2": 64.2, "clat": 50.286246135039725, "clon": 82.20416887364226}, "geometry": {"type": "Polygon", "coordinates": [[[82.2041434, 50.2862944], [82.2042433, 50.2862643], [82.2041943, 50.2861979], [82.2040945, 50.2862279], [82.2041434, 50.2862944]]]}}, {"type": "Feature", "properties": {"osm_id": 567888405, "building": "yes", "housenumber": "49", "street": "улица Алейская", "levels": "1", "area_m2": 68.8, "clat": 50.28632631379644, "clon": 82.20386787350458}, "geometry": {"type": "Polygon", "coordinates": [[[82.2038497, 50.2863783], [82.2039437, 50.2863485], [82.2038861, 50.2862743], [82.203792, 50.2863042], [82.2038497, 50.2863783]]]}}, {"type": "Feature", "properties": {"osm_id": 567888406, "building": "yes", "housenumber": "53", "street": "улица Алейская", "levels": "1", "area_m2": 81.9, "clat": 50.2864973566537, "clon": 82.20326908045527}, "geometry": {"type": "Polygon", "coordinates": [[[82.2032442, 50.2865548], [82.2033436, 50.2865333], [82.2032939, 50.2864399], [82.2031946, 50.2864614], [82.2032442, 50.2865548]]]}}, {"type": "Feature", "properties": {"osm_id": 567888407, "building": "yes", "housenumber": "55", "street": "улица Алейская", "levels": "1", "area_m2": 104.8, "clat": 50.2866009934016, "clon": 82.20291121941432}, "geometry": {"type": "Polygon", "coordinates": [[[82.2028841, 50.2866662], [82.202996, 50.2866412], [82.2029384, 50.2865358], [82.2028264, 50.2865608], [82.2028841, 50.2866662]]]}}, {"type": "Feature", "properties": {"osm_id": 567888408, "building": "yes", "housenumber": "57", "street": "улица Алейская", "levels": "1", "area_m2": 70.3, "clat": 50.286727000000006, "clon": 82.20256695}, "geometry": {"type": "Polygon", "coordinates": [[[82.2025488, 50.2867802], [82.2026414, 50.2867535], [82.2025851, 50.2866738], [82.2024925, 50.2867005], [82.2025488, 50.2867802]]]}}, {"type": "Feature", "properties": {"osm_id": 567888409, "building": "yes", "housenumber": "59", "street": "улица Алейская", "levels": "1", "area_m2": 68.1, "clat": 50.286834850000005, "clon": 82.2021007}, "geometry": {"type": "Polygon", "coordinates": [[[82.2021063, 50.286895], [82.2021756, 50.2868715], [82.2020951, 50.2867747], [82.2020258, 50.2867982], [82.2021063, 50.286895]]]}}, {"type": "Feature", "properties": {"osm_id": 567888410, "building": "yes", "housenumber": "61", "street": "улица Алейская", "levels": "1", "area_m2": 86.9, "clat": 50.286911181425445, "clon": 82.2018831451422}, "geometry": {"type": "Polygon", "coordinates": [[[82.2018635, 50.2869709], [82.2019645, 50.2869431], [82.2019028, 50.2868515], [82.2018018, 50.2868792], [82.2018635, 50.2869709]]]}}, {"type": "Feature", "properties": {"osm_id": 567888411, "building": "yes", "housenumber": "65", "street": "улица Алейская", "levels": "1", "area_m2": 83.0, "clat": 50.28715730281011, "clon": 82.20103478125246}, "geometry": {"type": "Polygon", "coordinates": [[[82.2009958, 50.2872099], [82.201122, 50.2871741], [82.2010737, 50.2871047], [82.2009476, 50.2871405], [82.2009958, 50.2872099]]]}}, {"type": "Feature", "properties": {"osm_id": 567888412, "building": "yes", "housenumber": "69", "street": "улица Алейская", "levels": "1", "area_m2": 105.7, "clat": 50.287341299999994, "clon": 82.20023965}, "geometry": {"type": "Polygon", "coordinates": [[[82.2002133, 50.2874049], [82.2003331, 50.287369], [82.200266, 50.2872777], [82.2001462, 50.2873136], [82.2002133, 50.2874049]]]}}, {"type": "Feature", "properties": {"osm_id": 567888413, "building": "yes", "housenumber": "4", "street": "улица Алейская", "levels": "1", "area_m2": 68.6, "clat": 50.2854606, "clon": 82.20813635}, "geometry": {"type": "Polygon", "coordinates": [[[82.2080621, 50.2854362], [82.2081167, 50.2855125], [82.2082106, 50.285485], [82.208156, 50.2854087], [82.2080621, 50.2854362]]]}}, {"type": "Feature", "properties": {"osm_id": 567888414, "building": "yes", "housenumber": "6", "street": "улица Алейская", "levels": "1", "area_m2": 84.1, "clat": 50.285498254500475, "clon": 82.20790388074464}, "geometry": {"type": "Polygon", "coordinates": [[[82.2078723, 50.2855531], [82.2079857, 50.2855244], [82.2079354, 50.2854434], [82.2078221, 50.2854721], [82.2078723, 50.2855531]]]}}, {"type": "Feature", "properties": {"osm_id": 567888415, "building": "yes", "housenumber": "8", "street": "улица Алейская", "levels": "1", "area_m2": 53.8, "clat": 50.285585794282674, "clon": 82.20759792012954}, "geometry": {"type": "Polygon", "coordinates": [[[82.2075713, 50.2856298], [82.2076591, 50.2856123], [82.2076246, 50.2855418], [82.2075367, 50.2855593], [82.2075713, 50.2856298]]]}}, {"type": "Feature", "properties": {"osm_id": 567888416, "building": "yes", "housenumber": "10", "street": "улица Алейская", "levels": "1", "area_m2": 96.5, "clat": 50.285706731026366, "clon": 82.20719969065934}, "geometry": {"type": "Polygon", "coordinates": [[[82.2071622, 50.2857644], [82.2072908, 50.2857292], [82.2072372, 50.2856491], [82.2071086, 50.2856842], [82.2071622, 50.2857644]]]}}, {"type": "Feature", "properties": {"osm_id": 567888417, "building": "yes", "housenumber": "12", "street": "улица Алейская", "levels": "1", "area_m2": 53.4, "clat": 50.28580705, "clon": 82.2068635}, "geometry": {"type": "Polygon", "coordinates": [[[82.2068471, 50.2858539], [82.2069262, 50.2858335], [82.2068799, 50.2857602], [82.2068008, 50.2857806], [82.2068471, 50.2858539]]]}}, {"type": "Feature", "properties": {"osm_id": 567888418, "building": "yes", "housenumber": "14", "street": "улица Алейская", "levels": "1", "area_m2": 65.6, "clat": 50.285889075204224, "clon": 82.20660576529568}, "geometry": {"type": "Polygon", "coordinates": [[[82.206597, 50.2859439], [82.2066762, 50.2859208], [82.2066146, 50.2858343], [82.2065353, 50.2858573], [82.206597, 50.2859439]]]}}, {"type": "Feature", "properties": {"osm_id": 567888419, "building": "yes", "housenumber": "16", "street": "улица Алейская", "levels": "1", "area_m2": 105.0, "clat": 50.2860186959634, "clon": 82.20620026807948}, "geometry": {"type": "Polygon", "coordinates": [[[82.2061779, 50.2860827], [82.2062951, 50.2860438], [82.2062227, 50.2859547], [82.2061054, 50.2859936], [82.2061779, 50.2860827]]]}}, {"type": "Feature", "properties": {"osm_id": 567888420, "building": "yes", "housenumber": "18", "street": "улица Алейская", "levels": "1", "area_m2": 72.8, "clat": 50.286101200000004, "clon": 82.20585084999999}, "geometry": {"type": "Polygon", "coordinates": [[[82.2058426, 50.2861564], [82.2059309, 50.2861227], [82.2058591, 50.286046], [82.2057708, 50.2860797], [82.2058426, 50.2861564]]]}}, {"type": "Feature", "properties": {"osm_id": 567888421, "building": "yes", "housenumber": "20", "street": "улица Алейская", "levels": "1", "area_m2": 78.9, "clat": 50.286189325422335, "clon": 82.20555886379671}, "geometry": {"type": "Polygon", "coordinates": [[[82.2055402, 50.2862464], [82.2056359, 50.2862205], [82.2055776, 50.2861323], [82.2054818, 50.2861581], [82.2055402, 50.2862464]]]}}, {"type": "Feature", "properties": {"osm_id": 567888422, "building": "yes", "housenumber": "22", "street": "улица Алейская", "levels": "1", "area_m2": 87.4, "clat": 50.28626016795002, "clon": 82.20531555569409}, "geometry": {"type": "Polygon", "coordinates": [[[82.2052277, 50.2862404], [82.2052941, 50.2863181], [82.2054034, 50.28628], [82.205337, 50.2862022], [82.2052277, 50.2862404]]]}}, {"type": "Feature", "properties": {"osm_id": 567888423, "building": "yes", "housenumber": "24", "street": "улица Алейская", "levels": "1", "area_m2": 77.7, "clat": 50.286341853368455, "clon": 82.20504238188437}, "geometry": {"type": "Polygon", "coordinates": [[[82.2050191, 50.2863959], [82.2051253, 50.2863602], [82.2050656, 50.2862878], [82.2049595, 50.2863235], [82.2050191, 50.2863959]]]}}, {"type": "Feature", "properties": {"osm_id": 567888424, "building": "yes", "housenumber": "26", "street": "улица Алейская", "levels": "1", "area_m2": 95.0, "clat": 50.28641596778982, "clon": 82.20476806117995}, "geometry": {"type": "Polygon", "coordinates": [[[82.2046705, 50.2864062], [82.2047268, 50.2864733], [82.2048656, 50.2864258], [82.2048093, 50.2863586], [82.2046705, 50.2864062]]]}}, {"type": "Feature", "properties": {"osm_id": 567888425, "building": "yes", "housenumber": "28", "street": "улица Алейская", "levels": "1", "area_m2": 56.6, "clat": 50.2865212, "clon": 82.20442115}, "geometry": {"type": "Polygon", "coordinates": [[[82.2043774, 50.2865621], [82.2044968, 50.2865321], [82.2044649, 50.2864803], [82.2043455, 50.2865103], [82.2043774, 50.2865621]]]}}, {"type": "Feature", "properties": {"osm_id": 567888427, "building": "yes", "housenumber": "30", "street": "улица Алейская", "levels": "1", "area_m2": 65.9, "clat": 50.286582949999996, "clon": 82.2042081}, "geometry": {"type": "Polygon", "coordinates": [[[82.2041622, 50.2866273], [82.2042889, 50.2865956], [82.204254, 50.2865386], [82.2041273, 50.2865703], [82.2041622, 50.2866273]]]}}, {"type": "Feature", "properties": {"osm_id": 567888428, "building": "yes", "housenumber": "32", "street": "улица Алейская", "levels": "1", "area_m2": 72.9, "clat": 50.28665035242377, "clon": 82.20396263180379}, "geometry": {"type": "Polygon", "coordinates": [[[82.2038799, 50.2866371], [82.2039307, 50.2867009], [82.2040454, 50.2866636], [82.2039945, 50.2865998], [82.2038799, 50.2866371]]]}}, {"type": "Feature", "properties": {"osm_id": 567888429, "building": "yes", "housenumber": "36", "street": "улица Алейская", "levels": "1", "area_m2": 89.2, "clat": 50.28683369814254, "clon": 82.20333671861181}, "geometry": {"type": "Polygon", "coordinates": [[[82.2032824, 50.2868856], [82.2034326, 50.2868458], [82.2033911, 50.2867818], [82.2032408, 50.2868216], [82.2032824, 50.2868856]]]}}, {"type": "Feature", "properties": {"osm_id": 567888430, "building": "yes", "housenumber": "38", "street": "улица Алейская", "levels": "1", "area_m2": 104.3, "clat": 50.2869636, "clon": 82.20302224999999}, "geometry": {"type": "Polygon", "coordinates": [[[82.2029901, 50.2870257], [82.2031121, 50.2869949], [82.2030544, 50.2869015], [82.2029324, 50.2869323], [82.2029901, 50.2870257]]]}}, {"type": "Feature", "properties": {"osm_id": 567888431, "building": "yes", "housenumber": "40", "street": "улица Алейская", "levels": "1", "area_m2": 88.8, "clat": 50.2870041, "clon": 82.202812}, "geometry": {"type": "Polygon", "coordinates": [[[82.2027829, 50.2870617], [82.2028941, 50.2870343], [82.2028411, 50.2869465], [82.2027299, 50.2869739], [82.2027829, 50.2870617]]]}}, {"type": "Feature", "properties": {"osm_id": 567888432, "building": "yes", "housenumber": "42", "street": "улица Алейская", "levels": "1", "area_m2": 83.6, "clat": 50.287112400179105, "clon": 82.20236826644036}, "geometry": {"type": "Polygon", "coordinates": [[[82.2022645, 50.2871135], [82.2023031, 50.287164], [82.202472, 50.2871113], [82.2024335, 50.2870608], [82.2022645, 50.2871135]]]}}, {"type": "Feature", "properties": {"osm_id": 567888433, "building": "yes", "housenumber": "46", "street": "улица Алейская", "levels": "1", "area_m2": 67.2, "clat": 50.287347249999996, "clon": 82.20161214999999}, "geometry": {"type": "Polygon", "coordinates": [[[82.2015785, 50.2873955], [82.2016934, 50.2873569], [82.2016458, 50.287299], [82.2015309, 50.2873376], [82.2015785, 50.2873955]]]}}, {"type": "Feature", "properties": {"osm_id": 567888434, "building": "yes", "housenumber": "48", "street": "улица Алейская", "levels": "1", "area_m2": 88.4, "clat": 50.28743235, "clon": 82.20122965}, "geometry": {"type": "Polygon", "coordinates": [[[82.2011816, 50.2874841], [82.2013177, 50.2874537], [82.2012777, 50.2873806], [82.2011416, 50.287411], [82.2011816, 50.2874841]]]}}, {"type": "Feature", "properties": {"osm_id": 567888435, "building": "yes", "housenumber": "50", "street": "улица Алейская", "levels": "1", "area_m2": 85.9, "clat": 50.28750389655586, "clon": 82.20100431890472}, "geometry": {"type": "Polygon", "coordinates": [[[82.200969, 50.2875583], [82.2010906, 50.2875245], [82.2010397, 50.2874495], [82.200918, 50.2874833], [82.200969, 50.2875583]]]}}, {"type": "Feature", "properties": {"osm_id": 567888436, "building": "yes", "housenumber": "52", "street": "улица Алейская", "levels": "1", "area_m2": 109.2, "clat": 50.28758898330841, "clon": 82.2007008666173}, "geometry": {"type": "Polygon", "coordinates": [[[82.2007826, 50.2876302], [82.2007571, 50.287533], [82.2006192, 50.2875477], [82.2006446, 50.287645], [82.2007826, 50.2876302]]]}}, {"type": "Feature", "properties": {"osm_id": 567888437, "building": "yes", "housenumber": "54", "street": "улица Алейская", "levels": "1", "area_m2": 100.6, "clat": 50.28767083082546, "clon": 82.20037294267088}, "geometry": {"type": "Polygon", "coordinates": [[[82.2003414, 50.2877318], [82.2004615, 50.2877011], [82.2004045, 50.2876099], [82.2002844, 50.2876405], [82.2003414, 50.2877318]]]}}, {"type": "Feature", "properties": {"osm_id": 567888438, "building": "yes", "housenumber": "56", "street": "улица Алейская", "levels": "1", "area_m2": 91.2, "clat": 50.2877366, "clon": 82.2000452}, "geometry": {"type": "Polygon", "coordinates": [[[82.2000128, 50.2877939], [82.2001299, 50.2877646], [82.2000776, 50.2876793], [82.1999605, 50.2877086], [82.2000128, 50.2877939]]]}}, {"type": "Feature", "properties": {"osm_id": 567888439, "building": "yes", "housenumber": "58", "street": "улица Алейская", "levels": "1", "area_m2": 100.6, "clat": 50.28782339512, "clon": 82.19972806965525}, "geometry": {"type": "Polygon", "coordinates": [[[82.1996916, 50.287883], [82.1998155, 50.2878546], [82.1997646, 50.2877638], [82.1996406, 50.2877922], [82.1996916, 50.287883]]]}}, {"type": "Feature", "properties": {"osm_id": 567888440, "building": "yes", "housenumber": "1", "street": "улица Степная", "levels": "1", "area_m2": 52.1, "clat": 50.2863809, "clon": 82.20777445}, "geometry": {"type": "Polygon", "coordinates": [[[82.2076993, 50.2863758], [82.2077349, 50.286422], [82.2078496, 50.286386], [82.207814, 50.2863398], [82.2076993, 50.2863758]]]}}, {"type": "Feature", "properties": {"osm_id": 567888441, "building": "yes", "housenumber": "2", "street": "улица Степная", "levels": "1", "area_m2": 96.9, "clat": 50.28648588194221, "clon": 82.20750589402043}, "geometry": {"type": "Polygon", "coordinates": [[[82.2074821, 50.2865467], [82.2075981, 50.2865073], [82.2075297, 50.2864251], [82.2074137, 50.2864644], [82.2074821, 50.2865467]]]}}, {"type": "Feature", "properties": {"osm_id": 567888442, "building": "yes", "housenumber": "3", "street": "улица Степная", "levels": "1", "area_m2": 81.3, "clat": 50.28655593359408, "clon": 82.20726822080039}, "geometry": {"type": "Polygon", "coordinates": [[[82.2071763, 50.2865501], [82.2072287, 50.2866093], [82.2073602, 50.2865617], [82.2073077, 50.2865026], [82.2071763, 50.2865501]]]}}, {"type": "Feature", "properties": {"osm_id": 567888443, "building": "yes", "housenumber": "4", "street": "улица Степная", "levels": "1", "area_m2": 83.6, "clat": 50.28664879744393, "clon": 82.2070223180143}, "geometry": {"type": "Polygon", "coordinates": [[[82.2069933, 50.2867039], [82.2071104, 50.2866635], [82.2070514, 50.2865937], [82.2069342, 50.2866341], [82.2069933, 50.2867039]]]}}, {"type": "Feature", "properties": {"osm_id": 567888444, "building": "yes", "housenumber": "5", "street": "улица Степная", "levels": "1", "area_m2": 97.5, "clat": 50.2867367, "clon": 82.20676985}, "geometry": {"type": "Polygon", "coordinates": [[[82.2067472, 50.2867982], [82.2068609, 50.2867613], [82.2067925, 50.2866752], [82.2066788, 50.2867121], [82.2067472, 50.2867982]]]}}, {"type": "Feature", "properties": {"osm_id": 567888445, "building": "yes", "housenumber": "6", "street": "улица Степная", "levels": "1", "area_m2": 63.8, "clat": 50.286838196663055, "clon": 82.20647296751415}, "geometry": {"type": "Polygon", "coordinates": [[[82.2064602, 50.2868886], [82.2065488, 50.2868542], [82.2064858, 50.2867878], [82.2063971, 50.2868222], [82.2064602, 50.2868886]]]}}, {"type": "Feature", "properties": {"osm_id": 567888446, "building": "yes", "housenumber": "7", "street": "улица Степная", "levels": "1", "area_m2": 88.5, "clat": 50.28695231777751, "clon": 82.20612911254135}, "geometry": {"type": "Polygon", "coordinates": [[[82.2060337, 50.2869439], [82.206085, 50.287007], [82.2062245, 50.2869608], [82.2061732, 50.2868976], [82.2060337, 50.2869439]]]}}, {"type": "Feature", "properties": {"osm_id": 567888447, "building": "yes", "housenumber": "8", "street": "улица Степная", "levels": "1", "area_m2": 91.5, "clat": 50.28707480212642, "clon": 82.20580698189244}, "geometry": {"type": "Polygon", "coordinates": [[[82.2057688, 50.2871311], [82.2059008, 50.2870879], [82.2058451, 50.2870185], [82.2057132, 50.2870617], [82.2057688, 50.2871311]]]}}, {"type": "Feature", "properties": {"osm_id": 567888448, "building": "yes", "housenumber": "9", "street": "улица Степная", "levels": "1", "area_m2": 85.0, "clat": 50.287145100000004, "clon": 82.2055744}, "geometry": {"type": "Polygon", "coordinates": [[[82.2054791, 50.2871414], [82.2055322, 50.2871998], [82.2056697, 50.2871488], [82.2056166, 50.2870904], [82.2054791, 50.2871414]]]}}, {"type": "Feature", "properties": {"osm_id": 567888449, "building": "yes", "housenumber": "10", "street": "улица Степная", "levels": "1", "area_m2": 102.5, "clat": 50.287241304977755, "clon": 82.20531878173223}, "geometry": {"type": "Polygon", "coordinates": [[[82.2052981, 50.2873055], [82.2054099, 50.2872714], [82.2053394, 50.2871771], [82.2052277, 50.2872112], [82.2052981, 50.2873055]]]}}, {"type": "Feature", "properties": {"osm_id": 567888450, "building": "yes", "housenumber": "11", "street": "улица Степная", "levels": "1", "area_m2": 93.3, "clat": 50.28731425, "clon": 82.2050645}, "geometry": {"type": "Polygon", "coordinates": [[[82.2051499, 50.2873432], [82.2050956, 50.2872558], [82.2049791, 50.2872853], [82.2050334, 50.2873727], [82.2051499, 50.2873432]]]}}, {"type": "Feature", "properties": {"osm_id": 567888451, "building": "yes", "housenumber": "12", "street": "улица Степная", "levels": "1", "area_m2": 85.0, "clat": 50.2873615, "clon": 82.2048287}, "geometry": {"type": "Polygon", "coordinates": [[[82.2047918, 50.2874156], [82.2049058, 50.287394], [82.2048656, 50.2873074], [82.2047516, 50.287329], [82.2047918, 50.2874156]]]}}, {"type": "Feature", "properties": {"osm_id": 567888452, "building": "yes", "housenumber": "13", "street": "улица Степная", "levels": "1", "area_m2": 102.9, "clat": 50.28741575, "clon": 82.20457405}, "geometry": {"type": "Polygon", "coordinates": [[[82.2044887, 50.2873809], [82.204531, 50.2874743], [82.2046594, 50.2874506], [82.2046171, 50.2873572], [82.2044887, 50.2873809]]]}}, {"type": "Feature", "properties": {"osm_id": 567888453, "building": "yes", "housenumber": "14", "street": "улица Степная", "levels": "1", "area_m2": 64.2, "clat": 50.28745475, "clon": 82.20430035}, "geometry": {"type": "Polygon", "coordinates": [[[82.2042333, 50.2874272], [82.2042608, 50.287499], [82.2043674, 50.2874823], [82.2043399, 50.2874105], [82.2042333, 50.2874272]]]}}, {"type": "Feature", "properties": {"osm_id": 567888454, "building": "yes", "housenumber": "15", "street": "улица Степная", "levels": "1", "area_m2": 104.9, "clat": 50.28749742270793, "clon": 82.20395219351364}, "geometry": {"type": "Polygon", "coordinates": [[[82.2038551, 50.2874756], [82.2038984, 50.2875535], [82.2040493, 50.2875193], [82.2040059, 50.2874413], [82.2038551, 50.2874756]]]}}, {"type": "Feature", "properties": {"osm_id": 567888455, "building": "yes", "housenumber": "16", "street": "улица Степная", "levels": "1", "area_m2": 77.8, "clat": 50.287560646281634, "clon": 82.20361166913355}, "geometry": {"type": "Polygon", "coordinates": [[[82.2035775, 50.2876122], [82.2036928, 50.2875819], [82.2036459, 50.2875091], [82.2035305, 50.2875394], [82.2035775, 50.2876122]]]}}, {"type": "Feature", "properties": {"osm_id": 567888456, "building": "yes", "housenumber": "17", "street": "улица Степная", "levels": "1", "area_m2": 59.2, "clat": 50.2876634, "clon": 82.2032878}, "geometry": {"type": "Polygon", "coordinates": [[[82.2032891, 50.2877181], [82.2033569, 50.2876957], [82.2032865, 50.2876087], [82.2032187, 50.2876311], [82.2032891, 50.2877181]]]}}, {"type": "Feature", "properties": {"osm_id": 567888457, "building": "yes", "housenumber": "19", "street": "улица Степная", "levels": "1", "area_m2": 53.5, "clat": 50.287931150000006, "clon": 82.2026082}, "geometry": {"type": "Polygon", "coordinates": [[[82.202581, 50.2879743], [82.2026743, 50.2879506], [82.2026354, 50.287888], [82.2025421, 50.2879117], [82.202581, 50.2879743]]]}}, {"type": "Feature", "properties": {"osm_id": 567905577, "building": "garages", "housenumber": null, "street": null, "levels": "1", "area_m2": 217.9, "clat": 50.28344793717983, "clon": 82.21447291455756}, "geometry": {"type": "Polygon", "coordinates": [[[82.2144927, 50.283568], [82.214602, 50.2835361], [82.2144532, 50.2833279], [82.2143438, 50.2833598], [82.2144927, 50.283568]]]}}, {"type": "Feature", "properties": {"osm_id": 567905578, "building": "garages", "housenumber": null, "street": null, "levels": "1", "area_m2": 376.2, "clat": 50.28305652782891, "clon": 82.21418091823989}, "geometry": {"type": "Polygon", "coordinates": [[[82.2143304, 50.2833307], [82.2143894, 50.2833127], [82.214242, 50.2831149], [82.2142852, 50.2831017], [82.2140879, 50.2828368], [82.2139858, 50.2828679], [82.2143304, 50.2833307]]]}}, {"type": "Feature", "properties": {"osm_id": 567905579, "building": "garages", "housenumber": null, "street": null, "levels": "1", "area_m2": 730.6, "clat": 50.282596415526875, "clon": 82.21377904785459}, "geometry": {"type": "Polygon", "coordinates": [[[82.2138034, 50.2827985], [82.2140229, 50.282726], [82.2137547, 50.2823943], [82.2135352, 50.2824669], [82.2138034, 50.2827985]]]}}, {"type": "Feature", "properties": {"osm_id": 567905581, "building": "yes", "housenumber": null, "street": null, "levels": "1", "area_m2": 193.5, "clat": 50.282372556662104, "clon": 82.21305017981227}, "geometry": {"type": "Polygon", "coordinates": [[[82.2129136, 50.2823503], [82.2129698, 50.2824329], [82.2130092, 50.2824219], [82.2130307, 50.2824535], [82.2131376, 50.2824237], [82.2131161, 50.2823922], [82.2131777, 50.282375], [82.2131214, 50.2822925], [82.2130091, 50.2823237], [82.2129136, 50.2823503]]]}}, {"type": "Feature", "properties": {"osm_id": 567905586, "building": "yes", "housenumber": "38", "street": "улица Мира", "levels": "1", "area_m2": 66.0, "clat": 50.27679361501041, "clon": 82.20937660945445}, "geometry": {"type": "Polygon", "coordinates": [[[82.2094595, 50.2767994], [82.2093563, 50.2767419], [82.2092937, 50.2767879], [82.209397, 50.2768453], [82.2094595, 50.2767994]]]}}, {"type": "Feature", "properties": {"osm_id": 567905587, "building": "yes", "housenumber": "44", "street": "улица Мира", "levels": "1", "area_m2": 83.0, "clat": 50.27708288045742, "clon": 82.20903748919255}, "geometry": {"type": "Polygon", "coordinates": [[[82.2089486, 50.2770942], [82.2090612, 50.2771388], [82.2091264, 50.2770715], [82.2090137, 50.277027], [82.2089486, 50.2770942]]]}}, {"type": "Feature", "properties": {"osm_id": 567905588, "building": "yes", "housenumber": "46", "street": "улица Мира", "levels": "1", "area_m2": 67.1, "clat": 50.27717336860794, "clon": 82.20888807887317}, "geometry": {"type": "Polygon", "coordinates": [[[82.2089043, 50.277227], [82.2089711, 50.2771866], [82.2088718, 50.2771197], [82.2088051, 50.2771602], [82.2089043, 50.277227]]]}}, {"type": "Feature", "properties": {"osm_id": 567905589, "building": "yes", "housenumber": "48", "street": "улица Мира", "levels": "1", "area_m2": 69.4, "clat": 50.277318517076075, "clon": 82.20865316595983}, "geometry": {"type": "Polygon", "coordinates": [[[82.2085704, 50.2773205], [82.2086555, 50.2773714], [82.2087359, 50.2773166], [82.2086509, 50.2772656], [82.2085704, 50.2773205]]]}}, {"type": "Feature", "properties": {"osm_id": 567905590, "building": "yes", "housenumber": "50", "street": "улица Мира", "levels": "1", "area_m2": 67.5, "clat": 50.27743775491087, "clon": 82.20854473625472}, "geometry": {"type": "Polygon", "coordinates": [[[82.2085784, 50.2774944], [82.2086331, 50.2774599], [82.208511, 50.2773811], [82.2084564, 50.2774156], [82.2085784, 50.2774944]]]}}, {"type": "Feature", "properties": {"osm_id": 567905591, "building": "yes", "housenumber": "52", "street": "улица Мира", "levels": "1", "area_m2": 50.4, "clat": 50.27750455, "clon": 82.2083907}, "geometry": {"type": "Polygon", "coordinates": [[[82.2083196, 50.2775142], [82.2083813, 50.2775506], [82.2084618, 50.2774949], [82.2084001, 50.2774585], [82.2083196, 50.2775142]]]}}, {"type": "Feature", "properties": {"osm_id": 567905593, "building": "yes", "housenumber": "54", "street": "улица Мира", "levels": "1", "area_m2": 86.6, "clat": 50.277638602476415, "clon": 82.20823181647538}, "geometry": {"type": "Polygon", "coordinates": [[[82.2081399, 50.2776521], [82.2082272, 50.2776988], [82.2083237, 50.2776251], [82.2082365, 50.2775784], [82.2081399, 50.2776521]]]}}, {"type": "Feature", "properties": {"osm_id": 567905594, "building": "yes", "housenumber": "56", "street": "улица Мира", "levels": "1", "area_m2": 57.9, "clat": 50.277805283312496, "clon": 82.2080227510856}, "geometry": {"type": "Polygon", "coordinates": [[[82.2080259, 50.2778536], [82.2080983, 50.2778038], [82.2080196, 50.277757], [82.2079472, 50.2778067], [82.2080259, 50.2778536]]]}}, {"type": "Feature", "properties": {"osm_id": 567905596, "building": "yes", "housenumber": "58", "street": "улица Мира", "levels": "1", "area_m2": 68.2, "clat": 50.27792825, "clon": 82.2078451}, "geometry": {"type": "Polygon", "coordinates": [[[82.207763, 50.277929], [82.2078427, 50.2779807], [82.2079272, 50.2779275], [82.2078475, 50.2778758], [82.207763, 50.277929]]]}}, {"type": "Feature", "properties": {"osm_id": 567905597, "building": "yes", "housenumber": "62", "street": "улица Мира", "levels": "1", "area_m2": 84.8, "clat": 50.2783146, "clon": 82.207301}, "geometry": {"type": "Polygon", "coordinates": [[[82.2073111, 50.2783729], [82.2073928, 50.2783146], [82.2072909, 50.2782563], [82.2072092, 50.2783146], [82.2073111, 50.2783729]]]}}, {"type": "Feature", "properties": {"osm_id": 567905598, "building": "yes", "housenumber": "66", "street": "улица Мира", "levels": "1", "area_m2": 57.0, "clat": 50.27845215, "clon": 82.20715525}, "geometry": {"type": "Polygon", "coordinates": [[[82.2070844, 50.2784681], [82.2071778, 50.2784979], [82.2072261, 50.2784362], [82.2071327, 50.2784064], [82.2070844, 50.2784681]]]}}, {"type": "Feature", "properties": {"osm_id": 567905600, "building": "yes", "housenumber": "68", "street": "улица Мира", "levels": "1", "area_m2": 86.1, "clat": 50.27867396787466, "clon": 82.20684961845086}, "geometry": {"type": "Polygon", "coordinates": [[[82.2067572, 50.2786815], [82.2068428, 50.2787333], [82.206942, 50.2786665], [82.2068565, 50.2786146], [82.2067572, 50.2786815]]]}}, {"type": "Feature", "properties": {"osm_id": 567905601, "building": "yes", "housenumber": "70", "street": "улица Мира", "levels": "1", "area_m2": 55.1, "clat": 50.27876365, "clon": 82.2067129}, "geometry": {"type": "Polygon", "coordinates": [[[82.2066392, 50.2787663], [82.2067182, 50.2788107], [82.2067866, 50.278761], [82.2067076, 50.2787166], [82.2066392, 50.2787663]]]}}, {"type": "Feature", "properties": {"osm_id": 567905603, "building": "yes", "housenumber": "72", "street": "улица Мира", "levels": "1", "area_m2": 76.1, "clat": 50.2788913, "clon": 82.20656375}, "geometry": {"type": "Polygon", "coordinates": [[[82.206552, 50.2789471], [82.2066513, 50.2788846], [82.2065755, 50.2788355], [82.2064762, 50.278898], [82.206552, 50.2789471]]]}}, {"type": "Feature", "properties": {"osm_id": 567905604, "building": "yes", "housenumber": "74", "street": "улица Мира", "levels": "1", "area_m2": 57.5, "clat": 50.27901465, "clon": 82.20634785}, "geometry": {"type": "Polygon", "coordinates": [[[82.2063509, 50.2790628], [82.2064233, 50.2790157], [82.2063448, 50.2789665], [82.2062724, 50.2790136], [82.2063509, 50.2790628]]]}}, {"type": "Feature", "properties": {"osm_id": 567905605, "building": "yes", "housenumber": "78", "street": "улица Мира", "levels": "1", "area_m2": 79.6, "clat": 50.27912606649737, "clon": 82.20616085369353}, "geometry": {"type": "Polygon", "coordinates": [[[82.2061484, 50.2791828], [82.2062503, 50.279122], [82.2061733, 50.2790693], [82.2060714, 50.2791302], [82.2061484, 50.2791828]]]}}, {"type": "Feature", "properties": {"osm_id": 567905606, "building": "yes", "housenumber": "64", "street": "улица Алтайская", "levels": "1", "area_m2": 53.9, "clat": 50.27926715, "clon": 82.2079306}, "geometry": {"type": "Polygon", "coordinates": [[[82.2079575, 50.2793182], [82.2080083, 50.2792881], [82.2079037, 50.2792161], [82.2078529, 50.2792462], [82.2079575, 50.2793182]]]}}, {"type": "Feature", "properties": {"osm_id": 567905608, "building": "yes", "housenumber": "66", "street": "улица Алтайская", "levels": "1", "area_m2": 68.4, "clat": 50.27944066263593, "clon": 82.20759786780087}, "geometry": {"type": "Polygon", "coordinates": [[[82.2075029, 50.2794622], [82.2075493, 50.2794971], [82.2076928, 50.2794192], [82.2076464, 50.2793842], [82.2075029, 50.2794622]]]}}, {"type": "Feature", "properties": {"osm_id": 567905609, "building": "yes", "housenumber": "75", "street": "улица Алтайская", "levels": "1", "area_m2": 60.8, "clat": 50.27968294806623, "clon": 82.20671951702985}, "geometry": {"type": "Polygon", "coordinates": [[[82.2067103, 50.2797322], [82.2067958, 50.279692], [82.2067288, 50.2796337], [82.2066432, 50.2796739], [82.2067103, 50.2797322]]]}}, {"type": "Feature", "properties": {"osm_id": 567905610, "building": "yes", "housenumber": "73", "street": "улица Алтайская", "levels": "1", "area_m2": 66.0, "clat": 50.27955975381177, "clon": 82.20693513346194}, "geometry": {"type": "Polygon", "coordinates": [[[82.2069369, 50.2796131], [82.2070138, 50.2795776], [82.2069333, 50.2795064], [82.2068565, 50.2795419], [82.2069369, 50.2796131]]]}}, {"type": "Feature", "properties": {"osm_id": 567905612, "building": "yes", "housenumber": "71", "street": "улица Алтайская", "levels": "1", "area_m2": 112.0, "clat": 50.27939045, "clon": 82.20718600000001}, "geometry": {"type": "Polygon", "coordinates": [[[82.2072226, 50.2794588], [82.2072969, 50.2794044], [82.2071494, 50.2793221], [82.2070751, 50.2793765], [82.2072226, 50.2794588]]]}}, {"type": "Feature", "properties": {"osm_id": 567905613, "building": "yes", "housenumber": "69", "street": "улица Алтайская", "levels": "1", "area_m2": 50.0, "clat": 50.279280515642796, "clon": 82.20740899335172}, "geometry": {"type": "Polygon", "coordinates": [[[82.2074264, 50.2793268], [82.2074814, 50.2792917], [82.2073916, 50.2792342], [82.2073366, 50.2792694], [82.2074264, 50.2793268]]]}}, {"type": "Feature", "properties": {"osm_id": 567905614, "building": "yes", "housenumber": "67", "street": "улица Алтайская", "levels": "1", "area_m2": 94.0, "clat": 50.27903013661623, "clon": 82.20776816152552}, "geometry": {"type": "Polygon", "coordinates": [[[82.2076705, 50.2790448], [82.2077519, 50.2790934], [82.2078658, 50.2790154], [82.2077845, 50.2789669], [82.2076705, 50.2790448]]]}}, {"type": "Feature", "properties": {"osm_id": 567905615, "building": "yes", "housenumber": "62", "street": "улица Алтайская", "levels": "1", "area_m2": 101.8, "clat": 50.27905283206567, "clon": 82.20822278198547}, "geometry": {"type": "Polygon", "coordinates": [[[82.2081225, 50.2790611], [82.2082171, 50.2791174], [82.2083231, 50.2790445], [82.2082284, 50.2789883], [82.2081225, 50.2790611]]]}}, {"type": "Feature", "properties": {"osm_id": 567905617, "building": "yes", "housenumber": "63", "street": "улица Алтайская", "levels": "1", "area_m2": 92.6, "clat": 50.278652699999995, "clon": 82.20834895}, "geometry": {"type": "Polygon", "coordinates": [[[82.2083424, 50.2787149], [82.2084443, 50.2786395], [82.2083555, 50.2785905], [82.2082536, 50.2786659], [82.2083424, 50.2787149]]]}}, {"type": "Feature", "properties": {"osm_id": 567905618, "building": "yes", "housenumber": "60", "street": "улица Алтайская", "levels": "1", "area_m2": 107.2, "clat": 50.2788861, "clon": 82.20852085}, "geometry": {"type": "Polygon", "coordinates": [[[82.2085315, 50.2789519], [82.2086242, 50.2788889], [82.2085102, 50.2788203], [82.2084175, 50.2788833], [82.2085315, 50.2789519]]]}}, {"type": "Feature", "properties": {"osm_id": 567905619, "building": "yes", "housenumber": "56", "street": "улица Алтайская", "levels": "1", "area_m2": 66.4, "clat": 50.27850876661059, "clon": 82.20908470151585}, "geometry": {"type": "Polygon", "coordinates": [[[82.2091658, 50.2785058], [82.2090894, 50.2784569], [82.2090036, 50.2785118], [82.20908, 50.2785606], [82.2091658, 50.2785058]]]}}, {"type": "Feature", "properties": {"osm_id": 567905621, "building": "yes", "housenumber": "54", "street": "улица Алтайская", "levels": "1", "area_m2": 158.4, "clat": 50.27839795, "clon": 82.2092589}, "geometry": {"type": "Polygon", "coordinates": [[[82.209131, 50.2784218], [82.2092313, 50.2784813], [82.2093868, 50.2783741], [82.2092865, 50.2783146], [82.209131, 50.2784218]]]}}, {"type": "Feature", "properties": {"osm_id": 567905622, "building": "yes", "housenumber": "61", "street": "улица Алтайская", "levels": "1", "area_m2": 70.4, "clat": 50.27845616679324, "clon": 82.20869811823526}, "geometry": {"type": "Polygon", "coordinates": [[[82.2086146, 50.2784569], [82.2086931, 50.2785094], [82.2087816, 50.2784555], [82.2087032, 50.2784029], [82.2086146, 50.2784569]]]}}, {"type": "Feature", "properties": {"osm_id": 567905623, "building": "yes", "housenumber": "55", "street": "улица Алтайская", "levels": "1", "area_m2": 53.5, "clat": 50.27821638268686, "clon": 82.20904500713594}, "geometry": {"type": "Polygon", "coordinates": [[[82.2089727, 50.2782229], [82.209065, 50.2782613], [82.2091173, 50.2782098], [82.209025, 50.2781715], [82.2089727, 50.2782229]]]}}, {"type": "Feature", "properties": {"osm_id": 567905624, "building": "yes", "housenumber": "47", "street": "улица Алтайская", "levels": "1", "area_m2": 77.3, "clat": 50.2773519, "clon": 82.2099288}, "geometry": {"type": "Polygon", "coordinates": [[[82.2098404, 50.2773642], [82.2099785, 50.2774002], [82.2100172, 50.2773396], [82.2098791, 50.2773036], [82.2098404, 50.2773642]]]}}, {"type": "Feature", "properties": {"osm_id": 567905626, "building": "yes", "housenumber": "53", "street": "улица Алтайская", "levels": "1", "area_m2": 101.7, "clat": 50.27793643283186, "clon": 82.20940000221852}, "geometry": {"type": "Polygon", "coordinates": [[[82.209304, 50.2779581], [82.2094089, 50.2780013], [82.209496, 50.2779147], [82.2093911, 50.2778716], [82.209304, 50.2779581]]]}}, {"type": "Feature", "properties": {"osm_id": 567905627, "building": "yes", "housenumber": "49", "street": "улица Алтайская", "levels": "1", "area_m2": 90.1, "clat": 50.27777905, "clon": 82.209583}, "geometry": {"type": "Polygon", "coordinates": [[[82.2094971, 50.2778056], [82.2096059, 50.2778382], [82.2096689, 50.2777525], [82.2095601, 50.2777199], [82.2094971, 50.2778056]]]}}, {"type": "Feature", "properties": {"osm_id": 567905628, "building": "yes", "housenumber": "44", "street": "улица Алтайская", "levels": "1", "area_m2": 60.7, "clat": 50.27766203301019, "clon": 82.21020765273774}, "geometry": {"type": "Polygon", "coordinates": [[[82.2102159, 50.2777113], [82.2102839, 50.277653], [82.2101994, 50.2776128], [82.2101314, 50.277671], [82.2102159, 50.2777113]]]}}, {"type": "Feature", "properties": {"osm_id": 567905629, "building": "yes", "housenumber": "46", "street": "улица Алтайская", "levels": "1", "area_m2": 94.5, "clat": 50.277776450000005, "clon": 82.21007415000001}, "geometry": {"type": "Polygon", "coordinates": [[[82.2101274, 50.2778356], [82.2101805, 50.2777825], [82.2100209, 50.2777173], [82.2099678, 50.2777704], [82.2101274, 50.2778356]]]}}, {"type": "Feature", "properties": {"osm_id": 567905631, "building": "yes", "housenumber": "48", "street": "улица Алтайская", "levels": "1", "area_m2": 65.2, "clat": 50.27788010309154, "clon": 82.209937716711}, "geometry": {"type": "Polygon", "coordinates": [[[82.2098592, 50.2778947], [82.2099385, 50.2779324], [82.2100162, 50.2778655], [82.209937, 50.2778278], [82.2098592, 50.2778947]]]}}, {"type": "Feature", "properties": {"osm_id": 567905633, "building": "yes", "housenumber": "50", "street": "улица Алтайская", "levels": "1", "area_m2": 55.2, "clat": 50.27800690134694, "clon": 82.20979041712584}, "geometry": {"type": "Polygon", "coordinates": [[[82.209717, 50.278013], [82.2098062, 50.2780531], [82.2098638, 50.2780008], [82.2097747, 50.2779607], [82.209717, 50.278013]]]}}, {"type": "Feature", "properties": {"osm_id": 567905635, "building": "yes", "housenumber": "34", "street": "улица Алтайская", "levels": "1", "area_m2": 46.4, "clat": 50.27721678287567, "clon": 82.21104044866115}, "geometry": {"type": "Polygon", "coordinates": [[[82.2110367, 50.2772622], [82.2111032, 50.2772382], [82.2110442, 50.2771714], [82.2109777, 50.2771953], [82.2110367, 50.2772622]]]}}, {"type": "Feature", "properties": {"osm_id": 567905637, "building": "yes", "housenumber": "32", "street": "улица Алтайская", "levels": "1", "area_m2": 49.6, "clat": 50.277097749999996, "clon": 82.21136485000001}, "geometry": {"type": "Polygon", "coordinates": [[[82.2113559, 50.2771456], [82.2114248, 50.277127], [82.2113738, 50.2770499], [82.2113049, 50.2770685], [82.2113559, 50.2771456]]]}}, {"type": "Feature", "properties": {"osm_id": 567905638, "building": "yes", "housenumber": "30", "street": "улица Алтайская", "levels": "1", "area_m2": 80.9, "clat": 50.27704436595768, "clon": 82.21158882931108}, "geometry": {"type": "Polygon", "coordinates": [[[82.211502, 50.2770291], [82.2115509, 50.2770965], [82.2116756, 50.2770597], [82.2116268, 50.2769922], [82.211502, 50.2770291]]]}}, {"type": "Feature", "properties": {"osm_id": 567905641, "building": "yes", "housenumber": "28", "street": "улица Алтайская", "levels": "1", "area_m2": 79.4, "clat": 50.2769452, "clon": 82.21194465}, "geometry": {"type": "Polygon", "coordinates": [[[82.2119379, 50.2770042], [82.2120265, 50.2769728], [82.2119514, 50.2768862], [82.2118628, 50.2769176], [82.2119379, 50.2770042]]]}}, {"type": "Feature", "properties": {"osm_id": 567905643, "building": "yes", "housenumber": "24", "street": "улица Алтайская", "levels": "1", "area_m2": 73.6, "clat": 50.2766993, "clon": 82.212689}, "geometry": {"type": "Polygon", "coordinates": [[[82.2126715, 50.2767539], [82.2127655, 50.2767261], [82.2127065, 50.2766447], [82.2126125, 50.2766725], [82.2126715, 50.2767539]]]}}, {"type": "Feature", "properties": {"osm_id": 567905645, "building": "yes", "housenumber": "20", "street": "улица Алтайская", "levels": "1", "area_m2": 74.8, "clat": 50.276498891752205, "clon": 82.2134990670434}, "geometry": {"type": "Polygon", "coordinates": [[[82.2134963, 50.2765602], [82.2135743, 50.276537], [82.2135019, 50.2764376], [82.2134238, 50.2764608], [82.2134963, 50.2765602]]]}}, {"type": "Feature", "properties": {"osm_id": 567905646, "building": "yes", "housenumber": "18", "street": "улица Алтайская", "levels": "1", "area_m2": 48.9, "clat": 50.27643685582906, "clon": 82.21372042976225}, "geometry": {"type": "Polygon", "coordinates": [[[82.2136947, 50.2764788], [82.2137783, 50.2764626], [82.2137461, 50.2763949], [82.2136626, 50.2764111], [82.2136947, 50.2764788]]]}}, {"type": "Feature", "properties": {"osm_id": 567905649, "building": "yes", "housenumber": "16", "street": "улица Алтайская", "levels": "1", "area_m2": 75.0, "clat": 50.27635392079324, "clon": 82.21395181208554}, "geometry": {"type": "Polygon", "coordinates": [[[82.2139066, 50.2764008], [82.2140278, 50.2763799], [82.213997, 50.276307], [82.2138758, 50.276328], [82.2139066, 50.2764008]]]}}, {"type": "Feature", "properties": {"osm_id": 567905651, "building": "yes", "housenumber": "14", "street": "улица Алтайская", "levels": "1", "area_m2": 71.2, "clat": 50.27629143177713, "clon": 82.21434621309973}, "geometry": {"type": "Polygon", "coordinates": [[[82.2142915, 50.2763323], [82.2144157, 50.2763217], [82.2144009, 50.2762506], [82.2142768, 50.2762611], [82.2142915, 50.2763323]]]}}, {"type": "Feature", "properties": {"osm_id": 567905654, "building": "yes", "housenumber": "12", "street": "улица Алтайская", "levels": "1", "area_m2": 138.6, "clat": 50.27625312632565, "clon": 82.21483213179238}, "geometry": {"type": "Polygon", "coordinates": [[[82.2147395, 50.2763023], [82.2149353, 50.2762928], [82.2149248, 50.276204], [82.214729, 50.2762134], [82.2147395, 50.2763023]]]}}, {"type": "Feature", "properties": {"osm_id": 567905655, "building": "yes", "housenumber": "10", "street": "улица Алтайская", "levels": "1", "area_m2": 52.2, "clat": 50.2762773, "clon": 82.2154632}, "geometry": {"type": "Polygon", "coordinates": [[[82.2153953, 50.276256], [82.2154037, 50.2763072], [82.2155311, 50.2762986], [82.2155227, 50.2762474], [82.2153953, 50.276256]]]}}, {"type": "Feature", "properties": {"osm_id": 567905657, "building": "yes", "housenumber": "8", "street": "улица Алтайская", "levels": "1", "area_m2": 109.3, "clat": 50.276265051984204, "clon": 82.21606047863341}, "geometry": {"type": "Polygon", "coordinates": [[[82.2159438, 50.2762457], [82.2159599, 50.2763075], [82.2161772, 50.2762844], [82.216161, 50.2762226], [82.2159438, 50.2762457]]]}}, {"type": "Feature", "properties": {"osm_id": 567905658, "building": "yes", "housenumber": "4", "street": "улица Алтайская", "levels": "1", "area_m2": 64.9, "clat": 50.275649569949714, "clon": 82.21659353962296}, "geometry": {"type": "Polygon", "coordinates": [[[82.2165218, 50.2756723], [82.2166291, 50.2756954], [82.2166653, 50.2756269], [82.216558, 50.2756037], [82.2165218, 50.2756723]]]}}, {"type": "Feature", "properties": {"osm_id": 567905660, "building": "yes", "housenumber": "6а", "street": "улица Алтайская", "levels": "1", "area_m2": 87.3, "clat": 50.2757286, "clon": 82.216041}, "geometry": {"type": "Polygon", "coordinates": [[[82.2159505, 50.2757117], [82.2159934, 50.2757806], [82.2161315, 50.2757455], [82.2160886, 50.2756766], [82.2159505, 50.2757117]]]}}, {"type": "Feature", "properties": {"osm_id": 567905661, "building": "yes", "housenumber": "1", "street": "улица Алтайская", "levels": "1", "area_m2": 74.8, "clat": 50.2754322, "clon": 82.21635455}, "geometry": {"type": "Polygon", "coordinates": [[[82.2162724, 50.2754143], [82.2163107, 50.2754801], [82.2164367, 50.2754501], [82.2163984, 50.2753843], [82.2162724, 50.2754143]]]}}, {"type": "Feature", "properties": {"osm_id": 567905663, "building": "yes", "housenumber": "1а", "street": "улица Алтайская", "levels": "1", "area_m2": 48.5, "clat": 50.2755567, "clon": 82.21599795}, "geometry": {"type": "Polygon", "coordinates": [[[82.2159317, 50.275536], [82.2159381, 50.2755842], [82.2160642, 50.2755774], [82.2160578, 50.2755292], [82.2159317, 50.275536]]]}}, {"type": "Feature", "properties": {"osm_id": 567905664, "building": "yes", "housenumber": "3", "street": "улица Алтайская", "levels": "1", "area_m2": 96.7, "clat": 50.27561610418544, "clon": 82.21560192632853}, "geometry": {"type": "Polygon", "coordinates": [[[82.21552, 50.2755806], [82.2155296, 50.2756593], [82.2156839, 50.2756516], [82.2156742, 50.2755729], [82.21552, 50.2755806]]]}}, {"type": "Feature", "properties": {"osm_id": 567905666, "building": "yes", "housenumber": "5", "street": "улица Алтайская", "levels": "1", "area_m2": 74.7, "clat": 50.27601015712689, "clon": 82.21524142648198}, "geometry": {"type": "Polygon", "coordinates": [[[82.2151954, 50.276058], [82.2152995, 50.2760523], [82.2152874, 50.2759623], [82.2151834, 50.275968], [82.2151954, 50.276058]]]}}, {"type": "Feature", "properties": {"osm_id": 567905668, "building": "yes", "housenumber": "9", "street": "улица Алтайская", "levels": "1", "area_m2": 76.9, "clat": 50.27603562257062, "clon": 82.2148026668268}, "geometry": {"type": "Polygon", "coordinates": [[[82.2147247, 50.2760083], [82.2147398, 50.2760758], [82.2148806, 50.276063], [82.2148655, 50.2759954], [82.2147247, 50.2760083]]]}}, {"type": "Feature", "properties": {"osm_id": 567905672, "building": "yes", "housenumber": null, "street": null, "levels": "1", "area_m2": 41.5, "clat": 50.275876091201425, "clon": 82.21450782736522}, "geometry": {"type": "Polygon", "coordinates": [[[82.2144659, 50.2759106], [82.214535, 50.2759162], [82.2145498, 50.2758416], [82.2144806, 50.275836], [82.2144659, 50.2759106]]]}}, {"type": "Feature", "properties": {"osm_id": 567905673, "building": "yes", "housenumber": "11", "street": "улица Алтайская", "levels": "1", "area_m2": 102.7, "clat": 50.275976899999996, "clon": 82.21411985}, "geometry": {"type": "Polygon", "coordinates": [[[82.2140636, 50.2760306], [82.2141963, 50.2760192], [82.2141761, 50.2759232], [82.2140434, 50.2759346], [82.2140636, 50.2760306]]]}}, {"type": "Feature", "properties": {"osm_id": 567905675, "building": "yes", "housenumber": "13", "street": "улица Алтайская", "levels": "1", "area_m2": 86.5, "clat": 50.2761149824208, "clon": 82.21396981509693}, "geometry": {"type": "Polygon", "coordinates": [[[82.2139147, 50.2761626], [82.2140384, 50.2761548], [82.2140249, 50.2760674], [82.2139013, 50.2760751], [82.2139147, 50.2761626]]]}}, {"type": "Feature", "properties": {"osm_id": 567905676, "building": "yes", "housenumber": "15", "street": "улица Алтайская", "levels": "1", "area_m2": 79.7, "clat": 50.27617895, "clon": 82.213684}, "geometry": {"type": "Polygon", "coordinates": [[[82.2136277, 50.2762251], [82.2137712, 50.2761968], [82.2137403, 50.2761328], [82.2135968, 50.2761611], [82.2136277, 50.2762251]]]}}, {"type": "Feature", "properties": {"osm_id": 567905677, "building": "yes", "housenumber": "19", "street": "улица Алтайская", "levels": "1", "area_m2": 61.4, "clat": 50.276299431532046, "clon": 82.21319124686252}, "geometry": {"type": "Polygon", "coordinates": [[[82.2131798, 50.2763537], [82.213255, 50.276336], [82.2132027, 50.2762452], [82.2131275, 50.2762628], [82.2131798, 50.2763537]]]}}, {"type": "Feature", "properties": {"osm_id": 567905678, "building": "yes", "housenumber": "23", "street": "улица Алтайская", "levels": "1", "area_m2": 73.9, "clat": 50.27641815344248, "clon": 82.21273387990568}, "geometry": {"type": "Polygon", "coordinates": [[[82.2126541, 50.2763974], [82.2126876, 50.2764646], [82.2128137, 50.2764389], [82.2127801, 50.2763717], [82.2126541, 50.2763974]]]}}, {"type": "Feature", "properties": {"osm_id": 567905679, "building": "yes", "housenumber": "29", "street": "улица Алтайская", "levels": "1", "area_m2": 75.9, "clat": 50.2766188, "clon": 82.21198514999999}, "geometry": {"type": "Polygon", "coordinates": [[[82.2119687, 50.276676], [82.2120592, 50.2766525], [82.2120016, 50.2765616], [82.2119111, 50.2765851], [82.2119687, 50.276676]]]}}, {"type": "Feature", "properties": {"osm_id": 567905680, "building": "yes", "housenumber": "33", "street": "улица Алтайская", "levels": "1", "area_m2": 58.7, "clat": 50.2767892, "clon": 82.21159455}, "geometry": {"type": "Polygon", "coordinates": [[[82.2115946, 50.2768457], [82.2116602, 50.276827], [82.2115945, 50.2767327], [82.2115289, 50.2767514], [82.2115946, 50.2768457]]]}}, {"type": "Feature", "properties": {"osm_id": 567905681, "building": "yes", "housenumber": "35", "street": "улица Алтайская", "levels": "1", "area_m2": 50.7, "clat": 50.27688523483335, "clon": 82.21140061090395}, "geometry": {"type": "Polygon", "coordinates": [[[82.2114283, 50.2769314], [82.2114762, 50.2768956], [82.2113729, 50.2768391], [82.211325, 50.2768748], [82.2114283, 50.2769314]]]}}, {"type": "Feature", "properties": {"osm_id": 567905682, "building": "yes", "housenumber": "37", "street": null, "levels": "1", "area_m2": 60.9, "clat": 50.276931081327724, "clon": 82.21121553355397}, "geometry": {"type": "Polygon", "coordinates": [[[82.2111681, 50.2769734], [82.2112955, 50.2769408], [82.211263, 50.2768888], [82.2111356, 50.2769213], [82.2111681, 50.2769734]]]}}, {"type": "Feature", "properties": {"osm_id": 567905683, "building": "yes", "housenumber": "39", "street": "улица Алтайская", "levels": "1", "area_m2": 52.0, "clat": 50.27688938044484, "clon": 82.21106009315736}, "geometry": {"type": "Polygon", "coordinates": [[[82.211038, 50.2769339], [82.2111211, 50.2769151], [82.2110822, 50.2768449], [82.2109991, 50.2768636], [82.211038, 50.2769339]]]}}, {"type": "Feature", "properties": {"osm_id": 567905684, "building": "yes", "housenumber": "43", "street": "улица Алтайская", "levels": "1", "area_m2": 75.8, "clat": 50.2770371, "clon": 82.21064165}, "geometry": {"type": "Polygon", "coordinates": [[[82.2106504, 50.2770985], [82.2107241, 50.2770691], [82.2106329, 50.2769757], [82.2105592, 50.2770051], [82.2106504, 50.2770985]]]}}, {"type": "Feature", "properties": {"osm_id": 567905685, "building": "yes", "housenumber": "41", "street": "улица Алтайская", "levels": "1", "area_m2": 74.5, "clat": 50.2769837, "clon": 82.21078755}, "geometry": {"type": "Polygon", "coordinates": [[[82.2107564, 50.2770359], [82.2108576, 50.2770172], [82.2108187, 50.2769315], [82.2107175, 50.2769502], [82.2107564, 50.2770359]]]}}, {"type": "Feature", "properties": {"osm_id": 567905686, "building": "yes", "housenumber": "45", "street": "улица Алтайская", "levels": "1", "area_m2": 94.6, "clat": 50.27710635, "clon": 82.2104723}, "geometry": {"type": "Polygon", "coordinates": [[[82.2103769, 50.2770959], [82.2104497, 50.2771665], [82.2105677, 50.2771168], [82.2104949, 50.2770462], [82.2103769, 50.2770959]]]}}, {"type": "Feature", "properties": {"osm_id": 567905687, "building": "yes", "housenumber": "18", "street": "улица Мира", "levels": "1", "area_m2": 68.8, "clat": 50.27540163347668, "clon": 82.21140915223816}, "geometry": {"type": "Polygon", "coordinates": [[[82.2114162, 50.2754546], [82.2114919, 50.2754069], [82.2114021, 50.2753487], [82.2113264, 50.2753963], [82.2114162, 50.2754546]]]}}, {"type": "Feature", "properties": {"osm_id": 567905688, "building": "yes", "housenumber": "20", "street": "улица Мира", "levels": "1", "area_m2": 75.4, "clat": 50.2755771, "clon": 82.2111565}, "geometry": {"type": "Polygon", "coordinates": [[[82.2110675, 50.275596], [82.2111342, 50.2756353], [82.2112455, 50.2755582], [82.2111788, 50.2755189], [82.2110675, 50.275596]]]}}, {"type": "Feature", "properties": {"osm_id": 567905689, "building": "yes", "housenumber": "22", "street": "улица Мира", "levels": "1", "area_m2": 106.0, "clat": 50.27570079954443, "clon": 82.21102301657493}, "geometry": {"type": "Polygon", "coordinates": [[[82.21092, 50.275698], [82.2110362, 50.2757661], [82.211126, 50.2757036], [82.2110099, 50.2756355], [82.21092, 50.275698]]]}}, {"type": "Feature", "properties": {"osm_id": 567905690, "building": "yes", "housenumber": "24", "street": "улица Мира", "levels": "1", "area_m2": 68.0, "clat": 50.275812951782434, "clon": 82.21091018370795}, "geometry": {"type": "Polygon", "coordinates": [[[82.2109213, 50.275866], [82.2109929, 50.2758216], [82.210899, 50.2757599], [82.2108275, 50.2758043], [82.2109213, 50.275866]]]}}, {"type": "Feature", "properties": {"osm_id": 567905691, "building": "yes", "housenumber": "26", "street": "улица Мира", "levels": "1", "area_m2": 37.9, "clat": 50.2759415, "clon": 82.2107532}, "geometry": {"type": "Polygon", "coordinates": [[[82.2107564, 50.2759809], [82.2108144, 50.2759467], [82.21075, 50.2759021], [82.210692, 50.2759363], [82.2107564, 50.2759809]]]}}, {"type": "Feature", "properties": {"osm_id": 567905692, "building": "yes", "housenumber": "28", "street": "улица Мира", "levels": "1", "area_m2": 67.9, "clat": 50.27615555, "clon": 82.21043664999999}, "geometry": {"type": "Polygon", "coordinates": [[[82.2103554, 50.2761703], [82.2104307, 50.2762094], [82.2105179, 50.2761408], [82.2104426, 50.2761017], [82.2103554, 50.2761703]]]}}, {"type": "Feature", "properties": {"osm_id": 567905693, "building": "yes", "housenumber": "30", "street": "улица Мира", "levels": "1", "area_m2": 75.4, "clat": 50.27625435, "clon": 82.2102725}, "geometry": {"type": "Polygon", "coordinates": [[[82.2101851, 50.2762714], [82.2102567, 50.2763119], [82.2103599, 50.2762373], [82.2102883, 50.2761968], [82.2101851, 50.2762714]]]}}, {"type": "Feature", "properties": {"osm_id": 567905694, "building": "yes", "housenumber": "32", "street": "улица Мира", "levels": "1", "area_m2": 59.5, "clat": 50.2763307494885, "clon": 82.21013713337192}, "geometry": {"type": "Polygon", "coordinates": [[[82.2100604, 50.2763331], [82.2101334, 50.2763798], [82.2102139, 50.2763284], [82.2101408, 50.2762817], [82.2100604, 50.2763331]]]}}, {"type": "Feature", "properties": {"osm_id": 567905695, "building": "yes", "housenumber": "36", "street": "улица Мира", "levels": "1", "area_m2": 90.4, "clat": 50.2765988, "clon": 82.2097545}, "geometry": {"type": "Polygon", "coordinates": [[[82.2098055, 50.2766708], [82.2098617, 50.2766382], [82.2097035, 50.2765268], [82.2096473, 50.2765594], [82.2098055, 50.2766708]]]}}, {"type": "Feature", "properties": {"osm_id": 567905696, "building": "yes", "housenumber": "16", "street": "улица Мира", "levels": "1", "area_m2": 154.5, "clat": 50.2752488, "clon": 82.21163195}, "geometry": {"type": "Polygon", "coordinates": [[[82.2116288, 50.2753278], [82.2117555, 50.2752468], [82.2116351, 50.2751698], [82.2115084, 50.2752508], [82.2116288, 50.2753278]]]}}, {"type": "Feature", "properties": {"osm_id": 567905697, "building": "yes", "housenumber": "14", "street": "улица Мира", "levels": "1", "area_m2": 88.5, "clat": 50.27503825, "clon": 82.21195035}, "geometry": {"type": "Polygon", "coordinates": [[[82.2119278, 50.2750963], [82.2120399, 50.2750556], [82.2119729, 50.2749802], [82.2118608, 50.2750209], [82.2119278, 50.2750963]]]}}, {"type": "Feature", "properties": {"osm_id": 567905698, "building": "yes", "housenumber": "6", "street": "улица Мира", "levels": "1", "area_m2": 67.1, "clat": 50.2745089644797, "clon": 82.21295327240553}, "geometry": {"type": "Polygon", "coordinates": [[[82.2129377, 50.2745602], [82.2130312, 50.2745246], [82.2129689, 50.2744577], [82.2128753, 50.2744934], [82.2129377, 50.2745602]]]}}, {"type": "Feature", "properties": {"osm_id": 567905699, "building": "yes", "housenumber": "4", "street": "улица Мира", "levels": "1", "area_m2": 74.7, "clat": 50.27440554568308, "clon": 82.21315566671973}, "geometry": {"type": "Polygon", "coordinates": [[[82.213155, 50.2744625], [82.2132382, 50.274427], [82.2131564, 50.2743486], [82.2130731, 50.2743841], [82.213155, 50.2744625]]]}}, {"type": "Feature", "properties": {"osm_id": 567905700, "building": "yes", "housenumber": "2", "street": "улица Мира", "levels": "1", "area_m2": 150.3, "clat": 50.27422640064398, "clon": 82.21346593336223}, "geometry": {"type": "Polygon", "coordinates": [[[82.2134694, 50.2743044], [82.2135878, 50.2742311], [82.2134624, 50.2741484], [82.2133441, 50.2742217], [82.2134694, 50.2743044]]]}}, {"type": "Feature", "properties": {"osm_id": 567905701, "building": "yes", "housenumber": "1", "street": "улица Мира", "levels": "1", "area_m2": 70.3, "clat": 50.27438075, "clon": 82.2123817}, "geometry": {"type": "Polygon", "coordinates": [[[82.2124073, 50.2744355], [82.2124688, 50.2743937], [82.2123561, 50.274326], [82.2122946, 50.2743678], [82.2124073, 50.2744355]]]}}, {"type": "Feature", "properties": {"osm_id": 567905702, "building": "yes", "housenumber": "3", "street": "улица Мира", "levels": "1", "area_m2": 61.1, "clat": 50.274584885742556, "clon": 82.21207636101641}, "geometry": {"type": "Polygon", "coordinates": [[[82.2121069, 50.2746378], [82.2121598, 50.2746031], [82.2120458, 50.274532], [82.2119929, 50.2745666], [82.2121069, 50.2746378]]]}}, {"type": "Feature", "properties": {"osm_id": 567905703, "building": "yes", "housenumber": "5", "street": "улица Мира", "levels": "1", "area_m2": 57.4, "clat": 50.2746997, "clon": 82.21191395}, "geometry": {"type": "Polygon", "coordinates": [[[82.2119044, 50.2747475], [82.2119892, 50.2747025], [82.2119235, 50.2746519], [82.2118387, 50.2746969], [82.2119044, 50.2747475]]]}}, {"type": "Feature", "properties": {"osm_id": 567905704, "building": "yes", "housenumber": "7", "street": "улица Мира", "levels": "1", "area_m2": 61.8, "clat": 50.27480758337452, "clon": 82.21171875340532}, "geometry": {"type": "Polygon", "coordinates": [[[82.2116402, 50.2748066], [82.2117289, 50.2748574], [82.2117973, 50.2748085], [82.2117086, 50.2747578], [82.2116402, 50.2748066]]]}}, {"type": "Feature", "properties": {"osm_id": 567905705, "building": "yes", "housenumber": "13", "street": "улица Мира", "levels": "1", "area_m2": 128.1, "clat": 50.27519514907563, "clon": 82.21107526631754}, "geometry": {"type": "Polygon", "coordinates": [[[82.2111024, 50.2752669], [82.2111903, 50.2752014], [82.2110482, 50.2751234], [82.2109602, 50.2751889], [82.2111024, 50.2752669]]]}}, {"type": "Feature", "properties": {"osm_id": 567905706, "building": "yes", "housenumber": "19", "street": "улица Мира", "levels": "1", "area_m2": 42.6, "clat": 50.27566516394283, "clon": 82.21046406175593}, "geometry": {"type": "Polygon", "coordinates": [[[82.2104748, 50.2757074], [82.2105298, 50.2756735], [82.2104534, 50.2756229], [82.2103983, 50.2756569], [82.2104748, 50.2757074]]]}}, {"type": "Feature", "properties": {"osm_id": 567905707, "building": "yes", "housenumber": "21", "street": "улица Мира", "levels": "1", "area_m2": 66.8, "clat": 50.27578947010605, "clon": 82.21031506601594}, "geometry": {"type": "Polygon", "coordinates": [[[82.210236, 50.2758052], [82.2103177, 50.2758423], [82.2103941, 50.2757738], [82.2103125, 50.2757366], [82.210236, 50.2758052]]]}}, {"type": "Feature", "properties": {"osm_id": 567905708, "building": "yes", "housenumber": "23", "street": "улица Мира", "levels": "1", "area_m2": 90.7, "clat": 50.275947933537466, "clon": 82.21010519832254}, "geometry": {"type": "Polygon", "coordinates": [[[82.2100107, 50.2759594], [82.2100991, 50.2760093], [82.2101997, 50.2759364], [82.2101113, 50.2758866], [82.2100107, 50.2759594]]]}}, {"type": "Feature", "properties": {"osm_id": 567905709, "building": "yes", "housenumber": "25", "street": "улица Мира", "levels": "1", "area_m2": 87.7, "clat": 50.27611318357668, "clon": 82.20988524791079}, "geometry": {"type": "Polygon", "coordinates": [[[82.2097921, 50.276124], [82.2098778, 50.2761735], [82.2099784, 50.2761023], [82.2098927, 50.2760529], [82.2097921, 50.276124]]]}}, {"type": "Feature", "properties": {"osm_id": 567905710, "building": "yes", "housenumber": "27", "street": "улица Мира", "levels": "1", "area_m2": 63.3, "clat": 50.276242117882894, "clon": 82.20969114332173}, "geometry": {"type": "Polygon", "coordinates": [[[82.2096151, 50.276256], [82.2097122, 50.2762908], [82.2097672, 50.2762283], [82.2096701, 50.2761934], [82.2096151, 50.276256]]]}}, {"type": "Feature", "properties": {"osm_id": 567905711, "building": "yes", "housenumber": "29", "street": "улица Мира", "levels": "1", "area_m2": 40.5, "clat": 50.27644155, "clon": 82.2094077}, "geometry": {"type": "Polygon", "coordinates": [[[82.2094274, 50.2764831], [82.2094739, 50.2764514], [82.209388, 50.2764], [82.2093415, 50.2764317], [82.2094274, 50.2764831]]]}}, {"type": "Feature", "properties": {"osm_id": 567905712, "building": "yes", "housenumber": "2", "street": "улица Логовая", "levels": "1", "area_m2": 70.6, "clat": 50.273634085269165, "clon": 82.21176695902187}, "geometry": {"type": "Polygon", "coordinates": [[[82.2117944, 50.2736907], [82.2118548, 50.2736529], [82.2117395, 50.2735775], [82.2116791, 50.2736152], [82.2117944, 50.2736907]]]}}, {"type": "Feature", "properties": {"osm_id": 567905713, "building": "yes", "housenumber": "4", "street": "улица Логовая", "levels": "1", "area_m2": 104.2, "clat": 50.27387976644885, "clon": 82.21140404756214}, "geometry": {"type": "Polygon", "coordinates": [[[82.2114135, 50.2739452], [82.2115059, 50.2738889], [82.2113946, 50.2738143], [82.2113022, 50.2738707], [82.2114135, 50.2739452]]]}}, {"type": "Feature", "properties": {"osm_id": 567905714, "building": "yes", "housenumber": "8", "street": "улица Логовая", "levels": "1", "area_m2": 55.8, "clat": 50.274129315837115, "clon": 82.21096864637103}, "geometry": {"type": "Polygon", "coordinates": [[[82.210979, 50.2741792], [82.2110428, 50.2741463], [82.2109583, 50.2740794], [82.2108945, 50.2741124], [82.210979, 50.2741792]]]}}, {"type": "Feature", "properties": {"osm_id": 567905715, "building": "yes", "housenumber": "10", "street": "улица Логовая", "levels": "1", "area_m2": 57.5, "clat": 50.274244912550955, "clon": 82.21081345972534}, "geometry": {"type": "Polygon", "coordinates": [[[82.2108302, 50.2742949], [82.2108906, 50.2742584], [82.2107968, 50.2741949], [82.2107363, 50.2742315], [82.2108302, 50.2742949]]]}}, {"type": "Feature", "properties": {"osm_id": 567905716, "building": "yes", "housenumber": "12", "street": "улица Логовая", "levels": "1", "area_m2": 75.1, "clat": 50.274370649999994, "clon": 82.2106197}, "geometry": {"type": "Polygon", "coordinates": [[[82.2106223, 50.2744261], [82.2107056, 50.2743786], [82.2106171, 50.2743152], [82.2105338, 50.2743627], [82.2106223, 50.2744261]]]}}, {"type": "Feature", "properties": {"osm_id": 567905717, "building": "yes", "housenumber": "14", "street": "улица Логовая", "levels": "1", "area_m2": 41.6, "clat": 50.27449818474306, "clon": 82.21043136003046}, "geometry": {"type": "Polygon", "coordinates": [[[82.2104546, 50.2745401], [82.2104993, 50.2745077], [82.2104081, 50.2744563], [82.2103634, 50.2744886], [82.2104546, 50.2745401]]]}}, {"type": "Feature", "properties": {"osm_id": 567905718, "building": "yes", "housenumber": "16", "street": "улица Логовая", "levels": "1", "area_m2": 67.7, "clat": 50.2746943, "clon": 82.2101933}, "geometry": {"type": "Polygon", "coordinates": [[[82.2101127, 50.2747038], [82.2102002, 50.2747465], [82.2102739, 50.2746848], [82.2101864, 50.2746421], [82.2101127, 50.2747038]]]}}, {"type": "Feature", "properties": {"osm_id": 567905719, "building": "yes", "housenumber": "18", "street": "улица Логовая", "levels": "1", "area_m2": 79.9, "clat": 50.274845752069616, "clon": 82.2100233841773}, "geometry": {"type": "Polygon", "coordinates": [[[82.2100469, 50.2749035], [82.2101152, 50.2748566], [82.2099998, 50.274788], [82.2099316, 50.2748349], [82.2100469, 50.2749035]]]}}, {"type": "Feature", "properties": {"osm_id": 567905720, "building": "yes", "housenumber": "20", "street": "улица Логовая", "levels": "1", "area_m2": 81.1, "clat": 50.275067014070196, "clon": 82.20975815710199}, "geometry": {"type": "Polygon", "coordinates": [[[82.2096647, 50.2750578], [82.2097868, 50.2751246], [82.2098516, 50.2750763], [82.2097296, 50.2750094], [82.2096647, 50.2750578]]]}}, {"type": "Feature", "properties": {"osm_id": 567905721, "building": "yes", "housenumber": "22", "street": "улица Логовая", "levels": "1", "area_m2": 85.2, "clat": 50.27527885029844, "clon": 82.20946768341543}, "geometry": {"type": "Polygon", "coordinates": [[[82.2093751, 50.2752772], [82.2094837, 50.2753372], [82.2095603, 50.2752805], [82.2094516, 50.2752205], [82.2093751, 50.2752772]]]}}, {"type": "Feature", "properties": {"osm_id": 567905722, "building": "yes", "housenumber": "24", "street": "улица Логовая", "levels": "1", "area_m2": 68.0, "clat": 50.27549595, "clon": 82.2091422}, "geometry": {"type": "Polygon", "coordinates": [[[82.2091538, 50.275548], [82.2092245, 50.2754953], [82.2091306, 50.2754439], [82.2090599, 50.2754966], [82.2091538, 50.275548]]]}}, {"type": "Feature", "properties": {"osm_id": 567905723, "building": "yes", "housenumber": "26", "street": "улица Логовая", "levels": "1", "area_m2": 54.1, "clat": 50.27566855085814, "clon": 82.2089023166053}, "geometry": {"type": "Polygon", "coordinates": [[[82.2088292, 50.2756723], [82.208899, 50.2757154], [82.2089754, 50.2756648], [82.2089057, 50.2756217], [82.2088292, 50.2756723]]]}}, {"type": "Feature", "properties": {"osm_id": 567905724, "building": "yes", "housenumber": "46", "street": "улица Логовая", "levels": "1", "area_m2": 57.6, "clat": 50.27716621708068, "clon": 82.20688891957853}, "geometry": {"type": "Polygon", "coordinates": [[[82.2068042, 50.2771542], [82.2069302, 50.277215], [82.2069737, 50.2771783], [82.2068476, 50.2771174], [82.2068042, 50.2771542]]]}}, {"type": "Feature", "properties": {"osm_id": 567905725, "building": "yes", "housenumber": "40", "street": "улица Логовая", "levels": "1", "area_m2": 54.2, "clat": 50.27687125015678, "clon": 82.20731918349486}, "geometry": {"type": "Polygon", "coordinates": [[[82.2072387, 50.2768705], [82.2073634, 50.2769142], [82.2073997, 50.276872], [82.2072749, 50.2768283], [82.2072387, 50.2768705]]]}}, {"type": "Feature", "properties": {"osm_id": 567905726, "building": "yes", "housenumber": "34", "street": "улица Логовая", "levels": "1", "area_m2": 66.9, "clat": 50.27648264783162, "clon": 82.2077874317327}, "geometry": {"type": "Polygon", "coordinates": [[[82.2077523, 50.2764351], [82.2077072, 50.2764942], [82.2078225, 50.2765302], [82.2078677, 50.2764711], [82.2077523, 50.2764351]]]}}, {"type": "Feature", "properties": {"osm_id": 567905727, "building": "yes", "housenumber": "30", "street": "улица Логовая", "levels": "1", "area_m2": 88.5, "clat": 50.2761676, "clon": 82.20822205}, "geometry": {"type": "Polygon", "coordinates": [[[82.2081292, 50.2761797], [82.2082619, 50.2762226], [82.2083149, 50.2761555], [82.2081822, 50.2761126], [82.2081292, 50.2761797]]]}}, {"type": "Feature", "properties": {"osm_id": 567905728, "building": "yes", "housenumber": "31", "street": "улица Мира", "levels": "1", "area_m2": 95.6, "clat": 50.27651739986574, "clon": 82.20911193327349}, "geometry": {"type": "Polygon", "coordinates": [[[82.209139, 50.2765782], [82.2092109, 50.2765166], [82.2090848, 50.2764566], [82.209013, 50.2765182], [82.209139, 50.2765782]]]}}, {"type": "Feature", "properties": {"osm_id": 567905729, "building": "yes", "housenumber": "33", "street": "улица Мира", "levels": "1", "area_m2": 68.5, "clat": 50.276671401249196, "clon": 82.20908608481787}, "geometry": {"type": "Polygon", "coordinates": [[[82.2091444, 50.2767205], [82.209182, 50.276678], [82.2090277, 50.2766223], [82.2089902, 50.2766648], [82.2091444, 50.2767205]]]}}, {"type": "Feature", "properties": {"osm_id": 567905730, "building": "yes", "housenumber": "39", "street": "улица Мира", "levels": "1", "area_m2": 90.9, "clat": 50.276893, "clon": 82.20876715}, "geometry": {"type": "Polygon", "coordinates": [[[82.2086723, 50.2768954], [82.2087788, 50.2769532], [82.208862, 50.2768906], [82.2087555, 50.2768328], [82.2086723, 50.2768954]]]}}, {"type": "Feature", "properties": {"osm_id": 567905731, "building": "yes", "housenumber": "41", "street": "улица Мира", "levels": "1", "area_m2": 72.9, "clat": 50.27709903282622, "clon": 82.20844605950838}, "geometry": {"type": "Polygon", "coordinates": [[[82.2084765, 50.2771508], [82.2085323, 50.2770944], [82.2084156, 50.2770473], [82.2083598, 50.2771036], [82.2084765, 50.2771508]]]}}, {"type": "Feature", "properties": {"osm_id": 567905732, "building": "yes", "housenumber": "43", "street": "улица Мира", "levels": "1", "area_m2": 114.3, "clat": 50.27730636668538, "clon": 82.20817194498704}, "geometry": {"type": "Polygon", "coordinates": [[[82.2081922, 50.2773736], [82.2082791, 50.277306], [82.2081517, 50.2772391], [82.2080648, 50.2773068], [82.2081922, 50.2773736]]]}}, {"type": "Feature", "properties": {"osm_id": 567905733, "building": "yes", "housenumber": "45", "street": "улица Мира", "levels": "1", "area_m2": 130.8, "clat": 50.277488783368774, "clon": 82.20786905028443}, "geometry": {"type": "Polygon", "coordinates": [[[82.2078703, 50.2775622], [82.2079818, 50.2775028], [82.2078678, 50.2774154], [82.2077563, 50.2774747], [82.2078703, 50.2775622]]]}}, {"type": "Feature", "properties": {"osm_id": 567905734, "building": "yes", "housenumber": "5", "street": "Горноспасательная улица", "levels": "1", "area_m2": 167.5, "clat": 50.27926105, "clon": 82.21557085}, "geometry": {"type": "Polygon", "coordinates": [[[82.2154221, 50.2792522], [82.2154608, 50.2793256], [82.2157196, 50.2792699], [82.2156809, 50.2791965], [82.2154221, 50.2792522]]]}}, {"type": "Feature", "properties": {"osm_id": 567905735, "building": "yes", "housenumber": "7", "street": "Горноспасательная улица", "levels": "1", "area_m2": 154.9, "clat": 50.279383949999996, "clon": 82.2149235}, "geometry": {"type": "Polygon", "coordinates": [[[82.2147717, 50.2793731], [82.2147977, 50.2794394], [82.2150753, 50.2793948], [82.2150493, 50.2793285], [82.2147717, 50.2793731]]]}}, {"type": "Feature", "properties": {"osm_id": 567905736, "building": "yes", "housenumber": "9", "street": "Горноспасательная улица", "levels": "1", "area_m2": 118.8, "clat": 50.27951985, "clon": 82.21420785000001}, "geometry": {"type": "Polygon", "coordinates": [[[82.214085, 50.2795076], [82.2141134, 50.2795715], [82.2143307, 50.2795321], [82.2143023, 50.2794682], [82.214085, 50.2795076]]]}}, {"type": "Feature", "properties": {"osm_id": 567905737, "building": "yes", "housenumber": "11", "street": "Горноспасательная улица", "levels": "1", "area_m2": 150.5, "clat": 50.27964370077463, "clon": 82.21359273182354}, "geometry": {"type": "Polygon", "coordinates": [[[82.213446, 50.2796362], [82.2134779, 50.2797026], [82.2137395, 50.2796512], [82.2137075, 50.2795848], [82.213446, 50.2796362]]]}}, {"type": "Feature", "properties": {"osm_id": 567905738, "building": "yes", "housenumber": "13", "street": "Горноспасательная улица", "levels": "1", "area_m2": 162.6, "clat": 50.27986955, "clon": 82.2125714}, "geometry": {"type": "Polygon", "coordinates": [[[82.2124328, 50.279859], [82.2124794, 50.2799366], [82.21271, 50.2798801], [82.2126634, 50.2798025], [82.2124328, 50.279859]]]}}, {"type": "Feature", "properties": {"osm_id": 567905739, "building": "yes", "housenumber": "15", "street": "Горноспасательная улица", "levels": "1", "area_m2": 137.4, "clat": 50.2800366, "clon": 82.2119057}, "geometry": {"type": "Polygon", "coordinates": [[[82.2117797, 50.280027], [82.2118252, 50.2800993], [82.2120317, 50.2800462], [82.2119862, 50.2799739], [82.2117797, 50.280027]]]}}, {"type": "Feature", "properties": {"osm_id": 567905740, "building": "yes", "housenumber": "17", "street": "Горноспасательная улица", "levels": "1", "area_m2": 100.5, "clat": 50.280142229202376, "clon": 82.21145565083334}, "geometry": {"type": "Polygon", "coordinates": [[[82.2113518, 50.280129], [82.2113892, 50.2801949], [82.2115595, 50.2801554], [82.2115222, 50.2800896], [82.2113518, 50.280129]]]}}, {"type": "Feature", "properties": {"osm_id": 567905741, "building": "yes", "housenumber": "19", "street": "Горноспасательная улица", "levels": "1", "area_m2": 41.3, "clat": 50.280293783288144, "clon": 82.21098023789803}, "geometry": {"type": "Polygon", "coordinates": [[[82.2109133, 50.2802935], [82.210952, 50.2803326], [82.2110472, 50.280294], [82.2110085, 50.280255], [82.2109133, 50.2802935]]]}}, {"type": "Feature", "properties": {"osm_id": 567905742, "building": "yes", "housenumber": "21", "street": "Горноспасательная улица", "levels": "1", "area_m2": 85.6, "clat": 50.28040795, "clon": 82.2104713}, "geometry": {"type": "Polygon", "coordinates": [[[82.2104399, 50.2804632], [82.2105577, 50.2804281], [82.2105027, 50.2803527], [82.2103849, 50.2803878], [82.2104399, 50.2804632]]]}}, {"type": "Feature", "properties": {"osm_id": 567905743, "building": "yes", "housenumber": "23", "street": "Горноспасательная улица", "levels": "1", "area_m2": 63.7, "clat": 50.28051002224658, "clon": 82.21012223891114}, "geometry": {"type": "Polygon", "coordinates": [[[82.2100979, 50.2805583], [82.2101962, 50.2805286], [82.2101465, 50.2804617], [82.2100483, 50.2804915], [82.2100979, 50.2805583]]]}}, {"type": "Feature", "properties": {"osm_id": 567905744, "building": "yes", "housenumber": "25", "street": "Горноспасательная улица", "levels": "1", "area_m2": 65.3, "clat": 50.28061525322752, "clon": 82.20977253130131}, "geometry": {"type": "Polygon", "coordinates": [[[82.2097425, 50.2806629], [82.2098485, 50.280632], [82.2098025, 50.2805676], [82.2096966, 50.2805985], [82.2097425, 50.2806629]]]}}, {"type": "Feature", "properties": {"osm_id": 567905745, "building": "yes", "housenumber": "27", "street": "Горноспасательная улица", "levels": "1", "area_m2": 56.6, "clat": 50.28072525, "clon": 82.20942615}, "geometry": {"type": "Polygon", "coordinates": [[[82.2094032, 50.2807709], [82.2094944, 50.2807452], [82.2094491, 50.2806796], [82.2093579, 50.2807053], [82.2094032, 50.2807709]]]}}, {"type": "Feature", "properties": {"osm_id": 567905746, "building": "yes", "housenumber": "29", "street": "Горноспасательная улица", "levels": "1", "area_m2": 48.3, "clat": 50.28083433321496, "clon": 82.20910259960642}, "geometry": {"type": "Polygon", "coordinates": [[[82.2091015, 50.2808806], [82.2091681, 50.280854], [82.2091037, 50.2807881], [82.2090371, 50.2808146], [82.2091015, 50.2808806]]]}}, {"type": "Feature", "properties": {"osm_id": 567905747, "building": "yes", "housenumber": "31", "street": "Горноспасательная улица", "levels": "1", "area_m2": 90.4, "clat": 50.28093805, "clon": 82.20877175}, "geometry": {"type": "Polygon", "coordinates": [[[82.2086737, 50.2809328], [82.2087263, 50.2809938], [82.2088698, 50.2809433], [82.2088172, 50.2808823], [82.2086737, 50.2809328]]]}}, {"type": "Feature", "properties": {"osm_id": 567905748, "building": "yes", "housenumber": "33", "street": "Горноспасательная улица", "levels": "1", "area_m2": 82.8, "clat": 50.28110605, "clon": 82.2082466}, "geometry": {"type": "Polygon", "coordinates": [[[82.2082177, 50.2811608], [82.2083317, 50.2811257], [82.2082755, 50.2810513], [82.2081615, 50.2810864], [82.2082177, 50.2811608]]]}}, {"type": "Feature", "properties": {"osm_id": 567905749, "building": "yes", "housenumber": "35", "street": "Горноспасательная улица", "levels": "1", "area_m2": 80.1, "clat": 50.28120994696961, "clon": 82.20792886805549}, "geometry": {"type": "Polygon", "coordinates": [[[82.2079039, 50.2812645], [82.2080138, 50.2812268], [82.2079539, 50.2811554], [82.2078439, 50.2811931], [82.2079039, 50.2812645]]]}}, {"type": "Feature", "properties": {"osm_id": 567905750, "building": "yes", "housenumber": "37", "street": "Горноспасательная улица", "levels": "1", "area_m2": 83.5, "clat": 50.28131630308937, "clon": 82.20759223108652}, "geometry": {"type": "Polygon", "coordinates": [[[82.2075538, 50.2813691], [82.2076786, 50.2813348], [82.2076306, 50.2812635], [82.2075059, 50.2812978], [82.2075538, 50.2813691]]]}}, {"type": "Feature", "properties": {"osm_id": 567905751, "building": "yes", "housenumber": "39", "street": "Горноспасательная улица", "levels": "1", "area_m2": 99.1, "clat": 50.28148569380032, "clon": 82.20710376982689}, "geometry": {"type": "Polygon", "coordinates": [[[82.2070724, 50.2815473], [82.2071861, 50.2815235], [82.2071352, 50.2814241], [82.2070214, 50.2814479], [82.2070724, 50.2815473]]]}}, {"type": "Feature", "properties": {"osm_id": 567905752, "building": "yes", "housenumber": null, "street": null, "levels": "1", "area_m2": 41.3, "clat": 50.28155333093456, "clon": 82.20678114558811}, "geometry": {"type": "Polygon", "coordinates": [[[82.2067679, 50.2815962], [82.2068332, 50.2815816], [82.2067944, 50.2815105], [82.2067291, 50.281525], [82.2067679, 50.2815962]]]}}, {"type": "Feature", "properties": {"osm_id": 567905753, "building": "yes", "housenumber": "79", "street": "улица Мира", "levels": "1", "area_m2": 75.6, "clat": 50.27945905, "clon": 82.2049056}, "geometry": {"type": "Polygon", "coordinates": [[[82.2048233, 50.2794759], [82.2049322, 50.2795116], [82.2049879, 50.2794422], [82.204879, 50.2794065], [82.2048233, 50.2794759]]]}}, {"type": "Feature", "properties": {"osm_id": 567905754, "building": "yes", "housenumber": "77", "street": "улица Мира", "levels": "1", "area_m2": 60.5, "clat": 50.2793193, "clon": 82.20504075}, "geometry": {"type": "Polygon", "coordinates": [[[82.2049554, 50.2793178], [82.2050875, 50.2793649], [82.2051261, 50.2793208], [82.204994, 50.2792737], [82.2049554, 50.2793178]]]}}, {"type": "Feature", "properties": {"osm_id": 567905755, "building": "yes", "housenumber": "75", "street": "улица Мира", "levels": "1", "area_m2": 53.6, "clat": 50.27925685, "clon": 82.20537575}, "geometry": {"type": "Polygon", "coordinates": [[[82.205449, 50.2792668], [82.2053665, 50.2792094], [82.2053025, 50.2792469], [82.205385, 50.2793043], [82.205449, 50.2792668]]]}}, {"type": "Feature", "properties": {"osm_id": 567905756, "building": "yes", "housenumber": "67", "street": "улица Мира", "levels": "1", "area_m2": 42.9, "clat": 50.2790147, "clon": 82.20575465}, "geometry": {"type": "Polygon", "coordinates": [[[82.205683, 50.2790131], [82.205793, 50.2790534], [82.2058263, 50.2790163], [82.2057163, 50.278976], [82.205683, 50.2790131]]]}}, {"type": "Feature", "properties": {"osm_id": 567905757, "building": "yes", "housenumber": "65", "street": "улица Мира", "levels": "1", "area_m2": 49.0, "clat": 50.27892935, "clon": 82.2058878}, "geometry": {"type": "Polygon", "coordinates": [[[82.2059217, 50.278972], [82.2059625, 50.2789321], [82.2058539, 50.2788867], [82.2058131, 50.2789266], [82.2059217, 50.278972]]]}}, {"type": "Feature", "properties": {"osm_id": 567905759, "building": "yes", "housenumber": "63", "street": "улица Мира", "levels": "1", "area_m2": 47.9, "clat": 50.278823750602065, "clon": 82.2060327837134}, "geometry": {"type": "Polygon", "coordinates": [[[82.2060598, 50.2788666], [82.206105, 50.2788263], [82.2060057, 50.2787809], [82.2059606, 50.2788212], [82.2060598, 50.2788666]]]}}, {"type": "Feature", "properties": {"osm_id": 567905760, "building": "yes", "housenumber": "61", "street": "улица Мира", "levels": "1", "area_m2": 50.2, "clat": 50.2787319, "clon": 82.2061862}, "geometry": {"type": "Polygon", "coordinates": [[[82.2062315, 50.2787775], [82.2062683, 50.2787446], [82.2061409, 50.2786863], [82.2061041, 50.2787192], [82.2062315, 50.2787775]]]}}, {"type": "Feature", "properties": {"osm_id": 567905761, "building": "yes", "housenumber": "57", "street": "улица Мира", "levels": "1", "area_m2": 74.0, "clat": 50.27855138277808, "clon": 82.20646370365628}, "geometry": {"type": "Polygon", "coordinates": [[[82.2063804, 50.278564], [82.206476, 50.2786056], [82.206547, 50.2785387], [82.2064514, 50.2784972], [82.2063804, 50.278564]]]}}, {"type": "Feature", "properties": {"osm_id": 567905762, "building": "yes", "housenumber": "55", "street": "улица Мира", "levels": "1", "area_m2": 45.9, "clat": 50.27816275, "clon": 82.20706685}, "geometry": {"type": "Polygon", "coordinates": [[[82.2070992, 50.2782058], [82.2071404, 50.2781711], [82.2070345, 50.2781197], [82.2069933, 50.2781544], [82.2070992, 50.2782058]]]}}, {"type": "Feature", "properties": {"osm_id": 567905763, "building": "yes", "housenumber": null, "street": null, "levels": "1", "area_m2": 66.3, "clat": 50.278204, "clon": 82.2068611}, "geometry": {"type": "Polygon", "coordinates": [[[82.2069222, 50.2782555], [82.2069596, 50.2782185], [82.2068, 50.2781525], [82.2067626, 50.2781895], [82.2069222, 50.2782555]]]}}, {"type": "Feature", "properties": {"osm_id": 567905764, "building": "yes", "housenumber": "53", "street": "улица Мира", "levels": "1", "area_m2": 64.2, "clat": 50.27795734708191, "clon": 82.20721703154989}, "geometry": {"type": "Polygon", "coordinates": [[[82.2071408, 50.2779723], [82.207246, 50.2780048], [82.2072933, 50.2779424], [82.207188, 50.2779099], [82.2071408, 50.2779723]]]}}, {"type": "Feature", "properties": {"osm_id": 567905765, "building": "yes", "housenumber": null, "street": null, "levels": "1", "area_m2": 43.5, "clat": 50.277842449999994, "clon": 82.20609350000001}, "geometry": {"type": "Polygon", "coordinates": [[[82.2060277, 50.2778278], [82.2060427, 50.2778729], [82.2061593, 50.2778571], [82.2061443, 50.277812], [82.2060277, 50.2778278]]]}}, {"type": "Feature", "properties": {"osm_id": 567905766, "building": "yes", "housenumber": null, "street": null, "levels": "1", "area_m2": 40.1, "clat": 50.2779351, "clon": 82.20601925}, "geometry": {"type": "Polygon", "coordinates": [[[82.2059438, 50.277923], [82.2059498, 50.2779575], [82.2060947, 50.2779472], [82.2060887, 50.2779127], [82.2059438, 50.277923]]]}}, {"type": "Feature", "properties": {"osm_id": 567905767, "building": "yes", "housenumber": null, "street": null, "levels": "1", "area_m2": 53.3, "clat": 50.278036900000004, "clon": 82.2058837}, "geometry": {"type": "Polygon", "coordinates": [[[82.2058205, 50.2780597], [82.2059188, 50.2780775], [82.2059469, 50.2780141], [82.2058486, 50.2779963], [82.2058205, 50.2780597]]]}}, {"type": "Feature", "properties": {"osm_id": 567905768, "building": "yes", "housenumber": null, "street": null, "levels": "1", "area_m2": 58.9, "clat": 50.27806524923872, "clon": 82.20543566568554}, "geometry": {"type": "Polygon", "coordinates": [[[82.2054926, 50.2781094], [82.2055249, 50.2780691], [82.2053788, 50.2780211], [82.2053464, 50.2780614], [82.2054926, 50.2781094]]]}}, {"type": "Feature", "properties": {"osm_id": 567905769, "building": "yes", "housenumber": null, "street": null, "levels": "1", "area_m2": 72.0, "clat": 50.27816908203655, "clon": 82.20537900821131}, "geometry": {"type": "Polygon", "coordinates": [[[82.2053517, 50.278118], [82.205297, 50.278182], [82.2054063, 50.2782202], [82.205461, 50.2781561], [82.2053517, 50.278118]]]}}, {"type": "Feature", "properties": {"osm_id": 567905770, "building": "yes", "housenumber": null, "street": null, "levels": "1", "area_m2": 45.6, "clat": 50.278025400000004, "clon": 82.20553995}, "geometry": {"type": "Polygon", "coordinates": [[[82.2054691, 50.2779941], [82.2054539, 50.278028], [82.2056108, 50.2780567], [82.205626, 50.2780228], [82.2054691, 50.2779941]]]}}, {"type": "Feature", "properties": {"osm_id": 567905771, "building": "yes", "housenumber": null, "street": null, "levels": "1", "area_m2": 52.1, "clat": 50.2779060968965, "clon": 82.20564532374198}, "geometry": {"type": "Polygon", "coordinates": [[[82.205577, 50.277884], [82.2055822, 50.2779338], [82.2057136, 50.2779282], [82.2057085, 50.2778784], [82.205577, 50.277884]]]}}, {"type": "Feature", "properties": {"osm_id": 567905772, "building": "yes", "housenumber": "21", "street": "улица Логовая", "levels": "1", "area_m2": 70.7, "clat": 50.27511696691573, "clon": 82.20909107634613}, "geometry": {"type": "Polygon", "coordinates": [[[82.2090056, 50.2751148], [82.2091135, 50.2751697], [82.2091766, 50.2751192], [82.2090686, 50.2750642], [82.2090056, 50.2751148]]]}}, {"type": "Feature", "properties": {"osm_id": 567905773, "building": "yes", "housenumber": "19", "street": "улица Логовая", "levels": "1", "area_m2": 79.0, "clat": 50.27488893331576, "clon": 82.20941825389912}, "geometry": {"type": "Polygon", "coordinates": [[[82.2094314, 50.2749451], [82.209507, 50.2748885], [82.2094051, 50.2748328], [82.2093295, 50.2748893], [82.2094314, 50.2749451]]]}}, {"type": "Feature", "properties": {"osm_id": 567905774, "building": "yes", "housenumber": "17", "street": "улица Логовая", "levels": "1", "area_m2": 86.7, "clat": 50.27466546601657, "clon": 82.20968602891897}, "geometry": {"type": "Polygon", "coordinates": [[[82.2095937, 50.2746704], [82.2097009, 50.2747239], [82.2097784, 50.2746606], [82.2096711, 50.274607], [82.2095937, 50.2746704]]]}}, {"type": "Feature", "properties": {"osm_id": 567905775, "building": "yes", "housenumber": "13", "street": "улица Логовая", "levels": "1", "area_m2": 73.1, "clat": 50.27441643405997, "clon": 82.21002847340061}, "geometry": {"type": "Polygon", "coordinates": [[[82.210049, 50.2744694], [82.2101132, 50.2744102], [82.210008, 50.2743635], [82.2099437, 50.2744226], [82.210049, 50.2744694]]]}}, {"type": "Feature", "properties": {"osm_id": 567905776, "building": "yes", "housenumber": "11", "street": "улица Логовая", "levels": "1", "area_m2": 77.2, "clat": 50.27426663390468, "clon": 82.21023479808949}, "geometry": {"type": "Polygon", "coordinates": [[[82.2101502, 50.2742919], [82.2102282, 50.2743262], [82.2103194, 50.2742413], [82.2102414, 50.2742071], [82.2101502, 50.2742919]]]}}, {"type": "Feature", "properties": {"osm_id": 567905777, "building": "yes", "housenumber": "9", "street": "улица Логовая", "levels": "1", "area_m2": 54.1, "clat": 50.27412691489317, "clon": 82.21041128737082}, "geometry": {"type": "Polygon", "coordinates": [[[82.2103319, 50.2741158], [82.2104439, 50.2741745], [82.2104907, 50.2741381], [82.2103787, 50.2740793], [82.2103319, 50.2741158]]]}}, {"type": "Feature", "properties": {"osm_id": 567905778, "building": "yes", "housenumber": "7", "street": "улица Логовая", "levels": "1", "area_m2": 86.4, "clat": 50.27391325, "clon": 82.2106294}, "geometry": {"type": "Polygon", "coordinates": [[[82.2106639, 50.2739739], [82.2107277, 50.273928], [82.2105949, 50.2738526], [82.2105311, 50.2738985], [82.2106639, 50.2739739]]]}}, {"type": "Feature", "properties": {"osm_id": 567905779, "building": "yes", "housenumber": "3", "street": "улица Логовая", "levels": "1", "area_m2": 66.5, "clat": 50.27359415103982, "clon": 82.21111748280872}, "geometry": {"type": "Polygon", "coordinates": [[[82.2110923, 50.273644], [82.211199, 50.2735994], [82.2111426, 50.2735443], [82.211036, 50.2735889], [82.2110923, 50.273644]]]}}, {"type": "Feature", "properties": {"osm_id": 567905780, "building": "yes", "housenumber": "1", "street": "улица Логовая", "levels": "1", "area_m2": 73.9, "clat": 50.2733809, "clon": 82.21140495}, "geometry": {"type": "Polygon", "coordinates": [[[82.2114444, 50.2734395], [82.211499, 50.2734024], [82.2113655, 50.2733223], [82.2113109, 50.2733594], [82.2114444, 50.2734395]]]}}, {"type": "Feature", "properties": {"osm_id": 567905781, "building": "yes", "housenumber": "20", "street": "улица Нагорная", "levels": "1", "area_m2": 103.4, "clat": 50.274520200000005, "clon": 82.20789715}, "geometry": {"type": "Polygon", "coordinates": [[[82.2077959, 50.2745216], [82.2078898, 50.2745848], [82.2079984, 50.2745188], [82.2079045, 50.2744556], [82.2077959, 50.2745216]]]}}, {"type": "Feature", "properties": {"osm_id": 567905782, "building": "yes", "housenumber": null, "street": null, "levels": "1", "area_m2": 100.3, "clat": 50.2746138, "clon": 82.20775695}, "geometry": {"type": "Polygon", "coordinates": [[[82.2077825, 50.2746781], [82.2078595, 50.2746241], [82.2077314, 50.2745495], [82.2076544, 50.2746035], [82.2077825, 50.2746781]]]}}, {"type": "Feature", "properties": {"osm_id": 567905783, "building": "yes", "housenumber": "22", "street": "улица Нагорная", "levels": "1", "area_m2": 62.6, "clat": 50.2747457, "clon": 82.20747084999999}, "geometry": {"type": "Polygon", "coordinates": [[[82.207474, 50.2747959], [82.2075495, 50.2747452], [82.2074677, 50.2746955], [82.2073922, 50.2747462], [82.207474, 50.2747959]]]}}, {"type": "Feature", "properties": {"osm_id": 567905784, "building": "yes", "housenumber": "26", "street": "улица Нагорная", "levels": "1", "area_m2": 55.6, "clat": 50.27510729633065, "clon": 82.2074217341784}, "geometry": {"type": "Polygon", "coordinates": [[[82.2073473, 50.2751229], [82.2074103, 50.2751568], [82.2074962, 50.2750917], [82.2074331, 50.2750578], [82.2073473, 50.2751229]]]}}, {"type": "Feature", "properties": {"osm_id": 567905785, "building": "yes", "housenumber": "24", "street": "улица Нагорная", "levels": "1", "area_m2": 70.4, "clat": 50.27497565, "clon": 82.20716955}, "geometry": {"type": "Polygon", "coordinates": [[[82.2070871, 50.2750046], [82.2071541, 50.275035], [82.207252, 50.2749467], [82.207185, 50.2749163], [82.2070871, 50.2750046]]]}}, {"type": "Feature", "properties": {"osm_id": 567905788, "building": "yes", "housenumber": null, "street": null, "levels": "1", "area_m2": 18.3, "clat": 50.27738874551127, "clon": 82.20638188351478}, "geometry": {"type": "Polygon", "coordinates": [[[82.2063408, 50.2773997], [82.2063807, 50.2774172], [82.206423, 50.2773778], [82.206383, 50.2773603], [82.2063408, 50.2773997]]]}}, {"type": "Feature", "properties": {"osm_id": 567905789, "building": "yes", "housenumber": "45", "street": "улица Логовая", "levels": "1", "area_m2": 69.9, "clat": 50.277410907846615, "clon": 82.20622101263614}, "geometry": {"type": "Polygon", "coordinates": [[[82.2061329, 50.2774443], [82.2061891, 50.2774731], [82.2063091, 50.2773775], [82.206253, 50.2773487], [82.2061329, 50.2774443]]]}}, {"type": "Feature", "properties": {"osm_id": 567905790, "building": "yes", "housenumber": "43", "street": "улица Логовая", "levels": "1", "area_m2": 61.8, "clat": 50.27720695, "clon": 82.206449}, "geometry": {"type": "Polygon", "coordinates": [[[82.2063733, 50.2772365], [82.2064372, 50.2772631], [82.2065247, 50.2771774], [82.2064608, 50.2771508], [82.2063733, 50.2772365]]]}}, {"type": "Feature", "properties": {"osm_id": 567905791, "building": "yes", "housenumber": "41", "street": "улица Логовая", "levels": "1", "area_m2": 79.9, "clat": 50.2770029, "clon": 82.20664005}, "geometry": {"type": "Polygon", "coordinates": [[[82.206552, 50.2770119], [82.2066644, 50.2770577], [82.2067281, 50.2769939], [82.2066157, 50.2769481], [82.206552, 50.2770119]]]}}, {"type": "Feature", "properties": {"osm_id": 567905792, "building": "yes", "housenumber": "39", "street": "улица Логовая", "levels": "1", "area_m2": 66.3, "clat": 50.27683819839868, "clon": 82.20678621517835}, "geometry": {"type": "Polygon", "coordinates": [[[82.2066955, 50.2768302], [82.206833, 50.2768885], [82.2068769, 50.2768462], [82.2067395, 50.2767879], [82.2066955, 50.2768302]]]}}, {"type": "Feature", "properties": {"osm_id": 567905793, "building": "yes", "housenumber": "37", "street": "улица Логовая", "levels": "1", "area_m2": 56.3, "clat": 50.27669443542288, "clon": 82.2070308700945}, "geometry": {"type": "Polygon", "coordinates": [[[82.2069443, 50.2766854], [82.2070804, 50.2767407], [82.2071174, 50.2767034], [82.2069813, 50.2766482], [82.2069443, 50.2766854]]]}}, {"type": "Feature", "properties": {"osm_id": 567905794, "building": "yes", "housenumber": "35", "street": "улица Логовая", "levels": "1", "area_m2": 60.5, "clat": 50.2764988, "clon": 82.2072234}, "geometry": {"type": "Polygon", "coordinates": [[[82.2071401, 50.2764947], [82.2072608, 50.2765465], [82.2073067, 50.2765029], [82.207186, 50.2764511], [82.2071401, 50.2764947]]]}}, {"type": "Feature", "properties": {"osm_id": 567905796, "building": "yes", "housenumber": "30", "street": "улица Нагорная", "levels": "1", "area_m2": 53.3, "clat": 50.27557321758017, "clon": 82.206594540451}, "geometry": {"type": "Polygon", "coordinates": [[[82.2065219, 50.2755802], [82.2066211, 50.275617], [82.2066672, 50.2755663], [82.206568, 50.2755294], [82.2065219, 50.2755802]]]}}, {"type": "Feature", "properties": {"osm_id": 567905797, "building": "yes", "housenumber": "32а", "street": "улица Нагорная", "levels": "1", "area_m2": 48.6, "clat": 50.27568795, "clon": 82.20639685}, "geometry": {"type": "Polygon", "coordinates": [[[82.2063321, 50.2757049], [82.20641, 50.2757319], [82.2064616, 50.275671], [82.2063837, 50.275644], [82.2063321, 50.2757049]]]}}, {"type": "Feature", "properties": {"osm_id": 567905799, "building": "yes", "housenumber": "32", "street": "улица Нагорная", "levels": "1", "area_m2": 84.9, "clat": 50.2758157, "clon": 82.20628285}, "geometry": {"type": "Polygon", "coordinates": [[[82.2061859, 50.2758163], [82.2063274, 50.2758707], [82.2063798, 50.2758151], [82.2062383, 50.2757607], [82.2061859, 50.2758163]]]}}, {"type": "Feature", "properties": {"osm_id": 567905800, "building": "yes", "housenumber": "34", "street": "улица Нагорная", "levels": "1", "area_m2": 69.1, "clat": 50.276190528758306, "clon": 82.20598549034916}, "geometry": {"type": "Polygon", "coordinates": [[[82.2059063, 50.2762058], [82.2060142, 50.2762401], [82.2060647, 50.2761752], [82.2059567, 50.276141], [82.2059063, 50.2762058]]]}}, {"type": "Feature", "properties": {"osm_id": 567905801, "building": "yes", "housenumber": "36", "street": "улица Нагорная", "levels": "1", "area_m2": 60.3, "clat": 50.276257998538526, "clon": 82.20585333216026}, "geometry": {"type": "Polygon", "coordinates": [[[82.2058895, 50.2763031], [82.2059318, 50.2762506], [82.2058171, 50.2762129], [82.2057749, 50.2762654], [82.2058895, 50.2763031]]]}}, {"type": "Feature", "properties": {"osm_id": 567905803, "building": "yes", "housenumber": "38", "street": "улица Нагорная", "levels": "1", "area_m2": 66.4, "clat": 50.27633823355457, "clon": 82.20575589932754}, "geometry": {"type": "Polygon", "coordinates": [[[82.205679, 50.2763635], [82.2057537, 50.2763935], [82.2058328, 50.2763129], [82.2057581, 50.276283], [82.205679, 50.2763635]]]}}, {"type": "Feature", "properties": {"osm_id": 567905804, "building": "yes", "housenumber": "40", "street": "улица Нагорная", "levels": "1", "area_m2": 54.1, "clat": 50.27653134790723, "clon": 82.20557973175333}, "geometry": {"type": "Polygon", "coordinates": [[[82.2055073, 50.2765414], [82.2056119, 50.276574], [82.2056522, 50.2765213], [82.2055475, 50.2764887], [82.2055073, 50.2765414]]]}}, {"type": "Feature", "properties": {"osm_id": 567905806, "building": "yes", "housenumber": "42", "street": "улица Нагорная", "levels": "1", "area_m2": 61.4, "clat": 50.2767847, "clon": 82.2053986}, "geometry": {"type": "Polygon", "coordinates": [[[82.2053249, 50.2768011], [82.205418, 50.276833], [82.2054723, 50.2767683], [82.2053792, 50.2767364], [82.2053249, 50.2768011]]]}}, {"type": "Feature", "properties": {"osm_id": 567905807, "building": "yes", "housenumber": "46", "street": "улица Нагорная", "levels": "1", "area_m2": 87.5, "clat": 50.27717335, "clon": 82.20511225}, "geometry": {"type": "Polygon", "coordinates": [[[82.2050238, 50.2771928], [82.2051559, 50.2772262], [82.2052007, 50.2771539], [82.2050686, 50.2771205], [82.2050238, 50.2771928]]]}}, {"type": "Feature", "properties": {"osm_id": 567905809, "building": "yes", "housenumber": "48", "street": "улица Нагорная", "levels": "1", "area_m2": 60.1, "clat": 50.2775129, "clon": 82.20482919999999}, "geometry": {"type": "Polygon", "coordinates": [[[82.204759, 50.2775334], [82.2048558, 50.2775592], [82.2048994, 50.2774924], [82.2048026, 50.2774666], [82.204759, 50.2775334]]]}}, {"type": "Feature", "properties": {"osm_id": 567905810, "building": "yes", "housenumber": "43", "street": "улица Нагорная", "levels": "1", "area_m2": 61.8, "clat": 50.2764306, "clon": 82.2052261}, "geometry": {"type": "Polygon", "coordinates": [[[82.2051533, 50.2764488], [82.205258, 50.2764762], [82.2052989, 50.2764124], [82.2051942, 50.276385], [82.2051533, 50.2764488]]]}}, {"type": "Feature", "properties": {"osm_id": 567905812, "building": "yes", "housenumber": "41", "street": "улица Нагорная", "levels": "1", "area_m2": 68.9, "clat": 50.27631965, "clon": 82.20532965}, "geometry": {"type": "Polygon", "coordinates": [[[82.2052471, 50.2763254], [82.2053517, 50.2763708], [82.2054122, 50.2763139], [82.2053076, 50.2762685], [82.2052471, 50.2763254]]]}}, {"type": "Feature", "properties": {"osm_id": 567905814, "building": "yes", "housenumber": "39", "street": "улица Нагорная", "levels": "1", "area_m2": 105.4, "clat": 50.27619896696996, "clon": 82.20541654391339}, "geometry": {"type": "Polygon", "coordinates": [[[82.2054403, 50.2762628], [82.2055189, 50.2761939], [82.2053928, 50.2761351], [82.2053142, 50.2762041], [82.2054403, 50.2762628]]]}}, {"type": "Feature", "properties": {"osm_id": 567905815, "building": "yes", "housenumber": null, "street": "улица Нагорная", "levels": "1", "area_m2": 63.8, "clat": 50.276086400000004, "clon": 82.2054965}, "geometry": {"type": "Polygon", "coordinates": [[[82.2054168, 50.2760897], [82.2055139, 50.2761362], [82.2055762, 50.2760831], [82.2054791, 50.2760366], [82.2054168, 50.2760897]]]}}, {"type": "Feature", "properties": {"osm_id": 567905817, "building": "yes", "housenumber": "35", "street": "улица Нагорная", "levels": "1", "area_m2": 78.9, "clat": 50.27586126333161, "clon": 82.2056249742184}, "geometry": {"type": "Polygon", "coordinates": [[[82.205516, 50.2758472], [82.2056957, 50.2759161], [82.205734, 50.2758754], [82.2055543, 50.2758064], [82.205516, 50.2758472]]]}}, {"type": "Feature", "properties": {"osm_id": 567905818, "building": "yes", "housenumber": "33", "street": "улица Нагорная", "levels": "1", "area_m2": 81.1, "clat": 50.27569055, "clon": 82.20593685}, "geometry": {"type": "Polygon", "coordinates": [[[82.205852, 50.27571], [82.205952, 50.2757474], [82.2060217, 50.2756711], [82.2059217, 50.2756337], [82.205852, 50.27571]]]}}, {"type": "Feature", "properties": {"osm_id": 567905820, "building": "yes", "housenumber": "31", "street": "улица Нагорная", "levels": "1", "area_m2": 65.7, "clat": 50.27553549662077, "clon": 82.20612213254287}, "geometry": {"type": "Polygon", "coordinates": [[[82.2060451, 50.2755519], [82.2061341, 50.2755868], [82.2061992, 50.2755191], [82.2061101, 50.2754842], [82.2060451, 50.2755519]]]}}, {"type": "Feature", "properties": {"osm_id": 567905821, "building": "yes", "housenumber": null, "street": null, "levels": "1", "area_m2": 42.0, "clat": 50.27547955, "clon": 82.20347735}, "geometry": {"type": "Polygon", "coordinates": [[[82.2034098, 50.2754709], [82.2034983, 50.2755215], [82.2035449, 50.2754882], [82.2034564, 50.2754376], [82.2034098, 50.2754709]]]}}, {"type": "Feature", "properties": {"osm_id": 567905823, "building": "yes", "housenumber": null, "street": null, "levels": "1", "area_m2": 50.5, "clat": 50.275851919192434, "clon": 82.20386412850982}, "geometry": {"type": "Polygon", "coordinates": [[[82.203788, 50.2758609], [82.2039181, 50.2758874], [82.2039403, 50.275843], [82.2038102, 50.2758164], [82.203788, 50.2758609]]]}}, {"type": "Feature", "properties": {"osm_id": 567905824, "building": "yes", "housenumber": null, "street": null, "levels": "1", "area_m2": 62.3, "clat": 50.27525385, "clon": 82.2043118}, "geometry": {"type": "Polygon", "coordinates": [[[82.2042319, 50.2752626], [82.2043526, 50.2752986], [82.2043917, 50.2752451], [82.204271, 50.2752091], [82.2042319, 50.2752626]]]}}, {"type": "Feature", "properties": {"osm_id": 567905826, "building": "yes", "housenumber": null, "street": null, "levels": "1", "area_m2": 60.3, "clat": 50.2749138, "clon": 82.2046706}, "geometry": {"type": "Polygon", "coordinates": [[[82.2046316, 50.2748709], [82.2045983, 50.2749318], [82.2047096, 50.2749567], [82.2047429, 50.2748958], [82.2046316, 50.2748709]]]}}, {"type": "Feature", "properties": {"osm_id": 567905827, "building": "yes", "housenumber": "6", "street": "улица Нагорная", "levels": "1", "area_m2": 41.5, "clat": 50.27340975016918, "clon": 82.20968516666254}, "geometry": {"type": "Polygon", "coordinates": [[[82.2096211, 50.2734104], [82.2096842, 50.2734507], [82.2097492, 50.2734091], [82.2096862, 50.2733688], [82.2096211, 50.2734104]]]}}, {"type": "Feature", "properties": {"osm_id": 567905829, "building": "yes", "housenumber": "4", "street": "улица Крутая", "levels": "1", "area_m2": 84.4, "clat": 50.27490724115856, "clon": 82.21589787763041}, "geometry": {"type": "Polygon", "coordinates": [[[82.2158372, 50.2749562], [82.2159351, 50.274965], [82.2159586, 50.2748583], [82.2158606, 50.2748495], [82.2158372, 50.2749562]]]}}, {"type": "Feature", "properties": {"osm_id": 567905830, "building": "yes", "housenumber": "6", "street": "улица Крутая", "levels": "1", "area_m2": 85.1, "clat": 50.274827425735346, "clon": 82.21547543846798}, "geometry": {"type": "Polygon", "coordinates": [[[82.2154174, 50.2748731], [82.2155395, 50.2748696], [82.2155335, 50.2747818], [82.2154114, 50.2747852], [82.2154174, 50.2748731]]]}}, {"type": "Feature", "properties": {"osm_id": 567905832, "building": "yes", "housenumber": "8", "street": "улица Крутая", "levels": "1", "area_m2": 102.3, "clat": 50.2748332458082, "clon": 82.2152269229835}, "geometry": {"type": "Polygon", "coordinates": [[[82.2151411, 50.2747985], [82.2151565, 50.27488], [82.2153127, 50.274868], [82.2152974, 50.2747865], [82.2151411, 50.2747985]]]}}, {"type": "Feature", "properties": {"osm_id": 567905833, "building": "yes", "housenumber": null, "street": null, "levels": "1", "area_m2": 48.9, "clat": 50.27492712680085, "clon": 82.21498023906612}, "geometry": {"type": "Polygon", "coordinates": [[[82.2149292, 50.2748966], [82.2149406, 50.2749639], [82.2150313, 50.2749576], [82.2150199, 50.2748904], [82.2149292, 50.2748966]]]}}, {"type": "Feature", "properties": {"osm_id": 567905835, "building": "yes", "housenumber": "12", "street": "улица Крутая", "levels": "1", "area_m2": 85.5, "clat": 50.2749004, "clon": 82.21437569999999}, "geometry": {"type": "Polygon", "coordinates": [[[82.2143036, 50.2749403], [82.2144605, 50.2749283], [82.2144478, 50.2748605], [82.2142909, 50.2748725], [82.2143036, 50.2749403]]]}}, {"type": "Feature", "properties": {"osm_id": 567905836, "building": "yes", "housenumber": "14", "street": "улица Крутая", "levels": "1", "area_m2": 72.1, "clat": 50.27497210229285, "clon": 82.21375813019604}, "geometry": {"type": "Polygon", "coordinates": [[[82.213672, 50.2749575], [82.2136994, 50.275015], [82.2138443, 50.2749867], [82.2138168, 50.2749292], [82.213672, 50.2749575]]]}}, {"type": "Feature", "properties": {"osm_id": 567905838, "building": "yes", "housenumber": "16", "street": "улица Крутая", "levels": "1", "area_m2": 129.6, "clat": 50.27515875, "clon": 82.2131929}, "geometry": {"type": "Polygon", "coordinates": [[[82.2131704, 50.27523], [82.2132999, 50.2751835], [82.2132154, 50.2750875], [82.2130859, 50.275134], [82.2131704, 50.27523]]]}}, {"type": "Feature", "properties": {"osm_id": 567905839, "building": "yes", "housenumber": "18", "street": "улица Крутая", "levels": "1", "area_m2": 42.0, "clat": 50.275277633592744, "clon": 82.21288295065897}, "geometry": {"type": "Polygon", "coordinates": [[[82.2128847, 50.2753226], [82.2129429, 50.2753012], [82.2128812, 50.2752327], [82.212823, 50.275254], [82.2128847, 50.2753226]]]}}, {"type": "Feature", "properties": {"osm_id": 567905841, "building": "yes", "housenumber": null, "street": null, "levels": "1", "area_m2": 44.1, "clat": 50.286463435021886, "clon": 82.21203449322581}, "geometry": {"type": "Polygon", "coordinates": [[[82.2119667, 50.2864803], [82.2120178, 50.2865087], [82.2121023, 50.2864465], [82.2120512, 50.2864182], [82.2119667, 50.2864803]]]}}, {"type": "Feature", "properties": {"osm_id": 567905842, "building": "yes", "housenumber": null, "street": null, "levels": "1", "area_m2": 27.3, "clat": 50.286557549352445, "clon": 82.2118954831241}, "geometry": {"type": "Polygon", "coordinates": [[[82.2118434, 50.2865596], [82.211906, 50.2865902], [82.2119476, 50.2865555], [82.2118849, 50.2865249], [82.2118434, 50.2865596]]]}}, {"type": "Feature", "properties": {"osm_id": 567905844, "building": "yes", "housenumber": null, "street": null, "levels": "1", "area_m2": 36.6, "clat": 50.2866584, "clon": 82.211771}, "geometry": {"type": "Polygon", "coordinates": [[[82.2117113, 50.2866658], [82.2117691, 50.2866973], [82.2118307, 50.286651], [82.2117729, 50.2866195], [82.2117113, 50.2866658]]]}}, {"type": "Feature", "properties": {"osm_id": 567905846, "building": "yes", "housenumber": "17", "street": "улица Куйбышева", "levels": "1", "area_m2": 62.4, "clat": 50.28299350304419, "clon": 82.21011468145272}, "geometry": {"type": "Polygon", "coordinates": [[[82.2100858, 50.2830402], [82.2101895, 50.2830089], [82.2101435, 50.2829468], [82.2100399, 50.2829781], [82.2100858, 50.2830402]]]}}, {"type": "Feature", "properties": {"osm_id": 567905847, "building": "yes", "housenumber": "19", "street": "улица Куйбышева", "levels": "1", "area_m2": 71.8, "clat": 50.28306715, "clon": 82.2098659}, "geometry": {"type": "Polygon", "coordinates": [[[82.2098351, 50.2831173], [82.2099461, 50.2830837], [82.2098967, 50.283017], [82.2097857, 50.2830506], [82.2098351, 50.2831173]]]}}, {"type": "Feature", "properties": {"osm_id": 567905849, "building": "yes", "housenumber": "21", "street": "улица Куйбышева", "levels": "1", "area_m2": 70.6, "clat": 50.283145149999996, "clon": 82.2096131}, "geometry": {"type": "Polygon", "coordinates": [[[82.2095802, 50.2831944], [82.2096935, 50.2831602], [82.209646, 50.2830959], [82.2095327, 50.2831301], [82.2095802, 50.2831944]]]}}, {"type": "Feature", "properties": {"osm_id": 567905850, "building": "yes", "housenumber": "23", "street": "улица Куйбышева", "levels": "1", "area_m2": 106.7, "clat": 50.28326466853384, "clon": 82.20939920946097}, "geometry": {"type": "Polygon", "coordinates": [[[82.2093603, 50.2833255], [82.2094975, 50.2832841], [82.2094381, 50.2832038], [82.2093009, 50.2832453], [82.2093603, 50.2833255]]]}}, {"type": "Feature", "properties": {"osm_id": 567905852, "building": "yes", "housenumber": "22", "street": "улица Калинина", "levels": "1", "area_m2": 153.0, "clat": 50.2827248, "clon": 82.20900825000001}, "geometry": {"type": "Polygon", "coordinates": [[[82.2088976, 50.2826862], [82.2089847, 50.2828039], [82.2091189, 50.2827634], [82.2090318, 50.2826457], [82.2088976, 50.2826862]]]}}, {"type": "Feature", "properties": {"osm_id": 567905853, "building": "yes", "housenumber": "20", "street": "улица Калинина", "levels": "1", "area_m2": 71.5, "clat": 50.28267380363554, "clon": 82.20930733144428}, "geometry": {"type": "Polygon", "coordinates": [[[82.2092289, 50.2826545], [82.2092808, 50.2827248], [82.2093858, 50.2826931], [82.2093338, 50.2826228], [82.2092289, 50.2826545]]]}}, {"type": "Feature", "properties": {"osm_id": 567905855, "building": "yes", "housenumber": "18", "street": "улица Калинина", "levels": "1", "area_m2": 64.7, "clat": 50.282598831443416, "clon": 82.20955139121132}, "geometry": {"type": "Polygon", "coordinates": [[[82.2094756, 50.2825825], [82.209523, 50.2826466], [82.2096272, 50.2826151], [82.2095798, 50.2825511], [82.2094756, 50.2825825]]]}}, {"type": "Feature", "properties": {"osm_id": 567905857, "building": "yes", "housenumber": "16", "street": "улица Калинина", "levels": "1", "area_m2": 54.8, "clat": 50.28251743143876, "clon": 82.20981294197422}, "geometry": {"type": "Polygon", "coordinates": [[[82.2097439, 50.2825011], [82.2097888, 50.2825619], [82.209882, 50.2825337], [82.2098371, 50.282473], [82.2097439, 50.2825011]]]}}, {"type": "Feature", "properties": {"osm_id": 567905858, "building": "yes", "housenumber": "14", "street": "улица Калинина", "levels": "1", "area_m2": 140.6, "clat": 50.28240715360293, "clon": 82.21001893144741}, "geometry": {"type": "Polygon", "coordinates": [[[82.2099088, 50.2823803], [82.2099815, 50.2824786], [82.2101291, 50.282434], [82.2100563, 50.2823357], [82.2099088, 50.2823803]]]}}, {"type": "Feature", "properties": {"osm_id": 567905860, "building": "yes", "housenumber": "15", "street": "улица Куйбышева", "levels": "1", "area_m2": 263.2, "clat": 50.28259995, "clon": 82.21047204999999}, "geometry": {"type": "Polygon", "coordinates": [[[82.2102669, 50.2826177], [82.2103258, 50.2826936], [82.2106772, 50.2825822], [82.2106183, 50.2825063], [82.2102669, 50.2826177]]]}}, {"type": "Feature", "properties": {"osm_id": 567905861, "building": "yes", "housenumber": "10", "street": "улица Калинина", "levels": "2", "area_m2": 283.6, "clat": 50.28209574099165, "clon": 82.21123481651622}, "geometry": {"type": "Polygon", "coordinates": [[[82.2112369, 50.2822185], [82.211382, 50.2821746], [82.2112328, 50.281973], [82.2110876, 50.2820169], [82.2112369, 50.2822185]]]}}, {"type": "Feature", "properties": {"osm_id": 567905863, "building": "yes", "housenumber": "12", "street": "улица Калинина", "levels": "2", "area_m2": 287.9, "clat": 50.2822442, "clon": 82.21050265}, "geometry": {"type": "Polygon", "coordinates": [[[82.2103031, 50.2822518], [82.210371, 50.2823403], [82.2107022, 50.2822366], [82.2106343, 50.2821481], [82.2103031, 50.2822518]]]}}, {"type": "Feature", "properties": {"osm_id": 567905864, "building": "yes", "housenumber": "11", "street": "улица Куйбышева", "levels": "2", "area_m2": 288.4, "clat": 50.282534284265964, "clon": 82.21153670170315}, "geometry": {"type": "Polygon", "coordinates": [[[82.211549, 50.2826614], [82.211688, 50.2826171], [82.2115244, 50.2824072], [82.2113854, 50.2824514], [82.211549, 50.2826614]]]}}, {"type": "Feature", "properties": {"osm_id": 567905866, "building": "yes", "housenumber": "13", "street": "улица Куйбышева", "levels": "2", "area_m2": 273.5, "clat": 50.28279705, "clon": 82.2108853}, "geometry": {"type": "Polygon", "coordinates": [[[82.2106907, 50.2828045], [82.2107567, 50.2828907], [82.2110799, 50.2827896], [82.2110139, 50.2827034], [82.2106907, 50.2828045]]]}}, {"type": "Feature", "properties": {"osm_id": 567905867, "building": "yes", "housenumber": "10", "street": "улица Куйбышева", "levels": "1", "area_m2": 85.8, "clat": 50.28308087501758, "clon": 82.2112555857751}, "geometry": {"type": "Polygon", "coordinates": [[[82.2112378, 50.2831413], [82.211335, 50.2831156], [82.2112733, 50.2830204], [82.2111762, 50.2830462], [82.2112378, 50.2831413]]]}}, {"type": "Feature", "properties": {"osm_id": 567905868, "building": "yes", "housenumber": "12", "street": "улица Куйбышева", "levels": "1", "area_m2": 81.7, "clat": 50.28319308211654, "clon": 82.21095433979153}, "geometry": {"type": "Polygon", "coordinates": [[[82.210865, 50.2831824], [82.210919, 50.2832466], [82.2110437, 50.2832037], [82.2109897, 50.2831396], [82.210865, 50.2831824]]]}}, {"type": "Feature", "properties": {"osm_id": 567905869, "building": "yes", "housenumber": "14", "street": "улица Куйбышева", "levels": "1", "area_m2": 56.2, "clat": 50.283274, "clon": 82.21067095000001}, "geometry": {"type": "Polygon", "coordinates": [[[82.2105995, 50.2832604], [82.2106526, 50.2833202], [82.2107424, 50.2832876], [82.2106893, 50.2832278], [82.2105995, 50.2832604]]]}}, {"type": "Feature", "properties": {"osm_id": 567905870, "building": "yes", "housenumber": "16", "street": "улица Куйбышева", "levels": "1", "area_m2": 72.7, "clat": 50.2833493, "clon": 82.21039090000001}, "geometry": {"type": "Polygon", "coordinates": [[[82.2103715, 50.2834035], [82.2104653, 50.2833782], [82.2104103, 50.2832951], [82.2103165, 50.2833204], [82.2103715, 50.2834035]]]}}, {"type": "Feature", "properties": {"osm_id": 567905871, "building": "yes", "housenumber": "18", "street": "улица Куйбышева", "levels": "1", "area_m2": 56.2, "clat": 50.28340288160662, "clon": 82.21013009223255}, "geometry": {"type": "Polygon", "coordinates": [[[82.2100597, 50.2833872], [82.2101066, 50.2834481], [82.2102005, 50.2834185], [82.2101536, 50.2833577], [82.2100597, 50.2833872]]]}}, {"type": "Feature", "properties": {"osm_id": 567905872, "building": "yes", "housenumber": "20", "street": "улица Куйбышева", "levels": "1", "area_m2": 59.3, "clat": 50.28347355, "clon": 82.2098876}, "geometry": {"type": "Polygon", "coordinates": [[[82.2098156, 50.2834566], [82.2098677, 50.2835209], [82.2099596, 50.2834905], [82.2099075, 50.2834262], [82.2098156, 50.2834566]]]}}, {"type": "Feature", "properties": {"osm_id": 567905873, "building": "yes", "housenumber": "22", "street": "улица Куйбышева", "levels": "1", "area_m2": 58.0, "clat": 50.2835592, "clon": 82.2096212}, "geometry": {"type": "Polygon", "coordinates": [[[82.2095481, 50.2835458], [82.2095897, 50.2836035], [82.2096943, 50.2835726], [82.2096527, 50.2835149], [82.2095481, 50.2835458]]]}}, {"type": "Feature", "properties": {"osm_id": 567905874, "building": "yes", "housenumber": "21", "street": "улица Алейская", "levels": "1", "area_m2": 64.0, "clat": 50.28389886806333, "clon": 82.2098235583421}, "geometry": {"type": "Polygon", "coordinates": [[[82.2097465, 50.283886], [82.2097973, 50.2839469], [82.2099006, 50.2839118], [82.2098498, 50.2838508], [82.2097465, 50.283886]]]}}, {"type": "Feature", "properties": {"osm_id": 567905875, "building": "yes", "housenumber": "19", "street": "улица Алейская", "levels": "1", "area_m2": 82.0, "clat": 50.28381401777626, "clon": 82.21012056322202}, "geometry": {"type": "Polygon", "coordinates": [[[82.2100282, 50.2838063], [82.2100761, 50.2838663], [82.2102129, 50.2838218], [82.210165, 50.2837617], [82.2100282, 50.2838063]]]}}, {"type": "Feature", "properties": {"osm_id": 567905876, "building": "yes", "housenumber": "17", "street": "улица Алейская", "levels": "1", "area_m2": 53.7, "clat": 50.283749549999996, "clon": 82.21033665}, "geometry": {"type": "Polygon", "coordinates": [[[82.2102655, 50.2837386], [82.2103099, 50.2837931], [82.2104078, 50.2837605], [82.2103634, 50.283706], [82.2102655, 50.2837386]]]}}, {"type": "Feature", "properties": {"osm_id": 567905877, "building": "yes", "housenumber": "15", "street": "улица Алейская", "levels": "1", "area_m2": 83.2, "clat": 50.283660318024445, "clon": 82.21064396376327}, "geometry": {"type": "Polygon", "coordinates": [[[82.2105512, 50.2836512], [82.2105972, 50.2837123], [82.2107367, 50.2836695], [82.2106907, 50.2836083], [82.2105512, 50.2836512]]]}}, {"type": "Feature", "properties": {"osm_id": 567905878, "building": "yes", "housenumber": "13", "street": "улица Алейская", "levels": "1", "area_m2": 81.7, "clat": 50.28354119784744, "clon": 82.21087586818851}, "geometry": {"type": "Polygon", "coordinates": [[[82.2107872, 50.2835286], [82.2108385, 50.2835941], [82.2109645, 50.2835538], [82.2109133, 50.2834883], [82.2107872, 50.2835286]]]}}, {"type": "Feature", "properties": {"osm_id": 567905879, "building": "yes", "housenumber": "11", "street": "улица Алейская", "levels": "1", "area_m2": 80.3, "clat": 50.283443049999995, "clon": 82.2112283}, "geometry": {"type": "Polygon", "coordinates": [[[82.2111346, 50.2834395], [82.2111825, 50.2834954], [82.211322, 50.2834466], [82.2112741, 50.2833907], [82.2111346, 50.2834395]]]}}, {"type": "Feature", "properties": {"osm_id": 567905880, "building": "yes", "housenumber": "9", "street": "улица Алейская", "levels": "1", "area_m2": 54.1, "clat": 50.283392799999994, "clon": 82.2114964}, "geometry": {"type": "Polygon", "coordinates": [[[82.2114229, 50.2833864], [82.2114693, 50.2834369], [82.2115699, 50.2833992], [82.2115235, 50.2833487], [82.2114229, 50.2833864]]]}}, {"type": "Feature", "properties": {"osm_id": 567905881, "building": "yes", "housenumber": "7", "street": "улица Алейская", "levels": "1", "area_m2": 92.6, "clat": 50.283313, "clon": 82.21177705}, "geometry": {"type": "Polygon", "coordinates": [[[82.2116791, 50.283305], [82.2117315, 50.283369], [82.211875, 50.283321], [82.2118226, 50.283257], [82.2116791, 50.283305]]]}}, {"type": "Feature", "properties": {"osm_id": 567905882, "building": "yes", "housenumber": "5", "street": "улица Алейская", "levels": "1", "area_m2": 110.7, "clat": 50.28321445, "clon": 82.21205755}, "geometry": {"type": "Polygon", "coordinates": [[[82.2120184, 50.2832767], [82.2121592, 50.2832313], [82.2120967, 50.2831522], [82.2119559, 50.2831976], [82.2120184, 50.2832767]]]}}, {"type": "Feature", "properties": {"osm_id": 567905883, "building": "yes", "housenumber": "8", "street": "улица Куйбышева", "levels": "2", "area_m2": 301.3, "clat": 50.282949450000004, "clon": 82.21185535000001}, "geometry": {"type": "Polygon", "coordinates": [[[82.2118708, 50.2830796], [82.2120115, 50.2830336], [82.2118399, 50.2828193], [82.2116992, 50.2828653], [82.2118708, 50.2830796]]]}}, {"type": "Feature", "properties": {"osm_id": 567905884, "building": "yes", "housenumber": null, "street": null, "levels": "1", "area_m2": 570.0, "clat": 50.28294048493903, "clon": 82.21255250258801}, "geometry": {"type": "Polygon", "coordinates": [[[82.212579, 50.2831276], [82.2127634, 50.2830713], [82.212526, 50.2827534], [82.2123416, 50.2828096], [82.212579, 50.2831276]]]}}, {"type": "Feature", "properties": {"osm_id": 567905885, "building": "yes", "housenumber": null, "street": null, "levels": "1", "area_m2": 107.1, "clat": 50.282576131370696, "clon": 82.21228614360945}, "geometry": {"type": "Polygon", "coordinates": [[[82.2122584, 50.28264], [82.2123796, 50.2826048], [82.2123139, 50.2825123], [82.2121927, 50.2825474], [82.2122584, 50.28264]]]}}, {"type": "Feature", "properties": {"osm_id": 567905888, "building": "yes", "housenumber": null, "street": null, "levels": "1", "area_m2": 545.5, "clat": 50.28282723412218, "clon": 82.21333055511657}, "geometry": {"type": "Polygon", "coordinates": [[[82.2130363, 50.2828473], [82.2131179, 50.2829588], [82.2136249, 50.2828071], [82.2135432, 50.2826957], [82.2130363, 50.2828473]]]}}, {"type": "Feature", "properties": {"osm_id": 567905889, "building": "yes", "housenumber": null, "street": null, "levels": "1", "area_m2": 521.3, "clat": 50.283415, "clon": 82.21500565}, "geometry": {"type": "Polygon", "coordinates": [[[82.2150265, 50.283592], [82.2152061, 50.2835379], [82.2149848, 50.283238], [82.2148052, 50.2832921], [82.2150265, 50.283592]]]}}, {"type": "Feature", "properties": {"osm_id": 567905890, "building": "yes", "housenumber": null, "street": null, "levels": "1", "area_m2": 538.0, "clat": 50.28293855, "clon": 82.21466185}, "geometry": {"type": "Polygon", "coordinates": [[[82.2146898, 50.2831199], [82.2148685, 50.283064], [82.2146339, 50.2827572], [82.2144552, 50.2828131], [82.2146898, 50.2831199]]]}}, {"type": "Feature", "properties": {"osm_id": 567905891, "building": "yes", "housenumber": null, "street": null, "levels": "1", "area_m2": 125.3, "clat": 50.2821603, "clon": 82.21519705}, "geometry": {"type": "Polygon", "coordinates": [[[82.2152035, 50.2822518], [82.2152885, 50.2822308], [82.2151906, 50.2820688], [82.2151056, 50.2820898], [82.2152035, 50.2822518]]]}}, {"type": "Feature", "properties": {"osm_id": 567905892, "building": "yes", "housenumber": null, "street": null, "levels": "1", "area_m2": 188.3, "clat": 50.28236345, "clon": 82.2150363}, "geometry": {"type": "Polygon", "coordinates": [[[82.2148642, 50.2823777], [82.2149147, 50.2824426], [82.2152084, 50.2823492], [82.2151579, 50.2822843], [82.2148642, 50.2823777]]]}}, {"type": "Feature", "properties": {"osm_id": 567905893, "building": "yes", "housenumber": null, "street": null, "levels": "1", "area_m2": 188.0, "clat": 50.2821578, "clon": 82.21488665000001}, "geometry": {"type": "Polygon", "coordinates": [[[82.214718, 50.2821678], [82.2147683, 50.2822352], [82.2150553, 50.2821478], [82.215005, 50.2820804], [82.214718, 50.2821678]]]}}, {"type": "Feature", "properties": {"osm_id": 567905894, "building": "yes", "housenumber": "5б", "street": "улица Куйбышева", "levels": "1", "area_m2": 146.8, "clat": 50.2820605, "clon": 82.2140243}, "geometry": {"type": "Polygon", "coordinates": [[[82.2139066, 50.2820418], [82.2139757, 50.2821315], [82.214142, 50.2820792], [82.2140729, 50.2819895], [82.2139066, 50.2820418]]]}}, {"type": "Feature", "properties": {"osm_id": 567905895, "building": "yes", "housenumber": "7а", "street": "улица Куйбышева", "levels": "1", "area_m2": 555.0, "clat": 50.2824208, "clon": 82.2142802}, "geometry": {"type": "Polygon", "coordinates": [[[82.2143063, 50.2826048], [82.2144888, 50.2825487], [82.2142541, 50.2822368], [82.2140716, 50.2822929], [82.2143063, 50.2826048]]]}}, {"type": "Feature", "properties": {"osm_id": 567905896, "building": "yes", "housenumber": "3", "street": "улица Куйбышева", "levels": "1", "area_m2": 169.2, "clat": 50.2818665, "clon": 82.214793}, "geometry": {"type": "Polygon", "coordinates": [[[82.2146898, 50.2819287], [82.2149312, 50.2818867], [82.2148962, 50.2818043], [82.2146548, 50.2818463], [82.2146898, 50.2819287]]]}}, {"type": "Feature", "properties": {"osm_id": 567905897, "building": "yes", "housenumber": "1", "street": "улица Куйбышева", "levels": "1", "area_m2": 150.4, "clat": 50.281746749999996, "clon": 82.2154392}, "geometry": {"type": "Polygon", "coordinates": [[[82.2153416, 50.2818053], [82.2155696, 50.2817658], [82.2155368, 50.2816882], [82.2153088, 50.2817277], [82.2153416, 50.2818053]]]}}, {"type": "Feature", "properties": {"osm_id": 567905898, "building": "yes", "housenumber": "2", "street": "улица Калинина", "levels": "1", "area_m2": 178.0, "clat": 50.280909451435505, "clon": 82.21566363116678}, "geometry": {"type": "Polygon", "coordinates": [[[82.2155187, 50.2808951], [82.2155618, 50.2809769], [82.2158086, 50.2809238], [82.2157654, 50.280842], [82.2155187, 50.2808951]]]}}, {"type": "Feature", "properties": {"osm_id": 567905899, "building": "yes", "housenumber": "4", "street": "улица Калинина", "levels": "1", "area_m2": 153.9, "clat": 50.28105315, "clon": 82.214936}, "geometry": {"type": "Polygon", "coordinates": [[[82.2148012, 50.28104], [82.2148415, 50.281116], [82.2150708, 50.2810663], [82.2150305, 50.2809903], [82.2148012, 50.28104]]]}}, {"type": "Feature", "properties": {"osm_id": 567905900, "building": "yes", "housenumber": "6", "street": "улица Калинина", "levels": "1", "area_m2": 175.2, "clat": 50.281179348310175, "clon": 82.21432676917792}, "geometry": {"type": "Polygon", "coordinates": [[[82.2141856, 50.2811625], [82.2142279, 50.2812459], [82.2144679, 50.2811962], [82.2144257, 50.2811128], [82.2141856, 50.2811625]]]}}, {"type": "Feature", "properties": {"osm_id": 567905901, "building": "yes", "housenumber": "1", "street": "улица Калинина", "levels": "1", "area_m2": 162.4, "clat": 50.280326381107145, "clon": 82.21607417964202}, "geometry": {"type": "Polygon", "coordinates": [[[82.2159384, 50.2803115], [82.215982, 50.2803918], [82.21621, 50.2803412], [82.2161664, 50.280261], [82.2159384, 50.2803115]]]}}, {"type": "Feature", "properties": {"osm_id": 567905902, "building": "yes", "housenumber": null, "street": null, "levels": "1", "area_m2": 130.0, "clat": 50.280418346905506, "clon": 82.21584796971378}, "geometry": {"type": "Polygon", "coordinates": [[[82.2157869, 50.2804804], [82.215956, 50.2804429], [82.2159091, 50.2803563], [82.2157399, 50.2803938], [82.2157869, 50.2804804]]]}}, {"type": "Feature", "properties": {"osm_id": 567905903, "building": "yes", "housenumber": "3", "street": "улица Калинина", "levels": "1", "area_m2": 142.3, "clat": 50.280450967351925, "clon": 82.21544203900923}, "geometry": {"type": "Polygon", "coordinates": [[[82.2153161, 50.2804358], [82.2153567, 50.280512], [82.2155679, 50.2804662], [82.2155274, 50.2803899], [82.2153161, 50.2804358]]]}}, {"type": "Feature", "properties": {"osm_id": 567905904, "building": "yes", "housenumber": "5", "street": "улица Калинина", "levels": "1", "area_m2": 142.5, "clat": 50.280595052337105, "clon": 82.21473323062487}, "geometry": {"type": "Polygon", "coordinates": [[[82.2146141, 50.2805751], [82.2146599, 50.2806583], [82.2148524, 50.280615], [82.2148065, 50.2805318], [82.2146141, 50.2805751]]]}}, {"type": "Feature", "properties": {"osm_id": 567905905, "building": "yes", "housenumber": "7", "street": "улица Калинина", "levels": "1", "area_m2": 178.9, "clat": 50.28072146961797, "clon": 82.21407831978945}, "geometry": {"type": "Polygon", "coordinates": [[[82.2139817, 50.2807884], [82.2142171, 50.2807422], [82.2141749, 50.2806545], [82.2139395, 50.2807008], [82.2139817, 50.2807884]]]}}, {"type": "Feature", "properties": {"osm_id": 567905906, "building": "yes", "housenumber": "9", "street": "улица Калинина", "levels": "1", "area_m2": 138.2, "clat": 50.28096306768656, "clon": 82.21305921694373}, "geometry": {"type": "Polygon", "coordinates": [[[82.212988, 50.2810288], [82.2131838, 50.2809706], [82.2131304, 50.2808973], [82.2129346, 50.2809556], [82.212988, 50.2810288]]]}}, {"type": "Feature", "properties": {"osm_id": 567905907, "building": "yes", "housenumber": "11", "street": "улица Калинина", "levels": "1", "area_m2": 177.2, "clat": 50.28116421699032, "clon": 82.21238111846718}, "geometry": {"type": "Polygon", "coordinates": [[[82.2122356, 50.2811617], [82.2122959, 50.2812396], [82.2125266, 50.2811668], [82.2124663, 50.2810888], [82.2122356, 50.2811617]]]}}, {"type": "Feature", "properties": {"osm_id": 567905908, "building": "yes", "housenumber": "13", "street": "улица Калинина", "levels": "1", "area_m2": 171.8, "clat": 50.281362916828925, "clon": 82.21168683624991}, "geometry": {"type": "Polygon", "coordinates": [[[82.2116013, 50.281435], [82.2118279, 50.2813708], [82.2117724, 50.2812908], [82.2115457, 50.2813551], [82.2116013, 50.281435]]]}}, {"type": "Feature", "properties": {"osm_id": 567905909, "building": "yes", "housenumber": "15", "street": "улица Калинина", "levels": "1", "area_m2": 162.6, "clat": 50.28165901667124, "clon": 82.21070923340942}, "geometry": {"type": "Polygon", "coordinates": [[[82.2105753, 50.281651], [82.2106366, 50.2817313], [82.2108431, 50.2816671], [82.2107819, 50.2815867], [82.2105753, 50.281651]]]}}, {"type": "Feature", "properties": {"osm_id": 567905910, "building": "yes", "housenumber": "17", "street": "улица Калинина", "levels": "1", "area_m2": 138.0, "clat": 50.28185655020029, "clon": 82.21004423312252}, "geometry": {"type": "Polygon", "coordinates": [[[82.2099169, 50.281855], [82.2099731, 50.2819241], [82.2101716, 50.2818581], [82.2101153, 50.281789], [82.2099169, 50.281855]]]}}, {"type": "Feature", "properties": {"osm_id": 567905911, "building": "yes", "housenumber": "19", "street": "улица Калинина", "levels": "1", "area_m2": 161.4, "clat": 50.28205525, "clon": 82.2093625}, "geometry": {"type": "Polygon", "coordinates": [[[82.2092275, 50.2820486], [82.2092869, 50.282127], [82.2094975, 50.2820619], [82.2094381, 50.2819835], [82.2092275, 50.2820486]]]}}, {"type": "Feature", "properties": {"osm_id": 567905912, "building": "yes", "housenumber": "4", "street": "Горноспасательная улица", "levels": "1", "area_m2": 130.3, "clat": 50.27962151893738, "clon": 82.21572712208383}, "geometry": {"type": "Polygon", "coordinates": [[[82.2156031, 50.2796088], [82.2156392, 50.2796788], [82.2158511, 50.2796343], [82.215815, 50.2795642], [82.2156031, 50.2796088]]]}}, {"type": "Feature", "properties": {"osm_id": 567905913, "building": "yes", "housenumber": "6", "street": "Горноспасательная улица", "levels": "1", "area_m2": 162.3, "clat": 50.27974115, "clon": 82.2150904}, "geometry": {"type": "Polygon", "coordinates": [[[82.2149903, 50.2798042], [82.215229, 50.2797562], [82.2151905, 50.2796781], [82.2149518, 50.2797261], [82.2149903, 50.2798042]]]}}, {"type": "Feature", "properties": {"osm_id": 567905914, "building": "yes", "housenumber": "8", "street": "Горноспасательная улица", "levels": "1", "area_m2": 136.9, "clat": 50.27988660160771, "clon": 82.2143938806439}, "geometry": {"type": "Polygon", "coordinates": [[[82.2142661, 50.2798719], [82.214299, 50.2799433], [82.2145217, 50.2799013], [82.2144887, 50.2798299], [82.2142661, 50.2798719]]]}}, {"type": "Feature", "properties": {"osm_id": 567905915, "building": "yes", "housenumber": "10", "street": "Горноспасательная улица", "levels": "1", "area_m2": 207.9, "clat": 50.28001711879934, "clon": 82.21376556221175}, "geometry": {"type": "Polygon", "coordinates": [[[82.2135915, 50.280009], [82.2136284, 50.2800861], [82.2139396, 50.2800253], [82.2139026, 50.2799481], [82.2135915, 50.280009]]]}}, {"type": "Feature", "properties": {"osm_id": 567905916, "building": "yes", "housenumber": "12", "street": "Горноспасательная улица", "levels": "1", "area_m2": 178.1, "clat": 50.280219682043366, "clon": 82.21277377138617}, "geometry": {"type": "Polygon", "coordinates": [[[82.2126152, 50.2802125], [82.2126521, 50.2802851], [82.2129324, 50.2802268], [82.2128955, 50.2801543], [82.2126152, 50.2802125]]]}}, {"type": "Feature", "properties": {"osm_id": 567905917, "building": "yes", "housenumber": "18", "street": "Горноспасательная улица", "levels": "1", "area_m2": 77.0, "clat": 50.28062028300858, "clon": 82.21125674922891}, "geometry": {"type": "Polygon", "coordinates": [[[82.2112539, 50.2806807], [82.2113357, 50.2806535], [82.2112596, 50.2805599], [82.2111778, 50.280587], [82.2112539, 50.2806807]]]}}, {"type": "Feature", "properties": {"osm_id": 567905918, "building": "yes", "housenumber": null, "street": null, "levels": "1", "area_m2": 133.8, "clat": 50.28077805, "clon": 82.2106088}, "geometry": {"type": "Polygon", "coordinates": [[[82.210637, 50.280878], [82.2107147, 50.2808538], [82.2105806, 50.2806781], [82.2105029, 50.2807023], [82.210637, 50.280878]]]}}, {"type": "Feature", "properties": {"osm_id": 567905919, "building": "yes", "housenumber": "20", "street": "Горноспасательная улица", "levels": "1", "area_m2": 65.7, "clat": 50.28073013146863, "clon": 82.21072459100485}, "geometry": {"type": "Polygon", "coordinates": [[[82.2106954, 50.2807782], [82.2108013, 50.280746], [82.2107538, 50.2806821], [82.2106479, 50.2807142], [82.2106954, 50.2807782]]]}}, {"type": "Feature", "properties": {"osm_id": 567905920, "building": "yes", "housenumber": "22", "street": "Горноспасательная улица", "levels": "1", "area_m2": 71.1, "clat": 50.2808436436187, "clon": 82.2104252675115}, "geometry": {"type": "Polygon", "coordinates": [[[82.2104178, 50.2809003], [82.2105005, 50.280874], [82.2104328, 50.280787], [82.21035, 50.2808133], [82.2104178, 50.2809003]]]}}, {"type": "Feature", "properties": {"osm_id": 567905921, "building": "yes", "housenumber": "24", "street": "Горноспасательная улица", "levels": "1", "area_m2": 93.7, "clat": 50.28095595, "clon": 82.21003400000001}, "geometry": {"type": "Polygon", "coordinates": [[[82.2099383, 50.2809431], [82.2099909, 50.281012], [82.2101297, 50.2809688], [82.2100771, 50.2808999], [82.2099383, 50.2809431]]]}}, {"type": "Feature", "properties": {"osm_id": 567905922, "building": "yes", "housenumber": "26", "street": "Горноспасательная улица", "levels": "1", "area_m2": 60.5, "clat": 50.2810683, "clon": 82.20971375}, "geometry": {"type": "Polygon", "coordinates": [[[82.2097117, 50.2811231], [82.2097822, 50.2811013], [82.2097158, 50.2810135], [82.2096453, 50.2810353], [82.2097117, 50.2811231]]]}}, {"type": "Feature", "properties": {"osm_id": 567905923, "building": "yes", "housenumber": "28", "street": "Горноспасательная улица", "levels": "1", "area_m2": 64.4, "clat": 50.28118180800986, "clon": 82.20937323330523}, "geometry": {"type": "Polygon", "coordinates": [[[82.209373, 50.2812388], [82.2094445, 50.2812161], [82.2093734, 50.2811248], [82.209302, 50.2811475], [82.209373, 50.2812388]]]}}, {"type": "Feature", "properties": {"osm_id": 567905924, "building": "yes", "housenumber": "30", "street": "Горноспасательная улица", "levels": "1", "area_m2": 46.7, "clat": 50.28128045, "clon": 82.20899815}, "geometry": {"type": "Polygon", "coordinates": [[[82.2089325, 50.2812679], [82.2089673, 50.2813195], [82.2090638, 50.281293], [82.209029, 50.2812414], [82.2089325, 50.2812679]]]}}, {"type": "Feature", "properties": {"osm_id": 567905925, "building": "yes", "housenumber": "32", "street": "Горноспасательная улица", "levels": "1", "area_m2": 79.8, "clat": 50.2814495, "clon": 82.20854665}, "geometry": {"type": "Polygon", "coordinates": [[[82.2085322, 50.281507], [82.2086275, 50.2814764], [82.2085611, 50.281392], [82.2084658, 50.2814226], [82.2085322, 50.281507]]]}}, {"type": "Feature", "properties": {"osm_id": 567905926, "building": "yes", "housenumber": "34", "street": "Горноспасательная улица", "levels": "1", "area_m2": 52.3, "clat": 50.281535, "clon": 82.20822365}, "geometry": {"type": "Polygon", "coordinates": [[[82.2082143, 50.2815824], [82.2082886, 50.2815587], [82.208233, 50.2814876], [82.2081587, 50.2815113], [82.2082143, 50.2815824]]]}}, {"type": "Feature", "properties": {"osm_id": 567905927, "building": "yes", "housenumber": "38", "street": "Горноспасательная улица", "levels": "1", "area_m2": 68.7, "clat": 50.281978332214905, "clon": 82.20683744679255}, "geometry": {"type": "Polygon", "coordinates": [[[82.2068263, 50.2820324], [82.2069123, 50.2820044], [82.2068486, 50.2819243], [82.2067626, 50.2819522], [82.2068263, 50.2820324]]]}}, {"type": "Feature", "properties": {"osm_id": 567905928, "building": "yes", "housenumber": "49", "street": "улица Водопроводная", "levels": "1", "area_m2": 94.5, "clat": 50.2791679, "clon": 82.20058675}, "geometry": {"type": "Polygon", "coordinates": [[[82.2004916, 50.2791854], [82.2006418, 50.2792205], [82.2006819, 50.2791504], [82.2005317, 50.2791153], [82.2004916, 50.2791854]]]}}, {"type": "Feature", "properties": {"osm_id": 567905929, "building": "yes", "housenumber": "47", "street": "улица Водопроводная", "levels": "1", "area_m2": 63.4, "clat": 50.27921426675913, "clon": 82.20139172007397}, "geometry": {"type": "Polygon", "coordinates": [[[82.2014303, 50.2792625], [82.2014765, 50.2792166], [82.2013531, 50.279166], [82.201307, 50.279212], [82.2014303, 50.2792625]]]}}, {"type": "Feature", "properties": {"osm_id": 567905930, "building": "yes", "housenumber": "45", "street": "улица Водопроводная", "levels": "1", "area_m2": 51.6, "clat": 50.2792383666378, "clon": 82.20180954914053}, "geometry": {"type": "Polygon", "coordinates": [[[82.2017381, 50.279236], [82.2018119, 50.279284], [82.201881, 50.2792408], [82.2018072, 50.2791927], [82.2017381, 50.279236]]]}}, {"type": "Feature", "properties": {"osm_id": 567905931, "building": "yes", "housenumber": "41", "street": "улица Водопроводная", "levels": "1", "area_m2": 88.7, "clat": 50.27961295, "clon": 82.20246999999999}, "geometry": {"type": "Polygon", "coordinates": [[[82.2024268, 50.2795599], [82.2023878, 50.2796416], [82.2025132, 50.279666], [82.2025522, 50.2795843], [82.2024268, 50.2795599]]]}}, {"type": "Feature", "properties": {"osm_id": 567905932, "building": "yes", "housenumber": "39", "street": "улица Водопроводная", "levels": "1", "area_m2": 73.1, "clat": 50.279719871004474, "clon": 82.20290053662656}, "geometry": {"type": "Polygon", "coordinates": [[[82.2028244, 50.2797446], [82.2029492, 50.2797647], [82.2029767, 50.2796952], [82.2028519, 50.279675], [82.2028244, 50.2797446]]]}}, {"type": "Feature", "properties": {"osm_id": 567905933, "building": "yes", "housenumber": "37", "street": "улица Водопроводная", "levels": "1", "area_m2": 73.2, "clat": 50.27977195, "clon": 82.20317285}, "geometry": {"type": "Polygon", "coordinates": [[[82.203102, 50.2798025], [82.2032107, 50.2798209], [82.2032437, 50.2797414], [82.203135, 50.279723], [82.203102, 50.2798025]]]}}, {"type": "Feature", "properties": {"osm_id": 567905934, "building": "yes", "housenumber": "27", "street": "улица Водопроводная", "levels": "1", "area_m2": 98.0, "clat": 50.28015340395756, "clon": 82.20522422097119}, "geometry": {"type": "Polygon", "coordinates": [[[82.2051358, 50.2801817], [82.2052807, 50.2802053], [82.2053126, 50.2801251], [82.2051678, 50.2801015], [82.2051358, 50.2801817]]]}}, {"type": "Feature", "properties": {"osm_id": 567905935, "building": "yes", "housenumber": "25", "street": "улица Водопроводная", "levels": "1", "area_m2": 76.7, "clat": 50.28018635, "clon": 82.20551555}, "geometry": {"type": "Polygon", "coordinates": [[[82.2054443, 50.2802185], [82.20556, 50.2802343], [82.2055868, 50.2801542], [82.2054711, 50.2801384], [82.2054443, 50.2802185]]]}}, {"type": "Feature", "properties": {"osm_id": 567905936, "building": "yes", "housenumber": "23", "street": "улица Водопроводная", "levels": "1", "area_m2": 76.3, "clat": 50.28024095, "clon": 82.205807}, "geometry": {"type": "Polygon", "coordinates": [[[82.2057386, 50.2802764], [82.2058452, 50.2802916], [82.2058754, 50.2802055], [82.2057688, 50.2801903], [82.2057386, 50.2802764]]]}}, {"type": "Feature", "properties": {"osm_id": 567905937, "building": "yes", "housenumber": "21", "street": "улица Водопроводная", "levels": "1", "area_m2": 48.1, "clat": 50.2803006, "clon": 82.2063187}, "geometry": {"type": "Polygon", "coordinates": [[[82.2062825, 50.2802627], [82.2062671, 50.2803304], [82.2063549, 50.2803385], [82.2063703, 50.2802708], [82.2062825, 50.2802627]]]}}, {"type": "Feature", "properties": {"osm_id": 567905938, "building": "yes", "housenumber": "15", "street": "улица Водопроводная", "levels": "1", "area_m2": 88.6, "clat": 50.28031572962854, "clon": 82.20721184097741}, "geometry": {"type": "Polygon", "coordinates": [[[82.2071736, 50.2803707], [82.207291, 50.2803482], [82.2072501, 50.2802608], [82.2071327, 50.2802832], [82.2071736, 50.2803707]]]}}, {"type": "Feature", "properties": {"osm_id": 567905939, "building": "yes", "housenumber": "11", "street": "улица Водопроводная", "levels": "1", "area_m2": 61.8, "clat": 50.28024432102136, "clon": 82.2077318091731}, "geometry": {"type": "Polygon", "coordinates": [[[82.2076685, 50.2802143], [82.2076979, 50.2802898], [82.2077951, 50.2802744], [82.2077657, 50.2801988], [82.2076685, 50.2802143]]]}}, {"type": "Feature", "properties": {"osm_id": 567905940, "building": "yes", "housenumber": "9", "street": "улица Водопроводная", "levels": "1", "area_m2": 60.1, "clat": 50.28008351580019, "clon": 82.20844019405412}, "geometry": {"type": "Polygon", "coordinates": [[[82.2084108, 50.2801315], [82.2085208, 50.280081], [82.2084695, 50.2800355], [82.2083596, 50.2800861], [82.2084108, 50.2801315]]]}}, {"type": "Feature", "properties": {"osm_id": 567905941, "building": "yes", "housenumber": "7", "street": "улица Водопроводная", "levels": "1", "area_m2": 72.6, "clat": 50.27996215205138, "clon": 82.20873593281522}, "geometry": {"type": "Polygon", "coordinates": [[[82.2086529, 50.2799516], [82.2087224, 50.2800156], [82.208819, 50.2799727], [82.2087494, 50.2799087], [82.2086529, 50.2799516]]]}}, {"type": "Feature", "properties": {"osm_id": 567905942, "building": "yes", "housenumber": "5", "street": "улица Водопроводная", "levels": "1", "area_m2": 60.0, "clat": 50.279838085242545, "clon": 82.20901302953459}, "geometry": {"type": "Polygon", "coordinates": [[[82.2089379, 50.2798269], [82.209003, 50.279887], [82.2090882, 50.2798492], [82.209023, 50.2797892], [82.2089379, 50.2798269]]]}}, {"type": "Feature", "properties": {"osm_id": 567905943, "building": "yes", "housenumber": "3", "street": "улица Водопроводная", "levels": "1", "area_m2": 74.0, "clat": 50.279693696125825, "clon": 82.20936686688805}, "geometry": {"type": "Polygon", "coordinates": [[[82.2093637, 50.2797497], [82.2094492, 50.2797131], [82.2093701, 50.2796377], [82.2092845, 50.2796743], [82.2093637, 50.2797497]]]}}, {"type": "Feature", "properties": {"osm_id": 567905944, "building": "yes", "housenumber": "1а", "street": "улица Водопроводная", "levels": "1", "area_m2": 71.2, "clat": 50.27954843330079, "clon": 82.20977550469205}, "geometry": {"type": "Polygon", "coordinates": [[[82.2096875, 50.2795483], [82.2097388, 50.2795995], [82.2098635, 50.2795485], [82.2098123, 50.2794974], [82.2096875, 50.2795483]]]}}, {"type": "Feature", "properties": {"osm_id": 567905945, "building": "yes", "housenumber": "1", "street": "улица Водопроводная", "levels": "1", "area_m2": 109.3, "clat": 50.27940676698623, "clon": 82.21006200616634}, "geometry": {"type": "Polygon", "coordinates": [[[82.2099578, 50.2794014], [82.2100375, 50.2794717], [82.2101662, 50.2794122], [82.2100865, 50.2793418], [82.2099578, 50.2794014]]]}}, {"type": "Feature", "properties": {"osm_id": 567905946, "building": "yes", "housenumber": null, "street": null, "levels": "1", "area_m2": 81.4, "clat": 50.279063900000004, "clon": 82.2165774}, "geometry": {"type": "Polygon", "coordinates": [[[82.216491, 50.2790423], [82.216515, 50.2791078], [82.2166638, 50.2790855], [82.2166398, 50.27902], [82.216491, 50.2790423]]]}}, {"type": "Feature", "properties": {"osm_id": 567905947, "building": "yes", "housenumber": "3", "street": "Горноспасательная улица", "levels": "1", "area_m2": 154.3, "clat": 50.27901785, "clon": 82.2162029}, "geometry": {"type": "Polygon", "coordinates": [[[82.2161034, 50.2790808], [82.2163421, 50.2790277], [82.2163024, 50.2789549], [82.2160637, 50.279008], [82.2161034, 50.2790808]]]}}, {"type": "Feature", "properties": {"osm_id": 567905948, "building": "yes", "housenumber": null, "street": null, "levels": "1", "area_m2": 108.5, "clat": 50.278927218333024, "clon": 82.21723206157417}, "geometry": {"type": "Polygon", "coordinates": [[[82.2171856, 50.2789874], [82.2173345, 50.278942], [82.2172785, 50.278867], [82.2171296, 50.2789125], [82.2171856, 50.2789874]]]}}, {"type": "Feature", "properties": {"osm_id": 567905949, "building": "yes", "housenumber": null, "street": null, "levels": "1", "area_m2": 206.0, "clat": 50.27901547026849, "clon": 82.21685450687238}, "geometry": {"type": "Polygon", "coordinates": [[[82.2168075, 50.2791048], [82.2169686, 50.2790753], [82.2169015, 50.2789261], [82.2167404, 50.2789557], [82.2168075, 50.2791048]]]}}, {"type": "Feature", "properties": {"osm_id": 567905950, "building": "yes", "housenumber": null, "street": null, "levels": "1", "area_m2": 164.3, "clat": 50.278776131578816, "clon": 82.21645507391261}, "geometry": {"type": "Polygon", "coordinates": [[[82.2163448, 50.2788392], [82.2166023, 50.278786], [82.2165654, 50.2787131], [82.2163079, 50.2787662], [82.2163448, 50.2788392]]]}}, {"type": "Feature", "properties": {"osm_id": 567905951, "building": "yes", "housenumber": null, "street": null, "levels": "1", "area_m2": 118.6, "clat": 50.27836597610928, "clon": 82.21581783779509}, "geometry": {"type": "Polygon", "coordinates": [[[82.2157775, 50.2784312], [82.2159078, 50.2784062], [82.2158581, 50.2783007], [82.2157279, 50.2783258], [82.2157775, 50.2784312]]]}}, {"type": "Feature", "properties": {"osm_id": 567905952, "building": "yes", "housenumber": "3", "street": "улица Чкалова", "levels": "1", "area_m2": 81.4, "clat": 50.27725702704241, "clon": 82.216164538678}, "geometry": {"type": "Polygon", "coordinates": [[[82.2160967, 50.2772193], [82.2161131, 50.2773042], [82.2162324, 50.2772947], [82.216216, 50.2772099], [82.2160967, 50.2772193]]]}}, {"type": "Feature", "properties": {"osm_id": 567905953, "building": "yes", "housenumber": "5", "street": "улица Чкалова", "levels": "1", "area_m2": 66.1, "clat": 50.27758868358919, "clon": 82.21558711755166}, "geometry": {"type": "Polygon", "coordinates": [[[82.2155133, 50.2775673], [82.2155456, 50.2776332], [82.215661, 50.27761], [82.2156286, 50.2775442], [82.2155133, 50.2775673]]]}}, {"type": "Feature", "properties": {"osm_id": 567905954, "building": "yes", "housenumber": "7", "street": "улица Чкалова", "levels": "1", "area_m2": 71.2, "clat": 50.277676294905014, "clon": 82.215157871408}, "geometry": {"type": "Polygon", "coordinates": [[[82.215115, 50.2777224], [82.2152276, 50.2777061], [82.2152008, 50.2776302], [82.2150881, 50.2776465], [82.215115, 50.2777224]]]}}, {"type": "Feature", "properties": {"osm_id": 567905955, "building": "yes", "housenumber": "9", "street": "улица Чкалова", "levels": "1", "area_m2": 182.3, "clat": 50.27777325, "clon": 82.21461365}, "geometry": {"type": "Polygon", "coordinates": [[[82.2145034, 50.2778381], [82.2147609, 50.277791], [82.2147239, 50.2777084], [82.2144664, 50.2777555], [82.2145034, 50.2778381]]]}}, {"type": "Feature", "properties": {"osm_id": 567905956, "building": "yes", "housenumber": "11", "street": "улица Чкалова", "levels": "1", "area_m2": 80.7, "clat": 50.27794862993076, "clon": 82.21374473115102}, "geometry": {"type": "Polygon", "coordinates": [[[82.2136813, 50.2779933], [82.2138356, 50.277965], [82.2138082, 50.277904], [82.2136539, 50.2779322], [82.2136813, 50.2779933]]]}}, {"type": "Feature", "properties": {"osm_id": 567905958, "building": "yes", "housenumber": "13", "street": "улица Чкалова", "levels": "1", "area_m2": 148.1, "clat": 50.27806725, "clon": 82.2131045}, "geometry": {"type": "Polygon", "coordinates": [[[82.2130027, 50.2781261], [82.2132401, 50.2780807], [82.2132063, 50.2780084], [82.2129689, 50.2780538], [82.2130027, 50.2781261]]]}}, {"type": "Feature", "properties": {"osm_id": 567905960, "building": "yes", "housenumber": "15", "street": "улица Чкалова", "levels": "1", "area_m2": 205.7, "clat": 50.278074681037154, "clon": 82.21216394539017}, "geometry": {"type": "Polygon", "coordinates": [[[82.2121337, 50.278169], [82.2122827, 50.2781338], [82.2121942, 50.2779804], [82.2120452, 50.2780155], [82.2121337, 50.278169]]]}}, {"type": "Feature", "properties": {"osm_id": 567905962, "building": "yes", "housenumber": "17", "street": "улица Чкалова", "levels": "1", "area_m2": 146.1, "clat": 50.278355778954676, "clon": 82.21162739589509}, "geometry": {"type": "Polygon", "coordinates": [[[82.2115289, 50.2784141], [82.2117595, 50.2783712], [82.211726, 50.2782975], [82.2114953, 50.2783403], [82.2115289, 50.2784141]]]}}, {"type": "Feature", "properties": {"osm_id": 567905964, "building": "yes", "housenumber": "19", "street": "улица Чкалова", "levels": "1", "area_m2": 83.6, "clat": 50.27855262378085, "clon": 82.21059548953266}, "geometry": {"type": "Polygon", "coordinates": [[[82.2105137, 50.2785272], [82.2105606, 50.2786063], [82.2106773, 50.2785781], [82.2106303, 50.2784989], [82.2105137, 50.2785272]]]}}, {"type": "Feature", "properties": {"osm_id": 567905967, "building": "yes", "housenumber": "20", "street": "улица Чкалова", "levels": "1", "area_m2": 133.1, "clat": 50.27892965, "clon": 82.21073085}, "geometry": {"type": "Polygon", "coordinates": [[[82.2105995, 50.2789214], [82.2106349, 50.2789876], [82.2108622, 50.2789379], [82.2108268, 50.2788717], [82.2105995, 50.2789214]]]}}, {"type": "Feature", "properties": {"osm_id": 567905969, "building": "yes", "housenumber": "16", "street": "улица Чкалова", "levels": "1", "area_m2": 169.7, "clat": 50.2787172, "clon": 82.21180165}, "geometry": {"type": "Polygon", "coordinates": [[[82.2116429, 50.2787132], [82.2116788, 50.2787816], [82.2119604, 50.2787212], [82.2119245, 50.2786528], [82.2116429, 50.2787132]]]}}, {"type": "Feature", "properties": {"osm_id": 567905970, "building": "yes", "housenumber": "14", "street": "улица Чкалова", "levels": "1", "area_m2": 90.2, "clat": 50.2784734, "clon": 82.2130045}, "geometry": {"type": "Polygon", "coordinates": [[[82.2129115, 50.2784552], [82.2129466, 50.2785233], [82.2130975, 50.2784916], [82.2130624, 50.2784235], [82.2129115, 50.2784552]]]}}, {"type": "Feature", "properties": {"osm_id": 567905972, "building": "yes", "housenumber": "12", "street": "улица Чкалова", "levels": "1", "area_m2": 88.4, "clat": 50.27837545, "clon": 82.2134977}, "geometry": {"type": "Polygon", "coordinates": [[[82.2134051, 50.2783579], [82.2134395, 50.2784247], [82.2135903, 50.278393], [82.2135559, 50.2783262], [82.2134051, 50.2783579]]]}}, {"type": "Feature", "properties": {"osm_id": 567905974, "building": "yes", "housenumber": "10", "street": "улица Чкалова", "levels": "1", "area_m2": 111.6, "clat": 50.27828610239572, "clon": 82.21391048079731}, "geometry": {"type": "Polygon", "coordinates": [[[82.2138061, 50.2782684], [82.2138499, 50.2783433], [82.2140149, 50.2783038], [82.213971, 50.2782289], [82.2138061, 50.2782684]]]}}, {"type": "Feature", "properties": {"osm_id": 567905976, "building": "yes", "housenumber": "8", "street": "улица Чкалова", "levels": "1", "area_m2": 85.0, "clat": 50.27817675, "clon": 82.2144746}, "geometry": {"type": "Polygon", "coordinates": [[[82.2143854, 50.2781595], [82.2144256, 50.2782274], [82.2145638, 50.278194], [82.2145236, 50.2781261], [82.2143854, 50.2781595]]]}}, {"type": "Feature", "properties": {"osm_id": 567905978, "building": "yes", "housenumber": "6", "street": "улица Чкалова", "levels": "1", "area_m2": 116.0, "clat": 50.278073702227495, "clon": 82.21498328031787}, "geometry": {"type": "Polygon", "coordinates": [[[82.2148736, 50.2780558], [82.2149092, 50.2781284], [82.215093, 50.2780916], [82.2150573, 50.278019], [82.2148736, 50.2780558]]]}}, {"type": "Feature", "properties": {"osm_id": 567905979, "building": "yes", "housenumber": "4", "street": "улица Чкалова", "levels": "1", "area_m2": 348.9, "clat": 50.278050505549636, "clon": 82.21611560962569}, "geometry": {"type": "Polygon", "coordinates": [[[82.2159471, 50.2781462], [82.216334, 50.2780646], [82.2162993, 50.2779974], [82.2162462, 50.2780087], [82.2162191, 50.2779563], [82.2159562, 50.2780119], [82.2159832, 50.2780642], [82.2159124, 50.2780791], [82.2159471, 50.2781462]]]}}, {"type": "Feature", "properties": {"osm_id": 567905981, "building": "yes", "housenumber": "2", "street": "улица Чкалова", "levels": "1", "area_m2": 252.5, "clat": 50.27778110033016, "clon": 82.21700135466405}, "geometry": {"type": "Polygon", "coordinates": [[[82.2168598, 50.2778437], [82.2171588, 50.2778248], [82.2171443, 50.2777307], [82.2170928, 50.277734], [82.21709, 50.277716], [82.216899, 50.2777281], [82.2169018, 50.277746], [82.2168452, 50.2777496], [82.2168598, 50.2778437]]]}}, {"type": "Feature", "properties": {"osm_id": 567905983, "building": "yes", "housenumber": "2", "street": null, "levels": "1", "area_m2": 71.9, "clat": 50.27867305375207, "clon": 82.21528387974386}, "geometry": {"type": "Polygon", "coordinates": [[[82.2152397, 50.2787192], [82.2153611, 50.2786952], [82.215328, 50.2786269], [82.2152067, 50.2786509], [82.2152397, 50.2787192]]]}}, {"type": "Feature", "properties": {"osm_id": 567905984, "building": "yes", "housenumber": "4", "street": "улица Водопроводная", "levels": "1", "area_m2": 88.5, "clat": 50.27876169700665, "clon": 82.21485141975744}, "geometry": {"type": "Polygon", "coordinates": [[[82.2147616, 50.2787419], [82.2147991, 50.2788124], [82.2149412, 50.2787815], [82.2149038, 50.278711], [82.2147616, 50.2787419]]]}}, {"type": "Feature", "properties": {"osm_id": 567905986, "building": "yes", "housenumber": "6", "street": "улица Водопроводная", "levels": "1", "area_m2": 76.0, "clat": 50.27888552225675, "clon": 82.2142302437421}, "geometry": {"type": "Polygon", "coordinates": [[[82.2141467, 50.2788683], [82.214185, 50.2789336], [82.2143138, 50.2789028], [82.2142754, 50.2788374], [82.2141467, 50.2788683]]]}}, {"type": "Feature", "properties": {"osm_id": 567905987, "building": "yes", "housenumber": "8", "street": "улица Водопроводная", "levels": "1", "area_m2": 70.0, "clat": 50.27897832031888, "clon": 82.21376141163414}, "geometry": {"type": "Polygon", "coordinates": [[[82.2136867, 50.2789549], [82.2137201, 50.2790245], [82.2138361, 50.2790018], [82.2138027, 50.2789321], [82.2136867, 50.2789549]]]}}, {"type": "Feature", "properties": {"osm_id": 567905989, "building": "yes", "housenumber": "10", "street": "улица Водопроводная", "levels": "1", "area_m2": 68.8, "clat": 50.27908282566151, "clon": 82.2132825091048}, "geometry": {"type": "Polygon", "coordinates": [[[82.2132435, 50.2791293], [82.2133564, 50.2791062], [82.2133216, 50.2790364], [82.2132086, 50.2790594], [82.2132435, 50.2791293]]]}}, {"type": "Feature", "properties": {"osm_id": 567905991, "building": "yes", "housenumber": "12", "street": "улица Водопроводная", "levels": "1", "area_m2": 173.8, "clat": 50.27931726964117, "clon": 82.21209681194199}, "geometry": {"type": "Polygon", "coordinates": [[[82.2119694, 50.2793782], [82.2122551, 50.2793277], [82.2122241, 50.2792563], [82.2119385, 50.2793069], [82.2119694, 50.2793782]]]}}, {"type": "Feature", "properties": {"osm_id": 567905993, "building": "yes", "housenumber": "14", "street": "улица Водопроводная", "levels": "1", "area_m2": 167.0, "clat": 50.27953233214151, "clon": 82.2110093700121}, "geometry": {"type": "Polygon", "coordinates": [[[82.2111654, 50.2795385], [82.211131, 50.2794696], [82.2108534, 50.2795261], [82.2108878, 50.2795951], [82.2111654, 50.2795385]]]}}, {"type": "Feature", "properties": {"osm_id": 567905995, "building": "yes", "housenumber": "16", "street": "улица Водопроводная", "levels": "1", "area_m2": 72.7, "clat": 50.27969855, "clon": 82.2103036}, "geometry": {"type": "Polygon", "coordinates": [[[82.2102206, 50.2796863], [82.2102729, 50.2797493], [82.2103866, 50.2797108], [82.2103343, 50.2796478], [82.2102206, 50.2796863]]]}}, {"type": "Feature", "properties": {"osm_id": 567905997, "building": "yes", "housenumber": "18", "street": "улица Водопроводная", "levels": "1", "area_m2": 58.1, "clat": 50.279788566733444, "clon": 82.21010362802448}, "geometry": {"type": "Polygon", "coordinates": [[[82.2100241, 50.2797896], [82.2100718, 50.2798351], [82.2101831, 50.2797876], [82.2101355, 50.279742], [82.2100241, 50.2797896]]]}}, {"type": "Feature", "properties": {"osm_id": 567905999, "building": "yes", "housenumber": "24", "street": "улица Водопроводная", "levels": "1", "area_m2": 67.2, "clat": 50.28023513207279, "clon": 82.20898893839309}, "geometry": {"type": "Polygon", "coordinates": [[[82.208907, 50.2802262], [82.2089529, 50.280283], [82.2090709, 50.280244], [82.209025, 50.2801873], [82.208907, 50.2802262]]]}}, {"type": "Feature", "properties": {"osm_id": 567906001, "building": "yes", "housenumber": "30", "street": "улица Водопроводная", "levels": "1", "area_m2": 63.7, "clat": 50.28053930814393, "clon": 82.20763237785695}, "geometry": {"type": "Polygon", "coordinates": [[[82.2075994, 50.2805883], [82.2076875, 50.2805794], [82.2076653, 50.2804903], [82.2075773, 50.2804992], [82.2075994, 50.2805883]]]}}, {"type": "Feature", "properties": {"osm_id": 567906002, "building": "yes", "housenumber": "32", "street": "улица Водопроводная", "levels": "1", "area_m2": 69.2, "clat": 50.28055925, "clon": 82.20730805}, "geometry": {"type": "Polygon", "coordinates": [[[82.2072635, 50.280605], [82.2073647, 50.2805992], [82.2073526, 50.2805135], [82.2072514, 50.2805193], [82.2072635, 50.280605]]]}}, {"type": "Feature", "properties": {"osm_id": 567906005, "building": "yes", "housenumber": "34", "street": "улица Водопроводная", "levels": "1", "area_m2": 88.1, "clat": 50.28057799351986, "clon": 82.20708117307056}, "geometry": {"type": "Polygon", "coordinates": [[[82.2070308, 50.280629], [82.2071483, 50.2806204], [82.2071316, 50.280527], [82.207014, 50.2805356], [82.2070308, 50.280629]]]}}, {"type": "Feature", "properties": {"osm_id": 567906006, "building": "yes", "housenumber": "38", "street": "улица Водопроводная", "levels": "1", "area_m2": 125.7, "clat": 50.28058132740913, "clon": 82.20606285763508}, "geometry": {"type": "Polygon", "coordinates": [[[82.2059881, 50.2806393], [82.2061115, 50.2806498], [82.2061376, 50.2805233], [82.2060142, 50.2805129], [82.2059881, 50.2806393]]]}}, {"type": "Feature", "properties": {"osm_id": 567906008, "building": "yes", "housenumber": "40", "street": "улица Водопроводная", "levels": "1", "area_m2": 60.2, "clat": 50.28051735506334, "clon": 82.20572777218689}, "geometry": {"type": "Polygon", "coordinates": [[[82.2056649, 50.2805459], [82.2057719, 50.2805578], [82.2057906, 50.2804888], [82.2056837, 50.2804769], [82.2056649, 50.2805459]]]}}, {"type": "Feature", "properties": {"osm_id": 567906009, "building": "yes", "housenumber": null, "street": "улица Водопроводная", "levels": "1", "area_m2": 86.3, "clat": 50.28050578113516, "clon": 82.20548166560731}, "geometry": {"type": "Polygon", "coordinates": [[[82.2054188, 50.2805571], [82.2055117, 50.280568], [82.2055445, 50.2804545], [82.2054517, 50.2804435], [82.2054188, 50.2805571]]]}}, {"type": "Feature", "properties": {"osm_id": 567906010, "building": "yes", "housenumber": "42", "street": "улица Водопроводная", "levels": "1", "area_m2": 88.9, "clat": 50.2804532, "clon": 82.20522045}, "geometry": {"type": "Polygon", "coordinates": [[[82.2051419, 50.2804859], [82.2052693, 50.2805043], [82.205299, 50.2804205], [82.2051716, 50.2804021], [82.2051419, 50.2804859]]]}}, {"type": "Feature", "properties": {"osm_id": 567906011, "building": "yes", "housenumber": "44", "street": "улица Водопроводная", "levels": "1", "area_m2": 80.9, "clat": 50.28039565, "clon": 82.20488595}, "geometry": {"type": "Polygon", "coordinates": [[[82.2048166, 50.2804332], [82.2049251, 50.2804481], [82.2049553, 50.2803581], [82.2048468, 50.2803432], [82.2048166, 50.2804332]]]}}, {"type": "Feature", "properties": {"osm_id": 567906012, "building": "yes", "housenumber": "46", "street": "улица Водопроводная", "levels": "1", "area_m2": 75.8, "clat": 50.2802555, "clon": 82.2041646}, "geometry": {"type": "Polygon", "coordinates": [[[82.2040945, 50.2802905], [82.2041938, 50.2803092], [82.2042347, 50.2802205], [82.2041354, 50.2802018], [82.2040945, 50.2802905]]]}}, {"type": "Feature", "properties": {"osm_id": 567906013, "building": "yes", "housenumber": "48", "street": "улица Водопроводная", "levels": "1", "area_m2": 62.1, "clat": 50.28020120489164, "clon": 82.2038135206604}, "geometry": {"type": "Polygon", "coordinates": [[[82.2037464, 50.2802271], [82.2038498, 50.2802456], [82.2038806, 50.2801753], [82.2037773, 50.2801568], [82.2037464, 50.2802271]]]}}, {"type": "Feature", "properties": {"osm_id": 567906014, "building": "yes", "housenumber": "52", "street": "улица Водопроводная", "levels": "1", "area_m2": 73.8, "clat": 50.280031099999995, "clon": 82.20297885}, "geometry": {"type": "Polygon", "coordinates": [[[82.2029096, 50.280063], [82.2030267, 50.2800763], [82.2030481, 50.2799992], [82.202931, 50.2799859], [82.2029096, 50.280063]]]}}, {"type": "Feature", "properties": {"osm_id": 567906015, "building": "yes", "housenumber": "56", "street": "улица Водопроводная", "levels": "1", "area_m2": 58.7, "clat": 50.2798788745631, "clon": 82.20187768801998}, "geometry": {"type": "Polygon", "coordinates": [[[82.2018246, 50.2799139], [82.2019279, 50.2799156], [82.2019308, 50.2798439], [82.2018275, 50.2798421], [82.2018246, 50.2799139]]]}}, {"type": "Feature", "properties": {"osm_id": 567906016, "building": "yes", "housenumber": "66", "street": "улица Водопроводная", "levels": "1", "area_m2": 53.5, "clat": 50.28006232747771, "clon": 82.20083670601716}, "geometry": {"type": "Polygon", "coordinates": [[[82.200792, 50.2801058], [82.200864, 50.2801114], [82.2008814, 50.2800188], [82.2008094, 50.2800133], [82.200792, 50.2801058]]]}}, {"type": "Feature", "properties": {"osm_id": 567906017, "building": "yes", "housenumber": "62", "street": "улица Водопроводная", "levels": "1", "area_m2": 70.8, "clat": 50.28010825, "clon": 82.20121965}, "geometry": {"type": "Polygon", "coordinates": [[[82.2011273, 50.280123], [82.2012962, 50.2801444], [82.201312, 50.2800935], [82.2011431, 50.2800721], [82.2011273, 50.280123]]]}}, {"type": "Feature", "properties": {"osm_id": 567906018, "building": "yes", "housenumber": "64", "street": "улица Водопроводная", "levels": "1", "area_m2": 126.7, "clat": 50.2797602, "clon": 82.20111935}, "geometry": {"type": "Polygon", "coordinates": [[[82.2011729, 50.2798256], [82.201197, 50.2797056], [82.2010658, 50.2796948], [82.2010417, 50.2798148], [82.2011729, 50.2798256]]]}}, {"type": "Feature", "properties": {"osm_id": 567906019, "building": "yes", "housenumber": "68", "street": "улица Водопроводная", "levels": "1", "area_m2": 29.4, "clat": 50.28009292217405, "clon": 82.20042508977376}, "geometry": {"type": "Polygon", "coordinates": [[[82.2003836, 50.2801153], [82.2004525, 50.2801228], [82.2004666, 50.2800706], [82.2003977, 50.280063], [82.2003836, 50.2801153]]]}}, {"type": "Feature", "properties": {"osm_id": 567906020, "building": "yes", "housenumber": "70", "street": "улица Водопроводная", "levels": "1", "area_m2": 52.5, "clat": 50.280055158108986, "clon": 82.20005157251032}, "geometry": {"type": "Polygon", "coordinates": [[[82.2000832, 50.280099], [82.2001006, 50.2800184], [82.20002, 50.2800113], [82.2000025, 50.2800919], [82.2000832, 50.280099]]]}}, {"type": "Feature", "properties": {"osm_id": 567906021, "building": "yes", "housenumber": "72", "street": "улица Водопроводная", "levels": "1", "area_m2": 70.8, "clat": 50.28004202651448, "clon": 82.19980580937386}, "geometry": {"type": "Polygon", "coordinates": [[[82.1997493, 50.2800831], [82.1998503, 50.2800888], [82.1998623, 50.2800009], [82.1997613, 50.2799953], [82.1997493, 50.2800831]]]}}, {"type": "Feature", "properties": {"osm_id": 567906023, "building": "yes", "housenumber": "74", "street": "улица Водопроводная", "levels": "1", "area_m2": 63.3, "clat": 50.28011709789919, "clon": 82.19941021497226}, "geometry": {"type": "Polygon", "coordinates": [[[82.1994509, 50.2801675], [82.1994976, 50.2801271], [82.1993696, 50.2800667], [82.1993228, 50.2801071], [82.1994509, 50.2801675]]]}}, {"type": "Feature", "properties": {"osm_id": 567906024, "building": "yes", "housenumber": "45", "street": "Горноспасательная улица", "levels": "1", "area_m2": 104.4, "clat": 50.28123415, "clon": 82.20496365}, "geometry": {"type": "Polygon", "coordinates": [[[82.2048837, 50.2812765], [82.2050034, 50.2812955], [82.2050436, 50.2811918], [82.2049239, 50.2811728], [82.2048837, 50.2812765]]]}}, {"type": "Feature", "properties": {"osm_id": 567906025, "building": "yes", "housenumber": "49", "street": "Горноспасательная улица", "levels": "1", "area_m2": 53.4, "clat": 50.2810934, "clon": 82.203831}, "geometry": {"type": "Polygon", "coordinates": [[[82.2037813, 50.2811368], [82.2038485, 50.281146], [82.2038807, 50.28105], [82.2038135, 50.2810408], [82.2037813, 50.2811368]]]}}, {"type": "Feature", "properties": {"osm_id": 567906026, "building": "yes", "housenumber": null, "street": null, "levels": "1", "area_m2": 46.5, "clat": 50.28210307848798, "clon": 82.20363180847733}, "geometry": {"type": "Polygon", "coordinates": [[[82.2035801, 50.2821326], [82.2036607, 50.2821434], [82.2036835, 50.2820735], [82.2036029, 50.2820628], [82.2035801, 50.2821326]]]}}, {"type": "Feature", "properties": {"osm_id": 567906027, "building": "yes", "housenumber": "54", "street": "Горноспасательная улица", "levels": "1", "area_m2": 92.0, "clat": 50.2812409843168, "clon": 82.20269374042549}, "geometry": {"type": "Polygon", "coordinates": [[[82.2026156, 50.2812748], [82.2027363, 50.2813033], [82.2027693, 50.2812462], [82.2027152, 50.2812334], [82.2027441, 50.2811834], [82.2026776, 50.2811677], [82.2026156, 50.2812748]]]}}, {"type": "Feature", "properties": {"osm_id": 567906028, "building": "yes", "housenumber": "52", "street": "Горноспасательная улица", "levels": "1", "area_m2": 70.1, "clat": 50.28126220995624, "clon": 82.20295391987479}, "geometry": {"type": "Polygon", "coordinates": [[[82.2028928, 50.2813074], [82.2029728, 50.2813207], [82.203015, 50.281217], [82.2029351, 50.2812037], [82.2028928, 50.2813074]]]}}, {"type": "Feature", "properties": {"osm_id": 567906029, "building": "yes", "housenumber": "50", "street": "Горноспасательная улица", "levels": "1", "area_m2": 86.6, "clat": 50.28126735815552, "clon": 82.20313101903481}, "geometry": {"type": "Polygon", "coordinates": [[[82.2030564, 50.2813099], [82.2031493, 50.2813302], [82.2032056, 50.2812248], [82.2031128, 50.2812045], [82.2030564, 50.2813099]]]}}, {"type": "Feature", "properties": {"osm_id": 567906030, "building": "yes", "housenumber": "48", "street": "Горноспасательная улица", "levels": "1", "area_m2": 95.9, "clat": 50.28138604885771, "clon": 82.20365278191656}, "geometry": {"type": "Polygon", "coordinates": [[[82.203548, 50.2813939], [82.2037183, 50.2814389], [82.2037576, 50.2813782], [82.2035872, 50.2813332], [82.203548, 50.2813939]]]}}, {"type": "Feature", "properties": {"osm_id": 567906031, "building": "yes", "housenumber": null, "street": null, "levels": "1", "area_m2": 92.6, "clat": 50.28168395, "clon": 82.2048147}, "geometry": {"type": "Polygon", "coordinates": [[[82.2047429, 50.2817281], [82.2048503, 50.2817435], [82.2048865, 50.2816398], [82.2047791, 50.2816244], [82.2047429, 50.2817281]]]}}, {"type": "Feature", "properties": {"osm_id": 567906032, "building": "yes", "housenumber": "42", "street": "Горноспасательная улица", "levels": "1", "area_m2": 100.0, "clat": 50.28223131562105, "clon": 82.20514456907291}, "geometry": {"type": "Polygon", "coordinates": [[[82.2050621, 50.2822672], [82.2051902, 50.282288], [82.2052271, 50.2821955], [82.2050989, 50.2821746], [82.2050621, 50.2822672]]]}}, {"type": "Feature", "properties": {"osm_id": 567906033, "building": "yes", "housenumber": "46", "street": "Горноспасательная улица", "levels": "1", "area_m2": 86.2, "clat": 50.28192035, "clon": 82.2042369}, "geometry": {"type": "Polygon", "coordinates": [[[82.2041595, 50.281954], [82.20427, 50.2819763], [82.2043143, 50.2818867], [82.2042038, 50.2818644], [82.2041595, 50.281954]]]}}, {"type": "Feature", "properties": {"osm_id": 567906034, "building": "yes", "housenumber": "44", "street": "Горноспасательная улица", "levels": "1", "area_m2": 77.5, "clat": 50.282106049999996, "clon": 82.2044713}, "geometry": {"type": "Polygon", "coordinates": [[[82.2044022, 50.2821421], [82.2045068, 50.2821583], [82.2045404, 50.28207], [82.2044358, 50.2820538], [82.2044022, 50.2821421]]]}}, {"type": "Feature", "properties": {"osm_id": 567906035, "building": "yes", "housenumber": null, "street": null, "levels": "1", "area_m2": 56.7, "clat": 50.28239470765157, "clon": 82.2046541702469}, "geometry": {"type": "Polygon", "coordinates": [[[82.204596, 50.2824287], [82.2046768, 50.282443], [82.2047123, 50.2823607], [82.2046316, 50.2823464], [82.204596, 50.2824287]]]}}, {"type": "Feature", "properties": {"osm_id": 567906036, "building": "yes", "housenumber": null, "street": null, "levels": "1", "area_m2": 63.8, "clat": 50.28248155, "clon": 82.2048147}, "geometry": {"type": "Polygon", "coordinates": [[[82.2047469, 50.282508], [82.204859, 50.2825237], [82.2048825, 50.2824551], [82.2047704, 50.2824394], [82.2047469, 50.282508]]]}}, {"type": "Feature", "properties": {"osm_id": 567906037, "building": "yes", "housenumber": null, "street": null, "levels": "1", "area_m2": 35.5, "clat": 50.282280825274476, "clon": 82.20451291064609}, "geometry": {"type": "Polygon", "coordinates": [[[82.2044619, 50.2823002], [82.2045385, 50.282315], [82.2045639, 50.2822615], [82.2044874, 50.2822466], [82.2044619, 50.2823002]]]}}, {"type": "Feature", "properties": {"osm_id": 567906038, "building": "yes", "housenumber": null, "street": null, "levels": "1", "area_m2": 56.8, "clat": 50.282267299999994, "clon": 82.20424200000001}, "geometry": {"type": "Polygon", "coordinates": [[[82.2041803, 50.282295], [82.2042749, 50.2823107], [82.2043037, 50.2822396], [82.2042091, 50.2822239], [82.2041803, 50.282295]]]}}, {"type": "Feature", "properties": {"osm_id": 567906039, "building": "yes", "housenumber": null, "street": null, "levels": "1", "area_m2": 44.0, "clat": 50.28220695, "clon": 82.20398095}, "geometry": {"type": "Polygon", "coordinates": [[[82.2039268, 50.282235], [82.2039962, 50.2822504], [82.2040351, 50.2821789], [82.2039657, 50.2821635], [82.2039268, 50.282235]]]}}, {"type": "Feature", "properties": {"osm_id": 1496839663, "building": "house", "housenumber": "21", "street": "улица Фабричная", "levels": null, "area_m2": 240.4, "clat": 50.289336707558924, "clon": 82.20128535026794}, "geometry": {"type": "Polygon", "coordinates": [[[82.2013896, 50.2892622], [82.2011375, 50.2892986], [82.2011782, 50.2894129], [82.2014384, 50.2893713], [82.2013896, 50.2892622]]]}}, {"type": "Feature", "properties": {"osm_id": 1496840750, "building": "house", "housenumber": "2", "street": "улица Алейская", "levels": null, "area_m2": 74.9, "clat": 50.285418823467815, "clon": 82.20852186439953}, "geometry": {"type": "Polygon", "coordinates": [[[82.2085813, 50.2853736], [82.2084756, 50.2853736], [82.2084634, 50.2854619], [82.208565, 50.2854671], [82.2085813, 50.2853736]]]}}, {"type": "Feature", "properties": {"osm_id": 1496840751, "building": "house", "housenumber": "33", "street": "улица Алейская", "levels": null, "area_m2": 56.1, "clat": 50.285499148364494, "clon": 82.20661965352804}, "geometry": {"type": "Polygon", "coordinates": [[[82.2066339, 50.2854541], [82.2065485, 50.2854827], [82.2065973, 50.2855424], [82.2066949, 50.2855164], [82.2066339, 50.2854541]]]}}, {"type": "Feature", "properties": {"osm_id": 1496840752, "building": "house", "housenumber": "35", "street": "улица Алейская", "levels": null, "area_m2": 67.1, "clat": 50.28558380849037, "clon": 82.20635498198311}, "geometry": {"type": "Polygon", "coordinates": [[[82.2063819, 50.2855372], [82.2062761, 50.2855684], [82.2063209, 50.2856307], [82.2064388, 50.285597], [82.2063819, 50.2855372]]]}}, {"type": "Feature", "properties": {"osm_id": 1496840753, "building": "house", "housenumber": "34", "street": "улица Алейская", "levels": null, "area_m2": 77.7, "clat": 50.28670799823097, "clon": 82.20372697773745}, "geometry": {"type": "Polygon", "coordinates": [[[82.2037529, 50.2866613], [82.2036362, 50.2866882], [82.2036922, 50.2867538], [82.203823, 50.286727], [82.2037529, 50.2866613]]]}}, {"type": "Feature", "properties": {"osm_id": 1496840754, "building": "house", "housenumber": "39", "street": "улица Алейская", "levels": null, "area_m2": 49.4, "clat": 50.2858529872909, "clon": 82.2055656543436}, "geometry": {"type": "Polygon", "coordinates": [[[82.2055972, 50.2858163], [82.2054924, 50.285838], [82.2055356, 50.2858891], [82.2056372, 50.2858694], [82.2055972, 50.2858163]]]}}, {"type": "Feature", "properties": {"osm_id": 1496840755, "building": "house", "housenumber": "43", "street": "улица Алейская", "levels": null, "area_m2": 63.8, "clat": 50.286060237053576, "clon": 82.20482214159459}, "geometry": {"type": "Polygon", "coordinates": [[[82.2048516, 50.2860132], [82.2047437, 50.2860486], [82.20479, 50.2861057], [82.2049009, 50.2860742], [82.2048516, 50.2860132]]]}}, {"type": "Feature", "properties": {"osm_id": 1496840756, "building": "house", "housenumber": "51", "street": "улица Алейская", "levels": null, "area_m2": 75.1, "clat": 50.286416739361684, "clon": 82.20353866442775}, "geometry": {"type": "Polygon", "coordinates": [[[82.2035729, 50.2863655], [82.2034589, 50.2863951], [82.2035052, 50.2864659], [82.2036161, 50.2864423], [82.2035729, 50.2863655]]]}}, {"type": "Feature", "properties": {"osm_id": 1496840757, "building": "house", "housenumber": "44", "street": "улица Алейская", "levels": null, "area_m2": 57.4, "clat": 50.28726509862928, "clon": 82.20190465998246}, "geometry": {"type": "Polygon", "coordinates": [[[82.2018236, 50.2872653], [82.2019473, 50.2872206], [82.201987, 50.2872639], [82.2018609, 50.2873101], [82.2018236, 50.2872653]]]}}, {"type": "Feature", "properties": {"osm_id": 1496840758, "building": "house", "housenumber": "63", "street": "улица Алейская", "levels": null, "area_m2": 55.4, "clat": 50.28704792114243, "clon": 82.20145881132562}, "geometry": {"type": "Polygon", "coordinates": [[[82.201485, 50.2870028], [82.2013893, 50.2870371], [82.2014243, 50.2870908], [82.2015317, 50.287061], [82.201485, 50.2870028]]]}}, {"type": "Feature", "properties": {"osm_id": 1496848878, "building": "house", "housenumber": "25", "street": "улица Куйбышева", "levels": null, "area_m2": 85.9, "clat": 50.2837051536018, "clon": 82.20803604519656}, "geometry": {"type": "Polygon", "coordinates": [[[82.2080988, 50.2836566], [82.2079325, 50.2836977], [82.2079754, 50.2837526], [82.2081363, 50.2837149], [82.2080988, 50.2836566]]]}}, {"type": "Feature", "properties": {"osm_id": 1496848879, "building": "house", "housenumber": "36", "street": "улица Куйбышева", "levels": null, "area_m2": 131.4, "clat": 50.28461052652928, "clon": 82.2060785028854}, "geometry": {"type": "Polygon", "coordinates": [[[82.2061208, 50.2845484], [82.2059574, 50.2845932], [82.2060368, 50.2846737], [82.2062002, 50.284626], [82.2061208, 50.2845484]]]}}, {"type": "Feature", "properties": {"osm_id": 1496848880, "building": "house", "housenumber": "52", "street": "улица Куйбышева", "levels": null, "area_m2": 79.3, "clat": 50.285446685556465, "clon": 82.20326437527012}, "geometry": {"type": "Polygon", "coordinates": [[[82.2033057, 50.285398], [82.2031748, 50.2854319], [82.2032208, 50.2854952], [82.2033553, 50.2854613], [82.2033057, 50.285398]]]}}, {"type": "Feature", "properties": {"osm_id": 1496864234, "building": "house", "housenumber": "21", "street": "улица Калинина", "levels": null, "area_m2": 180.5, "clat": 50.282218985996096, "clon": 82.20882919244343}, "geometry": {"type": "Polygon", "coordinates": [[[82.2089174, 50.2821462], [82.2086833, 50.2822092], [82.2087449, 50.2822919], [82.2089729, 50.2822289], [82.2089174, 50.2821462]]]}}, {"type": "Feature", "properties": {"osm_id": 1496864235, "building": "house", "housenumber": "2а", "street": "улица Калинина", "levels": null, "area_m2": 114.6, "clat": 50.28084710437846, "clon": 82.21604902575353}, "geometry": {"type": "Polygon", "coordinates": [[[82.2161083, 50.2807886], [82.2159543, 50.2808162], [82.2159913, 50.2809028], [82.2161392, 50.2808831], [82.2161083, 50.2807886]]]}}, {"type": "Feature", "properties": {"osm_id": 1496864236, "building": "house", "housenumber": "14", "street": "Горноспасательная улица", "levels": null, "area_m2": 160.2, "clat": 50.28036745169854, "clon": 82.21213339145416}, "geometry": {"type": "Polygon", "coordinates": [[[82.2122253, 50.2803032], [82.2119918, 50.280357], [82.2120385, 50.2804316], [82.2122767, 50.2803778], [82.2122253, 50.2803032]]]}}, {"type": "Feature", "properties": {"osm_id": 1496864237, "building": "house", "housenumber": "16", "street": "Горноспасательная улица", "levels": null, "area_m2": 119.7, "clat": 50.280505749803694, "clon": 82.21162755757129}, "geometry": {"type": "Polygon", "coordinates": [[[82.2117023, 50.2804495], [82.2115108, 50.2804942], [82.2115482, 50.2805629], [82.211749, 50.2805151], [82.2117023, 50.2804495]]]}}, {"type": "Feature", "properties": {"osm_id": 1496864238, "building": "house", "housenumber": "47", "street": "Горноспасательная улица", "levels": null, "area_m2": 162.1, "clat": 50.281174281440734, "clon": 82.20457612549039}, "geometry": {"type": "Polygon", "coordinates": [[[82.2046971, 50.2811367], [82.204506, 50.2811107], [82.2044572, 50.2812095], [82.2046401, 50.2812406], [82.2046971, 50.2811367]]]}}, {"type": "Feature", "properties": {"osm_id": 1496866694, "building": "house", "housenumber": "35", "street": "улица Водопроводная", "levels": null, "area_m2": 74.0, "clat": 50.279827307361465, "clon": 82.20343165185842}, "geometry": {"type": "Polygon", "coordinates": [[[82.2035154, 50.2798097], [82.2033891, 50.2797801], [82.2033491, 50.2798451], [82.2034723, 50.2798747], [82.2035154, 50.2798097]]]}}, {"type": "Feature", "properties": {"osm_id": 1496866695, "building": "house", "housenumber": "18", "street": "улица Чкалова", "levels": null, "area_m2": 120.8, "clat": 50.27882885653397, "clon": 82.21123403628891}, "geometry": {"type": "Polygon", "coordinates": [[[82.2113149, 50.2787742], [82.2111157, 50.2788157], [82.2111482, 50.2788833], [82.2113555, 50.2788417], [82.2113149, 50.2787742]]]}}, {"type": "Feature", "properties": {"osm_id": 1496868990, "building": "house", "housenumber": "59", "street": "улица Алтайская", "levels": null, "area_m2": 48.7, "clat": 50.27833029203893, "clon": 82.20887272663661}, "geometry": {"type": "Polygon", "coordinates": [[[82.208941, 50.2783243], [82.2088659, 50.2782866], [82.2088042, 50.2783329], [82.2088793, 50.2783757], [82.208941, 50.2783243]]]}}, {"type": "Feature", "properties": {"osm_id": 1496868991, "building": "house", "housenumber": "58", "street": "улица Алтайская", "levels": null, "area_m2": 80.6, "clat": 50.27873921137137, "clon": 82.20873700757447}, "geometry": {"type": "Polygon", "coordinates": [[[82.2087532, 50.2787957], [82.2086459, 50.278734], [82.208713, 50.2786843], [82.208831, 50.2787408], [82.2087532, 50.2787957]]]}}, {"type": "Feature", "properties": {"osm_id": 1496868992, "building": "house", "housenumber": "52", "street": "улица Алтайская", "levels": null, "area_m2": 61.1, "clat": 50.278229000643535, "clon": 82.20952852372838}, "geometry": {"type": "Polygon", "coordinates": [[[82.209529, 50.2782786], [82.2094485, 50.2782358], [82.2095317, 50.2781809], [82.2096068, 50.2782186], [82.209529, 50.2782786]]]}}, {"type": "Feature", "properties": {"osm_id": 1496881537, "building": "house", "housenumber": "11", "street": "улица Мира", "levels": null, "area_m2": 83.2, "clat": 50.275062836521286, "clon": 82.21125811800611}, "geometry": {"type": "Polygon", "coordinates": [[[82.2113484, 50.2750645], [82.2112498, 50.2750054], [82.2111666, 50.2750586], [82.2112683, 50.2751216], [82.2113484, 50.2750645]]]}}, {"type": "Feature", "properties": {"osm_id": 1496881538, "building": "house", "housenumber": "34", "street": "улица Мира", "levels": null, "area_m2": 52.0, "clat": 50.276452, "clon": 82.20994653333334}, "geometry": {"type": "Polygon", "coordinates": [[[82.2099515, 50.276408], [82.209871, 50.2764509], [82.2099488, 50.2764971], [82.2100185, 50.2764509], [82.2099515, 50.276408]]]}}, {"type": "Feature", "properties": {"osm_id": 1496881539, "building": "house", "housenumber": "47", "street": "улица Мира", "levels": null, "area_m2": 95.0, "clat": 50.27755060354087, "clon": 82.207326536322}, "geometry": {"type": "Polygon", "coordinates": [[[82.2072319, 50.2775799], [82.207239, 50.2775143], [82.2074195, 50.2775211], [82.2074159, 50.2775867], [82.2072319, 50.2775799]]]}}, {"type": "Feature", "properties": {"osm_id": 1496881540, "building": "house", "housenumber": "60", "street": "улица Мира", "levels": null, "area_m2": 52.4, "clat": 50.278064488633085, "clon": 82.20765899744843}, "geometry": {"type": "Polygon", "coordinates": [[[82.2075874, 50.2780719], [82.2076434, 50.2780197], [82.2077298, 50.278057], [82.2076761, 50.2781092], [82.2075874, 50.2780719]]]}}, {"type": "Feature", "properties": {"osm_id": 1496915926, "building": "house", "housenumber": "10", "street": "улица Больничная", "levels": null, "area_m2": 145.7, "clat": 50.26937886300732, "clon": 82.22119980098618}, "geometry": {"type": "Polygon", "coordinates": [[[82.2213144, 50.2693621], [82.2211857, 50.2693004], [82.2210838, 50.2693998], [82.2212179, 50.2694547], [82.2213144, 50.2693621]]]}}, {"type": "Feature", "properties": {"osm_id": 1496915927, "building": "house", "housenumber": "24а", "street": "улица Ленина", "levels": null, "area_m2": 310.9, "clat": 50.26876277978516, "clon": 82.22473803912177}, "geometry": {"type": "Polygon", "coordinates": [[[82.2245653, 50.2687824], [82.2247054, 50.2686541], [82.2249156, 50.2687436], [82.2247614, 50.268872], [82.2245653, 50.2687824]]]}}, {"type": "Feature", "properties": {"osm_id": 1496915928, "building": "house", "housenumber": "23", "street": "улица Ленина", "levels": null, "area_m2": 290.3, "clat": 50.26898512984536, "clon": 82.22529628405005}, "geometry": {"type": "Polygon", "coordinates": [[[82.2251261, 50.2690088], [82.2252568, 50.2688834], [82.2254717, 50.268964], [82.2253269, 50.2690864], [82.2251261, 50.2690088]]]}}]}