{"type": "FeatureCollection", "village": "с. Верхнеберезовка", "key": "verhneberezevka", "offset_px": [-4, 2], "mpp": 0.3816, "features": [{"type": "Feature", "properties": {"num": 1, "osm_id": 567061925, "housenumber": "9", "area_m2": 238.0, "px_x": 1642.0, "px_y": 670.3, "clat": 50.28991070577613, "clon": 82.20520560571889}, "geometry": {"type": "Point", "coordinates": [1642.0085728541017, 670.2676859013736]}}, {"type": "Feature", "properties": {"num": 2, "osm_id": 567061891, "housenumber": null, "area_m2": 125.4, "px_x": 894.5, "px_y": 734.9, "clat": 50.28968925, "clon": 82.20119565}, "geometry": {"type": "Point", "coordinates": [894.498647890985, 734.8819291256368]}}, {"type": "Feature", "properties": {"num": 3, "osm_id": 567061889, "housenumber": "22", "area_m2": 176.9, "px_x": 946.2, "px_y": 737.6, "clat": 50.28967992576102, "clon": 82.20147324476486}, "geometry": {"type": "Point", "coordinates": [946.2460626810789, 737.6024595834315]}}, {"type": "Feature", "properties": {"num": 4, "osm_id": 567061924, "housenumber": "7", "area_m2": 238.1, "px_x": 1748.7, "px_y": 693.0, "clat": 50.28983280721627, "clon": 82.20577803473172}, "geometry": {"type": "Point", "coordinates": [1748.717074997723, 692.9962151572108]}}, {"type": "Feature", "properties": {"num": 5, "osm_id": 567061923, "housenumber": "5", "area_m2": 238.1, "px_x": 1853.1, "px_y": 713.7, "clat": 50.28976170721627, "clon": 82.20633793473172}, "geometry": {"type": "Point", "coordinates": [1853.0899998694658, 713.7410903200507]}}, {"type": "Feature", "properties": {"num": 6, "osm_id": 567061922, "housenumber": "3", "area_m2": 238.0, "px_x": 1960.0, "px_y": 737.1, "clat": 50.289681560471074, "clon": 82.20691125697927}, "geometry": {"type": "Point", "coordinates": [1959.9650130271912, 737.1255007535219]}}, {"type": "Feature", "properties": {"num": 7, "osm_id": 567061887, "housenumber": "20", "area_m2": 217.6, "px_x": 1063.3, "px_y": 767.9, "clat": 50.2895761, "clon": 82.20210125}, "geometry": {"type": "Point", "coordinates": [1063.314723558724, 767.895635265857]}}, {"type": "Feature", "properties": {"num": 8, "osm_id": 567061886, "housenumber": "18", "area_m2": 270.5, "px_x": 1173.0, "px_y": 790.0, "clat": 50.28950040266836, "clon": 82.20268977927222}, "geometry": {"type": "Point", "coordinates": [1173.0245315730572, 789.9817554913461]}}, {"type": "Feature", "properties": {"num": 9, "osm_id": 567061921, "housenumber": "1", "area_m2": 238.0, "px_x": 2066.5, "px_y": 759.0, "clat": 50.28960660926705, "clon": 82.20748257221912}, "geometry": {"type": "Point", "coordinates": [2066.465892843902, 758.9939728453755]}}, {"type": "Feature", "properties": {"num": 10, "osm_id": 567061893, "housenumber": "23", "area_m2": 159.0, "px_x": 814.6, "px_y": 815.6, "clat": 50.289412495189794, "clon": 82.2007671711074}, "geometry": {"type": "Point", "coordinates": [814.6243930831552, 815.6303716376424]}}, {"type": "Feature", "properties": {"num": 11, "osm_id": 1496839663, "housenumber": "21", "area_m2": 240.4, "px_x": 911.2, "px_y": 837.7, "clat": 50.289336707558924, "clon": 82.20128535026794}, "geometry": {"type": "Point", "coordinates": [911.2199897840619, 837.742762312293]}}, {"type": "Feature", "properties": {"num": 12, "osm_id": 567061884, "housenumber": "16", "area_m2": 203.3, "px_x": 1310.7, "px_y": 822.7, "clat": 50.2893881, "clon": 82.20342845}, "geometry": {"type": "Point", "coordinates": [1310.7227355018258, 822.7481064498425]}}, {"type": "Feature", "properties": {"num": 13, "osm_id": 567061883, "housenumber": "14", "area_m2": 207.7, "px_x": 1415.2, "px_y": 841.2, "clat": 50.289324820760356, "clon": 82.20398897042645}, "geometry": {"type": "Point", "coordinates": [1415.211316242814, 841.2109442427754]}}, {"type": "Feature", "properties": {"num": 14, "osm_id": 567061882, "housenumber": "12", "area_m2": 204.7, "px_x": 1518.7, "px_y": 861.8, "clat": 50.289254197474584, "clon": 82.2045443712716}, "geometry": {"type": "Point", "coordinates": [1518.7455378621817, 861.8165084421635]}}, {"type": "Feature", "properties": {"num": 15, "osm_id": 567061895, "housenumber": "19", "area_m2": 198.8, "px_x": 1038.8, "px_y": 872.8, "clat": 50.28921670205544, "clon": 82.20196947972221}, "geometry": {"type": "Point", "coordinates": [1038.7509634122252, 872.7564325779676]}}, {"type": "Feature", "properties": {"num": 16, "osm_id": 567061897, "housenumber": "17", "area_m2": 198.8, "px_x": 1150.0, "px_y": 898.0, "clat": 50.289130202055446, "clon": 82.2025662797222}, "geometry": {"type": "Point", "coordinates": [1150.002546839416, 897.9942409954965]}}, {"type": "Feature", "properties": {"num": 17, "osm_id": 567061901, "housenumber": "15", "area_m2": 198.8, "px_x": 1261.7, "px_y": 922.9, "clat": 50.289044902055444, "clon": 82.20316557972221}, "geometry": {"type": "Point", "coordinates": [1261.720164053142, 922.8818846046925]}}, {"type": "Feature", "properties": {"num": 18, "osm_id": 567061899, "housenumber": null, "area_m2": 76.7, "px_x": 1320.0, "px_y": 928.6, "clat": 50.28902545131913, "clon": 82.20347806788632}, "geometry": {"type": "Point", "coordinates": [1319.9721798971295, 928.5569427609444]}}, {"type": "Feature", "properties": {"num": 19, "osm_id": 567061881, "housenumber": "10", "area_m2": 186.4, "px_x": 1622.6, "px_y": 878.2, "clat": 50.289197997352524, "clon": 82.20510167236016}, "geometry": {"type": "Point", "coordinates": [1622.63399053365, 878.2138435058296]}}, {"type": "Feature", "properties": {"num": 20, "osm_id": 567061880, "housenumber": "8", "area_m2": 205.8, "px_x": 1725.8, "px_y": 896.5, "clat": 50.289135228625796, "clon": 82.20565532834681}, "geometry": {"type": "Point", "coordinates": [1725.8429469391704, 896.5276570543647]}}, {"type": "Feature", "properties": {"num": 21, "osm_id": 567061879, "housenumber": "6", "area_m2": 192.5, "px_x": 1822.5, "px_y": 923.1, "clat": 50.2890442684358, "clon": 82.20617379194944}, "geometry": {"type": "Point", "coordinates": [1822.491567492485, 923.0667531341314]}}, {"type": "Feature", "properties": {"num": 22, "osm_id": 567061903, "housenumber": "13", "area_m2": 251.5, "px_x": 1381.7, "px_y": 941.5, "clat": 50.288981080485485, "clon": 82.2038094208194}, "geometry": {"type": "Point", "coordinates": [1381.740843579173, 941.502822458744]}}, {"type": "Feature", "properties": {"num": 23, "osm_id": 567061906, "housenumber": "11", "area_m2": 251.4, "px_x": 1483.8, "px_y": 964.5, "clat": 50.28890225, "clon": 82.20435665}, "geometry": {"type": "Point", "coordinates": [1483.7517565190792, 964.5028108917177]}}, {"type": "Feature", "properties": {"num": 24, "osm_id": 567061908, "housenumber": "9", "area_m2": 251.4, "px_x": 1589.5, "px_y": 986.7, "clat": 50.28882600134561, "clon": 82.20492393049281}, "geometry": {"type": "Point", "coordinates": [1589.5005049631, 986.7494747415185]}}, {"type": "Feature", "properties": {"num": 25, "osm_id": 567061878, "housenumber": "4", "area_m2": 214.8, "px_x": 1918.3, "px_y": 947.1, "clat": 50.288961847200795, "clon": 82.20668787163306}, "geometry": {"type": "Point", "coordinates": [1918.3229663074017, 947.1144281663001]}}, {"type": "Feature", "properties": {"num": 26, "osm_id": 567061877, "housenumber": "2", "area_m2": 214.3, "px_x": 2022.0, "px_y": 969.3, "clat": 50.28888575, "clon": 82.20724395}, "geometry": {"type": "Point", "coordinates": [2021.9834871515632, 969.3169310502708]}}, {"type": "Feature", "properties": {"num": 27, "osm_id": 567061910, "housenumber": "7", "area_m2": 251.4, "px_x": 1695.3, "px_y": 1010.5, "clat": 50.28874460134561, "clon": 82.20549123049281}, "geometry": {"type": "Point", "coordinates": [1695.2528898268938, 1010.4990799240768]}}, {"type": "Feature", "properties": {"num": 28, "osm_id": 567061912, "housenumber": "5", "area_m2": 251.6, "px_x": 1792.5, "px_y": 1030.8, "clat": 50.288675180486905, "clon": 82.2060128708261}, "geometry": {"type": "Point", "coordinates": [1792.493695884943, 1030.7535685375333]}}, {"type": "Feature", "properties": {"num": 29, "osm_id": 567061914, "housenumber": "3", "area_m2": 251.5, "px_x": 1894.5, "px_y": 1055.3, "clat": 50.288591218165024, "clon": 82.2065600986863}, "geometry": {"type": "Point", "coordinates": [1894.504362680018, 1055.2506891936064]}}, {"type": "Feature", "properties": {"num": 30, "osm_id": 567061915, "housenumber": "1", "area_m2": 251.4, "px_x": 1997.5, "px_y": 1076.2, "clat": 50.288519298654386, "clon": 82.2071124695072}, "geometry": {"type": "Point", "coordinates": [1997.473746843636, 1076.2341256290674]}}, {"type": "Feature", "properties": {"num": 31, "osm_id": 567888439, "housenumber": "58", "area_m2": 100.6, "px_x": 620.9, "px_y": 1279.3, "clat": 50.28782339512, "clon": 82.19972806965525}, "geometry": {"type": "Point", "coordinates": [620.9218429848552, 1279.271238155663]}}, {"type": "Feature", "properties": {"num": 32, "osm_id": 567888457, "housenumber": "19", "area_m2": 53.5, "px_x": 1157.8, "px_y": 1247.8, "clat": 50.287931150000006, "clon": 82.2026082}, "geometry": {"type": "Point", "coordinates": [1157.8170530125499, 1247.8328226022422]}}, {"type": "Feature", "properties": {"num": 33, "osm_id": 567888438, "housenumber": "56", "area_m2": 91.2, "px_x": 680.0, "px_y": 1304.6, "clat": 50.2877366, "clon": 82.2000452}, "geometry": {"type": "Point", "coordinates": [680.0392240285873, 1304.5944111980498]}}, {"type": "Feature", "properties": {"num": 34, "osm_id": 567888437, "housenumber": "54", "area_m2": 100.6, "px_x": 741.1, "px_y": 1323.8, "clat": 50.28767083082546, "clon": 82.20037294267088}, "geometry": {"type": "Point", "coordinates": [741.1348860561848, 1323.7830651029944]}}, {"type": "Feature", "properties": {"num": 35, "osm_id": 567888436, "housenumber": "52", "area_m2": 109.2, "px_x": 802.3, "px_y": 1347.7, "clat": 50.28758898330841, "clon": 82.2007008666173}, "geometry": {"type": "Point", "coordinates": [802.2643402814865, 1347.6626599505544]}}, {"type": "Feature", "properties": {"num": 36, "osm_id": 567888456, "housenumber": "17", "area_m2": 59.2, "px_x": 1284.5, "px_y": 1326.0, "clat": 50.2876634, "clon": 82.2032878}, "geometry": {"type": "Point", "coordinates": [1284.5036751627922, 1325.951062940061]}}, {"type": "Feature", "properties": {"num": 37, "osm_id": 567888435, "housenumber": "50", "area_m2": 85.9, "px_x": 858.8, "px_y": 1372.5, "clat": 50.28750389655586, "clon": 82.20100431890472}, "geometry": {"type": "Point", "coordinates": [858.8319466412067, 1372.4872812442482]}}, {"type": "Feature", "properties": {"num": 38, "osm_id": 567888434, "housenumber": "48", "area_m2": 88.4, "px_x": 900.8, "px_y": 1393.4, "clat": 50.28743235, "clon": 82.20122965}, "geometry": {"type": "Point", "coordinates": [900.8367072716355, 1393.3614264838398]}}, {"type": "Feature", "properties": {"num": 39, "osm_id": 567888455, "housenumber": "16", "area_m2": 77.8, "px_x": 1344.9, "px_y": 1355.9, "clat": 50.287560646281634, "clon": 82.20361166913355}, "geometry": {"type": "Point", "coordinates": [1344.8772574961185, 1355.9301793575287]}}, {"type": "Feature", "properties": {"num": 40, "osm_id": 567888454, "housenumber": "15", "area_m2": 104.9, "px_x": 1408.4, "px_y": 1374.4, "clat": 50.28749742270793, "clon": 82.20395219351364}, "geometry": {"type": "Point", "coordinates": [1408.3556028082967, 1374.376067262143]}}, {"type": "Feature", "properties": {"num": 41, "osm_id": 567888453, "housenumber": "14", "area_m2": 64.2, "px_x": 1473.3, "px_y": 1386.8, "clat": 50.28745475, "clon": 82.20430035}, "geometry": {"type": "Point", "coordinates": [1473.2566758394241, 1386.826092865318]}}, {"type": "Feature", "properties": {"num": 42, "osm_id": 567888452, "housenumber": "13", "area_m2": 102.9, "px_x": 1524.3, "px_y": 1398.2, "clat": 50.28741575, "clon": 82.20457405}, "geometry": {"type": "Point", "coordinates": [1524.2780538350344, 1398.2045735269785]}}, {"type": "Feature", "properties": {"num": 43, "osm_id": 567888412, "housenumber": "69", "area_m2": 105.7, "px_x": 716.3, "px_y": 1419.9, "clat": 50.287341299999994, "clon": 82.20023965}, "geometry": {"type": "Point", "coordinates": [716.2873312756419, 1419.9257754571736]}}, {"type": "Feature", "properties": {"num": 44, "osm_id": 567888433, "housenumber": "46", "area_m2": 67.2, "px_x": 972.1, "px_y": 1418.2, "clat": 50.287347249999996, "clon": 82.20161214999999}, "geometry": {"type": "Point", "coordinates": [972.1398752629757, 1418.189831085503]}}, {"type": "Feature", "properties": {"num": 45, "osm_id": 1496840757, "housenumber": "44", "area_m2": 57.4, "px_x": 1026.7, "px_y": 1442.2, "clat": 50.28726509862928, "clon": 82.20190465998246}, "geometry": {"type": "Point", "coordinates": [1026.667688138783, 1442.1579143591225]}}, {"type": "Feature", "properties": {"num": 46, "osm_id": 567888451, "housenumber": "12", "area_m2": 85.0, "px_x": 1571.7, "px_y": 1414.0, "clat": 50.2873615, "clon": 82.2048287}, "geometry": {"type": "Point", "coordinates": [1571.7482544332743, 1414.0323163717985]}}, {"type": "Feature", "properties": {"num": 47, "osm_id": 567888450, "housenumber": "11", "area_m2": 93.3, "px_x": 1615.7, "px_y": 1427.8, "clat": 50.28731425, "clon": 82.2050645}, "geometry": {"type": "Point", "coordinates": [1615.704560354352, 1427.8177551142871]}}, {"type": "Feature", "properties": {"num": 48, "osm_id": 567888449, "housenumber": "10", "area_m2": 102.5, "px_x": 1663.1, "px_y": 1449.1, "clat": 50.287241304977755, "clon": 82.20531878173223}, "geometry": {"type": "Point", "coordinates": [1663.1061108708382, 1449.0998263582587]}}, {"type": "Feature", "properties": {"num": 49, "osm_id": 567888411, "housenumber": "65", "area_m2": 83.0, "px_x": 864.5, "px_y": 1473.6, "clat": 50.28715730281011, "clon": 82.20103478125246}, "geometry": {"type": "Point", "coordinates": [864.5105398371816, 1473.6078340783715]}}, {"type": "Feature", "properties": {"num": 50, "osm_id": 1496840758, "housenumber": "63", "area_m2": 55.4, "px_x": 943.6, "px_y": 1505.5, "clat": 50.28704792114243, "clon": 82.20145881132562}, "geometry": {"type": "Point", "coordinates": [943.5554745867848, 1505.520359478891]}}, {"type": "Feature", "properties": {"num": 51, "osm_id": 567888432, "housenumber": "42", "area_m2": 83.6, "px_x": 1113.1, "px_y": 1486.7, "clat": 50.287112400179105, "clon": 82.20236826644036}, "geometry": {"type": "Point", "coordinates": [1113.0901957303286, 1486.7083595469594]}}, {"type": "Feature", "properties": {"num": 52, "osm_id": 567888431, "housenumber": "40", "area_m2": 88.8, "px_x": 1195.8, "px_y": 1518.3, "clat": 50.2870041, "clon": 82.202812}, "geometry": {"type": "Point", "coordinates": [1195.8081265762448, 1518.305327013135]}}, {"type": "Feature", "properties": {"num": 53, "osm_id": 567888448, "housenumber": "9", "area_m2": 85.0, "px_x": 1710.8, "px_y": 1477.2, "clat": 50.287145100000004, "clon": 82.2055744}, "geometry": {"type": "Point", "coordinates": [1710.7568096667528, 1477.168054845184]}}, {"type": "Feature", "properties": {"num": 54, "osm_id": 567888447, "housenumber": "8", "area_m2": 91.5, "px_x": 1754.1, "px_y": 1497.7, "clat": 50.28707480212642, "clon": 82.20580698189244}, "geometry": {"type": "Point", "coordinates": [1754.113216869533, 1497.6777350343764]}}, {"type": "Feature", "properties": {"num": 55, "osm_id": 567888410, "housenumber": "61", "area_m2": 86.9, "px_x": 1022.7, "px_y": 1545.4, "clat": 50.286911181425445, "clon": 82.2018831451422}, "geometry": {"type": "Point", "coordinates": [1022.6570312306285, 1545.414598621428]}}, {"type": "Feature", "properties": {"num": 56, "osm_id": 567888409, "housenumber": "59", "area_m2": 68.1, "px_x": 1063.2, "px_y": 1567.7, "clat": 50.286834850000005, "clon": 82.2021007}, "geometry": {"type": "Point", "coordinates": [1063.2121961265802, 1567.684480343014]}}, {"type": "Feature", "properties": {"num": 57, "osm_id": 567888430, "housenumber": "38", "area_m2": 104.3, "px_x": 1235.0, "px_y": 1530.1, "clat": 50.2869636, "clon": 82.20302224999999}, "geometry": {"type": "Point", "coordinates": [1235.0015672892332, 1530.1213294677436]}}, {"type": "Feature", "properties": {"num": 58, "osm_id": 567888429, "housenumber": "36", "area_m2": 89.2, "px_x": 1293.6, "px_y": 1568.0, "clat": 50.28683369814254, "clon": 82.20333671861181}, "geometry": {"type": "Point", "coordinates": [1293.6227653473616, 1568.020537327975]}}, {"type": "Feature", "properties": {"num": 59, "osm_id": 567888446, "housenumber": "7", "area_m2": 88.5, "px_x": 1814.2, "px_y": 1533.4, "clat": 50.28695231777751, "clon": 82.20612911254135}, "geometry": {"type": "Point", "coordinates": [1814.1627221629024, 1533.412951592356]}}, {"type": "Feature", "properties": {"num": 60, "osm_id": 567888445, "housenumber": "6", "area_m2": 63.8, "px_x": 1878.3, "px_y": 1566.7, "clat": 50.286838196663055, "clon": 82.20647296751415}, "geometry": {"type": "Point", "coordinates": [1878.2619349583983, 1566.7080838903785]}}, {"type": "Feature", "properties": {"num": 61, "osm_id": 567888408, "housenumber": "57", "area_m2": 70.3, "px_x": 1150.1, "px_y": 1599.1, "clat": 50.286727000000006, "clon": 82.20256695}, "geometry": {"type": "Point", "coordinates": [1150.1274956837296, 1599.1499230712652]}}, {"type": "Feature", "properties": {"num": 62, "osm_id": 567888407, "housenumber": "55", "area_m2": 104.8, "px_x": 1214.3, "px_y": 1635.9, "clat": 50.2866009934016, "clon": 82.20291121941432}, "geometry": {"type": "Point", "coordinates": [1214.3039659708738, 1635.9124976173043]}}, {"type": "Feature", "properties": {"num": 63, "osm_id": 1496840753, "housenumber": "34", "area_m2": 77.7, "px_x": 1366.4, "px_y": 1604.7, "clat": 50.28670799823097, "clon": 82.20372697773745}, "geometry": {"type": "Point", "coordinates": [1366.3723392039537, 1604.6937179602683]}}, {"type": "Feature", "properties": {"num": 64, "osm_id": 567888428, "housenumber": "32", "area_m2": 72.9, "px_x": 1410.3, "px_y": 1621.5, "clat": 50.28665035242377, "clon": 82.20396263180379}, "geometry": {"type": "Point", "coordinates": [1410.3014411181211, 1621.5119559466839]}}, {"type": "Feature", "properties": {"num": 65, "osm_id": 567888427, "housenumber": "30", "area_m2": 65.9, "px_x": 1456.1, "px_y": 1641.2, "clat": 50.286582949999996, "clon": 82.2042081}, "geometry": {"type": "Point", "coordinates": [1456.0600294396281, 1641.1766734719276]}}, {"type": "Feature", "properties": {"num": 66, "osm_id": 567888444, "housenumber": "5", "area_m2": 97.5, "px_x": 1933.6, "px_y": 1596.3, "clat": 50.2867367, "clon": 82.20676985}, "geometry": {"type": "Point", "coordinates": [1933.604841530323, 1596.3199325352907]}}, {"type": "Feature", "properties": {"num": 67, "osm_id": 567888443, "housenumber": "4", "area_m2": 83.6, "px_x": 1980.7, "px_y": 1622.0, "clat": 50.28664879744393, "clon": 82.2070223180143}, "geometry": {"type": "Point", "coordinates": [1980.6682905182242, 1621.9656230285764]}}, {"type": "Feature", "properties": {"num": 68, "osm_id": 567888442, "housenumber": "3", "area_m2": 81.3, "px_x": 2026.5, "px_y": 1649.1, "clat": 50.28655593359408, "clon": 82.20726822080039}, "geometry": {"type": "Point", "coordinates": [2026.5078922659159, 1649.0587262772024]}}, {"type": "Feature", "properties": {"num": 69, "osm_id": 567905844, "housenumber": null, "area_m2": 36.6, "px_x": 2865.9, "px_y": 1619.2, "clat": 50.2866584, "clon": 82.211771}, "geometry": {"type": "Point", "coordinates": [2865.8867726251483, 1619.1640665121377]}}, {"type": "Feature", "properties": {"num": 70, "osm_id": 567905842, "housenumber": null, "area_m2": 27.3, "px_x": 2889.1, "px_y": 1648.6, "clat": 50.286557549352445, "clon": 82.2118954831241}, "geometry": {"type": "Point", "coordinates": [2889.0921088531613, 1648.5873279236257]}}, {"type": "Feature", "properties": {"num": 71, "osm_id": 567888406, "housenumber": "53", "area_m2": 81.9, "px_x": 1281.0, "px_y": 1666.1, "clat": 50.2864973566537, "clon": 82.20326908045527}, "geometry": {"type": "Point", "coordinates": [1281.014099098742, 1666.148568790406]}}, {"type": "Feature", "properties": {"num": 72, "osm_id": 1496840756, "housenumber": "51", "area_m2": 75.1, "px_x": 1331.3, "px_y": 1689.7, "clat": 50.286416739361684, "clon": 82.20353866442775}, "geometry": {"type": "Point", "coordinates": [1331.2681939527392, 1689.668657079339]}}, {"type": "Feature", "properties": {"num": 73, "osm_id": 567888425, "housenumber": "28", "area_m2": 56.6, "px_x": 1495.8, "px_y": 1659.2, "clat": 50.2865212, "clon": 82.20442115}, "geometry": {"type": "Point", "coordinates": [1495.7754279896617, 1659.1922668367624]}}, {"type": "Feature", "properties": {"num": 74, "osm_id": 567888424, "housenumber": "26", "area_m2": 95.0, "px_x": 1560.4, "px_y": 1689.9, "clat": 50.28641596778982, "clon": 82.20476806117995}, "geometry": {"type": "Point", "coordinates": [1560.4443590790033, 1689.8937629163265]}}, {"type": "Feature", "properties": {"num": 75, "osm_id": 567888441, "housenumber": "2", "area_m2": 96.9, "px_x": 2070.8, "px_y": 1669.5, "clat": 50.28648588194221, "clon": 82.20750589402043}, "geometry": {"type": "Point", "coordinates": [2070.8133917078376, 1669.4963173493743]}}, {"type": "Feature", "properties": {"num": 76, "osm_id": 567888440, "housenumber": "1", "area_m2": 52.1, "px_x": 2120.9, "px_y": 1700.1, "clat": 50.2863809, "clon": 82.20777445}, "geometry": {"type": "Point", "coordinates": [2120.8758547902107, 1700.124775096774]}}, {"type": "Feature", "properties": {"num": 77, "osm_id": 567905841, "housenumber": null, "area_m2": 44.1, "px_x": 2915.0, "px_y": 1676.0, "clat": 50.286463435021886, "clon": 82.21203449322581}, "geometry": {"type": "Point", "coordinates": [2915.0054700002074, 1676.045206926763]}}, {"type": "Feature", "properties": {"num": 78, "osm_id": 567888389, "housenumber": "66", "area_m2": 75.0, "px_x": 821.7, "px_y": 1758.9, "clat": 50.286179499999996, "clon": 82.20080525}, "geometry": {"type": "Point", "coordinates": [821.7228131592274, 1758.8829901218414]}}, {"type": "Feature", "properties": {"num": 79, "osm_id": 567888405, "housenumber": "49", "area_m2": 68.8, "px_x": 1392.6, "px_y": 1716.1, "clat": 50.28632631379644, "clon": 82.20386787350458}, "geometry": {"type": "Point", "coordinates": [1392.6372138559818, 1716.0502608641982]}}, {"type": "Feature", "properties": {"num": 80, "osm_id": 567888404, "housenumber": "47", "area_m2": 64.2, "px_x": 1448.7, "px_y": 1739.4, "clat": 50.286246135039725, "clon": 82.20416887364226}, "geometry": {"type": "Point", "coordinates": [1448.7477063685656, 1739.4423225484788]}}, {"type": "Feature", "properties": {"num": 81, "osm_id": 567888403, "housenumber": "45", "area_m2": 57.8, "px_x": 1507.2, "px_y": 1766.7, "clat": 50.28615255, "clon": 82.20448265}, "geometry": {"type": "Point", "coordinates": [1507.2398589104414, 1766.7456023134291]}}, {"type": "Feature", "properties": {"num": 82, "osm_id": 567888423, "housenumber": "24", "area_m2": 77.7, "px_x": 1611.6, "px_y": 1711.5, "clat": 50.286341853368455, "clon": 82.20504238188437}, "geometry": {"type": "Point", "coordinates": [1611.5814447626472, 1711.5166037231684]}}, {"type": "Feature", "properties": {"num": 83, "osm_id": 567888422, "housenumber": "22", "area_m2": 87.4, "px_x": 1662.5, "px_y": 1735.3, "clat": 50.28626016795002, "clon": 82.20531555569409}, "geometry": {"type": "Point", "coordinates": [1662.5047337710857, 1735.348239671439]}}, {"type": "Feature", "properties": {"num": 84, "osm_id": 567888421, "housenumber": "20", "area_m2": 78.9, "px_x": 1707.9, "px_y": 1756.0, "clat": 50.286189325422335, "clon": 82.20555886379671}, "geometry": {"type": "Point", "coordinates": [1707.8606514632702, 1756.01644038409]}}, {"type": "Feature", "properties": {"num": 85, "osm_id": 567888388, "housenumber": "64", "area_m2": 104.0, "px_x": 906.2, "px_y": 1799.3, "clat": 50.28604106905606, "clon": 82.20125845902285}, "geometry": {"type": "Point", "coordinates": [906.20709836483, 1799.2699123099446]}}, {"type": "Feature", "properties": {"num": 86, "osm_id": 1496840755, "housenumber": "43", "area_m2": 63.8, "px_x": 1570.5, "px_y": 1793.7, "clat": 50.286060237053576, "clon": 82.20482214159459}, "geometry": {"type": "Point", "coordinates": [1570.5256790593266, 1793.677698366344]}}, {"type": "Feature", "properties": {"num": 87, "osm_id": 567888420, "housenumber": "18", "area_m2": 72.8, "px_x": 1762.3, "px_y": 1781.7, "clat": 50.286101200000004, "clon": 82.20585084999999}, "geometry": {"type": "Point", "coordinates": [1762.290824815631, 1781.7268566340208]}}, {"type": "Feature", "properties": {"num": 88, "osm_id": 567888419, "housenumber": "16", "area_m2": 105.0, "px_x": 1827.4, "px_y": 1805.8, "clat": 50.2860186959634, "clon": 82.20620026807948}, "geometry": {"type": "Point", "coordinates": [1827.4270758628845, 1805.797201655805]}}, {"type": "Feature", "properties": {"num": 89, "osm_id": 567888387, "housenumber": "62", "area_m2": 48.2, "px_x": 1006.4, "px_y": 1845.8, "clat": 50.28588145, "clon": 82.20179585000001}, "geometry": {"type": "Point", "coordinates": [1006.3840372636914, 1845.8382735997438]}}, {"type": "Feature", "properties": {"num": 90, "osm_id": 567888386, "housenumber": "60", "area_m2": 93.4, "px_x": 1050.8, "px_y": 1858.7, "clat": 50.28583736817808, "clon": 82.20203425360727}, "geometry": {"type": "Point", "coordinates": [1050.825690753758, 1858.6989800035954]}}, {"type": "Feature", "properties": {"num": 91, "osm_id": 567888402, "housenumber": "41", "area_m2": 75.8, "px_x": 1660.1, "px_y": 1836.2, "clat": 50.28591431788487, "clon": 82.20530281322833}, "geometry": {"type": "Point", "coordinates": [1660.1293659955263, 1836.2491835653782]}}, {"type": "Feature", "properties": {"num": 92, "osm_id": 1496840754, "housenumber": "39", "area_m2": 49.4, "px_x": 1709.1, "px_y": 1854.1, "clat": 50.2858529872909, "clon": 82.2055656543436}, "geometry": {"type": "Point", "coordinates": [1709.1265011578798, 1854.142163708806]}}, {"type": "Feature", "properties": {"num": 93, "osm_id": 567888418, "housenumber": "14", "area_m2": 65.6, "px_x": 1903.0, "px_y": 1843.6, "clat": 50.285889075204224, "clon": 82.20660576529568}, "geometry": {"type": "Point", "coordinates": [1903.017235673964, 1843.6136476248503]}}, {"type": "Feature", "properties": {"num": 94, "osm_id": 567888417, "housenumber": "12", "area_m2": 53.4, "px_x": 1951.1, "px_y": 1867.5, "clat": 50.28580705, "clon": 82.2068635}, "geometry": {"type": "Point", "coordinates": [1951.0624668449163, 1867.5441879592836]}}, {"type": "Feature", "properties": {"num": 95, "osm_id": 567888356, "housenumber": "57", "area_m2": 48.8, "px_x": 959.6, "px_y": 1919.0, "clat": 50.28563055, "clon": 82.20154485}, "geometry": {"type": "Point", "coordinates": [959.5942459776998, 1919.0372496061027]}}, {"type": "Feature", "properties": {"num": 96, "osm_id": 567888385, "housenumber": "58", "area_m2": 102.4, "px_x": 1101.9, "px_y": 1890.2, "clat": 50.2857293, "clon": 82.2023083}, "geometry": {"type": "Point", "coordinates": [1101.9116410389543, 1890.227415703237]}}, {"type": "Feature", "properties": {"num": 97, "osm_id": 567888383, "housenumber": "56", "area_m2": 48.0, "px_x": 1149.9, "px_y": 1908.4, "clat": 50.2856668690096, "clon": 82.2025657563051}, "geometry": {"type": "Point", "coordinates": [1149.9049748182297, 1908.4413615241647]}}, {"type": "Feature", "properties": {"num": 98, "osm_id": 567888381, "housenumber": "54", "area_m2": 42.0, "px_x": 1204.5, "px_y": 1927.7, "clat": 50.28560091875604, "clon": 82.20285870438003}, "geometry": {"type": "Point", "coordinates": [1204.5144540444016, 1927.6820097640157]}}, {"type": "Feature", "properties": {"num": 99, "osm_id": 567888401, "housenumber": "37", "area_m2": 79.2, "px_x": 1809.4, "px_y": 1912.9, "clat": 50.285651550000004, "clon": 82.2061038}, "geometry": {"type": "Point", "coordinates": [1809.4441224485636, 1912.9106063842773]}}, {"type": "Feature", "properties": {"num": 100, "osm_id": 1496840752, "housenumber": "35", "area_m2": 67.1, "px_x": 1856.3, "px_y": 1932.7, "clat": 50.28558380849037, "clon": 82.20635498198311}, "geometry": {"type": "Point", "coordinates": [1856.2678378522396, 1932.6738376617432]}}, {"type": "Feature", "properties": {"num": 101, "osm_id": 567888416, "housenumber": "10", "area_m2": 96.5, "px_x": 2013.7, "px_y": 1896.8, "clat": 50.285706731026366, "clon": 82.20719969065934}, "geometry": {"type": "Point", "coordinates": [2013.732948049903, 1896.8118096515536]}}, {"type": "Feature", "properties": {"num": 102, "osm_id": 567888415, "housenumber": "8", "area_m2": 53.8, "px_x": 2088.0, "px_y": 1932.1, "clat": 50.285585794282674, "clon": 82.20759792012954}, "geometry": {"type": "Point", "coordinates": [2087.9683018252254, 1932.0944935418665]}}, {"type": "Feature", "properties": {"num": 103, "osm_id": 567888354, "housenumber": "55", "area_m2": 68.3, "px_x": 1069.4, "px_y": 1970.5, "clat": 50.285454031476824, "clon": 82.20213399029943}, "geometry": {"type": "Point", "coordinates": [1069.4179577305913, 1970.5355243086815]}}, {"type": "Feature", "properties": {"num": 104, "osm_id": 567888352, "housenumber": null, "area_m2": 44.3, "px_x": 1125.6, "px_y": 1981.3, "clat": 50.28541724366415, "clon": 82.20243526880566}, "geometry": {"type": "Point", "coordinates": [1125.5803418904543, 1981.2681352756917]}}, {"type": "Feature", "properties": {"num": 105, "osm_id": 1496848880, "housenumber": "52", "area_m2": 79.3, "px_x": 1280.1, "px_y": 1972.7, "clat": 50.285446685556465, "clon": 82.20326437527012}, "geometry": {"type": "Point", "coordinates": [1280.1369890198112, 1972.6786506325006]}}, {"type": "Feature", "properties": {"num": 106, "osm_id": 567888380, "housenumber": "50", "area_m2": 90.6, "px_x": 1342.4, "px_y": 1997.0, "clat": 50.2853632, "clon": 82.2035983}, "geometry": {"type": "Point", "coordinates": [1342.3850703686476, 1997.035016387701]}}, {"type": "Feature", "properties": {"num": 107, "osm_id": 1496840751, "housenumber": "33", "area_m2": 56.1, "px_x": 1905.6, "px_y": 1957.4, "clat": 50.285499148364494, "clon": 82.20661965352804}, "geometry": {"type": "Point", "coordinates": [1905.6061898320913, 1957.372947230935]}}, {"type": "Feature", "properties": {"num": 108, "osm_id": 567888400, "housenumber": "31", "area_m2": 75.3, "px_x": 1959.8, "px_y": 1979.5, "clat": 50.28542315, "clon": 82.2069105}, "geometry": {"type": "Point", "coordinates": [1959.823901861906, 1979.544999819249]}}, {"type": "Feature", "properties": {"num": 109, "osm_id": 567888399, "housenumber": "29", "area_m2": 71.6, "px_x": 2002.4, "px_y": 2006.6, "clat": 50.28533038231818, "clon": 82.20713884592652}, "geometry": {"type": "Point", "coordinates": [2002.3906677812338, 2006.6093489900231]}}, {"type": "Feature", "properties": {"num": 110, "osm_id": 567888414, "housenumber": "6", "area_m2": 84.1, "px_x": 2145.0, "px_y": 1957.6, "clat": 50.285498254500475, "clon": 82.20790388074464}, "geometry": {"type": "Point", "coordinates": [2145.0034943446517, 1957.6337267309427]}}, {"type": "Feature", "properties": {"num": 111, "osm_id": 567888413, "housenumber": "4", "area_m2": 68.6, "px_x": 2188.3, "px_y": 1968.6, "clat": 50.2854606, "clon": 82.20813635}, "geometry": {"type": "Point", "coordinates": [2188.3389044627547, 1968.6191984713078]}}, {"type": "Feature", "properties": {"num": 112, "osm_id": 1496840750, "housenumber": "2", "area_m2": 74.9, "px_x": 2260.2, "px_y": 1980.8, "clat": 50.285418823467815, "clon": 82.20852186439953}, "geometry": {"type": "Point", "coordinates": [2260.203997261822, 1980.8072377443314]}}, {"type": "Feature", "properties": {"num": 113, "osm_id": 567888349, "housenumber": "53", "area_m2": 89.5, "px_x": 1175.3, "px_y": 2014.6, "clat": 50.2853029, "clon": 82.20270205}, "geometry": {"type": "Point", "coordinates": [1175.3119610249996, 2014.6271209195256]}}, {"type": "Feature", "properties": {"num": 114, "osm_id": 567888379, "housenumber": "48", "area_m2": 48.4, "px_x": 1396.8, "px_y": 2024.8, "clat": 50.285268117260856, "clon": 82.20389040182084}, "geometry": {"type": "Point", "coordinates": [1396.83679638803, 2024.7747323960066]}}, {"type": "Feature", "properties": {"num": 115, "osm_id": 567888377, "housenumber": "46", "area_m2": 55.0, "px_x": 1439.9, "px_y": 2045.1, "clat": 50.2851986, "clon": 82.20412125}, "geometry": {"type": "Point", "coordinates": [1439.870016001165, 2045.0558660291135]}}, {"type": "Feature", "properties": {"num": 116, "osm_id": 567888390, "housenumber": null, "area_m2": 149.3, "px_x": 1708.3, "px_y": 2018.7, "clat": 50.2852889, "clon": 82.20556135}, "geometry": {"type": "Point", "coordinates": [1708.3241133466363, 2018.711520113051]}}, {"type": "Feature", "properties": {"num": 117, "osm_id": 567888398, "housenumber": "27", "area_m2": 110.0, "px_x": 2068.2, "px_y": 2037.2, "clat": 50.28522559631629, "clon": 82.20749191821155}, "geometry": {"type": "Point", "coordinates": [2068.208112105727, 2037.1798990108073]}}, {"type": "Feature", "properties": {"num": 118, "osm_id": 567888397, "housenumber": "25", "area_m2": 57.4, "px_x": 2117.2, "px_y": 2061.2, "clat": 50.2851431, "clon": 82.20775465}, "geometry": {"type": "Point", "coordinates": [2117.1848672628403, 2061.2475488483906]}}, {"type": "Feature", "properties": {"num": 119, "osm_id": 567888347, "housenumber": "49", "area_m2": 64.8, "px_x": 1352.8, "px_y": 2103.7, "clat": 50.28499746786437, "clon": 82.20365421437248}, "geometry": {"type": "Point", "coordinates": [1352.8082648590207, 2103.734474364668]}}, {"type": "Feature", "properties": {"num": 120, "osm_id": 567888345, "housenumber": "47", "area_m2": 96.8, "px_x": 1397.2, "px_y": 2122.0, "clat": 50.284934750000005, "clon": 82.2038926}, "geometry": {"type": "Point", "coordinates": [1397.2465666905046, 2122.031832896173]}}, {"type": "Feature", "properties": {"num": 121, "osm_id": 567888376, "housenumber": "44", "area_m2": 80.1, "px_x": 1490.2, "px_y": 2070.5, "clat": 50.28511135, "clon": 82.20439130000001}, "geometry": {"type": "Point", "coordinates": [1490.2109846770763, 2070.5103498995304]}}, {"type": "Feature", "properties": {"num": 122, "osm_id": 567888374, "housenumber": "42", "area_m2": 66.4, "px_x": 1588.2, "px_y": 2117.2, "clat": 50.28495115, "clon": 82.204917}, "geometry": {"type": "Point", "coordinates": [1588.2085674703121, 2117.2472864687443]}}, {"type": "Feature", "properties": {"num": 123, "osm_id": 567888396, "housenumber": "23", "area_m2": 84.0, "px_x": 2158.1, "px_y": 2081.0, "clat": 50.2850753, "clon": 82.20797435}, "geometry": {"type": "Point", "coordinates": [2158.1399156600237, 2081.027633048594]}}, {"type": "Feature", "properties": {"num": 124, "osm_id": 567888326, "housenumber": "52", "area_m2": 130.9, "px_x": 1002.6, "px_y": 2174.8, "clat": 50.284753800000004, "clon": 82.20177580000001}, "geometry": {"type": "Point", "coordinates": [1002.6464463621378, 2174.8221914954484]}}, {"type": "Feature", "properties": {"num": 125, "osm_id": 567888372, "housenumber": "40", "area_m2": 65.2, "px_x": 1689.1, "px_y": 2159.8, "clat": 50.284805299999995, "clon": 82.2054583}, "geometry": {"type": "Point", "coordinates": [1689.1142010390759, 2159.797600336373]}}, {"type": "Feature", "properties": {"num": 126, "osm_id": 567061966, "housenumber": "6а", "area_m2": 731.7, "px_x": 2805.3, "px_y": 2148.8, "clat": 50.28484311367021, "clon": 82.21144575718694}, "geometry": {"type": "Point", "coordinates": [2805.2571178749204, 2148.76584366709]}}, {"type": "Feature", "properties": {"num": 127, "osm_id": 567888325, "housenumber": "50", "area_m2": 80.5, "px_x": 1101.1, "px_y": 2214.3, "clat": 50.2846184, "clon": 82.2023037}, "geometry": {"type": "Point", "coordinates": [1101.0541388839483, 2214.32366040349]}}, {"type": "Feature", "properties": {"num": 128, "osm_id": 567888324, "housenumber": "48", "area_m2": 110.5, "px_x": 1185.3, "px_y": 2245.0, "clat": 50.284513280412256, "clon": 82.20275548386819}, "geometry": {"type": "Point", "coordinates": [1185.2727560177445, 2244.9910727739334]}}, {"type": "Feature", "properties": {"num": 129, "osm_id": 567888343, "housenumber": "43", "area_m2": 57.6, "px_x": 1553.0, "px_y": 2199.0, "clat": 50.28467078150877, "clon": 82.20472798987126}, "geometry": {"type": "Point", "coordinates": [1552.9745257273316, 2199.0419415272772]}}, {"type": "Feature", "properties": {"num": 130, "osm_id": 567888341, "housenumber": "41", "area_m2": 67.0, "px_x": 1650.2, "px_y": 2242.4, "clat": 50.2845222966316, "clon": 82.20524931783469}, "geometry": {"type": "Point", "coordinates": [1650.1571018323302, 2242.3606987074018]}}, {"type": "Feature", "properties": {"num": 131, "osm_id": 567888370, "housenumber": "38", "area_m2": 67.1, "px_x": 1752.9, "px_y": 2193.9, "clat": 50.28468855, "clon": 82.20580045}, "geometry": {"type": "Point", "coordinates": [1752.8955838531256, 2193.8581792786717]}}, {"type": "Feature", "properties": {"num": 132, "osm_id": 1496848879, "housenumber": "36", "area_m2": 131.4, "px_x": 1804.7, "px_y": 2216.6, "clat": 50.28461052652928, "clon": 82.2060785028854}, "geometry": {"type": "Point", "coordinates": [1804.728398501873, 2216.62065590173]}}, {"type": "Feature", "properties": {"num": 133, "osm_id": 567888369, "housenumber": "34", "area_m2": 74.3, "px_x": 1878.0, "px_y": 2248.8, "clat": 50.28450015, "clon": 82.20647135}, "geometry": {"type": "Point", "coordinates": [1877.9604084640741, 2248.8217124789953]}}, {"type": "Feature", "properties": {"num": 134, "osm_id": 567061969, "housenumber": "8а", "area_m2": 1414.3, "px_x": 2445.7, "px_y": 2238.5, "clat": 50.28453566421252, "clon": 82.20951712287237}, "geometry": {"type": "Point", "coordinates": [2445.7336236536503, 2238.460866071284]}}, {"type": "Feature", "properties": {"num": 135, "osm_id": 567888323, "housenumber": null, "area_m2": 91.9, "px_x": 1253.8, "px_y": 2264.3, "clat": 50.284447199999995, "clon": 82.20312290000001}, "geometry": {"type": "Point", "coordinates": [1253.7640871927142, 2264.269226834178]}}, {"type": "Feature", "properties": {"num": 136, "osm_id": 567888338, "housenumber": "39", "area_m2": 97.5, "px_x": 1727.6, "px_y": 2279.6, "clat": 50.284394750000004, "clon": 82.20566495}, "geometry": {"type": "Point", "coordinates": [1727.6365531086922, 2279.5708553642035]}}, {"type": "Feature", "properties": {"num": 137, "osm_id": 567888337, "housenumber": "37", "area_m2": 112.0, "px_x": 1785.8, "px_y": 2307.4, "clat": 50.2842994680911, "clon": 82.20597686121877}, "geometry": {"type": "Point", "coordinates": [1785.7810185551643, 2307.3681120425463]}}, {"type": "Feature", "properties": {"num": 138, "osm_id": 567888367, "housenumber": "32", "area_m2": 70.0, "px_x": 1925.4, "px_y": 2270.0, "clat": 50.28442755, "clon": 82.2067258}, "geometry": {"type": "Point", "coordinates": [1925.3933263644576, 2270.001869432628]}}, {"type": "Feature", "properties": {"num": 139, "osm_id": 567888366, "housenumber": "30", "area_m2": 71.9, "px_x": 1972.7, "px_y": 2294.9, "clat": 50.28434225, "clon": 82.2069798}, "geometry": {"type": "Point", "coordinates": [1972.742358185351, 2294.8870538771152]}}, {"type": "Feature", "properties": {"num": 140, "osm_id": 567061968, "housenumber": "6в", "area_m2": 862.3, "px_x": 2578.1, "px_y": 2277.1, "clat": 50.28440315, "clon": 82.2102271}, "geometry": {"type": "Point", "coordinates": [2578.0829528197646, 2277.1202620342374]}}, {"type": "Feature", "properties": {"num": 141, "osm_id": 567061967, "housenumber": "6б", "area_m2": 891.7, "px_x": 2710.2, "px_y": 2251.5, "clat": 50.284490822778224, "clon": 82.21093605769661}, "geometry": {"type": "Point", "coordinates": [2710.2422462701797, 2251.5428165085614]}}, {"type": "Feature", "properties": {"num": 142, "osm_id": 567888308, "housenumber": "47", "area_m2": 83.0, "px_x": 1166.7, "px_y": 2369.6, "clat": 50.28408615, "clon": 82.2026561}, "geometry": {"type": "Point", "coordinates": [1166.7462601959705, 2369.6006866954267]}}, {"type": "Feature", "properties": {"num": 143, "osm_id": 567888322, "housenumber": "46", "area_m2": 88.7, "px_x": 1351.1, "px_y": 2310.9, "clat": 50.2842872, "clon": 82.2036453}, "geometry": {"type": "Point", "coordinates": [1351.1465053856373, 2310.947163887322]}}, {"type": "Feature", "properties": {"num": 144, "osm_id": 567888335, "housenumber": "35", "area_m2": 68.6, "px_x": 1848.3, "px_y": 2334.5, "clat": 50.28420653251468, "clon": 82.2063121332367}, "geometry": {"type": "Point", "coordinates": [1848.280252583325, 2334.480803154409]}}, {"type": "Feature", "properties": {"num": 145, "osm_id": 567888333, "housenumber": "33", "area_m2": 79.0, "px_x": 1888.0, "px_y": 2355.6, "clat": 50.284134149095735, "clon": 82.2065254674613}, "geometry": {"type": "Point", "coordinates": [1888.0486344322562, 2355.5976450182498]}}, {"type": "Feature", "properties": {"num": 146, "osm_id": 567888364, "housenumber": "28", "area_m2": 59.9, "px_x": 2021.6, "px_y": 2317.0, "clat": 50.28426629729216, "clon": 82.20724176800616}, "geometry": {"type": "Point", "coordinates": [2021.5767340138555, 2317.045247800648]}}, {"type": "Feature", "properties": {"num": 147, "osm_id": 567888362, "housenumber": "26", "area_m2": 79.7, "px_x": 2074.8, "px_y": 2342.6, "clat": 50.28417858554102, "clon": 82.2075274753401}, "geometry": {"type": "Point", "coordinates": [2074.836441285908, 2342.6339424699545]}}, {"type": "Feature", "properties": {"num": 148, "osm_id": 567888360, "housenumber": "24", "area_m2": 87.0, "px_x": 2120.6, "px_y": 2362.0, "clat": 50.28411225, "clon": 82.2077731}, "geometry": {"type": "Point", "coordinates": [2120.62419655174, 2361.9863910898566]}}, {"type": "Feature", "properties": {"num": 149, "osm_id": 567888358, "housenumber": null, "area_m2": 51.3, "px_x": 2191.7, "px_y": 2336.7, "clat": 50.28419895, "clon": 82.20815415}, "geometry": {"type": "Point", "coordinates": [2191.657064959407, 2336.6928964033723]}}, {"type": "Feature", "properties": {"num": 150, "osm_id": 567061965, "housenumber": "3а", "area_m2": 1022.2, "px_x": 3239.5, "px_y": 2340.7, "clat": 50.28418525, "clon": 82.21377534999999}, "geometry": {"type": "Point", "coordinates": [3239.5246936157346, 2340.689680054784]}}, {"type": "Feature", "properties": {"num": 151, "osm_id": 567888307, "housenumber": "45", "area_m2": 82.9, "px_x": 1242.0, "px_y": 2408.3, "clat": 50.28395355, "clon": 82.20306005}, "geometry": {"type": "Point", "coordinates": [1242.0479980036616, 2408.28474470973]}}, {"type": "Feature", "properties": {"num": 152, "osm_id": 567888321, "housenumber": "44", "area_m2": 90.9, "px_x": 1482.9, "px_y": 2373.7, "clat": 50.28407203342275, "clon": 82.20435231811716}, "geometry": {"type": "Point", "coordinates": [1482.9442350268364, 2373.7189911678433]}}, {"type": "Feature", "properties": {"num": 153, "osm_id": 567888320, "housenumber": "42", "area_m2": 87.1, "px_x": 1586.9, "px_y": 2418.4, "clat": 50.28391884814488, "clon": 82.20490986822503}, "geometry": {"type": "Point", "coordinates": [1586.8791082575917, 2418.40847183764]}}, {"type": "Feature", "properties": {"num": 154, "osm_id": 567888332, "housenumber": "31", "area_m2": 87.1, "px_x": 1967.1, "px_y": 2395.0, "clat": 50.283999098228094, "clon": 82.20694936830408}, "geometry": {"type": "Point", "coordinates": [1967.069478906691, 2394.996745567769]}}, {"type": "Feature", "properties": {"num": 155, "osm_id": 567905874, "housenumber": "21", "area_m2": 64.0, "px_x": 2502.9, "px_y": 2424.2, "clat": 50.28389886806333, "clon": 82.2098235583421}, "geometry": {"type": "Point", "coordinates": [2502.8573354929686, 2424.2373468875885]}}, {"type": "Feature", "properties": {"num": 156, "osm_id": 567888306, "housenumber": "43", "area_m2": 58.9, "px_x": 1287.9, "px_y": 2433.0, "clat": 50.2838687, "clon": 82.20330609999999}, "geometry": {"type": "Point", "coordinates": [1287.9150424078107, 2433.038401003927]}}, {"type": "Feature", "properties": {"num": 157, "osm_id": 567888305, "housenumber": "41", "area_m2": 61.8, "px_x": 1356.5, "px_y": 2461.8, "clat": 50.283770071351235, "clon": 82.20367398959641}, "geometry": {"type": "Point", "coordinates": [1356.4946337789297, 2461.8117064386606]}}, {"type": "Feature", "properties": {"num": 158, "osm_id": 567888319, "housenumber": "40", "area_m2": 78.9, "px_x": 1653.2, "px_y": 2449.2, "clat": 50.2838134, "clon": 82.2052657}, "geometry": {"type": "Point", "coordinates": [1653.2109587863088, 2449.1712846532464]}}, {"type": "Feature", "properties": {"num": 159, "osm_id": 567888318, "housenumber": "38", "area_m2": 58.9, "px_x": 1718.9, "px_y": 2480.3, "clat": 50.28370683152847, "clon": 82.20561794438623}, "geometry": {"type": "Point", "coordinates": [1718.874071598053, 2480.2608656287193]}}, {"type": "Feature", "properties": {"num": 160, "osm_id": 567888331, "housenumber": "29", "area_m2": 80.0, "px_x": 2036.5, "px_y": 2430.0, "clat": 50.283879028270064, "clon": 82.20732156032967}, "geometry": {"type": "Point", "coordinates": [2036.4511011987925, 2430.0252926126122]}}, {"type": "Feature", "properties": {"num": 161, "osm_id": 567888327, "housenumber": "27", "area_m2": 83.8, "px_x": 2100.2, "px_y": 2457.1, "clat": 50.28378633190535, "clon": 82.20766348618125}, "geometry": {"type": "Point", "coordinates": [2100.190699726343, 2457.067958135158]}}, {"type": "Feature", "properties": {"num": 162, "osm_id": 1496848878, "housenumber": "25", "area_m2": 85.9, "px_x": 2169.6, "px_y": 2480.8, "clat": 50.2837051536018, "clon": 82.20803604519656}, "geometry": {"type": "Point", "coordinates": [2169.6407338678837, 2480.750372301787]}}, {"type": "Feature", "properties": {"num": 163, "osm_id": 567905875, "housenumber": "19", "area_m2": 82.0, "px_x": 2558.2, "px_y": 2449.0, "clat": 50.28381401777626, "clon": 82.21012056322202}, "geometry": {"type": "Point", "coordinates": [2558.2230579704046, 2448.9910584911704]}}, {"type": "Feature", "properties": {"num": 164, "osm_id": 567905876, "housenumber": "17", "area_m2": 53.7, "px_x": 2598.5, "px_y": 2467.8, "clat": 50.283749549999996, "clon": 82.21033665}, "geometry": {"type": "Point", "coordinates": [2598.504552960396, 2467.798469670117]}}, {"type": "Feature", "properties": {"num": 165, "osm_id": 567888304, "housenumber": "39", "area_m2": 72.6, "px_x": 1422.0, "px_y": 2492.6, "clat": 50.28366465, "clon": 82.20402535}, "geometry": {"type": "Point", "coordinates": [1421.99296028167, 2492.56660650298]}}, {"type": "Feature", "properties": {"num": 166, "osm_id": 567888303, "housenumber": "37", "area_m2": 85.5, "px_x": 1527.2, "px_y": 2537.8, "clat": 50.28350955446056, "clon": 82.20458968130151}, "geometry": {"type": "Point", "coordinates": [1527.1919396296144, 2537.8129888139665]}}, {"type": "Feature", "properties": {"num": 167, "osm_id": 567888317, "housenumber": "36", "area_m2": 46.5, "px_x": 1767.9, "px_y": 2504.4, "clat": 50.28362395, "clon": 82.205881}, "geometry": {"type": "Point", "coordinates": [1767.9111921712756, 2504.4401263967156]}}, {"type": "Feature", "properties": {"num": 168, "osm_id": 567888316, "housenumber": "34", "area_m2": 72.7, "px_x": 1828.9, "px_y": 2532.3, "clat": 50.28352854862176, "clon": 82.20620791776732}, "geometry": {"type": "Point", "coordinates": [1828.8530810251832, 2532.271785929799]}}, {"type": "Feature", "properties": {"num": 169, "osm_id": 567905873, "housenumber": "22", "area_m2": 58.0, "px_x": 2465.1, "px_y": 2523.3, "clat": 50.2835592, "clon": 82.2096212}, "geometry": {"type": "Point", "coordinates": [2465.1350064352155, 2523.329796217382]}}, {"type": "Feature", "properties": {"num": 170, "osm_id": 567905872, "housenumber": "20", "area_m2": 59.3, "px_x": 2514.8, "px_y": 2548.3, "clat": 50.28347355, "clon": 82.2098876}, "geometry": {"type": "Point", "coordinates": [2514.7955657988787, 2548.316632717848]}}, {"type": "Feature", "properties": {"num": 171, "osm_id": 567905877, "housenumber": "15", "area_m2": 83.2, "px_x": 2655.8, "px_y": 2493.8, "clat": 50.283660318024445, "clon": 82.21064396376327}, "geometry": {"type": "Point", "coordinates": [2655.791990585625, 2493.8303858041763]}}, {"type": "Feature", "properties": {"num": 172, "osm_id": 567905878, "housenumber": "13", "area_m2": 81.7, "px_x": 2699.0, "px_y": 2528.6, "clat": 50.28354119784744, "clon": 82.21087586818851}, "geometry": {"type": "Point", "coordinates": [2699.022108733654, 2528.581601962447]}}, {"type": "Feature", "properties": {"num": 173, "osm_id": 567061964, "housenumber": "3", "area_m2": 1140.9, "px_x": 3229.7, "px_y": 2533.6, "clat": 50.28352390856331, "clon": 82.21372239004594}, "geometry": {"type": "Point", "coordinates": [3229.6522426381707, 2533.625439234078]}}, {"type": "Feature", "properties": {"num": 174, "osm_id": 567888302, "housenumber": "35", "area_m2": 77.0, "px_x": 1599.5, "px_y": 2573.9, "clat": 50.2833857, "clon": 82.2049774}, "geometry": {"type": "Point", "coordinates": [1599.4679435417056, 2573.945232670754]}}, {"type": "Feature", "properties": {"num": 175, "osm_id": 567888301, "housenumber": "33", "area_m2": 96.6, "px_x": 1643.2, "px_y": 2587.0, "clat": 50.283341001402526, "clon": 82.20521198218793}, "geometry": {"type": "Point", "coordinates": [1643.1972328424454, 2586.9851971268654]}}, {"type": "Feature", "properties": {"num": 176, "osm_id": 567888315, "housenumber": "32", "area_m2": 80.4, "px_x": 1895.2, "px_y": 2561.0, "clat": 50.283430149999994, "clon": 82.20656364999999}, "geometry": {"type": "Point", "coordinates": [1895.166375540197, 2560.9777796454728]}}, {"type": "Feature", "properties": {"num": 177, "osm_id": 567888314, "housenumber": "30", "area_m2": 74.9, "px_x": 1963.2, "px_y": 2593.3, "clat": 50.283319500000005, "clon": 82.2069284}, "geometry": {"type": "Point", "coordinates": [1963.1607037112117, 2593.257817428559]}}, {"type": "Feature", "properties": {"num": 178, "osm_id": 567905850, "housenumber": "23", "area_m2": 106.7, "px_x": 2423.8, "px_y": 2609.3, "clat": 50.28326466853384, "clon": 82.20939920946097}, "geometry": {"type": "Point", "coordinates": [2423.75297062099, 2609.25382938236]}}, {"type": "Feature", "properties": {"num": 179, "osm_id": 567905871, "housenumber": "18", "area_m2": 56.2, "px_x": 2560.0, "px_y": 2568.9, "clat": 50.28340288160662, "clon": 82.21013009223255}, "geometry": {"type": "Point", "coordinates": [2559.9993942826986, 2568.9328229278326]}}, {"type": "Feature", "properties": {"num": 180, "osm_id": 567905870, "housenumber": "16", "area_m2": 72.7, "px_x": 2608.6, "px_y": 2584.6, "clat": 50.2833493, "clon": 82.21039090000001}, "geometry": {"type": "Point", "coordinates": [2608.617485933006, 2584.5642403028905]}}, {"type": "Feature", "properties": {"num": 181, "osm_id": 567905869, "housenumber": "14", "area_m2": 56.2, "px_x": 2660.8, "px_y": 2606.5, "clat": 50.283274, "clon": 82.21067095000001}, "geometry": {"type": "Point", "coordinates": [2660.822589725256, 2606.531557239592]}}, {"type": "Feature", "properties": {"num": 182, "osm_id": 567905879, "housenumber": "11", "area_m2": 80.3, "px_x": 2764.7, "px_y": 2557.2, "clat": 50.283443049999995, "clon": 82.2112283}, "geometry": {"type": "Point", "coordinates": [2764.7201601415873, 2557.214444551617]}}, {"type": "Feature", "properties": {"num": 183, "osm_id": 567905880, "housenumber": "9", "area_m2": 54.1, "px_x": 2814.7, "px_y": 2571.9, "clat": 50.283392799999994, "clon": 82.2114964}, "geometry": {"type": "Point", "coordinates": [2814.6976224705577, 2571.8739417754114]}}, {"type": "Feature", "properties": {"num": 184, "osm_id": 567905881, "housenumber": "7", "area_m2": 92.6, "px_x": 2867.0, "px_y": 2595.2, "clat": 50.283313, "clon": 82.21177705}, "geometry": {"type": "Point", "coordinates": [2867.0145743712783, 2595.1540667526424]}}, {"type": "Feature", "properties": {"num": 185, "osm_id": 567905889, "housenumber": null, "area_m2": 521.3, "px_x": 3468.9, "px_y": 2565.4, "clat": 50.283415, "clon": 82.21500565}, "geometry": {"type": "Point", "coordinates": [3468.8692363351583, 2565.397509086877]}}, {"type": "Feature", "properties": {"num": 186, "osm_id": 567888300, "housenumber": "31", "area_m2": 93.8, "px_x": 1719.3, "px_y": 2633.0, "clat": 50.28318320187813, "clon": 82.20562038186532}, "geometry": {"type": "Point", "coordinates": [1719.328450627625, 2633.0201049149036]}}, {"type": "Feature", "properties": {"num": 187, "osm_id": 567888299, "housenumber": "29", "area_m2": 54.3, "px_x": 1764.1, "px_y": 2653.1, "clat": 50.28311435, "clon": 82.2058603}, "geometry": {"type": "Point", "coordinates": [1764.0524324923754, 2653.106238424778]}}, {"type": "Feature", "properties": {"num": 188, "osm_id": 567888313, "housenumber": "28", "area_m2": 70.0, "px_x": 2034.7, "px_y": 2627.7, "clat": 50.2832016, "clon": 82.207312}, "geometry": {"type": "Point", "coordinates": [2034.6689265817404, 2627.652822561562]}}, {"type": "Feature", "properties": {"num": 189, "osm_id": 567888312, "housenumber": "26", "area_m2": 99.5, "px_x": 2077.5, "px_y": 2644.5, "clat": 50.28314400435382, "clon": 82.20754188178088}, "geometry": {"type": "Point", "coordinates": [2077.521996498108, 2644.4551880657673]}}, {"type": "Feature", "properties": {"num": 190, "osm_id": 567905849, "housenumber": "21", "area_m2": 70.6, "px_x": 2463.6, "px_y": 2644.1, "clat": 50.283145149999996, "clon": 82.2096131}, "geometry": {"type": "Point", "coordinates": [2463.6250569969416, 2644.1209691539407]}}, {"type": "Feature", "properties": {"num": 191, "osm_id": 567905847, "housenumber": "19", "area_m2": 71.8, "px_x": 2510.8, "px_y": 2666.9, "clat": 50.28306715, "clon": 82.2098659}, "geometry": {"type": "Point", "coordinates": [2510.7503926083446, 2666.8758605644107]}}, {"type": "Feature", "properties": {"num": 192, "osm_id": 567905868, "housenumber": "12", "area_m2": 81.7, "px_x": 2713.7, "px_y": 2630.1, "clat": 50.28319308211654, "clon": 82.21095433979153}, "geometry": {"type": "Point", "coordinates": [2713.6502757817507, 2630.137744154781]}}, {"type": "Feature", "properties": {"num": 193, "osm_id": 567905867, "housenumber": "10", "area_m2": 85.8, "px_x": 2769.8, "px_y": 2662.9, "clat": 50.28308087501758, "clon": 82.2112555857751}, "geometry": {"type": "Point", "coordinates": [2769.8065972849727, 2662.871872436255]}}, {"type": "Feature", "properties": {"num": 194, "osm_id": 567905882, "housenumber": "5", "area_m2": 110.7, "px_x": 2919.3, "px_y": 2623.9, "clat": 50.28321445, "clon": 82.21205755}, "geometry": {"type": "Point", "coordinates": [2919.3035642281175, 2623.9040920361876]}}, {"type": "Feature", "properties": {"num": 195, "osm_id": 567905846, "housenumber": "17", "area_m2": 62.4, "px_x": 2557.1, "px_y": 2688.4, "clat": 50.28299350304419, "clon": 82.21011468145272}, "geometry": {"type": "Point", "coordinates": [2557.1266167089343, 2688.360806874931]}}, {"type": "Feature", "properties": {"num": 196, "osm_id": 567905883, "housenumber": "8", "area_m2": 301.3, "px_x": 2881.6, "px_y": 2701.2, "clat": 50.282949450000004, "clon": 82.21185535000001}, "geometry": {"type": "Point", "coordinates": [2881.610752284527, 2701.2123376503587]}}, {"type": "Feature", "properties": {"num": 197, "osm_id": 567905884, "housenumber": null, "area_m2": 570.0, "px_x": 3011.6, "px_y": 2703.8, "clat": 50.28294048493903, "clon": 82.21255250258801}, "geometry": {"type": "Point", "coordinates": [3011.5694139897823, 2703.8277004510164]}}, {"type": "Feature", "properties": {"num": 198, "osm_id": 567905890, "housenumber": null, "area_m2": 538.0, "px_x": 3404.8, "px_y": 2704.4, "clat": 50.28293855, "clon": 82.21466185}, "geometry": {"type": "Point", "coordinates": [3404.7802712097764, 2704.392177030444]}}, {"type": "Feature", "properties": {"num": 199, "osm_id": 567905852, "housenumber": "22", "area_m2": 153.0, "px_x": 2350.9, "px_y": 2766.7, "clat": 50.2827248, "clon": 82.20900825000001}, "geometry": {"type": "Point", "coordinates": [2350.872844800353, 2766.7489717826247]}}, {"type": "Feature", "properties": {"num": 200, "osm_id": 567905853, "housenumber": "20", "area_m2": 71.5, "px_x": 2406.6, "px_y": 2781.6, "clat": 50.28267380363554, "clon": 82.20930733144428}, "geometry": {"type": "Point", "coordinates": [2406.625666938722, 2781.6259822510183]}}, {"type": "Feature", "properties": {"num": 201, "osm_id": 567905866, "housenumber": "13", "area_m2": 273.5, "px_x": 2700.8, "px_y": 2745.7, "clat": 50.28279705, "clon": 82.2108853}, "geometry": {"type": "Point", "coordinates": [2700.780325822532, 2745.6716771647334]}}, {"type": "Feature", "properties": {"num": 202, "osm_id": 567905888, "housenumber": null, "area_m2": 545.5, "px_x": 3156.6, "px_y": 2736.9, "clat": 50.28282723412218, "clon": 82.21333055511657}, "geometry": {"type": "Point", "coordinates": [3156.608917668462, 2736.8661363981664]}}, {"type": "Feature", "properties": {"num": 203, "osm_id": 567906036, "housenumber": null, "area_m2": 63.8, "px_x": 1569.1, "px_y": 2837.7, "clat": 50.28248155, "clon": 82.2048147}, "geometry": {"type": "Point", "coordinates": [1569.1384652778506, 2837.7113928571343]}}, {"type": "Feature", "properties": {"num": 204, "osm_id": 567905855, "housenumber": "18", "area_m2": 64.7, "px_x": 2452.1, "px_y": 2803.5, "clat": 50.282598831443416, "clon": 82.20955139121132}, "geometry": {"type": "Point", "coordinates": [2452.121705032885, 2803.497357260436]}}, {"type": "Feature", "properties": {"num": 205, "osm_id": 567905857, "housenumber": "16", "area_m2": 54.8, "px_x": 2500.9, "px_y": 2827.2, "clat": 50.28251743143876, "clon": 82.20981294197422}, "geometry": {"type": "Point", "coordinates": [2500.878301076591, 2827.243856497109]}}, {"type": "Feature", "properties": {"num": 206, "osm_id": 567905860, "housenumber": "15", "area_m2": 263.2, "px_x": 2623.7, "px_y": 2803.2, "clat": 50.28259995, "clon": 82.21047204999999}, "geometry": {"type": "Point", "coordinates": [2623.744942367077, 2803.17104491964]}}, {"type": "Feature", "properties": {"num": 207, "osm_id": 567905864, "housenumber": "11", "area_m2": 288.4, "px_x": 2822.2, "px_y": 2822.3, "clat": 50.282534284265964, "clon": 82.21153670170315}, "geometry": {"type": "Point", "coordinates": [2822.2104044631124, 2822.3274516537786]}}, {"type": "Feature", "properties": {"num": 208, "osm_id": 567905885, "housenumber": null, "area_m2": 107.1, "px_x": 2961.9, "px_y": 2810.1, "clat": 50.282576131370696, "clon": 82.21228614360945}, "geometry": {"type": "Point", "coordinates": [2961.9165015891194, 2810.1195631697774]}}, {"type": "Feature", "properties": {"num": 209, "osm_id": 567906038, "housenumber": null, "area_m2": 56.8, "px_x": 1462.4, "px_y": 2900.2, "clat": 50.282267299999994, "clon": 82.20424200000001}, "geometry": {"type": "Point", "coordinates": [1462.3794474676251, 2900.2134510204196]}}, {"type": "Feature", "properties": {"num": 210, "osm_id": 567906037, "housenumber": null, "area_m2": 35.5, "px_x": 1512.9, "px_y": 2896.3, "clat": 50.282280825274476, "clon": 82.20451291064609}, "geometry": {"type": "Point", "coordinates": [1512.8808522000909, 2896.2678001001477]}}, {"type": "Feature", "properties": {"num": 211, "osm_id": 567906035, "housenumber": null, "area_m2": 56.7, "px_x": 1539.2, "px_y": 2863.0, "clat": 50.28239470765157, "clon": 82.2046541702469}, "geometry": {"type": "Point", "coordinates": [1539.2135503664613, 2863.0455015040934]}}, {"type": "Feature", "properties": {"num": 212, "osm_id": 567905858, "housenumber": "14", "area_m2": 140.6, "px_x": 2539.3, "px_y": 2859.4, "clat": 50.28240715360293, "clon": 82.21001893144741}, "geometry": {"type": "Point", "coordinates": [2539.277522020042, 2859.4147056639194]}}, {"type": "Feature", "properties": {"num": 213, "osm_id": 567905863, "housenumber": "12", "area_m2": 287.9, "px_x": 2629.4, "px_y": 2907.0, "clat": 50.2822442, "clon": 82.21050265}, "geometry": {"type": "Point", "coordinates": [2629.449195794761, 2906.952279224992]}}, {"type": "Feature", "properties": {"num": 214, "osm_id": 567905581, "housenumber": null, "area_m2": 193.5, "px_x": 3104.3, "px_y": 2869.5, "clat": 50.282372556662104, "clon": 82.21305017981227}, "geometry": {"type": "Point", "coordinates": [3104.343172773719, 2869.507497765124]}}, {"type": "Feature", "properties": {"num": 215, "osm_id": 567905895, "housenumber": "7а", "area_m2": 555.0, "px_x": 3333.6, "px_y": 2855.4, "clat": 50.2824208, "clon": 82.2142802}, "geometry": {"type": "Point", "coordinates": [3333.6355547085404, 2855.433708637953]}}, {"type": "Feature", "properties": {"num": 216, "osm_id": 567905892, "housenumber": null, "area_m2": 188.3, "px_x": 3474.6, "px_y": 2872.2, "clat": 50.28236345, "clon": 82.2150363}, "geometry": {"type": "Point", "coordinates": [3474.5828104540706, 2872.164137430489]}}, {"type": "Feature", "properties": {"num": 217, "osm_id": 567906026, "housenumber": null, "area_m2": 46.5, "px_x": 1348.6, "px_y": 2948.1, "clat": 50.28210307848798, "clon": 82.20363180847733}, "geometry": {"type": "Point", "coordinates": [1348.631503276527, 2948.120763450861]}}, {"type": "Feature", "properties": {"num": 218, "osm_id": 567906039, "housenumber": null, "area_m2": 44.0, "px_x": 1413.7, "px_y": 2917.8, "clat": 50.28220695, "clon": 82.20398095}, "geometry": {"type": "Point", "coordinates": [1413.7162003964186, 2917.818997479975]}}, {"type": "Feature", "properties": {"num": 219, "osm_id": 567906034, "housenumber": "44", "area_m2": 77.5, "px_x": 1505.1, "px_y": 2947.3, "clat": 50.282106049999996, "clon": 82.2044713}, "geometry": {"type": "Point", "coordinates": [1505.1240655705333, 2947.2539043426514]}}, {"type": "Feature", "properties": {"num": 220, "osm_id": 567906032, "housenumber": "42", "area_m2": 100.0, "px_x": 1630.6, "px_y": 2910.7, "clat": 50.28223131562105, "clon": 82.20514456907291}, "geometry": {"type": "Point", "coordinates": [1630.6305173635483, 2910.710962496698]}}, {"type": "Feature", "properties": {"num": 221, "osm_id": 567888298, "housenumber": "40", "area_m2": 72.3, "px_x": 1879.7, "px_y": 2962.8, "clat": 50.282052897374605, "clon": 82.20648081812094}, "geometry": {"type": "Point", "coordinates": [1879.725394129753, 2962.7597521692514]}}, {"type": "Feature", "properties": {"num": 222, "osm_id": 1496864234, "housenumber": "21", "area_m2": 180.5, "px_x": 2317.5, "px_y": 2914.3, "clat": 50.282218985996096, "clon": 82.20882919244343}, "geometry": {"type": "Point", "coordinates": [2317.4940969869494, 2914.307809729129]}}, {"type": "Feature", "properties": {"num": 223, "osm_id": 567905911, "housenumber": "19", "area_m2": 161.4, "px_x": 2416.9, "px_y": 2962.1, "clat": 50.28205525, "clon": 82.2093625}, "geometry": {"type": "Point", "coordinates": [2416.9098311141133, 2962.073437400162]}}, {"type": "Feature", "properties": {"num": 224, "osm_id": 567905861, "housenumber": "10", "area_m2": 283.6, "px_x": 2765.9, "px_y": 2950.3, "clat": 50.28209574099165, "clon": 82.21123481651622}, "geometry": {"type": "Point", "coordinates": [2765.934926815331, 2950.2612814083695]}}, {"type": "Feature", "properties": {"num": 225, "osm_id": 567905894, "housenumber": "5б", "area_m2": 146.8, "px_x": 3285.9, "px_y": 2960.5, "clat": 50.2820605, "clon": 82.2140243}, "geometry": {"type": "Point", "coordinates": [3285.9323372095823, 2960.54189189896]}}, {"type": "Feature", "properties": {"num": 226, "osm_id": 567905893, "housenumber": null, "area_m2": 188.0, "px_x": 3446.7, "px_y": 2932.2, "clat": 50.2821578, "clon": 82.21488665000001}, "geometry": {"type": "Point", "coordinates": [3446.6860285252333, 2932.157218080014]}}, {"type": "Feature", "properties": {"num": 227, "osm_id": 567905891, "housenumber": null, "area_m2": 125.3, "px_x": 3504.5, "px_y": 2931.4, "clat": 50.2821603, "clon": 82.21519705}, "geometry": {"type": "Point", "coordinates": [3504.5487823709846, 2931.4279091507196]}}, {"type": "Feature", "properties": {"num": 228, "osm_id": 567906033, "housenumber": "46", "area_m2": 86.2, "px_x": 1461.4, "px_y": 3001.4, "clat": 50.28192035, "clon": 82.2042369}, "geometry": {"type": "Point", "coordinates": [1461.4287385642529, 3001.426805704832]}}, {"type": "Feature", "properties": {"num": 229, "osm_id": 567888297, "housenumber": null, "area_m2": 50.7, "px_x": 1913.6, "px_y": 2981.2, "clat": 50.2819896, "clon": 82.2066627}, "geometry": {"type": "Point", "coordinates": [1913.6306338086724, 2981.225034940988]}}, {"type": "Feature", "properties": {"num": 230, "osm_id": 567905927, "housenumber": "38", "area_m2": 68.7, "px_x": 1946.2, "px_y": 2984.5, "clat": 50.281978332214905, "clon": 82.20683744679255}, "geometry": {"type": "Point", "coordinates": [1946.2057969644666, 2984.5121013708413]}}, {"type": "Feature", "properties": {"num": 231, "osm_id": 567905910, "housenumber": "17", "area_m2": 138.0, "px_x": 2544.0, "px_y": 3020.0, "clat": 50.28185655020029, "clon": 82.21004423312252}, "geometry": {"type": "Point", "coordinates": [2543.994096122682, 3020.0386053733528]}}, {"type": "Feature", "properties": {"num": 232, "osm_id": 567905896, "housenumber": "3", "area_m2": 169.2, "px_x": 3429.2, "px_y": 3017.1, "clat": 50.2818665, "clon": 82.214793}, "geometry": {"type": "Point", "coordinates": [3429.228403195739, 3017.1360324025154]}}, {"type": "Feature", "properties": {"num": 233, "osm_id": 567906031, "housenumber": null, "area_m2": 92.6, "px_x": 1569.1, "px_y": 3070.4, "clat": 50.28168395, "clon": 82.2048147}, "geometry": {"type": "Point", "coordinates": [1569.1384652778506, 3070.389741078019]}}, {"type": "Feature", "properties": {"num": 234, "osm_id": 567888296, "housenumber": "36", "area_m2": 117.4, "px_x": 2042.1, "px_y": 3030.9, "clat": 50.2818191820908, "clon": 82.20735164253406}, "geometry": {"type": "Point", "coordinates": [2042.058830536902, 3030.9396902024746]}}, {"type": "Feature", "properties": {"num": 235, "osm_id": 567905909, "housenumber": "15", "area_m2": 162.6, "px_x": 2668.0, "px_y": 3077.7, "clat": 50.28165901667124, "clon": 82.21070923340942}, "geometry": {"type": "Point", "coordinates": [2667.9591344967484, 3077.6633063033223]}}, {"type": "Feature", "properties": {"num": 236, "osm_id": 426709513, "housenumber": "5а", "area_m2": 545.0, "px_x": 3237.2, "px_y": 3062.3, "clat": 50.281711740031554, "clon": 82.21376286412365}, "geometry": {"type": "Point", "coordinates": [3237.197157561779, 3062.282812356949]}}, {"type": "Feature", "properties": {"num": 237, "osm_id": 567905897, "housenumber": "1", "area_m2": 150.4, "px_x": 3549.7, "px_y": 3052.1, "clat": 50.281746749999996, "clon": 82.2154392}, "geometry": {"type": "Point", "coordinates": [3549.6888140812516, 3052.0696715191007]}}, {"type": "Feature", "properties": {"num": 238, "osm_id": 567905752, "housenumber": null, "area_m2": 41.3, "px_x": 1935.7, "px_y": 3108.5, "clat": 50.28155333093456, "clon": 82.20678114558811}, "geometry": {"type": "Point", "coordinates": [1935.7104917764664, 3108.4939688295126]}}, {"type": "Feature", "properties": {"num": 239, "osm_id": 567905751, "housenumber": "39", "area_m2": 99.1, "px_x": 1995.9, "px_y": 3128.2, "clat": 50.28148569380032, "clon": 82.20710376982689}, "geometry": {"type": "Point", "coordinates": [1995.8520088866353, 3128.2250501327217]}}, {"type": "Feature", "properties": {"num": 240, "osm_id": 567905926, "housenumber": "34", "area_m2": 52.3, "px_x": 2204.6, "px_y": 3113.8, "clat": 50.281535, "clon": 82.20822365}, "geometry": {"type": "Point", "coordinates": [2204.612803980708, 3113.8414654657245]}}, {"type": "Feature", "properties": {"num": 241, "osm_id": 567905925, "housenumber": "32", "area_m2": 79.8, "px_x": 2264.8, "px_y": 3138.8, "clat": 50.2814495, "clon": 82.20854665}, "geometry": {"type": "Point", "coordinates": [2264.8243680745363, 3138.783481474966]}}, {"type": "Feature", "properties": {"num": 242, "osm_id": 567906027, "housenumber": "54", "area_m2": 92.0, "px_x": 1173.8, "px_y": 3199.6, "clat": 50.2812409843168, "clon": 82.20269374042549}, "geometry": {"type": "Point", "coordinates": [1173.762944072485, 3199.6113814413548]}}, {"type": "Feature", "properties": {"num": 243, "osm_id": 567906028, "housenumber": "52", "area_m2": 70.1, "px_x": 1222.3, "px_y": 3193.4, "clat": 50.28126220995624, "clon": 82.20295391987479}, "geometry": {"type": "Point", "coordinates": [1222.2639087364078, 3193.4194801300764]}}, {"type": "Feature", "properties": {"num": 244, "osm_id": 567906029, "housenumber": "50", "area_m2": 86.6, "px_x": 1255.3, "px_y": 3191.9, "clat": 50.28126735815552, "clon": 82.20313101903481}, "geometry": {"type": "Point", "coordinates": [1255.2775849625468, 3191.917657263577]}}, {"type": "Feature", "properties": {"num": 245, "osm_id": 567906030, "housenumber": "48", "area_m2": 95.9, "px_x": 1352.5, "px_y": 3157.3, "clat": 50.28138604885771, "clon": 82.20365278191656}, "geometry": {"type": "Point", "coordinates": [1352.5412357226014, 3157.2933871001005]}}, {"type": "Feature", "properties": {"num": 246, "osm_id": 567906024, "housenumber": "45", "area_m2": 104.4, "px_x": 1596.9, "px_y": 3201.6, "clat": 50.28123415, "clon": 82.20496365}, "geometry": {"type": "Point", "coordinates": [1596.9047577530146, 3201.6050741523504]}}, {"type": "Feature", "properties": {"num": 247, "osm_id": 567905750, "housenumber": "37", "area_m2": 83.5, "px_x": 2086.9, "px_y": 3177.6, "clat": 50.28131630308937, "clon": 82.20759223108652}, "geometry": {"type": "Point", "coordinates": [2086.90778734535, 3177.6395264565945]}}, {"type": "Feature", "properties": {"num": 248, "osm_id": 567905749, "housenumber": "35", "area_m2": 80.1, "px_x": 2149.7, "px_y": 3208.7, "clat": 50.28120994696961, "clon": 82.20792886805549}, "geometry": {"type": "Point", "coordinates": [2149.6614666953683, 3208.6655296459794]}}, {"type": "Feature", "properties": {"num": 249, "osm_id": 567905924, "housenumber": "30", "area_m2": 46.7, "px_x": 2349.0, "px_y": 3188.1, "clat": 50.28128045, "clon": 82.20899815}, "geometry": {"type": "Point", "coordinates": [2348.9900683388114, 3188.0985286459327]}}, {"type": "Feature", "properties": {"num": 250, "osm_id": 567905908, "housenumber": "13", "area_m2": 171.8, "px_x": 2850.2, "px_y": 3164.0, "clat": 50.281362916828925, "clon": 82.21168683624991}, "geometry": {"type": "Point", "coordinates": [2850.1975124552846, 3164.0414339378476]}}, {"type": "Feature", "properties": {"num": 251, "osm_id": 567906025, "housenumber": "49", "area_m2": 53.4, "px_x": 1385.8, "px_y": 3242.7, "clat": 50.2810934, "clon": 82.203831}, "geometry": {"type": "Point", "coordinates": [1385.7634943947196, 3242.664308398962]}}, {"type": "Feature", "properties": {"num": 252, "osm_id": 1496864238, "housenumber": "47", "area_m2": 162.1, "px_x": 1524.7, "px_y": 3219.1, "clat": 50.281174281440734, "clon": 82.20457612549039}, "geometry": {"type": "Point", "coordinates": [1524.6649532839656, 3219.0697937831283]}}, {"type": "Feature", "properties": {"num": 253, "osm_id": 567905748, "housenumber": "33", "area_m2": 82.8, "px_x": 2208.9, "px_y": 3239.0, "clat": 50.28110605, "clon": 82.2082466}, "geometry": {"type": "Point", "coordinates": [2208.89099406451, 3238.97408734262]}}, {"type": "Feature", "properties": {"num": 254, "osm_id": 567905923, "housenumber": "28", "area_m2": 64.4, "px_x": 2418.9, "px_y": 3216.9, "clat": 50.28118180800986, "clon": 82.20937323330523}, "geometry": {"type": "Point", "coordinates": [2418.910664215684, 3216.874161399901]}}, {"type": "Feature", "properties": {"num": 255, "osm_id": 567905922, "housenumber": "26", "area_m2": 60.5, "px_x": 2482.4, "px_y": 3250.0, "clat": 50.2810683, "clon": 82.20971375}, "geometry": {"type": "Point", "coordinates": [2482.3875768855214, 3249.9864042028785]}}, {"type": "Feature", "properties": {"num": 256, "osm_id": 567905907, "housenumber": "11", "area_m2": 177.2, "px_x": 2979.6, "px_y": 3222.0, "clat": 50.28116421699032, "clon": 82.21238111846718}, "geometry": {"type": "Point", "coordinates": [2979.6210982874036, 3222.0057701542974]}}, {"type": "Feature", "properties": {"num": 257, "osm_id": 567905900, "housenumber": "6", "area_m2": 175.2, "px_x": 3342.3, "px_y": 3217.6, "clat": 50.281179348310175, "clon": 82.21432676917792}, "geometry": {"type": "Point", "coordinates": [3342.316678658128, 3217.591699026525]}}, {"type": "Feature", "properties": {"num": 258, "osm_id": 567905899, "housenumber": "4", "area_m2": 153.9, "px_x": 3455.9, "px_y": 3254.4, "clat": 50.28105315, "clon": 82.214936}, "geometry": {"type": "Point", "coordinates": [3455.885535284877, 3254.4059143438935]}}, {"type": "Feature", "properties": {"num": 259, "osm_id": 567905747, "housenumber": "31", "area_m2": 90.4, "px_x": 2306.8, "px_y": 3288.0, "clat": 50.28093805, "clon": 82.20877175}, "geometry": {"type": "Point", "coordinates": [2306.7860494181514, 3287.9824767932296]}}, {"type": "Feature", "properties": {"num": 260, "osm_id": 567905746, "housenumber": "29", "area_m2": 48.3, "px_x": 2368.5, "px_y": 3318.2, "clat": 50.28083433321496, "clon": 82.20910259960642}, "geometry": {"type": "Point", "coordinates": [2368.4608862027526, 3318.2382987327874]}}, {"type": "Feature", "properties": {"num": 261, "osm_id": 567905921, "housenumber": "24", "area_m2": 93.7, "px_x": 2542.1, "px_y": 3282.8, "clat": 50.28095595, "clon": 82.21003400000001}, "geometry": {"type": "Point", "coordinates": [2542.0865038260818, 3282.760757818818]}}, {"type": "Feature", "properties": {"num": 262, "osm_id": 567905920, "housenumber": "22", "area_m2": 71.1, "px_x": 2615.0, "px_y": 3315.5, "clat": 50.2808436436187, "clon": 82.2104252675115}, "geometry": {"type": "Point", "coordinates": [2615.0240544229746, 3315.522309821099]}}, {"type": "Feature", "properties": {"num": 263, "osm_id": 567905906, "housenumber": "9", "area_m2": 138.2, "px_x": 3106.0, "px_y": 3280.7, "clat": 50.28096306768656, "clon": 82.21305921694373}, "geometry": {"type": "Point", "coordinates": [3106.0278161764145, 3280.6844131946564]}}, {"type": "Feature", "properties": {"num": 264, "osm_id": 567905898, "housenumber": "2", "area_m2": 178.0, "px_x": 3591.5, "px_y": 3296.3, "clat": 50.280909451435505, "clon": 82.21566363116678}, "geometry": {"type": "Point", "coordinates": [3591.5258158817887, 3296.3251356706023]}}, {"type": "Feature", "properties": {"num": 265, "osm_id": 1496864235, "housenumber": "2а", "area_m2": 114.6, "px_x": 3663.4, "px_y": 3314.5, "clat": 50.28084710437846, "clon": 82.21604902575353}, "geometry": {"type": "Point", "coordinates": [3663.368573963642, 3314.512752480805]}}, {"type": "Feature", "properties": {"num": 266, "osm_id": 567905745, "housenumber": "27", "area_m2": 56.6, "px_x": 2428.8, "px_y": 3350.1, "clat": 50.28072525, "clon": 82.20942615}, "geometry": {"type": "Point", "coordinates": [2428.7750510945916, 3350.0595217868686]}}, {"type": "Feature", "properties": {"num": 267, "osm_id": 567905744, "housenumber": "25", "area_m2": 65.3, "px_x": 2493.3, "px_y": 3382.1, "clat": 50.28061525322752, "clon": 82.20977253130131}, "geometry": {"type": "Point", "coordinates": [2493.345205657184, 3382.1471695415676]}}, {"type": "Feature", "properties": {"num": 268, "osm_id": 567905918, "housenumber": null, "area_m2": 133.8, "px_x": 2649.2, "px_y": 3334.7, "clat": 50.28077805, "clon": 82.2106088}, "geometry": {"type": "Point", "coordinates": [2649.236990004778, 3334.6569725982845]}}, {"type": "Feature", "properties": {"num": 269, "osm_id": 567905919, "housenumber": "20", "area_m2": 65.7, "px_x": 2670.8, "px_y": 3348.6, "clat": 50.28073013146863, "clon": 82.21072459100485}, "geometry": {"type": "Point", "coordinates": [2670.8219977766275, 3348.6355251446366]}}, {"type": "Feature", "properties": {"num": 270, "osm_id": 567905917, "housenumber": "18", "area_m2": 77.0, "px_x": 2770.0, "px_y": 3380.7, "clat": 50.28062028300858, "clon": 82.21125674922891}, "geometry": {"type": "Point", "coordinates": [2770.023480795324, 3380.679911352694]}}, {"type": "Feature", "properties": {"num": 271, "osm_id": 567905905, "housenumber": "7", "area_m2": 178.9, "px_x": 3296.0, "px_y": 3351.2, "clat": 50.28072146961797, "clon": 82.21407831978945}, "geometry": {"type": "Point", "coordinates": [3296.0023558288813, 3351.1623150780797]}}, {"type": "Feature", "properties": {"num": 272, "osm_id": 567905904, "housenumber": "5", "area_m2": 142.5, "px_x": 3418.1, "px_y": 3388.0, "clat": 50.280595052337105, "clon": 82.21473323062487}, "geometry": {"type": "Point", "coordinates": [3418.086584120989, 3388.040053077042]}}, {"type": "Feature", "properties": {"num": 273, "osm_id": 567906011, "housenumber": "44", "area_m2": 80.9, "px_x": 1582.4, "px_y": 3446.2, "clat": 50.28039565, "clon": 82.20488595}, "geometry": {"type": "Point", "coordinates": [1582.4204279482365, 3446.208382025361]}}, {"type": "Feature", "properties": {"num": 274, "osm_id": 567906010, "housenumber": "42", "area_m2": 88.9, "px_x": 1644.8, "px_y": 3429.4, "clat": 50.2804532, "clon": 82.20522045}, "geometry": {"type": "Point", "coordinates": [1644.7757474184036, 3429.4203022532165]}}, {"type": "Feature", "properties": {"num": 275, "osm_id": 567906009, "housenumber": null, "area_m2": 86.3, "px_x": 1693.5, "px_y": 3414.1, "clat": 50.28050578113516, "clon": 82.20548166560731}, "geometry": {"type": "Point", "coordinates": [1693.46986592561, 3414.0816869065166]}}, {"type": "Feature", "properties": {"num": 276, "osm_id": 567906008, "housenumber": "40", "area_m2": 60.2, "px_x": 1739.3, "px_y": 3410.7, "clat": 50.28051735506334, "clon": 82.20572777218689}, "geometry": {"type": "Point", "coordinates": [1739.347457535565, 3410.7054160945117]}}, {"type": "Feature", "properties": {"num": 277, "osm_id": 567906006, "housenumber": "38", "area_m2": 125.7, "px_x": 1801.8, "px_y": 3392.0, "clat": 50.28058132740913, "clon": 82.20606285763508}, "geometry": {"type": "Point", "coordinates": [1801.8119124546647, 3392.043805964291]}}, {"type": "Feature", "properties": {"num": 278, "osm_id": 567906005, "housenumber": "34", "area_m2": 88.1, "px_x": 1991.6, "px_y": 3393.0, "clat": 50.28057799351986, "clon": 82.20708117307056}, "geometry": {"type": "Point", "coordinates": [1991.6396681964397, 3393.0163477770984]}}, {"type": "Feature", "properties": {"num": 279, "osm_id": 567906002, "housenumber": "32", "area_m2": 69.2, "px_x": 2033.9, "px_y": 3398.5, "clat": 50.28055925, "clon": 82.20730805}, "geometry": {"type": "Point", "coordinates": [2033.9325932115316, 3398.48409165442]}}, {"type": "Feature", "properties": {"num": 280, "osm_id": 567906001, "housenumber": "30", "area_m2": 63.7, "px_x": 2094.4, "px_y": 3404.3, "clat": 50.28053930814393, "clon": 82.20763237785695}, "geometry": {"type": "Point", "coordinates": [2094.391687773168, 3404.30140440166]}}, {"type": "Feature", "properties": {"num": 281, "osm_id": 567905743, "housenumber": "23", "area_m2": 63.7, "px_x": 2558.5, "px_y": 3412.8, "clat": 50.28051002224658, "clon": 82.21012223891114}, "geometry": {"type": "Point", "coordinates": [2558.5354290679097, 3412.8444976508617]}}, {"type": "Feature", "properties": {"num": 282, "osm_id": 567905742, "housenumber": "21", "area_m2": 85.6, "px_x": 2623.6, "px_y": 3442.6, "clat": 50.28040795, "clon": 82.2104713}, "geometry": {"type": "Point", "coordinates": [2623.605132229626, 3442.62031455338]}}, {"type": "Feature", "properties": {"num": 283, "osm_id": 1496864237, "housenumber": "16", "area_m2": 119.7, "px_x": 2839.1, "px_y": 3414.1, "clat": 50.280505749803694, "clon": 82.21162755757129}, "geometry": {"type": "Point", "coordinates": [2839.147165849805, 3414.0908267199993]}}, {"type": "Feature", "properties": {"num": 284, "osm_id": 567905903, "housenumber": "3", "area_m2": 142.3, "px_x": 3550.2, "px_y": 3430.1, "clat": 50.280450967351925, "clon": 82.21544203900923}, "geometry": {"type": "Point", "coordinates": [3550.218043759465, 3430.071594964713]}}, {"type": "Feature", "properties": {"num": 285, "osm_id": 567905902, "housenumber": null, "area_m2": 130.0, "px_x": 3625.9, "px_y": 3439.6, "clat": 50.280418346905506, "clon": 82.21584796971378}, "geometry": {"type": "Point", "coordinates": [3625.889011658728, 3439.5874033868313]}}, {"type": "Feature", "properties": {"num": 286, "osm_id": 567906013, "housenumber": "48", "area_m2": 62.1, "px_x": 1382.5, "px_y": 3502.9, "clat": 50.28020120489164, "clon": 82.2038135206604}, "geometry": {"type": "Point", "coordinates": [1382.505109332502, 3502.9303863868117]}}, {"type": "Feature", "properties": {"num": 287, "osm_id": 567906012, "housenumber": "46", "area_m2": 75.8, "px_x": 1448.0, "px_y": 3487.1, "clat": 50.2802555, "clon": 82.2041646}, "geometry": {"type": "Point", "coordinates": [1447.9510417059064, 3487.091865863651]}}, {"type": "Feature", "properties": {"num": 288, "osm_id": 567905935, "housenumber": "25", "area_m2": 76.7, "px_x": 1699.8, "px_y": 3507.3, "clat": 50.28018635, "clon": 82.20551555}, "geometry": {"type": "Point", "coordinates": [1699.786374539137, 3507.2637295238674]}}, {"type": "Feature", "properties": {"num": 289, "osm_id": 567905936, "housenumber": "23", "area_m2": 76.3, "px_x": 1754.1, "px_y": 3491.3, "clat": 50.28024095, "clon": 82.205807}, "geometry": {"type": "Point", "coordinates": [1754.1165923550725, 3491.3362734541297]}}, {"type": "Feature", "properties": {"num": 290, "osm_id": 567905937, "housenumber": "21", "area_m2": 48.1, "px_x": 1849.5, "px_y": 3473.9, "clat": 50.2803006, "clon": 82.2063187}, "geometry": {"type": "Point", "coordinates": [1849.5043859928846, 3473.9356526620686]}}, {"type": "Feature", "properties": {"num": 291, "osm_id": 567905938, "housenumber": "15", "area_m2": 88.6, "px_x": 2016.0, "px_y": 3469.5, "clat": 50.28031572962854, "clon": 82.20721184097741}, "geometry": {"type": "Point", "coordinates": [2015.9979315027595, 3469.5221550017595]}}, {"type": "Feature", "properties": {"num": 292, "osm_id": 567905939, "housenumber": "11", "area_m2": 61.8, "px_x": 2112.9, "px_y": 3490.4, "clat": 50.28024432102136, "clon": 82.2077318091731}, "geometry": {"type": "Point", "coordinates": [2112.927028529346, 3490.3529066480696]}}, {"type": "Feature", "properties": {"num": 293, "osm_id": 567905999, "housenumber": "24", "area_m2": 67.2, "px_x": 2347.3, "px_y": 3493.0, "clat": 50.28023513207279, "clon": 82.20898893839309}, "geometry": {"type": "Point", "coordinates": [2347.272900350392, 3493.0334314629436]}}, {"type": "Feature", "properties": {"num": 294, "osm_id": 567905741, "housenumber": "19", "area_m2": 41.3, "px_x": 2718.5, "px_y": 3475.9, "clat": 50.280293783288144, "clon": 82.21098023789803}, "geometry": {"type": "Point", "coordinates": [2718.4780327379704, 3475.924170412123]}}, {"type": "Feature", "properties": {"num": 295, "osm_id": 1496864236, "housenumber": "14", "area_m2": 160.2, "px_x": 2933.4, "px_y": 3454.4, "clat": 50.28036745169854, "clon": 82.21213339145416}, "geometry": {"type": "Point", "coordinates": [2933.441435985267, 3454.4341840818524]}}, {"type": "Feature", "properties": {"num": 296, "osm_id": 567905916, "housenumber": "12", "area_m2": 178.1, "px_x": 3052.8, "px_y": 3497.5, "clat": 50.280219682043366, "clon": 82.21277377138617}, "geometry": {"type": "Point", "coordinates": [3052.8169075623155, 3497.540386337787]}}, {"type": "Feature", "properties": {"num": 297, "osm_id": 567905901, "housenumber": "1", "area_m2": 162.4, "px_x": 3668.1, "px_y": 3466.4, "clat": 50.280326381107145, "clon": 82.21607417964202}, "geometry": {"type": "Point", "coordinates": [3668.0575986355543, 3466.4149875938892]}}, {"type": "Feature", "properties": {"num": 298, "osm_id": 567906023, "housenumber": "74", "area_m2": 63.3, "px_x": 561.7, "px_y": 3527.5, "clat": 50.28011709789919, "clon": 82.19941021497226}, "geometry": {"type": "Point", "coordinates": [561.6694355085492, 3527.4653478115797]}}, {"type": "Feature", "properties": {"num": 299, "osm_id": 567906021, "housenumber": "72", "area_m2": 70.8, "px_x": 635.4, "px_y": 3549.4, "clat": 50.28004202651448, "clon": 82.19980580937386}, "geometry": {"type": "Point", "coordinates": [635.4135768860579, 3549.3644836060703]}}, {"type": "Feature", "properties": {"num": 300, "osm_id": 567906020, "housenumber": "70", "area_m2": 52.5, "px_x": 681.2, "px_y": 3545.5, "clat": 50.280055158108986, "clon": 82.20005157251032}, "geometry": {"type": "Point", "coordinates": [681.2271460667253, 3545.533857792616]}}, {"type": "Feature", "properties": {"num": 301, "osm_id": 567906019, "housenumber": "68", "area_m2": 29.4, "px_x": 750.9, "px_y": 3534.5, "clat": 50.28009292217405, "clon": 82.20042508977376}, "geometry": {"type": "Point", "coordinates": [750.855810597539, 3534.517672382295]}}, {"type": "Feature", "properties": {"num": 302, "osm_id": 567906016, "housenumber": "66", "area_m2": 53.5, "px_x": 827.6, "px_y": 3543.4, "clat": 50.28006232747771, "clon": 82.20083670601716}, "geometry": {"type": "Point", "coordinates": [827.5866397619247, 3543.4424762241542]}}, {"type": "Feature", "properties": {"num": 303, "osm_id": 567906017, "housenumber": "62", "area_m2": 70.8, "px_x": 899.0, "px_y": 3530.0, "clat": 50.28010825, "clon": 82.20121965}, "geometry": {"type": "Point", "coordinates": [898.9725721552968, 3530.0463776141405]}}, {"type": "Feature", "properties": {"num": 304, "osm_id": 567906014, "housenumber": "52", "area_m2": 73.8, "px_x": 1226.9, "px_y": 3552.6, "clat": 50.280031099999995, "clon": 82.20297885}, "geometry": {"type": "Point", "coordinates": [1226.911220908165, 3552.5518633164465]}}, {"type": "Feature", "properties": {"num": 305, "osm_id": 567905934, "housenumber": "27", "area_m2": 98.0, "px_x": 1645.5, "px_y": 3516.9, "clat": 50.28015340395756, "clon": 82.20522422097119}, "geometry": {"type": "Point", "coordinates": [1645.478707395494, 3516.8744650781155]}}, {"type": "Feature", "properties": {"num": 306, "osm_id": 567905940, "housenumber": "9", "area_m2": 60.1, "px_x": 2245.0, "px_y": 3537.3, "clat": 50.28008351580019, "clon": 82.20844019405412}, "geometry": {"type": "Point", "coordinates": [2244.9795414209366, 3537.261613987386]}}, {"type": "Feature", "properties": {"num": 307, "osm_id": 567905740, "housenumber": "17", "area_m2": 100.5, "px_x": 2807.1, "px_y": 3520.1, "clat": 50.280142229202376, "clon": 82.21145565083334}, "geometry": {"type": "Point", "coordinates": [2807.1014272347093, 3520.1342668384314]}}, {"type": "Feature", "properties": {"num": 308, "osm_id": 567905739, "housenumber": "15", "area_m2": 137.4, "px_x": 2891.0, "px_y": 3550.9, "clat": 50.2800366, "clon": 82.2119057}, "geometry": {"type": "Point", "coordinates": [2890.996672563255, 3550.947455301881]}}, {"type": "Feature", "properties": {"num": 309, "osm_id": 567905915, "housenumber": "10", "area_m2": 207.9, "px_x": 3237.7, "px_y": 3556.6, "clat": 50.28001711879934, "clon": 82.21376556221175}, "geometry": {"type": "Point", "coordinates": [3237.7001176401973, 3556.63032618165]}}, {"type": "Feature", "properties": {"num": 310, "osm_id": 567906015, "housenumber": "56", "area_m2": 58.7, "px_x": 1021.6, "px_y": 3597.0, "clat": 50.2798788745631, "clon": 82.20187768801998}, "geometry": {"type": "Point", "coordinates": [1021.6397499069571, 3596.9575553424656]}}, {"type": "Feature", "properties": {"num": 311, "osm_id": 567905933, "housenumber": "37", "area_m2": 73.2, "px_x": 1263.1, "px_y": 3628.1, "clat": 50.27977195, "clon": 82.20317285}, "geometry": {"type": "Point", "coordinates": [1263.0754420608282, 3628.148441642523]}}, {"type": "Feature", "properties": {"num": 312, "osm_id": 1496866694, "housenumber": "35", "area_m2": 74.0, "px_x": 1311.3, "px_y": 3612.0, "clat": 50.279827307361465, "clon": 82.20343165185842}, "geometry": {"type": "Point", "coordinates": [1311.3196051716805, 3612.000194862485]}}, {"type": "Feature", "properties": {"num": 313, "osm_id": 567905941, "housenumber": "7", "area_m2": 72.6, "px_x": 2300.1, "px_y": 3572.7, "clat": 50.27996215205138, "clon": 82.20873593281522}, "geometry": {"type": "Point", "coordinates": [2300.109242245555, 3572.6646914482117]}}, {"type": "Feature", "properties": {"num": 314, "osm_id": 567905942, "housenumber": "5", "area_m2": 60.0, "px_x": 2351.8, "px_y": 3608.9, "clat": 50.279838085242545, "clon": 82.20901302953459}, "geometry": {"type": "Point", "coordinates": [2351.7638146281242, 3608.856186553836]}}, {"type": "Feature", "properties": {"num": 315, "osm_id": 567905997, "housenumber": "18", "area_m2": 58.1, "px_x": 2555.1, "px_y": 3623.3, "clat": 50.279788566733444, "clon": 82.21010362802448}, "geometry": {"type": "Point", "coordinates": [2555.0661083459854, 3623.3011910542846]}}, {"type": "Feature", "properties": {"num": 316, "osm_id": 567905738, "housenumber": "13", "area_m2": 162.6, "px_x": 3015.1, "px_y": 3599.7, "clat": 50.27986955, "clon": 82.2125714}, "geometry": {"type": "Point", "coordinates": [3015.0921469181776, 3599.677619628608]}}, {"type": "Feature", "properties": {"num": 317, "osm_id": 567905914, "housenumber": "8", "area_m2": 136.9, "px_x": 3354.8, "px_y": 3594.7, "clat": 50.27988660160771, "clon": 82.2143938806439}, "geometry": {"type": "Point", "coordinates": [3354.8271626755595, 3594.7035020813346]}}, {"type": "Feature", "properties": {"num": 318, "osm_id": 567906018, "housenumber": "64", "area_m2": 126.7, "px_x": 880.3, "px_y": 3631.6, "clat": 50.2797602, "clon": 82.20111935}, "geometry": {"type": "Point", "coordinates": [880.2752969935536, 3631.576021298766]}}, {"type": "Feature", "properties": {"num": 319, "osm_id": 567905931, "housenumber": "41", "area_m2": 88.7, "px_x": 1132.1, "px_y": 3674.5, "clat": 50.27961295, "clon": 82.20246999999999}, "geometry": {"type": "Point", "coordinates": [1132.0547057762742, 3674.530086107552]}}, {"type": "Feature", "properties": {"num": 320, "osm_id": 567905932, "housenumber": "39", "area_m2": 73.1, "px_x": 1212.3, "px_y": 3643.3, "clat": 50.279719871004474, "clon": 82.20290053662656}, "geometry": {"type": "Point", "coordinates": [1212.3125499933958, 3643.340342067182]}}, {"type": "Feature", "properties": {"num": 321, "osm_id": 567905609, "housenumber": "75", "area_m2": 60.8, "px_x": 1924.2, "px_y": 3654.1, "clat": 50.27968294806623, "clon": 82.20671951702985}, "geometry": {"type": "Point", "coordinates": [1924.2220958396792, 3654.111077390611]}}, {"type": "Feature", "properties": {"num": 322, "osm_id": 567905943, "housenumber": "3", "area_m2": 74.0, "px_x": 2417.7, "px_y": 3651.0, "clat": 50.279693696125825, "clon": 82.20936686688805}, "geometry": {"type": "Point", "coordinates": [2417.7238780409098, 3650.9757777936757]}}, {"type": "Feature", "properties": {"num": 323, "osm_id": 567905995, "housenumber": "16", "area_m2": 72.7, "px_x": 2592.3, "px_y": 3649.6, "clat": 50.27969855, "clon": 82.2103036}, "geometry": {"type": "Point", "coordinates": [2592.3435864150524, 3649.559861548245]}}, {"type": "Feature", "properties": {"num": 324, "osm_id": 567905737, "housenumber": "11", "area_m2": 150.5, "px_x": 3205.5, "px_y": 3665.6, "clat": 50.27964370077463, "clon": 82.21359273182354}, "geometry": {"type": "Point", "coordinates": [3205.4821981564164, 3665.5598372109234]}}, {"type": "Feature", "properties": {"num": 325, "osm_id": 567905913, "housenumber": "6", "area_m2": 162.3, "px_x": 3484.7, "px_y": 3637.1, "clat": 50.27974115, "clon": 82.2150904}, "geometry": {"type": "Point", "coordinates": [3484.667781405151, 3637.1330741792917]}}, {"type": "Feature", "properties": {"num": 326, "osm_id": 567905912, "housenumber": "4", "area_m2": 130.3, "px_x": 3603.4, "px_y": 3672.0, "clat": 50.27962151893738, "clon": 82.21572712208383}, "geometry": {"type": "Point", "coordinates": [3603.361380651593, 3672.030458562076]}}, {"type": "Feature", "properties": {"num": 327, "osm_id": 567905753, "housenumber": "79", "area_m2": 75.6, "px_x": 1586.1, "px_y": 3719.4, "clat": 50.27945905, "clon": 82.2049056}, "geometry": {"type": "Point", "coordinates": [1586.0834534466267, 3719.423869892955]}}, {"type": "Feature", "properties": {"num": 328, "osm_id": 567905610, "housenumber": "73", "area_m2": 66.0, "px_x": 1964.4, "px_y": 3690.0, "clat": 50.27955975381177, "clon": 82.20693513346194}, "geometry": {"type": "Point", "coordinates": [1964.4159119948745, 3690.047829438001]}}, {"type": "Feature", "properties": {"num": 329, "osm_id": 567905612, "housenumber": "71", "area_m2": 112.0, "px_x": 2011.2, "px_y": 3739.4, "clat": 50.27939045, "clon": 82.20718600000001}, "geometry": {"type": "Point", "coordinates": [2011.180824175477, 3739.4349574148655]}}, {"type": "Feature", "properties": {"num": 330, "osm_id": 567905608, "housenumber": "66", "area_m2": 68.4, "px_x": 2088.0, "px_y": 3724.8, "clat": 50.27944066263593, "clon": 82.20759786780087}, "geometry": {"type": "Point", "coordinates": [2087.9585470482707, 3724.7875921316445]}}, {"type": "Feature", "properties": {"num": 331, "osm_id": 567905944, "housenumber": "1а", "area_m2": 71.2, "px_x": 2493.9, "px_y": 3693.4, "clat": 50.27954843330079, "clon": 82.20977550469205}, "geometry": {"type": "Point", "coordinates": [2493.899485863745, 3693.350108616054]}}, {"type": "Feature", "properties": {"num": 332, "osm_id": 567905945, "housenumber": "1", "area_m2": 109.3, "px_x": 2547.3, "px_y": 3734.7, "clat": 50.27940676698623, "clon": 82.21006200616634}, "geometry": {"type": "Point", "coordinates": [2547.3072316274047, 3734.675183944404]}}, {"type": "Feature", "properties": {"num": 333, "osm_id": 567905993, "housenumber": "14", "area_m2": 167.0, "px_x": 2723.9, "px_y": 3698.0, "clat": 50.27953233214151, "clon": 82.2110093700121}, "geometry": {"type": "Point", "coordinates": [2723.908652409911, 3698.046937920153]}}, {"type": "Feature", "properties": {"num": 334, "osm_id": 567905736, "housenumber": "9", "area_m2": 118.8, "px_x": 3320.1, "px_y": 3701.7, "clat": 50.27951985, "clon": 82.21420785000001}, "geometry": {"type": "Point", "coordinates": [3320.1485371664166, 3701.6880714148283]}}, {"type": "Feature", "properties": {"num": 335, "osm_id": 567905735, "housenumber": "7", "area_m2": 154.9, "px_x": 3453.6, "px_y": 3741.3, "clat": 50.279383949999996, "clon": 82.2149235}, "geometry": {"type": "Point", "coordinates": [3453.555366396904, 3741.331050224602]}}, {"type": "Feature", "properties": {"num": 336, "osm_id": 426709932, "housenumber": "2", "area_m2": 936.0, "px_x": 3790.1, "px_y": 3725.3, "clat": 50.27943879873497, "clon": 82.21672899859463}, "geometry": {"type": "Point", "coordinates": [3790.1246987357736, 3725.3313049152493]}}, {"type": "Feature", "properties": {"num": 337, "osm_id": 567905928, "housenumber": "49", "area_m2": 94.5, "px_x": 781.0, "px_y": 3804.4, "clat": 50.2791679, "clon": 82.20058675}, "geometry": {"type": "Point", "coordinates": [780.9914609789848, 3804.354110620916]}}, {"type": "Feature", "properties": {"num": 338, "osm_id": 567905929, "housenumber": "47", "area_m2": 63.4, "px_x": 931.0, "px_y": 3790.8, "clat": 50.27921426675913, "clon": 82.20139172007397}, "geometry": {"type": "Point", "coordinates": [931.0487588047981, 3790.8286773711443]}}, {"type": "Feature", "properties": {"num": 339, "osm_id": 567905930, "housenumber": "45", "area_m2": 51.6, "px_x": 1008.9, "px_y": 3783.8, "clat": 50.2792383666378, "clon": 82.20180954914053}, "geometry": {"type": "Point", "coordinates": [1008.93774215132, 3783.798607826233]}}, {"type": "Feature", "properties": {"num": 340, "osm_id": 567905754, "housenumber": "77", "area_m2": 60.5, "px_x": 1611.3, "px_y": 3760.2, "clat": 50.2793193, "clon": 82.20504075}, "geometry": {"type": "Point", "coordinates": [1611.2772394567728, 3760.1898668557405]}}, {"type": "Feature", "properties": {"num": 341, "osm_id": 567905755, "housenumber": "75", "area_m2": 53.6, "px_x": 1673.7, "px_y": 3778.4, "clat": 50.27925685, "clon": 82.20537575}, "geometry": {"type": "Point", "coordinates": [1673.725765697658, 3778.406905166805]}}, {"type": "Feature", "properties": {"num": 342, "osm_id": 567905613, "housenumber": "69", "area_m2": 50.0, "px_x": 2052.7, "px_y": 3771.5, "clat": 50.279280515642796, "clon": 82.20740899335172}, "geometry": {"type": "Point", "coordinates": [2052.749797821045, 3771.5034985095263]}}, {"type": "Feature", "properties": {"num": 343, "osm_id": 567905606, "housenumber": "64", "area_m2": 53.9, "px_x": 2150.0, "px_y": 3775.4, "clat": 50.27926715, "clon": 82.2079306}, "geometry": {"type": "Point", "coordinates": [2149.984324552119, 3775.402335241437]}}, {"type": "Feature", "properties": {"num": 344, "osm_id": 567905991, "housenumber": "12", "area_m2": 173.8, "px_x": 2926.6, "px_y": 3760.8, "clat": 50.27931726964117, "clon": 82.21209681194199}, "geometry": {"type": "Point", "coordinates": [2926.6225206926465, 3760.782135039568]}}, {"type": "Feature", "properties": {"num": 345, "osm_id": 567905734, "housenumber": "5", "area_m2": 167.5, "px_x": 3574.2, "px_y": 3777.2, "clat": 50.27926105, "clon": 82.21557085}, "geometry": {"type": "Point", "coordinates": [3574.2301528155804, 3777.1817408055067]}}, {"type": "Feature", "properties": {"num": 346, "osm_id": 567905756, "housenumber": "67", "area_m2": 42.9, "px_x": 1744.4, "px_y": 3849.0, "clat": 50.2790147, "clon": 82.20575465}, "geometry": {"type": "Point", "coordinates": [1744.3578450530767, 3849.0432816781104]}}, {"type": "Feature", "properties": {"num": 347, "osm_id": 567905605, "housenumber": "78", "area_m2": 79.6, "px_x": 1820.1, "px_y": 3816.6, "clat": 50.27912606649737, "clon": 82.20616085369353}, "geometry": {"type": "Point", "coordinates": [1820.079701781273, 3816.557157240808]}}, {"type": "Feature", "properties": {"num": 348, "osm_id": 567905604, "housenumber": "74", "area_m2": 57.5, "px_x": 1854.9, "px_y": 3849.1, "clat": 50.27901465, "clon": 82.20634785}, "geometry": {"type": "Point", "coordinates": [1854.9383398368955, 3849.0578668937087]}}, {"type": "Feature", "properties": {"num": 349, "osm_id": 567905614, "housenumber": "67", "area_m2": 94.0, "px_x": 2119.7, "px_y": 3844.5, "clat": 50.27903013661623, "clon": 82.20776816152552}, "geometry": {"type": "Point", "coordinates": [2119.703598178923, 3844.5403535738587]}}, {"type": "Feature", "properties": {"num": 350, "osm_id": 567905615, "housenumber": "62", "area_m2": 101.8, "px_x": 2204.5, "px_y": 3837.9, "clat": 50.27905283206567, "clon": 82.20822278198547}, "geometry": {"type": "Point", "coordinates": [2204.4509943425655, 3837.9199896007776]}}, {"type": "Feature", "properties": {"num": 351, "osm_id": 567905989, "housenumber": "10", "area_m2": 68.8, "px_x": 3147.7, "px_y": 3829.2, "clat": 50.27908282566151, "clon": 82.2132825091048}, "geometry": {"type": "Point", "coordinates": [3147.652491927147, 3829.170718885958]}}, {"type": "Feature", "properties": {"num": 352, "osm_id": 567905987, "housenumber": "8", "area_m2": 70.0, "px_x": 3236.9, "px_y": 3859.7, "clat": 50.27897832031888, "clon": 82.21376141163414}, "geometry": {"type": "Point", "coordinates": [3236.926393903792, 3859.6553871296346]}}, {"type": "Feature", "properties": {"num": 353, "osm_id": 567905947, "housenumber": "3", "area_m2": 154.3, "px_x": 3692.1, "px_y": 3848.1, "clat": 50.27901785, "clon": 82.2162029}, "geometry": {"type": "Point", "coordinates": [3692.0528125092387, 3848.1244130954146]}}, {"type": "Feature", "properties": {"num": 354, "osm_id": 567905946, "housenumber": null, "area_m2": 81.4, "px_x": 3761.9, "px_y": 3834.7, "clat": 50.279063900000004, "clon": 82.2165774}, "geometry": {"type": "Point", "coordinates": [3761.8646724298596, 3834.691422574222]}}, {"type": "Feature", "properties": {"num": 355, "osm_id": 567905949, "housenumber": null, "area_m2": 206.0, "px_x": 3813.5, "px_y": 3848.8, "clat": 50.27901547026849, "clon": 82.21685450687238}, "geometry": {"type": "Point", "coordinates": [3813.5211374610662, 3848.818591043353]}}, {"type": "Feature", "properties": {"num": 356, "osm_id": 567905757, "housenumber": "65", "area_m2": 49.0, "px_x": 1769.2, "px_y": 3873.9, "clat": 50.27892935, "clon": 82.2058878}, "geometry": {"type": "Point", "coordinates": [1769.1788040548563, 3873.9402215778828]}}, {"type": "Feature", "properties": {"num": 357, "osm_id": 567905759, "housenumber": "63", "area_m2": 47.9, "px_x": 1796.2, "px_y": 3904.7, "clat": 50.278823750602065, "clon": 82.2060327837134}, "geometry": {"type": "Point", "coordinates": [1796.205727122724, 3904.7439309060574]}}, {"type": "Feature", "properties": {"num": 358, "osm_id": 567905603, "housenumber": "72", "area_m2": 76.1, "px_x": 1895.2, "px_y": 3885.0, "clat": 50.2788913, "clon": 82.20656375}, "geometry": {"type": "Point", "coordinates": [1895.1850168853998, 3885.039545953274]}}, {"type": "Feature", "properties": {"num": 359, "osm_id": 567905601, "housenumber": "70", "area_m2": 55.1, "px_x": 1923.0, "px_y": 3922.3, "clat": 50.27876365, "clon": 82.2067129}, "geometry": {"type": "Point", "coordinates": [1922.9885920733213, 3922.2754537165165]}}, {"type": "Feature", "properties": {"num": 360, "osm_id": 567905618, "housenumber": "60", "area_m2": 107.2, "px_x": 2260.0, "px_y": 3886.6, "clat": 50.2788861, "clon": 82.20852085}, "geometry": {"type": "Point", "coordinates": [2260.014899484813, 3886.5564043074846]}}, {"type": "Feature", "properties": {"num": 361, "osm_id": 1496868991, "housenumber": "58", "area_m2": 80.6, "px_x": 2300.3, "px_y": 3929.4, "clat": 50.27873921137137, "clon": 82.20873700757447}, "geometry": {"type": "Point", "coordinates": [2300.309591896832, 3929.4042674154043]}}, {"type": "Feature", "properties": {"num": 362, "osm_id": 567905967, "housenumber": "20", "area_m2": 133.1, "px_x": 2672.0, "px_y": 3873.9, "clat": 50.27892965, "clon": 82.21073085}, "geometry": {"type": "Point", "coordinates": [2671.9887590408325, 3873.85271044448]}}, {"type": "Feature", "properties": {"num": 363, "osm_id": 1496866695, "housenumber": "18", "area_m2": 120.8, "px_x": 2765.8, "px_y": 3903.3, "clat": 50.27882885653397, "clon": 82.21123403628891}, "geometry": {"type": "Point", "coordinates": [2765.789481908083, 3903.254514493048]}}, {"type": "Feature", "properties": {"num": 364, "osm_id": 567905986, "housenumber": "6", "area_m2": 76.0, "px_x": 3324.3, "px_y": 3886.7, "clat": 50.27888552225675, "clon": 82.2142302437421}, "geometry": {"type": "Point", "coordinates": [3324.3230332657695, 3886.7249340489507]}}, {"type": "Feature", "properties": {"num": 365, "osm_id": 567905984, "housenumber": "4", "area_m2": 88.5, "px_x": 3440.1, "px_y": 3922.8, "clat": 50.27876169700665, "clon": 82.21485141975744}, "geometry": {"type": "Point", "coordinates": [3440.118635304272, 3922.845147266984]}}, {"type": "Feature", "properties": {"num": 366, "osm_id": 567905950, "housenumber": null, "area_m2": 164.3, "px_x": 3739.1, "px_y": 3918.6, "clat": 50.278776131578816, "clon": 82.21645507391261}, "geometry": {"type": "Point", "coordinates": [3739.061436973512, 3918.634542196989]}}, {"type": "Feature", "properties": {"num": 367, "osm_id": 567905948, "housenumber": null, "area_m2": 108.5, "px_x": 3883.9, "px_y": 3874.6, "clat": 50.278927218333024, "clon": 82.21723206157417}, "geometry": {"type": "Point", "coordinates": [3883.902435056865, 3874.5620368756354]}}, {"type": "Feature", "properties": {"num": 368, "osm_id": 567905760, "housenumber": "61", "area_m2": 50.2, "px_x": 1824.8, "px_y": 3931.5, "clat": 50.2787319, "clon": 82.2061862}, "geometry": {"type": "Point", "coordinates": [1824.8045957684517, 3931.5370133966208]}}, {"type": "Feature", "properties": {"num": 369, "osm_id": 567905761, "housenumber": "57", "area_m2": 74.0, "px_x": 1876.5, "px_y": 3984.2, "clat": 50.27855138277808, "clon": 82.20646370365628}, "geometry": {"type": "Point", "coordinates": [1876.5350266769528, 3984.194251038134]}}, {"type": "Feature", "properties": {"num": 370, "osm_id": 567905600, "housenumber": "68", "area_m2": 86.1, "px_x": 1948.5, "px_y": 3948.4, "clat": 50.27867396787466, "clon": 82.20684961845086}, "geometry": {"type": "Point", "coordinates": [1948.474758528173, 3948.4359529316425]}}, {"type": "Feature", "properties": {"num": 371, "osm_id": 567905617, "housenumber": "63", "area_m2": 92.6, "px_x": 2228.0, "px_y": 3954.6, "clat": 50.278652699999995, "clon": 82.20834895}, "geometry": {"type": "Point", "coordinates": [2227.9704169258475, 3954.6398376859725]}}, {"type": "Feature", "properties": {"num": 372, "osm_id": 567905964, "housenumber": "19", "area_m2": 83.6, "px_x": 2646.8, "px_y": 3983.8, "clat": 50.27855262378085, "clon": 82.21059548953266}, "geometry": {"type": "Point", "coordinates": [2646.7557390630245, 3983.832248710096]}}, {"type": "Feature", "properties": {"num": 373, "osm_id": 567905969, "housenumber": "16", "area_m2": 169.7, "px_x": 2871.6, "px_y": 3935.8, "clat": 50.2787172, "clon": 82.21180165}, "geometry": {"type": "Point", "coordinates": [2871.60034673661, 3935.8250405043364]}}, {"type": "Feature", "properties": {"num": 374, "osm_id": 567905983, "housenumber": "2", "area_m2": 71.9, "px_x": 3520.7, "px_y": 3948.7, "clat": 50.27867305375207, "clon": 82.21528387974386}, "geometry": {"type": "Point", "coordinates": [3520.735019788146, 3948.7026045136154]}}, {"type": "Feature", "properties": {"num": 375, "osm_id": 567905598, "housenumber": "66", "area_m2": 57.0, "px_x": 2005.4, "px_y": 4013.1, "clat": 50.27845215, "clon": 82.20715525}, "geometry": {"type": "Point", "coordinates": [2005.4486087188125, 4013.1405674554408]}}, {"type": "Feature", "properties": {"num": 376, "osm_id": 567905622, "housenumber": "61", "area_m2": 70.4, "px_x": 2293.1, "px_y": 4012.0, "clat": 50.27845616679324, "clon": 82.20869811823526}, "geometry": {"type": "Point", "coordinates": [2293.06009362638, 4011.9688653834164]}}, {"type": "Feature", "properties": {"num": 377, "osm_id": 1496868990, "housenumber": "59", "area_m2": 48.7, "px_x": 2325.6, "px_y": 4048.7, "clat": 50.27833029203893, "clon": 82.20887272663661}, "geometry": {"type": "Point", "coordinates": [2325.60945879668, 4048.6865934357047]}}, {"type": "Feature", "properties": {"num": 378, "osm_id": 567905619, "housenumber": "56", "area_m2": 66.4, "px_x": 2365.1, "px_y": 3996.6, "clat": 50.27850876661059, "clon": 82.20908470151585}, "geometry": {"type": "Point", "coordinates": [2365.1244402974844, 3996.6254438981414]}}, {"type": "Feature", "properties": {"num": 379, "osm_id": 567905621, "housenumber": "54", "area_m2": 158.4, "px_x": 2397.6, "px_y": 4029.0, "clat": 50.27839795, "clon": 82.2092589}, "geometry": {"type": "Point", "coordinates": [2397.597391359508, 4028.9507448151708]}}, {"type": "Feature", "properties": {"num": 380, "osm_id": 567905962, "housenumber": "17", "area_m2": 146.1, "px_x": 2839.1, "px_y": 4041.3, "clat": 50.278355778954676, "clon": 82.21162739589509}, "geometry": {"type": "Point", "coordinates": [2839.1170272156596, 4041.2520553544164]}}, {"type": "Feature", "properties": {"num": 381, "osm_id": 567905970, "housenumber": "14", "area_m2": 90.2, "px_x": 3095.8, "px_y": 4006.9, "clat": 50.2784734, "clon": 82.2130045}, "geometry": {"type": "Point", "coordinates": [3095.82783857733, 4006.9419228956103]}}, {"type": "Feature", "properties": {"num": 382, "osm_id": 567905972, "housenumber": "12", "area_m2": 88.4, "px_x": 3187.8, "px_y": 4035.5, "clat": 50.27837545, "clon": 82.2134977}, "geometry": {"type": "Point", "coordinates": [3187.766982257366, 4035.5140050388873]}}, {"type": "Feature", "properties": {"num": 383, "osm_id": 567905951, "housenumber": null, "area_m2": 118.6, "px_x": 3620.3, "px_y": 4038.3, "clat": 50.27836597610928, "clon": 82.21581783779509}, "geometry": {"type": "Point", "coordinates": [3620.272014901042, 4038.2775423377752]}}, {"type": "Feature", "properties": {"num": 384, "osm_id": 567905769, "housenumber": null, "area_m2": 72.0, "px_x": 1674.3, "px_y": 4095.7, "clat": 50.27816908203655, "clon": 82.20537900821131}, "geometry": {"type": "Point", "coordinates": [1674.3331402987242, 4095.7114890292287]}}, {"type": "Feature", "properties": {"num": 385, "osm_id": 567905763, "housenumber": null, "area_m2": 66.3, "px_x": 1950.6, "px_y": 4085.5, "clat": 50.278204, "clon": 82.2068611}, "geometry": {"type": "Point", "coordinates": [1950.6150744110346, 4085.5259460508823]}}, {"type": "Feature", "properties": {"num": 386, "osm_id": 567905762, "housenumber": "55", "area_m2": 45.9, "px_x": 1989.0, "px_y": 4097.6, "clat": 50.27816275, "clon": 82.20706685}, "geometry": {"type": "Point", "coordinates": [1988.969654329121, 4097.558538399637]}}, {"type": "Feature", "properties": {"num": 387, "osm_id": 567905597, "housenumber": "62", "area_m2": 84.8, "px_x": 2032.6, "px_y": 4053.3, "clat": 50.2783146, "clon": 82.207301}, "geometry": {"type": "Point", "coordinates": [2032.6183779612184, 4053.2639621421695]}}, {"type": "Feature", "properties": {"num": 388, "osm_id": 567905623, "housenumber": "55", "area_m2": 53.5, "px_x": 2357.7, "px_y": 4081.9, "clat": 50.27821638268686, "clon": 82.20904500713594}, "geometry": {"type": "Point", "coordinates": [2357.724871568382, 4081.913924060762]}}, {"type": "Feature", "properties": {"num": 389, "osm_id": 1496868992, "housenumber": "52", "area_m2": 61.1, "px_x": 2447.9, "px_y": 4078.2, "clat": 50.278229000643535, "clon": 82.20952852372838}, "geometry": {"type": "Point", "coordinates": [2447.858897253871, 4078.233273047954]}}, {"type": "Feature", "properties": {"num": 390, "osm_id": 567905974, "housenumber": "10", "area_m2": 111.6, "px_x": 3264.7, "px_y": 4061.6, "clat": 50.27828610239572, "clon": 82.21391048079731}, "geometry": {"type": "Point", "coordinates": [3264.714900009334, 4061.5767111852765]}}, {"type": "Feature", "properties": {"num": 391, "osm_id": 567905976, "housenumber": "8", "area_m2": 85.0, "px_x": 3369.9, "px_y": 4093.5, "clat": 50.27817675, "clon": 82.2144746}, "geometry": {"type": "Point", "coordinates": [3369.874341264367, 4093.4747506529093]}}, {"type": "Feature", "properties": {"num": 392, "osm_id": 567905768, "housenumber": null, "area_m2": 58.9, "px_x": 1684.9, "px_y": 4126.0, "clat": 50.27806524923872, "clon": 82.20543566568554}, "geometry": {"type": "Point", "coordinates": [1684.8948589935899, 4125.999391838908]}}, {"type": "Feature", "properties": {"num": 393, "osm_id": 567905770, "housenumber": null, "area_m2": 45.6, "px_x": 1704.3, "px_y": 4137.6, "clat": 50.278025400000004, "clon": 82.20553995}, "geometry": {"type": "Point", "coordinates": [1704.3348642140627, 4137.623349525034]}}, {"type": "Feature", "properties": {"num": 394, "osm_id": 567905767, "housenumber": null, "area_m2": 53.3, "px_x": 1768.4, "px_y": 4134.3, "clat": 50.278036900000004, "clon": 82.2058837}, "geometry": {"type": "Point", "coordinates": [1768.4145086631179, 4134.268819347024]}}, {"type": "Feature", "properties": {"num": 395, "osm_id": 567905766, "housenumber": null, "area_m2": 40.1, "px_x": 1793.7, "px_y": 4164.0, "clat": 50.2779351, "clon": 82.20601925}, "geometry": {"type": "Point", "coordinates": [1793.6828600913286, 4163.963675651699]}}, {"type": "Feature", "properties": {"num": 396, "osm_id": 567905764, "housenumber": "53", "area_m2": 64.2, "px_x": 2017.0, "px_y": 4157.5, "clat": 50.27795734708191, "clon": 82.20721703154989}, "geometry": {"type": "Point", "coordinates": [2016.9655243456364, 4157.474251799285]}}, {"type": "Feature", "properties": {"num": 397, "osm_id": 1496881540, "housenumber": "60", "area_m2": 52.4, "px_x": 2099.4, "px_y": 4126.2, "clat": 50.278064488633085, "clon": 82.20765899744843}, "geometry": {"type": "Point", "coordinates": [2099.3539392873645, 4126.2212593480945]}}, {"type": "Feature", "properties": {"num": 398, "osm_id": 567905596, "housenumber": "58", "area_m2": 68.2, "px_x": 2134.0, "px_y": 4166.0, "clat": 50.27792825, "clon": 82.2078451}, "geometry": {"type": "Point", "coordinates": [2134.045969352126, 4165.961804665625]}}, {"type": "Feature", "properties": {"num": 399, "osm_id": 567905626, "housenumber": "53", "area_m2": 101.7, "px_x": 2423.9, "px_y": 4163.6, "clat": 50.27793643283186, "clon": 82.20940000221852}, "geometry": {"type": "Point", "coordinates": [2423.900751337409, 4163.574891678989]}}, {"type": "Feature", "properties": {"num": 400, "osm_id": 567905633, "housenumber": "50", "area_m2": 55.2, "px_x": 2496.7, "px_y": 4143.0, "clat": 50.27800690134694, "clon": 82.20979041712584}, "geometry": {"type": "Point", "coordinates": [2496.6793650090694, 4143.01937302202]}}, {"type": "Feature", "properties": {"num": 401, "osm_id": 567905960, "housenumber": "15", "area_m2": 205.7, "px_x": 2939.1, "px_y": 4123.2, "clat": 50.278074681037154, "clon": 82.21216394539017}, "geometry": {"type": "Point", "coordinates": [2939.1371024772525, 4123.248150255531]}}, {"type": "Feature", "properties": {"num": 402, "osm_id": 567905958, "housenumber": "13", "area_m2": 148.1, "px_x": 3114.5, "px_y": 4125.4, "clat": 50.27806725, "clon": 82.2131045}, "geometry": {"type": "Point", "coordinates": [3114.4691896885633, 4125.415772795677]}}, {"type": "Feature", "properties": {"num": 403, "osm_id": 567905956, "housenumber": "11", "area_m2": 80.7, "px_x": 3233.8, "px_y": 4160.0, "clat": 50.27794862993076, "clon": 82.21374473115102}, "geometry": {"type": "Point", "coordinates": [3233.816926471889, 4160.017025582492]}}, {"type": "Feature", "properties": {"num": 404, "osm_id": 567905978, "housenumber": "6", "area_m2": 116.0, "px_x": 3464.7, "px_y": 4123.5, "clat": 50.278073702227495, "clon": 82.21498328031787}, "geometry": {"type": "Point", "coordinates": [3464.6992253512144, 4123.533667601645]}}, {"type": "Feature", "properties": {"num": 405, "osm_id": 567905979, "housenumber": "4", "area_m2": 348.9, "px_x": 3675.8, "px_y": 4130.3, "clat": 50.278050505549636, "clon": 82.21611560962569}, "geometry": {"type": "Point", "coordinates": [3675.780707359314, 4130.300102934241]}}, {"type": "Feature", "properties": {"num": 406, "osm_id": 566738867, "housenumber": null, "area_m2": 214.4, "px_x": 4272.3, "px_y": 4157.8, "clat": 50.27795614655182, "clon": 82.21931570390478}, "geometry": {"type": "Point", "coordinates": [4272.3215178102255, 4157.824443809688]}}, {"type": "Feature", "properties": {"num": 407, "osm_id": 567905771, "housenumber": null, "area_m2": 52.1, "px_x": 1724.0, "px_y": 4172.4, "clat": 50.2779060968965, "clon": 82.20564532374198}, "geometry": {"type": "Point", "coordinates": [1723.9779534339905, 4172.423811286688]}}, {"type": "Feature", "properties": {"num": 408, "osm_id": 567905765, "housenumber": null, "area_m2": 43.5, "px_x": 1807.5, "px_y": 4191.0, "clat": 50.277842449999994, "clon": 82.20609350000001}, "geometry": {"type": "Point", "coordinates": [1807.5240632891655, 4190.989440068603]}}, {"type": "Feature", "properties": {"num": 409, "osm_id": 567905594, "housenumber": "56", "area_m2": 57.9, "px_x": 2167.2, "px_y": 4201.8, "clat": 50.277805283312496, "clon": 82.2080227510856}, "geometry": {"type": "Point", "coordinates": [2167.1625319719315, 4201.830851517618]}}, {"type": "Feature", "properties": {"num": 410, "osm_id": 567905627, "housenumber": "49", "area_m2": 90.1, "px_x": 2458.0, "px_y": 4209.5, "clat": 50.27777905, "clon": 82.209583}, "geometry": {"type": "Point", "coordinates": [2458.014010310173, 4209.483025126159]}}, {"type": "Feature", "properties": {"num": 411, "osm_id": 567905631, "housenumber": "48", "area_m2": 65.2, "px_x": 2524.1, "px_y": 4180.0, "clat": 50.27788010309154, "clon": 82.209937716711}, "geometry": {"type": "Point", "coordinates": [2524.1379978582263, 4180.006137385964]}}, {"type": "Feature", "properties": {"num": 412, "osm_id": 567905629, "housenumber": "46", "area_m2": 94.5, "px_x": 2549.6, "px_y": 4210.2, "clat": 50.277776450000005, "clon": 82.21007415000001}, "geometry": {"type": "Point", "coordinates": [2549.571006298065, 4210.241436600685]}}, {"type": "Feature", "properties": {"num": 413, "osm_id": 567905955, "housenumber": "9", "area_m2": 182.3, "px_x": 3395.8, "px_y": 4211.2, "clat": 50.27777325, "clon": 82.21461365}, "geometry": {"type": "Point", "coordinates": [3395.7951399832964, 4211.174866057932]}}, {"type": "Feature", "properties": {"num": 414, "osm_id": 567905981, "housenumber": "2", "area_m2": 252.5, "px_x": 3840.9, "px_y": 4208.9, "clat": 50.27778110033016, "clon": 82.21700135466405}, "geometry": {"type": "Point", "coordinates": [3840.89554990083, 4208.884950503707]}}, {"type": "Feature", "properties": {"num": 415, "osm_id": 567905809, "housenumber": "48", "area_m2": 60.1, "px_x": 1571.8, "px_y": 4287.1, "clat": 50.2775129, "clon": 82.20482919999999}, "geometry": {"type": "Point", "coordinates": [1571.8414611890912, 4287.117893047631]}}, {"type": "Feature", "properties": {"num": 416, "osm_id": 1496881539, "housenumber": "47", "area_m2": 95.0, "px_x": 2037.4, "px_y": 4276.1, "clat": 50.27755060354087, "clon": 82.207326536322}, "geometry": {"type": "Point", "coordinates": [2037.3786934018135, 4276.1199505627155]}}, {"type": "Feature", "properties": {"num": 417, "osm_id": 567905593, "housenumber": "54", "area_m2": 86.6, "px_x": 2206.1, "px_y": 4250.5, "clat": 50.277638602476415, "clon": 82.20823181647538}, "geometry": {"type": "Point", "coordinates": [2206.1351453363895, 4250.4510481879115]}}, {"type": "Feature", "properties": {"num": 418, "osm_id": 567905591, "housenumber": "52", "area_m2": 50.4, "px_x": 2235.8, "px_y": 4289.6, "clat": 50.27750455, "clon": 82.2083907}, "geometry": {"type": "Point", "coordinates": [2235.7531810104847, 4289.553546916693]}}, {"type": "Feature", "properties": {"num": 419, "osm_id": 567905628, "housenumber": "44", "area_m2": 60.7, "px_x": 2574.5, "px_y": 4243.6, "clat": 50.27766203301019, "clon": 82.21020765273774}, "geometry": {"type": "Point", "coordinates": [2574.457720376551, 4243.616456568241]}}, {"type": "Feature", "properties": {"num": 420, "osm_id": 567905954, "housenumber": "7", "area_m2": 71.2, "px_x": 3497.2, "px_y": 4239.5, "clat": 50.277676294905014, "clon": 82.215157871408}, "geometry": {"type": "Point", "coordinates": [3497.2453634664416, 4239.456318069249]}}, {"type": "Feature", "properties": {"num": 421, "osm_id": 567905953, "housenumber": "5", "area_m2": 66.1, "px_x": 3577.3, "px_y": 4265.0, "clat": 50.27758868358919, "clon": 82.21558711755166}, "geometry": {"type": "Point", "coordinates": [3577.26264423877, 4265.012173812836]}}, {"type": "Feature", "properties": {"num": 422, "osm_id": 567905789, "housenumber": "45", "area_m2": 69.9, "px_x": 1831.3, "px_y": 4316.9, "clat": 50.277410907846615, "clon": 82.20622101263614}, "geometry": {"type": "Point", "coordinates": [1831.2941415011883, 4316.868472576141]}}, {"type": "Feature", "properties": {"num": 423, "osm_id": 567905733, "housenumber": "45", "area_m2": 130.8, "px_x": 2138.5, "px_y": 4294.2, "clat": 50.277488783368774, "clon": 82.20786905028443}, "geometry": {"type": "Point", "coordinates": [2138.5106259658933, 4294.152594424784]}}, {"type": "Feature", "properties": {"num": 424, "osm_id": 567905732, "housenumber": "43", "area_m2": 114.3, "px_x": 2195.0, "px_y": 4347.4, "clat": 50.27730636668538, "clon": 82.20817194498704}, "geometry": {"type": "Point", "coordinates": [2194.974290974438, 4347.362518258393]}}, {"type": "Feature", "properties": {"num": 425, "osm_id": 567905590, "housenumber": "50", "area_m2": 67.5, "px_x": 2264.5, "px_y": 4309.0, "clat": 50.27743775491087, "clon": 82.20854473625472}, "geometry": {"type": "Point", "coordinates": [2264.4676200971007, 4309.037330046296]}}, {"type": "Feature", "properties": {"num": 426, "osm_id": 567905589, "housenumber": "48", "area_m2": 69.4, "px_x": 2284.7, "px_y": 4343.8, "clat": 50.277318517076075, "clon": 82.20865316595983}, "geometry": {"type": "Point", "coordinates": [2284.68038213253, 4343.818323750049]}}, {"type": "Feature", "properties": {"num": 427, "osm_id": 567905624, "housenumber": "47", "area_m2": 77.3, "px_x": 2522.5, "px_y": 4334.1, "clat": 50.2773519, "clon": 82.2099288}, "geometry": {"type": "Point", "coordinates": [2522.475802451372, 4334.08072476089]}}, {"type": "Feature", "properties": {"num": 428, "osm_id": 567905807, "housenumber": "46", "area_m2": 87.5, "px_x": 1624.6, "px_y": 4386.2, "clat": 50.27717335, "clon": 82.20511225}, "geometry": {"type": "Point", "coordinates": [1624.605805516243, 4386.1626110859215]}}, {"type": "Feature", "properties": {"num": 429, "osm_id": 567905790, "housenumber": "43", "area_m2": 61.8, "px_x": 1873.8, "px_y": 4376.4, "clat": 50.27720695, "clon": 82.206449}, "geometry": {"type": "Point", "coordinates": [1873.7940664961934, 4376.361722167581]}}, {"type": "Feature", "properties": {"num": 430, "osm_id": 567905724, "housenumber": "46", "area_m2": 57.6, "px_x": 1955.8, "px_y": 4388.2, "clat": 50.27716621708068, "clon": 82.20688891957853}, "geometry": {"type": "Point", "coordinates": [1955.8010197356343, 4388.243233703077]}}, {"type": "Feature", "properties": {"num": 431, "osm_id": 567905731, "housenumber": "41", "area_m2": 72.9, "px_x": 2246.1, "px_y": 4407.8, "clat": 50.27709903282622, "clon": 82.20844605950838}, "geometry": {"type": "Point", "coordinates": [2246.0729413479567, 4407.840394996107]}}, {"type": "Feature", "properties": {"num": 432, "osm_id": 567905588, "housenumber": "46", "area_m2": 67.1, "px_x": 2328.5, "px_y": 4386.2, "clat": 50.27717336860794, "clon": 82.20888807887317}, "geometry": {"type": "Point", "coordinates": [2328.471323117614, 4386.157183282077]}}, {"type": "Feature", "properties": {"num": 433, "osm_id": 567905686, "housenumber": "45", "area_m2": 94.6, "px_x": 2623.8, "px_y": 4405.7, "clat": 50.27710635, "clon": 82.2104723}, "geometry": {"type": "Point", "coordinates": [2623.79154574126, 4405.706029653549]}}, {"type": "Feature", "properties": {"num": 434, "osm_id": 567905635, "housenumber": "34", "area_m2": 46.4, "px_x": 2729.7, "px_y": 4373.5, "clat": 50.27721678287567, "clon": 82.21104044866115}, "geometry": {"type": "Point", "coordinates": [2729.702132500708, 4373.49353864789]}}, {"type": "Feature", "properties": {"num": 435, "osm_id": 567905637, "housenumber": "32", "area_m2": 49.6, "px_x": 2790.2, "px_y": 4408.2, "clat": 50.277097749999996, "clon": 82.21136485000001}, "geometry": {"type": "Point", "coordinates": [2790.174925081432, 4408.214585863054]}}, {"type": "Feature", "properties": {"num": 436, "osm_id": 567905952, "housenumber": "3", "area_m2": 81.4, "px_x": 3684.9, "px_y": 4361.8, "clat": 50.27725702704241, "clon": 82.216164538678}, "geometry": {"type": "Point", "coordinates": [3684.9017437919974, 4361.7545804567635]}}, {"type": "Feature", "properties": {"num": 437, "osm_id": 566738864, "housenumber": null, "area_m2": 572.7, "px_x": 4112.0, "px_y": 4391.7, "clat": 50.277154233337086, "clon": 82.21845564999583}, "geometry": {"type": "Point", "coordinates": [4111.995848886669, 4391.738807097077]}}, {"type": "Feature", "properties": {"num": 438, "osm_id": 566738868, "housenumber": null, "area_m2": 172.3, "px_x": 4289.2, "px_y": 4403.9, "clat": 50.27711265, "clon": 82.2194064}, "geometry": {"type": "Point", "coordinates": [4289.228495366871, 4403.8683660924435]}}, {"type": "Feature", "properties": {"num": 439, "osm_id": 567905791, "housenumber": "41", "area_m2": 79.9, "px_x": 1909.4, "px_y": 4435.9, "clat": 50.2770029, "clon": 82.20664005}, "geometry": {"type": "Point", "coordinates": [1909.4083677902818, 4435.881597280502]}}, {"type": "Feature", "properties": {"num": 440, "osm_id": 567905730, "housenumber": "39", "area_m2": 90.9, "px_x": 2305.9, "px_y": 4467.9, "clat": 50.276893, "clon": 82.20876715}, "geometry": {"type": "Point", "coordinates": [2305.9285472631454, 4467.938508361578]}}, {"type": "Feature", "properties": {"num": 441, "osm_id": 567905587, "housenumber": "44", "area_m2": 83.0, "px_x": 2356.3, "px_y": 4412.6, "clat": 50.27708288045742, "clon": 82.20903748919255}, "geometry": {"type": "Point", "coordinates": [2356.323425345123, 4412.5519200749695]}}, {"type": "Feature", "properties": {"num": 442, "osm_id": 567905684, "housenumber": "43", "area_m2": 75.8, "px_x": 2655.4, "px_y": 4425.9, "clat": 50.2770371, "clon": 82.21064165}, "geometry": {"type": "Point", "coordinates": [2655.360673852265, 4425.9057281427085]}}, {"type": "Feature", "properties": {"num": 443, "osm_id": 567905685, "housenumber": "41", "area_m2": 74.5, "px_x": 2682.6, "px_y": 4441.5, "clat": 50.2769837, "clon": 82.21078755}, "geometry": {"type": "Point", "coordinates": [2682.558405123651, 4441.482082076371]}}, {"type": "Feature", "properties": {"num": 444, "osm_id": 567905683, "housenumber": "39", "area_m2": 52.0, "px_x": 2733.4, "px_y": 4469.0, "clat": 50.27688938044484, "clon": 82.21106009315736}, "geometry": {"type": "Point", "coordinates": [2733.3641320094466, 4468.994301073253]}}, {"type": "Feature", "properties": {"num": 445, "osm_id": 567905682, "housenumber": "37", "area_m2": 60.9, "px_x": 2762.3, "px_y": 4456.8, "clat": 50.276931081327724, "clon": 82.21121553355397}, "geometry": {"type": "Point", "coordinates": [2762.340322114527, 4456.830511856824]}}, {"type": "Feature", "properties": {"num": 446, "osm_id": 567905638, "housenumber": "30", "area_m2": 80.9, "px_x": 2831.9, "px_y": 4423.8, "clat": 50.27704436595768, "clon": 82.21158882931108}, "geometry": {"type": "Point", "coordinates": [2831.9276948794723, 4423.786304913461]}}, {"type": "Feature", "properties": {"num": 447, "osm_id": 567905641, "housenumber": "28", "area_m2": 79.4, "px_x": 2898.3, "px_y": 4452.7, "clat": 50.2769452, "clon": 82.21194465}, "geometry": {"type": "Point", "coordinates": [2898.2574788331985, 4452.712214052677]}}, {"type": "Feature", "properties": {"num": 448, "osm_id": 567905806, "housenumber": "42", "area_m2": 61.4, "px_x": 1678.0, "px_y": 4499.5, "clat": 50.2767847, "clon": 82.2053986}, "geometry": {"type": "Point", "coordinates": [1677.9853144139051, 4499.528640426695]}}, {"type": "Feature", "properties": {"num": 449, "osm_id": 567905792, "housenumber": "39", "area_m2": 66.3, "px_x": 1936.7, "px_y": 4483.9, "clat": 50.27683819839868, "clon": 82.20678621517835}, "geometry": {"type": "Point", "coordinates": [1936.6555318832397, 4483.923649594188]}}, {"type": "Feature", "properties": {"num": 450, "osm_id": 567905793, "housenumber": "37", "area_m2": 56.3, "px_x": 1982.3, "px_y": 4525.9, "clat": 50.27669443542288, "clon": 82.2070308700945}, "geometry": {"type": "Point", "coordinates": [1982.2625138163567, 4525.857947587967]}}, {"type": "Feature", "properties": {"num": 451, "osm_id": 567905725, "housenumber": "40", "area_m2": 54.2, "px_x": 2036.0, "px_y": 4474.3, "clat": 50.27687125015678, "clon": 82.20731918349486}, "geometry": {"type": "Point", "coordinates": [2036.0080270767212, 4474.282747000456]}}, {"type": "Feature", "properties": {"num": 452, "osm_id": 567905586, "housenumber": "38", "area_m2": 66.0, "px_x": 2419.5, "px_y": 4496.9, "clat": 50.27679361501041, "clon": 82.20937660945445}, "geometry": {"type": "Point", "coordinates": [2419.5400240570307, 4496.928215105087]}}, {"type": "Feature", "properties": {"num": 453, "osm_id": 567905681, "housenumber": "35", "area_m2": 50.7, "px_x": 2796.8, "px_y": 4470.2, "clat": 50.27688523483335, "clon": 82.21140061090395}, "geometry": {"type": "Point", "coordinates": [2796.8412407562137, 4470.2035397440195]}}, {"type": "Feature", "properties": {"num": 454, "osm_id": 567905680, "housenumber": "33", "area_m2": 58.7, "px_x": 2833.0, "px_y": 4498.2, "clat": 50.2767892, "clon": 82.21159455}, "geometry": {"type": "Point", "coordinates": [2832.994108580053, 4498.216032490134]}}, {"type": "Feature", "properties": {"num": 455, "osm_id": 567905643, "housenumber": "24", "area_m2": 73.6, "px_x": 3037.0, "px_y": 4524.4, "clat": 50.2766993, "clon": 82.212689}, "geometry": {"type": "Point", "coordinates": [3037.014375820756, 4524.438998602331]}}, {"type": "Feature", "properties": {"num": 456, "osm_id": 567905804, "housenumber": "40", "area_m2": 54.1, "px_x": 1711.8, "px_y": 4573.4, "clat": 50.27653134790723, "clon": 82.20557973175333}, "geometry": {"type": "Point", "coordinates": [1711.7507205307484, 4573.428877457976]}}, {"type": "Feature", "properties": {"num": 457, "osm_id": 567905794, "housenumber": "35", "area_m2": 60.5, "px_x": 2018.2, "px_y": 4582.9, "clat": 50.2764988, "clon": 82.2072234}, "geometry": {"type": "Point", "coordinates": [2018.152689486742, 4582.922743525356]}}, {"type": "Feature", "properties": {"num": 458, "osm_id": 567905726, "housenumber": "34", "area_m2": 66.9, "px_x": 2123.3, "px_y": 4587.6, "clat": 50.27648264783162, "clon": 82.2077874317327}, "geometry": {"type": "Point", "coordinates": [2123.29582516104, 4587.634150736034]}}, {"type": "Feature", "properties": {"num": 459, "osm_id": 567905729, "housenumber": "33", "area_m2": 68.5, "px_x": 2365.4, "px_y": 4532.6, "clat": 50.276671401249196, "clon": 82.20908608481787}, "geometry": {"type": "Point", "coordinates": [2365.3823064789176, 4532.57678604871]}}, {"type": "Feature", "properties": {"num": 460, "osm_id": 567905728, "housenumber": "31", "area_m2": 95.6, "px_x": 2370.2, "px_y": 4577.5, "clat": 50.27651739986574, "clon": 82.20911193327349}, "geometry": {"type": "Point", "coordinates": [2370.200807854533, 4577.497368335724]}}, {"type": "Feature", "properties": {"num": 461, "osm_id": 567905695, "housenumber": "36", "area_m2": 90.4, "px_x": 2490.0, "px_y": 4553.8, "clat": 50.2765988, "clon": 82.2097545}, "geometry": {"type": "Point", "coordinates": [2489.983927473426, 4553.753824226558]}}, {"type": "Feature", "properties": {"num": 462, "osm_id": 567905679, "housenumber": "29", "area_m2": 75.9, "px_x": 2905.8, "px_y": 4547.9, "clat": 50.2766188, "clon": 82.21198514999999}, "geometry": {"type": "Point", "coordinates": [2905.807226024568, 4547.9200330115855]}}, {"type": "Feature", "properties": {"num": 463, "osm_id": 567905645, "housenumber": "20", "area_m2": 74.8, "px_x": 3188.0, "px_y": 4582.9, "clat": 50.276498891752205, "clon": 82.2134990670434}, "geometry": {"type": "Point", "coordinates": [3188.0218176171184, 4582.895980425179]}}, {"type": "Feature", "properties": {"num": 464, "osm_id": 566738875, "housenumber": null, "area_m2": 62.3, "px_x": 4446.3, "px_y": 4547.0, "clat": 50.27662203339834, "clon": 82.22024915574572}, "geometry": {"type": "Point", "coordinates": [4446.329552926123, 4546.976884238422]}}, {"type": "Feature", "properties": {"num": 465, "osm_id": 566738876, "housenumber": "30", "area_m2": 127.9, "px_x": 4691.4, "px_y": 4564.7, "clat": 50.2765613488215, "clon": 82.22156363265054}, "geometry": {"type": "Point", "coordinates": [4691.365808032453, 4564.677935436368]}}, {"type": "Feature", "properties": {"num": 466, "osm_id": 566738886, "housenumber": "34", "area_m2": 98.7, "px_x": 4860.9, "px_y": 4538.6, "clat": 50.27665066608966, "clon": 82.22247307878388}, "geometry": {"type": "Point", "coordinates": [4860.898854911327, 4538.6250222586095]}}, {"type": "Feature", "properties": {"num": 467, "osm_id": 567905810, "housenumber": "43", "area_m2": 61.8, "px_x": 1645.8, "px_y": 4602.8, "clat": 50.2764306, "clon": 82.2052261}, "geometry": {"type": "Point", "coordinates": [1645.8289837539196, 4602.815911345184]}}, {"type": "Feature", "properties": {"num": 468, "osm_id": 567905812, "housenumber": "41", "area_m2": 68.9, "px_x": 1665.1, "px_y": 4635.2, "clat": 50.27631965, "clon": 82.20532965}, "geometry": {"type": "Point", "coordinates": [1665.1321028321981, 4635.178709246218]}}, {"type": "Feature", "properties": {"num": 469, "osm_id": 567905803, "housenumber": "38", "area_m2": 66.4, "px_x": 1744.6, "px_y": 4629.8, "clat": 50.27633823355457, "clon": 82.20575589932754}, "geometry": {"type": "Point", "coordinates": [1744.5907365828753, 4629.758112244308]}}, {"type": "Feature", "properties": {"num": 470, "osm_id": 567905711, "housenumber": "29", "area_m2": 40.5, "px_x": 2425.3, "px_y": 4599.6, "clat": 50.27644155, "clon": 82.2094077}, "geometry": {"type": "Point", "coordinates": [2425.3357218131423, 4599.6219222433865]}}, {"type": "Feature", "properties": {"num": 471, "osm_id": 1496881538, "housenumber": "34", "area_m2": 52.0, "px_x": 2525.8, "px_y": 4596.6, "clat": 50.276452, "clon": 82.20994653333334}, "geometry": {"type": "Point", "coordinates": [2525.7815353795886, 4596.5737767107785]}}, {"type": "Feature", "properties": {"num": 472, "osm_id": 567905694, "housenumber": "32", "area_m2": 59.5, "px_x": 2561.3, "px_y": 4631.9, "clat": 50.2763307494885, "clon": 82.21013713337192}, "geometry": {"type": "Point", "coordinates": [2561.3119577914476, 4631.941123612225]}}, {"type": "Feature", "properties": {"num": 473, "osm_id": 567905678, "housenumber": "23", "area_m2": 73.9, "px_x": 3045.4, "px_y": 4606.4, "clat": 50.27641815344248, "clon": 82.21273387990568}, "geometry": {"type": "Point", "coordinates": [3045.380596615374, 4606.446428176016]}}, {"type": "Feature", "properties": {"num": 474, "osm_id": 567905677, "housenumber": "19", "area_m2": 61.4, "px_x": 3130.6, "px_y": 4641.1, "clat": 50.276299431532046, "clon": 82.21319124686252}, "geometry": {"type": "Point", "coordinates": [3130.639976903796, 4641.076188210398]}}, {"type": "Feature", "properties": {"num": 475, "osm_id": 567905646, "housenumber": "18", "area_m2": 48.9, "px_x": 3229.3, "px_y": 4601.0, "clat": 50.27643685582906, "clon": 82.21372042976225}, "geometry": {"type": "Point", "coordinates": [3229.2868192642927, 4600.991158027202]}}, {"type": "Feature", "properties": {"num": 476, "osm_id": 567905649, "housenumber": "16", "area_m2": 75.0, "px_x": 3272.4, "px_y": 4625.2, "clat": 50.27635392079324, "clon": 82.21395181208554}, "geometry": {"type": "Point", "coordinates": [3272.419610567391, 4625.182333741337]}}, {"type": "Feature", "properties": {"num": 477, "osm_id": 567905651, "housenumber": "14", "area_m2": 71.2, "px_x": 3345.9, "px_y": 4643.4, "clat": 50.27629143177713, "clon": 82.21434621309973}, "geometry": {"type": "Point", "coordinates": [3345.941288396716, 4643.409617848694]}}, {"type": "Feature", "properties": {"num": 478, "osm_id": 567905655, "housenumber": "10", "area_m2": 52.2, "px_x": 3554.2, "px_y": 4647.5, "clat": 50.2762773, "clon": 82.2154632}, "geometry": {"type": "Point", "coordinates": [3554.1627383455634, 4647.531681619585]}}, {"type": "Feature", "properties": {"num": 479, "osm_id": 566738877, "housenumber": "28", "area_m2": 83.5, "px_x": 4619.4, "px_y": 4620.1, "clat": 50.27637146666216, "clon": 82.22117774972718}, "geometry": {"type": "Point", "coordinates": [4619.432017408311, 4620.064413405955]}}, {"type": "Feature", "properties": {"num": 480, "osm_id": 566738891, "housenumber": null, "area_m2": 50.5, "px_x": 4928.4, "px_y": 4616.1, "clat": 50.27638504607878, "clon": 82.222835182328}, "geometry": {"type": "Point", "coordinates": [4928.399847961962, 4616.103458520025]}}, {"type": "Feature", "properties": {"num": 481, "osm_id": 567905814, "housenumber": "39", "area_m2": 105.4, "px_x": 1681.3, "px_y": 4670.4, "clat": 50.27619896696996, "clon": 82.20541654391339}, "geometry": {"type": "Point", "coordinates": [1681.3303023129702, 4670.3804308362305]}}, {"type": "Feature", "properties": {"num": 482, "osm_id": 567905815, "housenumber": null, "area_m2": 63.8, "px_x": 1696.2, "px_y": 4703.2, "clat": 50.276086400000004, "clon": 82.2054965}, "geometry": {"type": "Point", "coordinates": [1696.2351971492171, 4703.214719366282]}}, {"type": "Feature", "properties": {"num": 483, "osm_id": 567905801, "housenumber": "36", "area_m2": 60.3, "px_x": 1762.8, "px_y": 4653.2, "clat": 50.276257998538526, "clon": 82.20585333216026}, "geometry": {"type": "Point", "coordinates": [1762.7535330206156, 4653.161676093936]}}, {"type": "Feature", "properties": {"num": 484, "osm_id": 567905800, "housenumber": "34", "area_m2": 69.1, "px_x": 1787.4, "px_y": 4672.8, "clat": 50.276190528758306, "clon": 82.20598549034916}, "geometry": {"type": "Point", "coordinates": [1787.3896050453186, 4672.841747678816]}}, {"type": "Feature", "properties": {"num": 485, "osm_id": 567905727, "housenumber": "30", "area_m2": 88.5, "px_x": 2204.3, "px_y": 4679.5, "clat": 50.2761676, "clon": 82.20822205}, "geometry": {"type": "Point", "coordinates": [2204.3145423680544, 4679.52976674214]}}, {"type": "Feature", "properties": {"num": 486, "osm_id": 567905710, "housenumber": "27", "area_m2": 63.3, "px_x": 2478.2, "px_y": 4657.8, "clat": 50.276242117882894, "clon": 82.20969114332173}, "geometry": {"type": "Point", "coordinates": [2478.173386618495, 4657.793862648308]}}, {"type": "Feature", "properties": {"num": 487, "osm_id": 567905709, "housenumber": "25", "area_m2": 87.7, "px_x": 2514.4, "px_y": 4695.4, "clat": 50.27611318357668, "clon": 82.20988524791079}, "geometry": {"type": "Point", "coordinates": [2514.3571045845747, 4695.402313180268]}}, {"type": "Feature", "properties": {"num": 488, "osm_id": 567905693, "housenumber": "30", "area_m2": 75.4, "px_x": 2586.5, "px_y": 4654.2, "clat": 50.27625435, "clon": 82.2102725}, "geometry": {"type": "Point", "coordinates": [2586.54612621665, 4654.22590880841]}}, {"type": "Feature", "properties": {"num": 489, "osm_id": 567905692, "housenumber": "28", "area_m2": 67.9, "px_x": 2617.1, "px_y": 4683.0, "clat": 50.27615555, "clon": 82.21043664999999}, "geometry": {"type": "Point", "coordinates": [2617.145904071629, 4683.044592931867]}}, {"type": "Feature", "properties": {"num": 490, "osm_id": 567905676, "housenumber": "15", "area_m2": 79.7, "px_x": 3222.5, "px_y": 4676.2, "clat": 50.27617895, "clon": 82.213684}, "geometry": {"type": "Point", "coordinates": [3222.495819374919, 4676.219120517373]}}, {"type": "Feature", "properties": {"num": 491, "osm_id": 567905675, "housenumber": "13", "area_m2": 86.5, "px_x": 3275.8, "px_y": 4694.9, "clat": 50.2761149824208, "clon": 82.21396981509693}, "geometry": {"type": "Point", "coordinates": [3275.775615118444, 4694.87761458382]}}, {"type": "Feature", "properties": {"num": 492, "osm_id": 567905654, "housenumber": "12", "area_m2": 138.6, "px_x": 3436.5, "px_y": 4654.6, "clat": 50.27625312632565, "clon": 82.21483213179238}, "geometry": {"type": "Point", "coordinates": [3436.523098014295, 4654.582839183509]}}, {"type": "Feature", "properties": {"num": 493, "osm_id": 567905657, "housenumber": "8", "area_m2": 109.3, "px_x": 3665.5, "px_y": 4651.1, "clat": 50.276265051984204, "clon": 82.21606047863341}, "geometry": {"type": "Point", "coordinates": [3665.5035455077887, 4651.104274630547]}}, {"type": "Feature", "properties": {"num": 494, "osm_id": 566738880, "housenumber": "24", "area_m2": 116.3, "px_x": 4526.4, "px_y": 4709.0, "clat": 50.276066615851775, "clon": 82.22067889249351}, "geometry": {"type": "Point", "coordinates": [4526.438288941979, 4708.985484346747]}}, {"type": "Feature", "properties": {"num": 495, "osm_id": 566738878, "housenumber": "26", "area_m2": 66.9, "px_x": 4566.2, "px_y": 4665.6, "clat": 50.27621544941458, "clon": 82.22089213339744}, "geometry": {"type": "Point", "coordinates": [4566.189274556935, 4665.572714358568]}}, {"type": "Feature", "properties": {"num": 496, "osm_id": 567905817, "housenumber": "35", "area_m2": 78.9, "px_x": 1720.2, "px_y": 4768.9, "clat": 50.27586126333161, "clon": 82.2056249742184}, "geometry": {"type": "Point", "coordinates": [1720.1845272928476, 4768.88385938108]}}, {"type": "Feature", "properties": {"num": 497, "osm_id": 567905708, "housenumber": "23", "area_m2": 90.7, "px_x": 2555.4, "px_y": 4743.6, "clat": 50.275947933537466, "clon": 82.21010519832254}, "geometry": {"type": "Point", "coordinates": [2555.3588331118226, 4743.603439062834]}}, {"type": "Feature", "properties": {"num": 498, "osm_id": 567905691, "housenumber": "26", "area_m2": 37.9, "px_x": 2676.2, "px_y": 4745.5, "clat": 50.2759415, "clon": 82.2107532}, "geometry": {"type": "Point", "coordinates": [2676.155101016164, 4745.480008602142]}}, {"type": "Feature", "properties": {"num": 499, "osm_id": 567905673, "housenumber": "11", "area_m2": 102.7, "px_x": 3303.7, "px_y": 4735.2, "clat": 50.275976899999996, "clon": 82.21411985}, "geometry": {"type": "Point", "coordinates": [3303.7441481873393, 4735.154339045286]}}, {"type": "Feature", "properties": {"num": 500, "osm_id": 567905672, "housenumber": null, "area_m2": 41.5, "px_x": 3376.1, "px_y": 4764.6, "clat": 50.275876091201425, "clon": 82.21450782736522}, "geometry": {"type": "Point", "coordinates": [3376.0683710724115, 4764.558791793883]}}, {"type": "Feature", "properties": {"num": 501, "osm_id": 567905668, "housenumber": "9", "area_m2": 76.9, "px_x": 3431.0, "px_y": 4718.0, "clat": 50.27603562257062, "clon": 82.2148026668268}, "geometry": {"type": "Point", "coordinates": [3431.0304303243756, 4718.0257950127125]}}, {"type": "Feature", "properties": {"num": 502, "osm_id": 567905666, "housenumber": "5", "area_m2": 74.7, "px_x": 3512.8, "px_y": 4725.5, "clat": 50.27601015712689, "clon": 82.21524142648198}, "geometry": {"type": "Point", "coordinates": [3512.8211581781507, 4725.453707687557]}}, {"type": "Feature", "properties": {"num": 503, "osm_id": 566738874, "housenumber": null, "area_m2": 628.6, "px_x": 4400.4, "px_y": 4722.3, "clat": 50.27602095, "clon": 82.2200027}, "geometry": {"type": "Point", "coordinates": [4400.386872038245, 4722.305578500032]}}, {"type": "Feature", "properties": {"num": 504, "osm_id": 566738879, "housenumber": null, "area_m2": 70.3, "px_x": 4456.5, "px_y": 4735.7, "clat": 50.27597515, "clon": 82.22030395}, "geometry": {"type": "Point", "coordinates": [4456.543942257762, 4735.664788998663]}}, {"type": "Feature", "properties": {"num": 505, "osm_id": 566738881, "housenumber": "22", "area_m2": 66.9, "px_x": 4637.1, "px_y": 4739.4, "clat": 50.275962382896765, "clon": 82.22127272153882}, "geometry": {"type": "Point", "coordinates": [4637.1360462754965, 4739.38876966387]}}, {"type": "Feature", "properties": {"num": 506, "osm_id": 566738889, "housenumber": "20", "area_m2": 93.2, "px_x": 4713.0, "px_y": 4717.7, "clat": 50.27603665, "clon": 82.2216796}, "geometry": {"type": "Point", "coordinates": [4712.983688823879, 4717.726108189672]}}, {"type": "Feature", "properties": {"num": 507, "osm_id": 566738888, "housenumber": "18", "area_m2": 77.2, "px_x": 4760.4, "px_y": 4719.0, "clat": 50.276032348848226, "clon": 82.22193371612337}, "geometry": {"type": "Point", "coordinates": [4760.354367606342, 4718.980694130063]}}, {"type": "Feature", "properties": {"num": 508, "osm_id": 567905823, "housenumber": null, "area_m2": 50.5, "px_x": 1391.9, "px_y": 4771.6, "clat": 50.275851919192434, "clon": 82.20386412850982}, "geometry": {"type": "Point", "coordinates": [1391.9390962421894, 4771.609404169023]}}, {"type": "Feature", "properties": {"num": 509, "osm_id": 567905818, "housenumber": "33", "area_m2": 81.1, "px_x": 1778.3, "px_y": 4818.7, "clat": 50.27569055, "clon": 82.20593685}, "geometry": {"type": "Point", "coordinates": [1778.3223867714405, 4818.678284920752]}}, {"type": "Feature", "properties": {"num": 510, "osm_id": 567905799, "housenumber": "32", "area_m2": 84.9, "px_x": 1842.8, "px_y": 4782.2, "clat": 50.2758157, "clon": 82.20628285}, "geometry": {"type": "Point", "coordinates": [1842.821461610496, 4782.173992518336]}}, {"type": "Feature", "properties": {"num": 511, "osm_id": 567905797, "housenumber": "32а", "area_m2": 48.6, "px_x": 1864.1, "px_y": 4819.4, "clat": 50.27568795, "clon": 82.20639685}, "geometry": {"type": "Point", "coordinates": [1864.072601892054, 4819.436663132161]}}, {"type": "Feature", "properties": {"num": 512, "osm_id": 567905723, "housenumber": "26", "area_m2": 54.1, "px_x": 2331.1, "px_y": 4825.1, "clat": 50.27566855085814, "clon": 82.2089023166053}, "geometry": {"type": "Point", "coordinates": [2331.125428751111, 4825.095079693943]}}, {"type": "Feature", "properties": {"num": 513, "osm_id": 567905707, "housenumber": "21", "area_m2": 66.8, "px_x": 2594.5, "px_y": 4789.8, "clat": 50.27578947010605, "clon": 82.21031506601594}, "geometry": {"type": "Point", "coordinates": [2594.481006704271, 4789.824849195778]}}, {"type": "Feature", "properties": {"num": 514, "osm_id": 567905706, "housenumber": "19", "area_m2": 42.6, "px_x": 2622.3, "px_y": 4826.1, "clat": 50.27566516394283, "clon": 82.21046406175593}, "geometry": {"type": "Point", "coordinates": [2622.255825743079, 4826.082987986505]}}, {"type": "Feature", "properties": {"num": 515, "osm_id": 567905690, "housenumber": "24", "area_m2": 68.0, "px_x": 2705.4, "px_y": 4783.0, "clat": 50.275812951782434, "clon": 82.21091018370795}, "geometry": {"type": "Point", "coordinates": [2705.418985195458, 4782.975605517626]}}, {"type": "Feature", "properties": {"num": 516, "osm_id": 567905689, "housenumber": "22", "area_m2": 106.0, "px_x": 2726.5, "px_y": 4815.7, "clat": 50.27570079954443, "clon": 82.21102301657493}, "geometry": {"type": "Point", "coordinates": [2726.452556103468, 4815.6886571496725]}}, {"type": "Feature", "properties": {"num": 517, "osm_id": 567905660, "housenumber": "6а", "area_m2": 87.3, "px_x": 3661.9, "px_y": 4807.6, "clat": 50.2757286, "clon": 82.216041}, "geometry": {"type": "Point", "coordinates": [3661.8724650666118, 4807.579706773162]}}, {"type": "Feature", "properties": {"num": 518, "osm_id": 566738872, "housenumber": null, "area_m2": 136.0, "px_x": 4199.9, "px_y": 4800.0, "clat": 50.2757547, "clon": 82.21892735}, "geometry": {"type": "Point", "coordinates": [4199.927102863789, 4799.966747909784]}}, {"type": "Feature", "properties": {"num": 519, "osm_id": 566738873, "housenumber": null, "area_m2": 89.3, "px_x": 4363.3, "px_y": 4824.4, "clat": 50.27567105, "clon": 82.21980384999999}, "geometry": {"type": "Point", "coordinates": [4363.318545348942, 4824.366120480001]}}, {"type": "Feature", "properties": {"num": 520, "osm_id": 566738887, "housenumber": "16", "area_m2": 100.2, "px_x": 4781.4, "px_y": 4776.3, "clat": 50.275835856913176, "clon": 82.22204647139097}, "geometry": {"type": "Point", "coordinates": [4781.373472936451, 4776.294528074563]}}, {"type": "Feature", "properties": {"num": 521, "osm_id": 566738892, "housenumber": null, "area_m2": 67.4, "px_x": 5086.0, "px_y": 4823.1, "clat": 50.275675552493176, "clon": 82.22368051772385}, "geometry": {"type": "Point", "coordinates": [5085.981787160039, 4823.052816033363]}}, {"type": "Feature", "properties": {"num": 522, "osm_id": 567905821, "housenumber": null, "area_m2": 42.0, "px_x": 1319.8, "px_y": 4880.2, "clat": 50.27547955, "clon": 82.20347735}, "geometry": {"type": "Point", "coordinates": [1319.8383561968803, 4880.223458752036]}}, {"type": "Feature", "properties": {"num": 523, "osm_id": 567905820, "housenumber": "31", "area_m2": 65.7, "px_x": 1812.9, "px_y": 4863.9, "clat": 50.27553549662077, "clon": 82.20612213254287}, "geometry": {"type": "Point", "coordinates": [1812.861556135118, 4863.904791012406]}}, {"type": "Feature", "properties": {"num": 524, "osm_id": 567905796, "housenumber": "30", "area_m2": 53.3, "px_x": 1900.9, "px_y": 4852.9, "clat": 50.27557321758017, "clon": 82.206594540451}, "geometry": {"type": "Point", "coordinates": [1900.9247729629278, 4852.902224630117]}}, {"type": "Feature", "properties": {"num": 525, "osm_id": 567905722, "housenumber": "24", "area_m2": 68.0, "px_x": 2375.8, "px_y": 4875.4, "clat": 50.27549595, "clon": 82.2091422}, "geometry": {"type": "Point", "coordinates": [2375.8429346084595, 4875.439862601459]}}, {"type": "Feature", "properties": {"num": 526, "osm_id": 567905688, "housenumber": "20", "area_m2": 75.4, "px_x": 2751.3, "px_y": 4851.8, "clat": 50.2755771, "clon": 82.2111565}, "geometry": {"type": "Point", "coordinates": [2751.3356700465083, 4851.769787881523]}}, {"type": "Feature", "properties": {"num": 527, "osm_id": 567905664, "housenumber": "3", "area_m2": 96.7, "px_x": 3580.0, "px_y": 4840.4, "clat": 50.27561610418544, "clon": 82.21560192632853}, "geometry": {"type": "Point", "coordinates": [3580.0232003331184, 4840.392916053534]}}, {"type": "Feature", "properties": {"num": 528, "osm_id": 567905663, "housenumber": "1а", "area_m2": 48.5, "px_x": 3653.8, "px_y": 4857.7, "clat": 50.2755567, "clon": 82.21599795}, "geometry": {"type": "Point", "coordinates": [3653.8473634049296, 4857.720124691725]}}, {"type": "Feature", "properties": {"num": 529, "osm_id": 567905658, "housenumber": "4", "area_m2": 64.9, "px_x": 3764.9, "px_y": 4830.6, "clat": 50.275649569949714, "clon": 82.21659353962296}, "geometry": {"type": "Point", "coordinates": [3764.8733162134886, 4830.631502084434]}}, {"type": "Feature", "properties": {"num": 530, "osm_id": 566738884, "housenumber": "3", "area_m2": 84.1, "px_x": 4535.1, "px_y": 4887.5, "clat": 50.27545475, "clon": 82.2207256}, "geometry": {"type": "Point", "coordinates": [4535.145199216902, 4887.4571863897145]}}, {"type": "Feature", "properties": {"num": 531, "osm_id": 566738882, "housenumber": "5", "area_m2": 73.9, "px_x": 4568.3, "px_y": 4853.8, "clat": 50.275570065208115, "clon": 82.22090359032758}, "geometry": {"type": "Point", "coordinates": [4568.325001120567, 4853.821718614548]}}, {"type": "Feature", "properties": {"num": 532, "osm_id": 566738899, "housenumber": "6", "area_m2": 48.6, "px_x": 4621.6, "px_y": 4875.0, "clat": 50.2754975, "clon": 82.2211896}, "geometry": {"type": "Point", "coordinates": [4621.641068376601, 4874.98775434494]}}, {"type": "Feature", "properties": {"num": 533, "osm_id": 566738895, "housenumber": "14", "area_m2": 76.6, "px_x": 4866.4, "px_y": 4885.6, "clat": 50.27546125, "clon": 82.2225027}, "geometry": {"type": "Point", "coordinates": [4866.4206498116255, 4885.561250075698]}}, {"type": "Feature", "properties": {"num": 534, "osm_id": 566738893, "housenumber": null, "area_m2": 77.8, "px_x": 4991.3, "px_y": 4874.3, "clat": 50.27549995, "clon": 82.22317265}, "geometry": {"type": "Point", "coordinates": [4991.308381579816, 4874.273131586611]}}, {"type": "Feature", "properties": {"num": 535, "osm_id": 567905824, "housenumber": null, "area_m2": 62.3, "px_x": 1475.4, "px_y": 4946.1, "clat": 50.27525385, "clon": 82.2043118}, "geometry": {"type": "Point", "coordinates": [1475.391110546887, 4946.0560749955475]}}, {"type": "Feature", "properties": {"num": 536, "osm_id": 567905721, "housenumber": "22", "area_m2": 85.2, "px_x": 2436.5, "px_y": 4938.8, "clat": 50.27527885029844, "clon": 82.20946768341543}, "geometry": {"type": "Point", "coordinates": [2436.517440892756, 4938.763954550028]}}, {"type": "Feature", "properties": {"num": 537, "osm_id": 567905687, "housenumber": "18", "area_m2": 68.8, "px_x": 2798.4, "px_y": 4903.0, "clat": 50.27540163347668, "clon": 82.21140915223816}, "geometry": {"type": "Point", "coordinates": [2798.4334608465433, 4902.950337529182]}}, {"type": "Feature", "properties": {"num": 538, "osm_id": 567905696, "housenumber": "16", "area_m2": 154.5, "px_x": 2840.0, "px_y": 4947.5, "clat": 50.2752488, "clon": 82.21163195}, "geometry": {"type": "Point", "coordinates": [2839.9659738987684, 4947.529065273702]}}, {"type": "Feature", "properties": {"num": 539, "osm_id": 567905839, "housenumber": "18", "area_m2": 42.0, "px_x": 3073.2, "px_y": 4939.1, "clat": 50.275277633592744, "clon": 82.21288295065897}, "geometry": {"type": "Point", "coordinates": [3073.1693991422653, 4939.118844978511]}}, {"type": "Feature", "properties": {"num": 540, "osm_id": 567905661, "housenumber": "1", "area_m2": 74.8, "px_x": 3720.3, "px_y": 4894.0, "clat": 50.2754322, "clon": 82.21635455}, "geometry": {"type": "Point", "coordinates": [3720.322421476245, 4894.034624982625]}}, {"type": "Feature", "properties": {"num": 541, "osm_id": 566738885, "housenumber": "1", "area_m2": 90.6, "px_x": 4495.8, "px_y": 4945.1, "clat": 50.27525725, "clon": 82.2205145}, "geometry": {"type": "Point", "coordinates": [4495.79330702126, 4945.064358677715]}}, {"type": "Feature", "properties": {"num": 542, "osm_id": 566738900, "housenumber": "4", "area_m2": 64.6, "px_x": 4586.8, "px_y": 4926.0, "clat": 50.275322450000004, "clon": 82.22100265}, "geometry": {"type": "Point", "coordinates": [4586.791062474251, 4926.046726197004]}}, {"type": "Feature", "properties": {"num": 543, "osm_id": 566738898, "housenumber": "10", "area_m2": 48.7, "px_x": 4729.0, "px_y": 4922.2, "clat": 50.27533556230322, "clon": 82.22176542903959}, "geometry": {"type": "Point", "coordinates": [4728.983381442726, 4922.222107052803]}}, {"type": "Feature", "properties": {"num": 544, "osm_id": 566738896, "housenumber": "12", "area_m2": 85.5, "px_x": 4856.4, "px_y": 4928.3, "clat": 50.27531455583534, "clon": 82.22244871697131}, "geometry": {"type": "Point", "coordinates": [4856.357483893633, 4928.3493092134595]}}, {"type": "Feature", "properties": {"num": 545, "osm_id": 566738894, "housenumber": null, "area_m2": 64.2, "px_x": 4958.4, "px_y": 4890.2, "clat": 50.27544518161831, "clon": 82.22299630456693}, "geometry": {"type": "Point", "coordinates": [4958.435210235417, 4890.248115506023]}}, {"type": "Feature", "properties": {"num": 546, "osm_id": 567905784, "housenumber": "26", "area_m2": 55.6, "px_x": 2055.1, "px_y": 4988.8, "clat": 50.27510729633065, "clon": 82.2074217341784}, "geometry": {"type": "Point", "coordinates": [2055.1248600631952, 4988.802968014032]}}, {"type": "Feature", "properties": {"num": 547, "osm_id": 567905772, "housenumber": "21", "area_m2": 70.7, "px_x": 2366.3, "px_y": 4986.0, "clat": 50.27511696691573, "clon": 82.20909107634613}, "geometry": {"type": "Point", "coordinates": [2366.312794789672, 4985.982247978449]}}, {"type": "Feature", "properties": {"num": 548, "osm_id": 567905720, "housenumber": "20", "area_m2": 81.1, "px_x": 2490.7, "px_y": 5000.6, "clat": 50.275067014070196, "clon": 82.20975815710199}, "geometry": {"type": "Point", "coordinates": [2490.665660686791, 5000.552507326007]}}, {"type": "Feature", "properties": {"num": 549, "osm_id": 567905705, "housenumber": "13", "area_m2": 128.1, "px_x": 2736.2, "px_y": 4963.2, "clat": 50.27519514907563, "clon": 82.21107526631754}, "geometry": {"type": "Point", "coordinates": [2736.1926140785217, 4963.178023971617]}}, {"type": "Feature", "properties": {"num": 550, "osm_id": 1496881537, "housenumber": "11", "area_m2": 83.2, "px_x": 2770.3, "px_y": 5001.8, "clat": 50.275062836521286, "clon": 82.21125811800611}, "geometry": {"type": "Point", "coordinates": [2770.2786393612623, 5001.77101521939]}}, {"type": "Feature", "properties": {"num": 551, "osm_id": 567905697, "housenumber": "14", "area_m2": 88.5, "px_x": 2899.3, "px_y": 5008.9, "clat": 50.27503825, "clon": 82.21195035}, "geometry": {"type": "Point", "coordinates": [2899.3200358375907, 5008.942412082106]}}, {"type": "Feature", "properties": {"num": 552, "osm_id": 567905838, "housenumber": "16", "area_m2": 129.6, "px_x": 3130.9, "px_y": 4973.8, "clat": 50.27515875, "clon": 82.2131929}, "geometry": {"type": "Point", "coordinates": [3130.9481440633535, 4973.794935036451]}}, {"type": "Feature", "properties": {"num": 553, "osm_id": 566738901, "housenumber": "2", "area_m2": 140.5, "px_x": 4526.3, "px_y": 4984.2, "clat": 50.275122950000004, "clon": 82.2206781}, "geometry": {"type": "Point", "coordinates": [4526.290557436645, 4984.237099330872]}}, {"type": "Feature", "properties": {"num": 554, "osm_id": 567905826, "housenumber": null, "area_m2": 60.3, "px_x": 1542.3, "px_y": 5045.2, "clat": 50.2749138, "clon": 82.2046706}, "geometry": {"type": "Point", "coordinates": [1542.2762783244252, 5045.24193296209]}}, {"type": "Feature", "properties": {"num": 555, "osm_id": 567905785, "housenumber": "24", "area_m2": 70.4, "px_x": 2008.1, "px_y": 5027.2, "clat": 50.27497565, "clon": 82.20716955}, "geometry": {"type": "Point", "coordinates": [2008.1143219172955, 5027.201564215124]}}, {"type": "Feature", "properties": {"num": 556, "osm_id": 567905773, "housenumber": "19", "area_m2": 79.0, "px_x": 2427.3, "px_y": 5052.5, "clat": 50.27488893331576, "clon": 82.20941825389912}, "geometry": {"type": "Point", "coordinates": [2427.303111203015, 5052.495025034994]}}, {"type": "Feature", "properties": {"num": 557, "osm_id": 567905719, "housenumber": "18", "area_m2": 79.9, "px_x": 2540.1, "px_y": 5065.1, "clat": 50.274845752069616, "clon": 82.2100233841773}, "geometry": {"type": "Point", "coordinates": [2540.107571043074, 5065.090083036572]}}, {"type": "Feature", "properties": {"num": 558, "osm_id": 567905836, "housenumber": "14", "area_m2": 72.1, "px_x": 3236.3, "px_y": 5028.2, "clat": 50.27497210229285, "clon": 82.21375813019604}, "geometry": {"type": "Point", "coordinates": [3236.31468950212, 5028.236357819289]}}, {"type": "Feature", "properties": {"num": 559, "osm_id": 567905835, "housenumber": "12", "area_m2": 85.5, "px_x": 3351.4, "px_y": 5049.2, "clat": 50.2749004, "clon": 82.21437569999999}, "geometry": {"type": "Point", "coordinates": [3351.4380450174212, 5049.150433372706]}}, {"type": "Feature", "properties": {"num": 560, "osm_id": 567905833, "housenumber": null, "area_m2": 48.9, "px_x": 3464.1, "px_y": 5041.4, "clat": 50.27492712680085, "clon": 82.21498023906612}, "geometry": {"type": "Point", "coordinates": [3464.1322949305177, 5041.3547821342945]}}, {"type": "Feature", "properties": {"num": 561, "osm_id": 567905832, "housenumber": "8", "area_m2": 102.3, "px_x": 3510.1, "px_y": 5068.7, "clat": 50.2748332458082, "clon": 82.2152269229835}, "geometry": {"type": "Point", "coordinates": [3510.11751011014, 5068.7378933653235]}}, {"type": "Feature", "properties": {"num": 562, "osm_id": 567905829, "housenumber": "4", "area_m2": 84.4, "px_x": 3635.2, "px_y": 5047.2, "clat": 50.27490724115856, "clon": 82.21589787763041}, "geometry": {"type": "Point", "coordinates": [3635.1925216391683, 5047.1550102978945]}}, {"type": "Feature", "properties": {"num": 563, "osm_id": 566738805, "housenumber": "9", "area_m2": 60.5, "px_x": 3758.4, "px_y": 5067.2, "clat": 50.27483835802022, "clon": 82.21655886906122}, "geometry": {"type": "Point", "coordinates": [3758.4102550596, 5067.246770020574]}}, {"type": "Feature", "properties": {"num": 564, "osm_id": 567905783, "housenumber": "22", "area_m2": 62.6, "px_x": 2064.3, "px_y": 5094.3, "clat": 50.2747457, "clon": 82.20747084999999}, "geometry": {"type": "Point", "coordinates": [2064.280712813139, 5094.273115873337]}}, {"type": "Feature", "properties": {"num": 565, "osm_id": 567905774, "housenumber": "17", "area_m2": 86.7, "px_x": 2477.2, "px_y": 5117.7, "clat": 50.27466546601657, "clon": 82.20968602891897}, "geometry": {"type": "Point", "coordinates": [2477.2199928388, 5117.67559568584]}}, {"type": "Feature", "properties": {"num": 566, "osm_id": 567905718, "housenumber": "16", "area_m2": 67.7, "px_x": 2571.8, "px_y": 5109.3, "clat": 50.2746943, "clon": 82.2101933}, "geometry": {"type": "Point", "coordinates": [2571.782176144421, 5109.265364482999]}}, {"type": "Feature", "properties": {"num": 567, "osm_id": 567905704, "housenumber": "7", "area_m2": 61.8, "px_x": 2856.1, "px_y": 5076.2, "clat": 50.27480758337452, "clon": 82.21171875340532}, "geometry": {"type": "Point", "coordinates": [2856.147301465273, 5076.223076194525]}}, {"type": "Feature", "properties": {"num": 568, "osm_id": 567905703, "housenumber": "5", "area_m2": 57.4, "px_x": 2892.5, "px_y": 5107.7, "clat": 50.2746997, "clon": 82.21191395}, "geometry": {"type": "Point", "coordinates": [2892.5345840379596, 5107.690304107964]}}, {"type": "Feature", "properties": {"num": 569, "osm_id": 567905830, "housenumber": "6", "area_m2": 85.1, "px_x": 3556.4, "px_y": 5070.4, "clat": 50.274827425735346, "clon": 82.21547543846798}, "geometry": {"type": "Point", "coordinates": [3556.444154135883, 5070.43548444286]}}, {"type": "Feature", "properties": {"num": 570, "osm_id": 566738804, "housenumber": "11", "area_m2": 86.5, "px_x": 3707.1, "px_y": 5087.6, "clat": 50.2747685, "clon": 82.21628344999999}, "geometry": {"type": "Point", "coordinates": [3707.0684208348393, 5087.622852548957]}}, {"type": "Feature", "properties": {"num": 571, "osm_id": 566738806, "housenumber": null, "area_m2": 49.2, "px_x": 3834.0, "px_y": 5105.8, "clat": 50.27470625, "clon": 82.21696455}, "geometry": {"type": "Point", "coordinates": [3834.0346632525325, 5105.77981396392]}}, {"type": "Feature", "properties": {"num": 572, "osm_id": 566738808, "housenumber": null, "area_m2": 59.4, "px_x": 4042.7, "px_y": 5097.2, "clat": 50.2747357, "clon": 82.21808399999999}, "geometry": {"type": "Point", "coordinates": [4042.7152682617307, 5097.189897023141]}}, {"type": "Feature", "properties": {"num": 573, "osm_id": 566738914, "housenumber": "1", "area_m2": 120.8, "px_x": 5048.8, "px_y": 5087.4, "clat": 50.274769124556364, "clon": 82.22348126449066}, "geometry": {"type": "Point", "coordinates": [5048.838292367756, 5087.440683014691]}}, {"type": "Feature", "properties": {"num": 574, "osm_id": 567905782, "housenumber": null, "area_m2": 100.3, "px_x": 2117.6, "px_y": 5132.7, "clat": 50.2746138, "clon": 82.20775695}, "geometry": {"type": "Point", "coordinates": [2117.6136183440685, 5132.745410043746]}}, {"type": "Feature", "properties": {"num": 575, "osm_id": 567905781, "housenumber": "20", "area_m2": 103.4, "px_x": 2143.7, "px_y": 5160.0, "clat": 50.274520200000005, "clon": 82.20789715}, "geometry": {"type": "Point", "coordinates": [2143.748792603612, 5160.04638203606]}}, {"type": "Feature", "properties": {"num": 576, "osm_id": 567905717, "housenumber": "14", "area_m2": 41.6, "px_x": 2616.2, "px_y": 5166.5, "clat": 50.27449818474306, "clon": 82.21043136003046}, "geometry": {"type": "Point", "coordinates": [2616.1597822755575, 5166.467719472945]}}, {"type": "Feature", "properties": {"num": 577, "osm_id": 567905702, "housenumber": "3", "area_m2": 61.1, "px_x": 2922.8, "px_y": 5141.2, "clat": 50.274584885742556, "clon": 82.21207636101641}, "geometry": {"type": "Point", "coordinates": [2922.8101918548346, 5141.17904112488]}}, {"type": "Feature", "properties": {"num": 578, "osm_id": 567905698, "housenumber": "6", "area_m2": 67.1, "px_x": 3086.3, "px_y": 5163.3, "clat": 50.2745089644797, "clon": 82.21295327240553}, "geometry": {"type": "Point", "coordinates": [3086.2783228233457, 5163.323521859944]}}, {"type": "Feature", "properties": {"num": 579, "osm_id": 566738802, "housenumber": "15", "area_m2": 92.9, "px_x": 3558.0, "px_y": 5170.6, "clat": 50.2744840505266, "clon": 82.21548381696688}, "geometry": {"type": "Point", "coordinates": [3558.00601952523, 5170.590339481831]}}, {"type": "Feature", "properties": {"num": 580, "osm_id": 566738803, "housenumber": "13", "area_m2": 77.1, "px_x": 3611.6, "px_y": 5138.8, "clat": 50.27459310297633, "clon": 82.21577106818853}, "geometry": {"type": "Point", "coordinates": [3611.55352833122, 5138.782261498272]}}, {"type": "Feature", "properties": {"num": 581, "osm_id": 566738807, "housenumber": null, "area_m2": 93.0, "px_x": 3886.4, "px_y": 5134.7, "clat": 50.2746071, "clon": 82.21724525}, "geometry": {"type": "Point", "coordinates": [3886.3609358221292, 5134.699648067355]}}, {"type": "Feature", "properties": {"num": 582, "osm_id": 566738809, "housenumber": "2", "area_m2": 86.0, "px_x": 4018.2, "px_y": 5138.6, "clat": 50.27459365, "clon": 82.21795250000001}, "geometry": {"type": "Point", "coordinates": [4018.201891556382, 5138.622707158327]}}, {"type": "Feature", "properties": {"num": 583, "osm_id": 566738916, "housenumber": "3", "area_m2": 148.0, "px_x": 5084.7, "px_y": 5161.2, "clat": 50.27451610697843, "clon": 82.22367376814798}, "geometry": {"type": "Point", "coordinates": [5084.7235750332475, 5161.240221276879]}}, {"type": "Feature", "properties": {"num": 584, "osm_id": 567905775, "housenumber": "13", "area_m2": 73.1, "px_x": 2541.1, "px_y": 5190.3, "clat": 50.27441643405997, "clon": 82.21002847340061}, "geometry": {"type": "Point", "coordinates": [2541.0562710240483, 5190.312462717295]}}, {"type": "Feature", "properties": {"num": 585, "osm_id": 567905776, "housenumber": "11", "area_m2": 77.2, "px_x": 2579.5, "px_y": 5234.0, "clat": 50.27426663390468, "clon": 82.21023479808949}, "geometry": {"type": "Point", "coordinates": [2579.5179807022214, 5234.005523383617]}}, {"type": "Feature", "properties": {"num": 586, "osm_id": 567905716, "housenumber": "12", "area_m2": 75.1, "px_x": 2651.3, "px_y": 5203.7, "clat": 50.274370649999994, "clon": 82.2106197}, "geometry": {"type": "Point", "coordinates": [2651.268897280097, 5203.666573673487]}}, {"type": "Feature", "properties": {"num": 587, "osm_id": 567905715, "housenumber": "10", "area_m2": 57.5, "px_x": 2687.4, "px_y": 5240.3, "clat": 50.274244912550955, "clon": 82.21081345972534}, "geometry": {"type": "Point", "coordinates": [2687.3883279934525, 5240.34110236913]}}, {"type": "Feature", "properties": {"num": 588, "osm_id": 567905701, "housenumber": "1", "area_m2": 70.3, "px_x": 2979.7, "px_y": 5200.7, "clat": 50.27438075, "clon": 82.2123817}, "geometry": {"type": "Point", "coordinates": [2979.729503855109, 5200.720647294074]}}, {"type": "Feature", "properties": {"num": 589, "osm_id": 567905699, "housenumber": "4", "area_m2": 74.7, "px_x": 3124.0, "px_y": 5193.5, "clat": 50.27440554568308, "clon": 82.21315566671973}, "geometry": {"type": "Point", "coordinates": [3124.0073575675488, 5193.488341975957]}}, {"type": "Feature", "properties": {"num": 590, "osm_id": 567905700, "housenumber": "2", "area_m2": 150.3, "px_x": 3181.8, "px_y": 5245.7, "clat": 50.27422640064398, "clon": 82.21346593336223}, "geometry": {"type": "Point", "coordinates": [3181.8452517688274, 5245.740563228726]}}, {"type": "Feature", "properties": {"num": 591, "osm_id": 566738801, "housenumber": null, "area_m2": 72.0, "px_x": 3541.1, "px_y": 5200.3, "clat": 50.27438229301695, "clon": 82.21539328419018}, "geometry": {"type": "Point", "coordinates": [3541.129486761987, 5200.2705864124]}}, {"type": "Feature", "properties": {"num": 592, "osm_id": 566738833, "housenumber": "3", "area_m2": 98.3, "px_x": 4076.6, "px_y": 5230.9, "clat": 50.27427725, "clon": 82.21826595}, "geometry": {"type": "Point", "coordinates": [4076.633206613362, 5230.909071192145]}}, {"type": "Feature", "properties": {"num": 593, "osm_id": 566738915, "housenumber": "5", "area_m2": 148.6, "px_x": 5123.1, "px_y": 5238.6, "clat": 50.27425095, "clon": 82.2238798}, "geometry": {"type": "Point", "coordinates": [5123.130695968866, 5238.5801288336515]}}, {"type": "Feature", "properties": {"num": 594, "osm_id": 567905777, "housenumber": "9", "area_m2": 54.1, "px_x": 2612.4, "px_y": 5274.8, "clat": 50.27412691489317, "clon": 82.21041128737082}, "geometry": {"type": "Point", "coordinates": [2612.417967312038, 5274.758035764098]}}, {"type": "Feature", "properties": {"num": 595, "osm_id": 567905714, "housenumber": "8", "area_m2": 55.8, "px_x": 2716.3, "px_y": 5274.1, "clat": 50.274129315837115, "clon": 82.21096864637103}, "geometry": {"type": "Point", "coordinates": [2716.3172154948115, 5274.057741977274]}}, {"type": "Feature", "properties": {"num": 596, "osm_id": 566738798, "housenumber": "19", "area_m2": 86.6, "px_x": 3400.1, "px_y": 5293.2, "clat": 50.27406380263027, "clon": 82.21463676645729}, "geometry": {"type": "Point", "coordinates": [3400.104359947145, 5293.166252154857]}}, {"type": "Feature", "properties": {"num": 597, "osm_id": 566738797, "housenumber": null, "area_m2": 64.3, "px_x": 3427.6, "px_y": 5260.1, "clat": 50.27417715, "clon": 82.2147844}, "geometry": {"type": "Point", "coordinates": [3427.625247001648, 5260.105735644698]}}, {"type": "Feature", "properties": {"num": 598, "osm_id": 566738799, "housenumber": "17", "area_m2": 87.1, "px_x": 3457.0, "px_y": 5251.8, "clat": 50.27420554812742, "clon": 82.21494203286319}, "geometry": {"type": "Point", "coordinates": [3457.0101424977183, 5251.822718933225]}}, {"type": "Feature", "properties": {"num": 599, "osm_id": 566738810, "housenumber": "8", "area_m2": 109.3, "px_x": 3878.1, "px_y": 5295.1, "clat": 50.27405709979149, "clon": 82.2172010666604}, "geometry": {"type": "Point", "coordinates": [3878.1245643496513, 5295.12129560858]}}, {"type": "Feature", "properties": {"num": 600, "osm_id": 566738811, "housenumber": "6", "area_m2": 114.3, "px_x": 3906.2, "px_y": 5264.9, "clat": 50.27416085, "clon": 82.21735145}, "geometry": {"type": "Point", "coordinates": [3906.1580507084727, 5264.860031835735]}}, {"type": "Feature", "properties": {"num": 601, "osm_id": 566738834, "housenumber": "9", "area_m2": 70.6, "px_x": 4001.6, "px_y": 5298.0, "clat": 50.27404718293501, "clon": 82.21786328567268}, "geometry": {"type": "Point", "coordinates": [4001.5711355656385, 5298.013783782721]}}, {"type": "Feature", "properties": {"num": 602, "osm_id": 566738832, "housenumber": "7", "area_m2": 67.3, "px_x": 4023.8, "px_y": 5271.8, "clat": 50.2741369, "clon": 82.21798235}, "geometry": {"type": "Point", "coordinates": [4023.766334861517, 5271.845635868609]}}, {"type": "Feature", "properties": {"num": 603, "osm_id": 566738919, "housenumber": "1а", "area_m2": 398.4, "px_x": 4728.3, "px_y": 5294.6, "clat": 50.27405877119066, "clon": 82.22176157722826}, "geometry": {"type": "Point", "coordinates": [4728.265351772308, 5294.633792035282]}}, {"type": "Feature", "properties": {"num": 604, "osm_id": 566738918, "housenumber": "1", "area_m2": 125.8, "px_x": 4870.2, "px_y": 5298.8, "clat": 50.27404449664089, "clon": 82.22252317600261}, "geometry": {"type": "Point", "coordinates": [4870.23765335232, 5298.7973055541515]}}, {"type": "Feature", "properties": {"num": 605, "osm_id": 567905778, "housenumber": "7", "area_m2": 86.4, "px_x": 2653.1, "px_y": 5337.1, "clat": 50.27391325, "clon": 82.2106294}, "geometry": {"type": "Point", "coordinates": [2653.077108338475, 5337.078465882689]}}, {"type": "Feature", "properties": {"num": 606, "osm_id": 567905713, "housenumber": "4", "area_m2": 104.2, "px_x": 2797.5, "px_y": 5346.8, "clat": 50.27387976644885, "clon": 82.21140404756214}, "geometry": {"type": "Point", "coordinates": [2797.4818802699447, 5346.844711814076]}}, {"type": "Feature", "properties": {"num": 607, "osm_id": 566738792, "housenumber": "27", "area_m2": 99.3, "px_x": 3153.3, "px_y": 5351.3, "clat": 50.273864401863435, "clon": 82.21331291824406}, "geometry": {"type": "Point", "coordinates": [3153.321166343987, 5351.326143369079]}}, {"type": "Feature", "properties": {"num": 608, "osm_id": 566738794, "housenumber": null, "area_m2": 62.5, "px_x": 3196.3, "px_y": 5335.2, "clat": 50.2739197091974, "clon": 82.21354331481322}, "geometry": {"type": "Point", "coordinates": [3196.270199753344, 5335.194491971284]}}, {"type": "Feature", "properties": {"num": 609, "osm_id": 566738793, "housenumber": "25", "area_m2": 67.9, "px_x": 3223.4, "px_y": 5315.0, "clat": 50.2739891, "clon": 82.2136886}, "geometry": {"type": "Point", "coordinates": [3223.353321529925, 5314.955047696829]}}, {"type": "Feature", "properties": {"num": 610, "osm_id": 566738796, "housenumber": "21", "area_m2": 58.3, "px_x": 3355.6, "px_y": 5330.2, "clat": 50.2739368, "clon": 82.21439785}, "geometry": {"type": "Point", "coordinates": [3355.5671042874455, 5330.2095639407635]}}, {"type": "Feature", "properties": {"num": 611, "osm_id": 566738812, "housenumber": "10", "area_m2": 103.2, "px_x": 3808.3, "px_y": 5354.5, "clat": 50.2738534, "clon": 82.21682675}, "geometry": {"type": "Point", "coordinates": [3808.3468814194202, 5354.535086728632]}}, {"type": "Feature", "properties": {"num": 612, "osm_id": 566738836, "housenumber": "13", "area_m2": 66.5, "px_x": 3946.8, "px_y": 5359.3, "clat": 50.27383694029512, "clon": 82.2175695307746}, "geometry": {"type": "Point", "coordinates": [3946.8112535998225, 5359.335932128131]}}, {"type": "Feature", "properties": {"num": 613, "osm_id": 566738835, "housenumber": "11", "area_m2": 82.2, "px_x": 3965.6, "px_y": 5335.6, "clat": 50.2739184, "clon": 82.21767009999999}, "geometry": {"type": "Point", "coordinates": [3965.5587160140276, 5335.576349612325]}}, {"type": "Feature", "properties": {"num": 614, "osm_id": 566738912, "housenumber": "7", "area_m2": 360.3, "px_x": 5203.2, "px_y": 5346.9, "clat": 50.27387949654234, "clon": 82.22430908320564}, "geometry": {"type": "Point", "coordinates": [5203.154885590076, 5346.923436213285]}}, {"type": "Feature", "properties": {"num": 615, "osm_id": 567905712, "housenumber": "2", "area_m2": 70.6, "px_x": 2865.1, "px_y": 5418.5, "clat": 50.273634085269165, "clon": 82.21176695902187}, "geometry": {"type": "Point", "coordinates": [2865.1334796994925, 5418.503054633737]}}, {"type": "Feature", "properties": {"num": 616, "osm_id": 566738795, "housenumber": "23", "area_m2": 87.3, "px_x": 3327.6, "px_y": 5383.8, "clat": 50.27375311623935, "clon": 82.21424780287246}, "geometry": {"type": "Point", "coordinates": [3327.596292413771, 5383.785089120269]}}, {"type": "Feature", "properties": {"num": 617, "osm_id": 566738813, "housenumber": "14", "area_m2": 87.4, "px_x": 3734.5, "px_y": 5427.1, "clat": 50.27360474817169, "clon": 82.21643076622362}, "geometry": {"type": "Point", "coordinates": [3734.5301553308964, 5427.059842415154]}}, {"type": "Feature", "properties": {"num": 618, "osm_id": 566738837, "housenumber": "15", "area_m2": 98.9, "px_x": 3890.8, "px_y": 5408.7, "clat": 50.273667831765636, "clon": 82.217269137481}, "geometry": {"type": "Point", "coordinates": [3890.8138850331306, 5408.660165429115]}}, {"type": "Feature", "properties": {"num": 619, "osm_id": 567905827, "housenumber": "6", "area_m2": 41.5, "px_x": 2477.1, "px_y": 5483.9, "clat": 50.27340975016918, "clon": 82.20968516666254}, "geometry": {"type": "Point", "coordinates": [2477.0592565983534, 5483.935018837452]}}, {"type": "Feature", "properties": {"num": 620, "osm_id": 567905779, "housenumber": "3", "area_m2": 66.5, "px_x": 2744.1, "px_y": 5430.2, "clat": 50.27359415103982, "clon": 82.21111748280872}, "geometry": {"type": "Point", "coordinates": [2744.062338426709, 5430.15071977675]}}, {"type": "Feature", "properties": {"num": 621, "osm_id": 566738790, "housenumber": "31", "area_m2": 97.2, "px_x": 2991.9, "px_y": 5465.8, "clat": 50.273472, "clon": 82.2124469}, "geometry": {"type": "Point", "coordinates": [2991.8836647868156, 5465.778601191938]}}, {"type": "Feature", "properties": {"num": 622, "osm_id": 566738816, "housenumber": "16", "area_m2": 62.4, "px_x": 3685.8, "px_y": 5472.6, "clat": 50.27344858422124, "clon": 82.2161695184011}, "geometry": {"type": "Point", "coordinates": [3685.8300314620137, 5472.6082877367735]}}, {"type": "Feature", "properties": {"num": 623, "osm_id": 566738838, "housenumber": "17", "area_m2": 93.7, "px_x": 3816.3, "px_y": 5461.4, "clat": 50.27348695, "clon": 82.2168692}, "geometry": {"type": "Point", "coordinates": [3816.260134972632, 5461.418128870428]}}, {"type": "Feature", "properties": {"num": 624, "osm_id": 566738902, "housenumber": "2", "area_m2": 179.4, "px_x": 4739.4, "px_y": 5460.6, "clat": 50.27348976625151, "clon": 82.22182125136767}, "geometry": {"type": "Point", "coordinates": [4739.389417618513, 5460.596711546183]}}, {"type": "Feature", "properties": {"num": 625, "osm_id": 566738947, "housenumber": "4", "area_m2": 341.0, "px_x": 5138.6, "px_y": 5473.3, "clat": 50.273446283391785, "clon": 82.22396264968614}, "geometry": {"type": "Point", "coordinates": [5138.574996851385, 5473.2793711051345]}}, {"type": "Feature", "properties": {"num": 626, "osm_id": 567905780, "housenumber": "1", "area_m2": 73.9, "px_x": 2797.7, "px_y": 5492.3, "clat": 50.2733809, "clon": 82.21140495}, "geometry": {"type": "Point", "coordinates": [2797.6501068770885, 5492.349744033068]}}, {"type": "Feature", "properties": {"num": 627, "osm_id": 566738791, "housenumber": "33", "area_m2": 93.2, "px_x": 2950.6, "px_y": 5508.0, "clat": 50.27332718320048, "clon": 82.21222569619287}, "geometry": {"type": "Point", "coordinates": [2950.6482864245772, 5508.017302572727]}}, {"type": "Feature", "properties": {"num": 628, "osm_id": 566738819, "housenumber": "20", "area_m2": 61.7, "px_x": 3620.8, "px_y": 5534.0, "clat": 50.273237949999995, "clon": 82.21582065}, "geometry": {"type": "Point", "coordinates": [3620.7962478920817, 5534.0438772290945]}}, {"type": "Feature", "properties": {"num": 629, "osm_id": 566738818, "housenumber": "18", "area_m2": 92.4, "px_x": 3653.2, "px_y": 5502.6, "clat": 50.2733458, "clon": 82.2159947}, "geometry": {"type": "Point", "coordinates": [3653.2415195032954, 5502.587349720299]}}, {"type": "Feature", "properties": {"num": 630, "osm_id": 566738839, "housenumber": "21", "area_m2": 48.6, "px_x": 3764.9, "px_y": 5511.4, "clat": 50.27331566281869, "clon": 82.21659353664431}, "geometry": {"type": "Point", "coordinates": [3764.872760951519, 5511.377445653081]}}, {"type": "Feature", "properties": {"num": 631, "osm_id": 566738903, "housenumber": "4", "area_m2": 141.0, "px_x": 4788.6, "px_y": 5529.6, "clat": 50.273253221297175, "clon": 82.22208541835113}, "geometry": {"type": "Point", "coordinates": [4788.6337125226855, 5529.589713923633]}}, {"type": "Feature", "properties": {"num": 632, "osm_id": 566738821, "housenumber": "24", "area_m2": 63.8, "px_x": 3556.0, "px_y": 5598.8, "clat": 50.27301585, "clon": 82.21547294999999}, "geometry": {"type": "Point", "coordinates": [3555.9802700802684, 5598.823390930891]}}, {"type": "Feature", "properties": {"num": 633, "osm_id": 566738820, "housenumber": "22", "area_m2": 63.9, "px_x": 3584.1, "px_y": 5567.6, "clat": 50.273123016664655, "clon": 82.21562355008203}, "geometry": {"type": "Point", "coordinates": [3584.0541601404548, 5567.566317349672]}}, {"type": "Feature", "properties": {"num": 634, "osm_id": 566738840, "housenumber": "23", "area_m2": 80.9, "px_x": 3703.4, "px_y": 5568.2, "clat": 50.27312090052266, "clon": 82.21626398337308}, "geometry": {"type": "Point", "coordinates": [3703.439578562975, 5568.1835286691785]}}, {"type": "Feature", "properties": {"num": 635, "osm_id": 566738950, "housenumber": "6", "area_m2": 146.4, "px_x": 4838.8, "px_y": 5600.3, "clat": 50.2730108, "clon": 82.2223544}, "geometry": {"type": "Point", "coordinates": [4838.775526113808, 5600.296311974525]}}, {"type": "Feature", "properties": {"num": 636, "osm_id": 566738949, "housenumber": "5", "area_m2": 277.7, "px_x": 4927.5, "px_y": 5582.9, "clat": 50.27307038587181, "clon": 82.22283049313647}, "geometry": {"type": "Point", "coordinates": [4927.525719299912, 5582.9170377627015]}}, {"type": "Feature", "properties": {"num": 637, "osm_id": 566738946, "housenumber": "6", "area_m2": 315.9, "px_x": 5217.7, "px_y": 5579.7, "clat": 50.273081250000004, "clon": 82.22438695}, "geometry": {"type": "Point", "coordinates": [5217.670308120549, 5579.748320132494]}}, {"type": "Feature", "properties": {"num": 638, "osm_id": 566738772, "housenumber": "7", "area_m2": 92.8, "px_x": 2558.8, "px_y": 5624.3, "clat": 50.27292865409215, "clon": 82.21012373184776}, "geometry": {"type": "Point", "coordinates": [2558.813732624054, 5624.255584359169]}}, {"type": "Feature", "properties": {"num": 639, "osm_id": 566738771, "housenumber": "5", "area_m2": 82.2, "px_x": 2588.7, "px_y": 5643.1, "clat": 50.272863900000004, "clon": 82.21028415}, "geometry": {"type": "Point", "coordinates": [2588.71784362942, 5643.142204269767]}}, {"type": "Feature", "properties": {"num": 640, "osm_id": 566738785, "housenumber": "41", "area_m2": 77.3, "px_x": 2822.9, "px_y": 5626.8, "clat": 50.27292000318173, "clon": 82.21154033366534}, "geometry": {"type": "Point", "coordinates": [2822.887451276183, 5626.778769347817]}}, {"type": "Feature", "properties": {"num": 641, "osm_id": 566738822, "housenumber": "26", "area_m2": 96.4, "px_x": 3499.0, "px_y": 5653.0, "clat": 50.272829983459026, "clon": 82.21516720182119}, "geometry": {"type": "Point", "coordinates": [3498.9846785515547, 5653.034523554146]}}, {"type": "Feature", "properties": {"num": 642, "osm_id": 566738841, "housenumber": "29", "area_m2": 56.3, "px_x": 3610.9, "px_y": 5661.5, "clat": 50.272800787991464, "clon": 82.21576758985043}, "geometry": {"type": "Point", "coordinates": [3610.905119113624, 5661.549858160317]}}, {"type": "Feature", "properties": {"num": 643, "osm_id": 566738953, "housenumber": "1а", "area_m2": 159.2, "px_x": 4560.1, "px_y": 5643.5, "clat": 50.27286284316819, "clon": 82.22085958620337}, "geometry": {"type": "Point", "coordinates": [4560.122037820518, 5643.4504468292]}}, {"type": "Feature", "properties": {"num": 644, "osm_id": 566738951, "housenumber": "8", "area_m2": 133.6, "px_x": 4890.3, "px_y": 5668.8, "clat": 50.2727759, "clon": 82.22263065}, "geometry": {"type": "Point", "coordinates": [4890.272258557379, 5668.808842949569]}}, {"type": "Feature", "properties": {"num": 645, "osm_id": 566738945, "housenumber": "8", "area_m2": 170.0, "px_x": 5283.6, "px_y": 5665.3, "clat": 50.272788037781694, "clon": 82.2247406138489}, "geometry": {"type": "Point", "coordinates": [5283.598027952015, 5665.268663298339]}}, {"type": "Feature", "properties": {"num": 646, "osm_id": 566738773, "housenumber": "3", "area_m2": 42.3, "px_x": 2631.3, "px_y": 5671.4, "clat": 50.27276685, "clon": 82.2105127}, "geometry": {"type": "Point", "coordinates": [2631.3226515874267, 5671.448420710862]}}, {"type": "Feature", "properties": {"num": 647, "osm_id": 566738774, "housenumber": "1", "area_m2": 58.6, "px_x": 2687.3, "px_y": 5711.2, "clat": 50.27263058390749, "clon": 82.21081287325437}, "geometry": {"type": "Point", "coordinates": [2687.2790018841624, 5711.192553196102]}}, {"type": "Feature", "properties": {"num": 648, "osm_id": 566738824, "housenumber": "30", "area_m2": 96.0, "px_x": 3413.9, "px_y": 5728.9, "clat": 50.27256988330548, "clon": 82.21471080200952}, "geometry": {"type": "Point", "coordinates": [3413.9055871888995, 5728.896794460714]}}, {"type": "Feature", "properties": {"num": 649, "osm_id": 566738823, "housenumber": "28", "area_m2": 80.4, "px_x": 3455.7, "px_y": 5687.7, "clat": 50.272710967936675, "clon": 82.21493476859627}, "geometry": {"type": "Point", "coordinates": [3455.6559849977493, 5687.747310347855]}}, {"type": "Feature", "properties": {"num": 650, "osm_id": 566738842, "housenumber": "33", "area_m2": 42.3, "px_x": 3563.6, "px_y": 5721.0, "clat": 50.272596899999996, "clon": 82.21551385}, "geometry": {"type": "Point", "coordinates": [3563.604582682252, 5721.016972962767]}}, {"type": "Feature", "properties": {"num": 651, "osm_id": 566738843, "housenumber": "31", "area_m2": 83.6, "px_x": 3587.4, "px_y": 5693.1, "clat": 50.27269275, "clon": 82.2156416}, "geometry": {"type": "Point", "coordinates": [3587.4189087301493, 5693.060856245458]}}, {"type": "Feature", "properties": {"num": 652, "osm_id": 566738948, "housenumber": "7", "area_m2": 298.1, "px_x": 5023.3, "px_y": 5703.0, "clat": 50.27265879714109, "clon": 82.22334453324343}, "geometry": {"type": "Point", "coordinates": [5023.349740497768, 5702.963732652366]}}, {"type": "Feature", "properties": {"num": 653, "osm_id": 566738944, "housenumber": "10", "area_m2": 164.1, "px_x": 5174.2, "px_y": 5723.7, "clat": 50.27258755, "clon": 82.2241536}, "geometry": {"type": "Point", "coordinates": [5174.1707153096795, 5723.7440402805805]}}, {"type": "Feature", "properties": {"num": 654, "osm_id": 566738775, "housenumber": null, "area_m2": 68.0, "px_x": 2655.2, "px_y": 5784.1, "clat": 50.27238047901008, "clon": 82.21064075718172}, "geometry": {"type": "Point", "coordinates": [2655.1942404657602, 5784.139253757894]}}, {"type": "Feature", "properties": {"num": 655, "osm_id": 566738786, "housenumber": "43", "area_m2": 72.5, "px_x": 2761.8, "px_y": 5742.0, "clat": 50.2725249176463, "clon": 82.21121285488009}, "geometry": {"type": "Point", "coordinates": [2761.8409811109304, 5742.011689029634]}}, {"type": "Feature", "properties": {"num": 656, "osm_id": 566738825, "housenumber": "32", "area_m2": 105.1, "px_x": 3369.7, "px_y": 5773.6, "clat": 50.2724165, "clon": 82.21447380000001}, "geometry": {"type": "Point", "coordinates": [3369.7252104580402, 5773.633236143738]}}, {"type": "Feature", "properties": {"num": 657, "osm_id": 566738845, "housenumber": "37", "area_m2": 69.6, "px_x": 3510.3, "px_y": 5782.0, "clat": 50.27238773348732, "clon": 82.21522809632197}, "geometry": {"type": "Point", "coordinates": [3510.336236253381, 5782.0233862400055]}}, {"type": "Feature", "properties": {"num": 658, "osm_id": 566738844, "housenumber": "35", "area_m2": 52.4, "px_x": 3536.9, "px_y": 5748.4, "clat": 50.272503147531935, "clon": 82.2153703329466}, "geometry": {"type": "Point", "coordinates": [3536.85106485337, 5748.361258007586]}}, {"type": "Feature", "properties": {"num": 659, "osm_id": 566738852, "housenumber": "1", "area_m2": 87.9, "px_x": 4042.5, "px_y": 5788.1, "clat": 50.27236680196018, "clon": 82.21808281636322}, "geometry": {"type": "Point", "coordinates": [4042.4946223795414, 5788.128351576626]}}, {"type": "Feature", "properties": {"num": 660, "osm_id": 566738952, "housenumber": "3", "area_m2": 377.9, "px_x": 4642.8, "px_y": 5748.4, "clat": 50.27250295, "clon": 82.22130320000001}, "geometry": {"type": "Point", "coordinates": [4642.817643240094, 5748.418871041387]}}, {"type": "Feature", "properties": {"num": 661, "osm_id": 566738776, "housenumber": "10", "area_m2": 76.3, "px_x": 2346.5, "px_y": 5821.6, "clat": 50.27225189417246, "clon": 82.20898456801383}, "geometry": {"type": "Point", "coordinates": [2346.4582026079297, 5821.642727077007]}}, {"type": "Feature", "properties": {"num": 662, "osm_id": 566738777, "housenumber": null, "area_m2": 79.8, "px_x": 2396.3, "px_y": 5844.5, "clat": 50.272173450000004, "clon": 82.20925204999999}, "geometry": {"type": "Point", "coordinates": [2396.320458807051, 5844.521960645914]}}, {"type": "Feature", "properties": {"num": 663, "osm_id": 566738787, "housenumber": "45", "area_m2": 88.4, "px_x": 2723.3, "px_y": 5819.9, "clat": 50.2722577, "clon": 82.21100595}, "geometry": {"type": "Point", "coordinates": [2723.27111595124, 5819.949382655323]}}, {"type": "Feature", "properties": {"num": 664, "osm_id": 566738855, "housenumber": "3", "area_m2": 112.2, "px_x": 3975.3, "px_y": 5848.6, "clat": 50.272159420231745, "clon": 82.21772240006635}, "geometry": {"type": "Point", "coordinates": [3975.308155015111, 5848.613915763795]}}, {"type": "Feature", "properties": {"num": 665, "osm_id": 566738853, "housenumber": "2", "area_m2": 72.0, "px_x": 4003.6, "px_y": 5829.4, "clat": 50.2722254, "clon": 82.2178743}, "geometry": {"type": "Point", "coordinates": [4003.6243549883366, 5829.370091289282]}}, {"type": "Feature", "properties": {"num": 666, "osm_id": 566738955, "housenumber": "8", "area_m2": 403.5, "px_x": 4550.4, "px_y": 5812.0, "clat": 50.2722848, "clon": 82.2208076}, "geometry": {"type": "Point", "coordinates": [4550.431107126176, 5812.045315690339]}}, {"type": "Feature", "properties": {"num": 667, "osm_id": 566738943, "housenumber": "12", "area_m2": 104.8, "px_x": 5080.1, "px_y": 5801.1, "clat": 50.27232237112523, "clon": 82.22364921794663}, "geometry": {"type": "Point", "coordinates": [5080.147085793316, 5801.087201610208]}}, {"type": "Feature", "properties": {"num": 668, "osm_id": 566738779, "housenumber": "6", "area_m2": 78.6, "px_x": 2444.2, "px_y": 5866.8, "clat": 50.272097099999996, "clon": 82.20950905000001}, "geometry": {"type": "Point", "coordinates": [2444.228731162846, 5866.7903661727905]}}, {"type": "Feature", "properties": {"num": 669, "osm_id": 566738827, "housenumber": "36", "area_m2": 72.4, "px_x": 3245.4, "px_y": 5890.7, "clat": 50.27201496548988, "clon": 82.21380665753746}, "geometry": {"type": "Point", "coordinates": [3245.360841602087, 5890.745854515582]}}, {"type": "Feature", "properties": {"num": 670, "osm_id": 566738826, "housenumber": "34", "area_m2": 100.3, "px_x": 3276.1, "px_y": 5859.7, "clat": 50.27212146589215, "clon": 82.2139717551643}, "geometry": {"type": "Point", "coordinates": [3276.1372698917985, 5859.6837614402175]}}, {"type": "Feature", "properties": {"num": 671, "osm_id": 566738846, "housenumber": "43", "area_m2": 76.1, "px_x": 3427.8, "px_y": 5861.5, "clat": 50.272115383325705, "clon": 82.21478514556264}, "geometry": {"type": "Point", "coordinates": [3427.764229953289, 5861.4578152522445]}}, {"type": "Feature", "properties": {"num": 672, "osm_id": 566738856, "housenumber": "5", "area_m2": 94.3, "px_x": 3925.4, "px_y": 5908.7, "clat": 50.2719535, "clon": 82.21745475}, "geometry": {"type": "Point", "coordinates": [3925.414566397667, 5908.672954879701]}}, {"type": "Feature", "properties": {"num": 673, "osm_id": 566738959, "housenumber": "1", "area_m2": 322.4, "px_x": 4177.5, "px_y": 5858.5, "clat": 50.272125692238355, "clon": 82.21880680942434}, "geometry": {"type": "Point", "coordinates": [4177.456710919738, 5858.451096501201]}}, {"type": "Feature", "properties": {"num": 674, "osm_id": 351094501, "housenumber": "11а", "area_m2": 1392.3, "px_x": 4975.9, "px_y": 5906.0, "clat": 50.271962785619955, "clon": 82.22308991761162}, "geometry": {"type": "Point", "coordinates": [4975.8859465792775, 5905.964701026678]}}, {"type": "Feature", "properties": {"num": 675, "osm_id": 566738941, "housenumber": "9", "area_m2": 316.5, "px_x": 5153.3, "px_y": 5905.4, "clat": 50.27196480719559, "clon": 82.22404161330707}, "geometry": {"type": "Point", "coordinates": [5153.2948826774955, 5905.375086046755]}}, {"type": "Feature", "properties": {"num": 676, "osm_id": 351094183, "housenumber": "13", "area_m2": 923.9, "px_x": 5368.1, "px_y": 5905.7, "clat": 50.271963827062706, "clon": 82.22519415644385}, "geometry": {"type": "Point", "coordinates": [5368.1444955170155, 5905.6609526872635]}}, {"type": "Feature", "properties": {"num": 677, "osm_id": 566738780, "housenumber": "4", "area_m2": 79.0, "px_x": 2516.6, "px_y": 5913.7, "clat": 50.27193615318369, "clon": 82.20989743152094}, "geometry": {"type": "Point", "coordinates": [2516.6282941401005, 5913.732344467193]}}, {"type": "Feature", "properties": {"num": 678, "osm_id": 566738828, "housenumber": "38", "area_m2": 76.2, "px_x": 3208.5, "px_y": 5932.3, "clat": 50.27187240053832, "clon": 82.21360881658762}, "geometry": {"type": "Point", "coordinates": [3208.4806154966354, 5932.326488189399]}}, {"type": "Feature", "properties": {"num": 679, "osm_id": 566738847, "housenumber": "45", "area_m2": 87.2, "px_x": 3336.5, "px_y": 5958.0, "clat": 50.27178445, "clon": 82.21429565}, "geometry": {"type": "Point", "coordinates": [3336.5156434476376, 5957.978166408837]}}, {"type": "Feature", "properties": {"num": 680, "osm_id": 566738960, "housenumber": "3", "area_m2": 373.1, "px_x": 4259.8, "px_y": 5960.8, "clat": 50.271774746245804, "clon": 82.2192487831976}, "geometry": {"type": "Point", "coordinates": [4259.846593812108, 5960.808363124728]}}, {"type": "Feature", "properties": {"num": 681, "osm_id": 566738956, "housenumber": "10", "area_m2": 167.7, "px_x": 4640.3, "px_y": 5934.3, "clat": 50.2718657, "clon": 82.22128985}, "geometry": {"type": "Point", "coordinates": [4640.329022862017, 5934.28077070415]}}, {"type": "Feature", "properties": {"num": 682, "osm_id": 566738784, "housenumber": "7", "area_m2": 59.1, "px_x": 2427.1, "px_y": 5973.0, "clat": 50.271732808375084, "clon": 82.20941713325719}, "geometry": {"type": "Point", "coordinates": [2427.0942084118724, 5973.039954870939]}}, {"type": "Feature", "properties": {"num": 683, "osm_id": 566738783, "housenumber": "5", "area_m2": 78.9, "px_x": 2481.2, "px_y": 5991.9, "clat": 50.271668258597316, "clon": 82.20970719771171}, "geometry": {"type": "Point", "coordinates": [2481.1661418303847, 5991.86651026085]}}, {"type": "Feature", "properties": {"num": 684, "osm_id": 566738782, "housenumber": "3", "area_m2": 73.3, "px_x": 2519.6, "px_y": 6023.2, "clat": 50.27156085, "clon": 82.20991344999999}, "geometry": {"type": "Point", "coordinates": [2519.614355057478, 6023.193190611899]}}, {"type": "Feature", "properties": {"num": 685, "osm_id": 566738829, "housenumber": "40", "area_m2": 83.0, "px_x": 3169.7, "px_y": 5983.1, "clat": 50.271698300000004, "clon": 82.21340070000001}, "geometry": {"type": "Point", "coordinates": [3169.6848716810346, 5983.104653190821]}}, {"type": "Feature", "properties": {"num": 686, "osm_id": 566738957, "housenumber": "12", "area_m2": 562.1, "px_x": 4573.5, "px_y": 6010.4, "clat": 50.27160487075204, "clon": 82.22093117269111}, "geometry": {"type": "Point", "coordinates": [4573.466726355255, 6010.354152172804]}}, {"type": "Feature", "properties": {"num": 687, "osm_id": 566738940, "housenumber": "11", "area_m2": 307.0, "px_x": 5224.2, "px_y": 5999.2, "clat": 50.27164309154184, "clon": 82.22442208738008}, "geometry": {"type": "Point", "coordinates": [5224.220390513539, 5999.206713959575]}}, {"type": "Feature", "properties": {"num": 688, "osm_id": 566739110, "housenumber": "12", "area_m2": 314.1, "px_x": 5476.3, "px_y": 6024.6, "clat": 50.27155586030364, "clon": 82.2257741929804}, "geometry": {"type": "Point", "coordinates": [5476.271142862737, 6024.648478575051]}}, {"type": "Feature", "properties": {"num": 689, "osm_id": 566738781, "housenumber": "1", "area_m2": 69.4, "px_x": 2580.3, "px_y": 6056.5, "clat": 50.271446705124625, "clon": 82.21023888134533}, "geometry": {"type": "Point", "coordinates": [2580.2791547700763, 6056.484489411116]}}, {"type": "Feature", "properties": {"num": 690, "osm_id": 566738857, "housenumber": "11", "area_m2": 83.2, "px_x": 3821.1, "px_y": 6065.5, "clat": 50.2714157, "clon": 82.21689500000001}, "geometry": {"type": "Point", "coordinates": [3821.069603562355, 6065.527377158403]}}, {"type": "Feature", "properties": {"num": 691, "osm_id": 351095153, "housenumber": "5", "area_m2": 384.8, "px_x": 4334.7, "px_y": 6061.3, "clat": 50.27143018368946, "clon": 82.21965024854221}, "geometry": {"type": "Point", "coordinates": [4334.68515829742, 6061.303096272051]}}, {"type": "Feature", "properties": {"num": 692, "osm_id": 351094184, "housenumber": "11а", "area_m2": 1221.9, "px_x": 5062.3, "px_y": 6052.0, "clat": 50.27146209287391, "clon": 82.22355355097547}, "geometry": {"type": "Point", "coordinates": [5062.313469804823, 6051.996529471129]}}, {"type": "Feature", "properties": {"num": 693, "osm_id": 566739116, "housenumber": "14", "area_m2": 305.4, "px_x": 5581.5, "px_y": 6080.8, "clat": 50.27136345771231, "clon": 82.22633868956547}, "geometry": {"type": "Point", "coordinates": [5581.5009332969785, 6080.764236737043]}}, {"type": "Feature", "properties": {"num": 694, "osm_id": 566738830, "housenumber": "46", "area_m2": 102.0, "px_x": 3066.1, "px_y": 6103.9, "clat": 50.27128415, "clon": 82.2128452}, "geometry": {"type": "Point", "coordinates": [3066.1321662589908, 6103.8949008099735]}}, {"type": "Feature", "properties": {"num": 695, "osm_id": 566738861, "housenumber": "14", "area_m2": 81.0, "px_x": 3758.9, "px_y": 6137.4, "clat": 50.271169199999996, "clon": 82.21656130000001}, "geometry": {"type": "Point", "coordinates": [3758.8634148985147, 6137.420825768262]}}, {"type": "Feature", "properties": {"num": 696, "osm_id": 566738858, "housenumber": "12", "area_m2": 73.9, "px_x": 3790.9, "px_y": 6093.2, "clat": 50.27132095, "clon": 82.21673335}, "geometry": {"type": "Point", "coordinates": [3790.9358594864607, 6093.161921210587]}}, {"type": "Feature", "properties": {"num": 697, "osm_id": 566738859, "housenumber": "13", "area_m2": 127.7, "px_x": 3840.4, "px_y": 6140.4, "clat": 50.271159149999995, "clon": 82.2169985}, "geometry": {"type": "Point", "coordinates": [3840.3634019568563, 6140.35197064653]}}, {"type": "Feature", "properties": {"num": 698, "osm_id": 566739111, "housenumber": "17", "area_m2": 314.3, "px_x": 5354.9, "px_y": 6115.1, "clat": 50.27124589275287, "clon": 82.22512330990816}, "geometry": {"type": "Point", "coordinates": [5354.937744043767, 6115.0528880134225]}}, {"type": "Feature", "properties": {"num": 699, "osm_id": 566738831, "housenumber": "48", "area_m2": 121.5, "px_x": 3009.2, "px_y": 6161.7, "clat": 50.27108585, "clon": 82.2125398}, "geometry": {"type": "Point", "coordinates": [3009.2014799639583, 6161.730351880193]}}, {"type": "Feature", "properties": {"num": 700, "osm_id": 566738850, "housenumber": "61", "area_m2": 80.0, "px_x": 3106.4, "px_y": 6197.4, "clat": 50.2709635, "clon": 82.21306134999999}, "geometry": {"type": "Point", "coordinates": [3106.4254466816783, 6197.4143842197955]}}, {"type": "Feature", "properties": {"num": 701, "osm_id": 566738848, "housenumber": "59", "area_m2": 74.6, "px_x": 3134.8, "px_y": 6171.0, "clat": 50.27105395, "clon": 82.21321375}, "geometry": {"type": "Point", "coordinates": [3134.8348657786846, 6171.034166447818]}}, {"type": "Feature", "properties": {"num": 702, "osm_id": 566738862, "housenumber": "15", "area_m2": 52.8, "px_x": 3716.9, "px_y": 6173.1, "clat": 50.2710467, "clon": 82.21633595}, "geometry": {"type": "Point", "coordinates": [3716.855130173266, 6173.148668892682]}}, {"type": "Feature", "properties": {"num": 703, "osm_id": 351095155, "housenumber": "7", "area_m2": 379.0, "px_x": 4404.6, "px_y": 6160.1, "clat": 50.27109131606383, "clon": 82.2200250521357}, "geometry": {"type": "Point", "coordinates": [4404.553612135351, 6160.1361429691315]}}, {"type": "Feature", "properties": {"num": 704, "osm_id": 566738961, "housenumber": "16", "area_m2": 339.2, "px_x": 4562.3, "px_y": 6174.2, "clat": 50.271042952801125, "clon": 82.2208710363926}, "geometry": {"type": "Point", "coordinates": [4562.25650780648, 6174.241559959948]}}, {"type": "Feature", "properties": {"num": 705, "osm_id": 566738938, "housenumber": "14", "area_m2": 334.4, "px_x": 5230.6, "px_y": 6204.7, "clat": 50.2709384533846, "clon": 82.22445618657886}, "geometry": {"type": "Point", "coordinates": [5230.576941892505, 6204.719352349639]}}, {"type": "Feature", "properties": {"num": 706, "osm_id": 566739117, "housenumber": "16", "area_m2": 94.6, "px_x": 5640.1, "px_y": 6156.5, "clat": 50.27110366708565, "clon": 82.22665279578813}, "geometry": {"type": "Point", "coordinates": [5640.054577127099, 6156.533895842731]}}, {"type": "Feature", "properties": {"num": 707, "osm_id": 566739107, "housenumber": "15", "area_m2": 91.1, "px_x": 5796.1, "px_y": 6179.4, "clat": 50.27102535, "clon": 82.22748985}, "geometry": {"type": "Point", "coordinates": [5796.092791751027, 6179.37551214546]}}, {"type": "Feature", "properties": {"num": 708, "osm_id": 566739115, "housenumber": "19", "area_m2": 146.9, "px_x": 5386.6, "px_y": 6232.4, "clat": 50.27084338420739, "clon": 82.22529304727308}, "geometry": {"type": "Point", "coordinates": [5386.579082213342, 6232.446708828211]}}, {"type": "Feature", "properties": {"num": 709, "osm_id": 566739118, "housenumber": "18", "area_m2": 158.4, "px_x": 5679.0, "px_y": 6210.4, "clat": 50.2709191, "clon": 82.2268616}, "geometry": {"type": "Point", "coordinates": [5678.978503398597, 6210.363859184086]}}, {"type": "Feature", "properties": {"num": 710, "osm_id": 566739106, "housenumber": "17", "area_m2": 165.1, "px_x": 5845.2, "px_y": 6247.0, "clat": 50.27079349506676, "clon": 82.2277532333506}, "geometry": {"type": "Point", "coordinates": [5845.191006906331, 6246.997080691159]}}, {"type": "Feature", "properties": {"num": 711, "osm_id": 566738851, "housenumber": "63", "area_m2": 66.8, "px_x": 3037.9, "px_y": 6288.9, "clat": 50.27064985, "clon": 82.21269385000001}, "geometry": {"type": "Point", "coordinates": [3037.918481349945, 6288.891666635871]}}, {"type": "Feature", "properties": {"num": 712, "osm_id": 566738963, "housenumber": "9", "area_m2": 154.3, "px_x": 4474.8, "px_y": 6270.2, "clat": 50.270714015782154, "clon": 82.22040180240622}, "geometry": {"type": "Point", "coordinates": [4474.784952871501, 6270.177507542074]}}, {"type": "Feature", "properties": {"num": 713, "osm_id": 566738936, "housenumber": "11", "area_m2": 327.8, "px_x": 5137.8, "px_y": 6271.0, "clat": 50.27071131325188, "clon": 82.22395823043585}, "geometry": {"type": "Point", "coordinates": [5137.751188889146, 6270.965709798038]}}, {"type": "Feature", "properties": {"num": 714, "osm_id": 566738934, "housenumber": "16", "area_m2": 173.0, "px_x": 5329.5, "px_y": 6275.4, "clat": 50.27069626609576, "clon": 82.2249868018074}, "geometry": {"type": "Point", "coordinates": [5329.490789689124, 6275.354263842106]}}, {"type": "Feature", "properties": {"num": 715, "osm_id": 566739113, "housenumber": "21", "area_m2": 160.3, "px_x": 5433.5, "px_y": 6295.7, "clat": 50.27062636570959, "clon": 82.22554480357613}, "geometry": {"type": "Point", "coordinates": [5433.509858600795, 6295.740930020809]}}, {"type": "Feature", "properties": {"num": 716, "osm_id": 566739119, "housenumber": null, "area_m2": 177.6, "px_x": 5595.4, "px_y": 6299.2, "clat": 50.27061458446073, "clon": 82.22641306143153}, "geometry": {"type": "Point", "coordinates": [5595.364853978157, 6299.176965139806]}}, {"type": "Feature", "properties": {"num": 717, "osm_id": 566739120, "housenumber": "20", "area_m2": 168.6, "px_x": 5750.3, "px_y": 6307.6, "clat": 50.27058571573684, "clon": 82.22724440309128}, "geometry": {"type": "Point", "coordinates": [5750.338171705604, 6307.5966079086065]}}, {"type": "Feature", "properties": {"num": 718, "osm_id": 566739104, "housenumber": "19", "area_m2": 179.3, "px_x": 5899.3, "px_y": 6318.7, "clat": 50.2705477, "clon": 82.2280437}, "geometry": {"type": "Point", "coordinates": [5899.33791487664, 6318.68399439007]}}, {"type": "Feature", "properties": {"num": 719, "osm_id": 566739094, "housenumber": "25", "area_m2": 839.1, "px_x": 6131.3, "px_y": 6303.0, "clat": 50.27060146430213, "clon": 82.22928815339885}, "geometry": {"type": "Point", "coordinates": [6131.320842370391, 6303.003496136516]}}, {"type": "Feature", "properties": {"num": 720, "osm_id": 566738964, "housenumber": "11", "area_m2": 181.1, "px_x": 4522.3, "px_y": 6337.0, "clat": 50.27048491592645, "clon": 82.22065665222756}, "geometry": {"type": "Point", "coordinates": [4522.292402870953, 6336.995109982789]}}, {"type": "Feature", "properties": {"num": 721, "osm_id": 566738922, "housenumber": "13", "area_m2": 324.6, "px_x": 5078.0, "px_y": 6353.3, "clat": 50.27042914159963, "clon": 82.22363758706993}, "geometry": {"type": "Point", "coordinates": [5077.9789332300425, 6353.261796995997]}}, {"type": "Feature", "properties": {"num": 722, "osm_id": 566738932, "housenumber": "18", "area_m2": 156.6, "px_x": 5373.4, "px_y": 6339.0, "clat": 50.27047805, "clon": 82.2252225}, "geometry": {"type": "Point", "coordinates": [5373.428117327392, 6338.997571334243]}}, {"type": "Feature", "properties": {"num": 723, "osm_id": 566739112, "housenumber": "23", "area_m2": 166.7, "px_x": 5479.3, "px_y": 6360.3, "clat": 50.27040511096402, "clon": 82.22579038784555}, "geometry": {"type": "Point", "coordinates": [5479.290084540844, 6360.270371064544]}}, {"type": "Feature", "properties": {"num": 724, "osm_id": 566739126, "housenumber": "27", "area_m2": 111.2, "px_x": 5621.2, "px_y": 6373.6, "clat": 50.270359453799955, "clon": 82.2265518670397}, "geometry": {"type": "Point", "coordinates": [5621.24009475857, 6373.5863476879895]}}, {"type": "Feature", "properties": {"num": 725, "osm_id": 566739121, "housenumber": "22", "area_m2": 150.2, "px_x": 5807.1, "px_y": 6384.6, "clat": 50.2703216, "clon": 82.22754905}, "geometry": {"type": "Point", "coordinates": [5807.12847160548, 6384.626452423632]}}, {"type": "Feature", "properties": {"num": 726, "osm_id": 566739097, "housenumber": null, "area_m2": 402.3, "px_x": 6090.3, "px_y": 6380.6, "clat": 50.27033535, "clon": 82.2290679}, "geometry": {"type": "Point", "coordinates": [6090.262632966042, 6380.616249963641]}}, {"type": "Feature", "properties": {"num": 727, "osm_id": 566739092, "housenumber": null, "area_m2": 224.3, "px_x": 6308.4, "px_y": 6357.6, "clat": 50.27041418208058, "clon": 82.2302378876952}, "geometry": {"type": "Point", "coordinates": [6308.364147178829, 6357.6247655414045]}}, {"type": "Feature", "properties": {"num": 728, "osm_id": 566738788, "housenumber": "47", "area_m2": 79.3, "px_x": 2357.0, "px_y": 6395.1, "clat": 50.270285550000004, "clon": 82.20904135}, "geometry": {"type": "Point", "coordinates": [2357.043132022023, 6395.140468649566]}}, {"type": "Feature", "properties": {"num": 729, "osm_id": 566738863, "housenumber": "24", "area_m2": 69.8, "px_x": 3624.3, "px_y": 6412.2, "clat": 50.270227218531666, "clon": 82.21583941071214}, "geometry": {"type": "Point", "coordinates": [3624.2934981137514, 6412.152879096568]}}, {"type": "Feature", "properties": {"num": 730, "osm_id": 566738962, "housenumber": "6", "area_m2": 143.2, "px_x": 4475.0, "px_y": 6412.9, "clat": 50.2702247, "clon": 82.22040305}, "geometry": {"type": "Point", "coordinates": [4475.017521210015, 6412.887410022318]}}, {"type": "Feature", "properties": {"num": 731, "osm_id": 566738967, "housenumber": "13", "area_m2": 172.7, "px_x": 4569.3, "px_y": 6401.7, "clat": 50.27026305, "clon": 82.2209089}, "geometry": {"type": "Point", "coordinates": [4569.314795799553, 6401.70261066407]}}, {"type": "Feature", "properties": {"num": 732, "osm_id": 566738931, "housenumber": "20", "area_m2": 175.3, "px_x": 5421.3, "px_y": 6402.4, "clat": 50.27026078402396, "clon": 82.22547919798481}, "geometry": {"type": "Point", "coordinates": [5421.280089974403, 6402.363484118134]}}, {"type": "Feature", "properties": {"num": 733, "osm_id": 566739101, "housenumber": "21", "area_m2": 163.7, "px_x": 5954.2, "px_y": 6396.7, "clat": 50.27028007869183, "clon": 82.22833783215303}, "geometry": {"type": "Point", "coordinates": [5954.168122261763, 6396.736180096865]}}, {"type": "Feature", "properties": {"num": 734, "osm_id": 566738968, "housenumber": "15", "area_m2": 155.8, "px_x": 4618.4, "px_y": 6470.0, "clat": 50.27002883395469, "clon": 82.22117224768326}, "geometry": {"type": "Point", "coordinates": [4618.4063620865345, 6470.011713262647]}}, {"type": "Feature", "properties": {"num": 735, "osm_id": 566738923, "housenumber": "15", "area_m2": 337.2, "px_x": 5151.5, "px_y": 6453.5, "clat": 50.2700853, "clon": 82.22403215}, "geometry": {"type": "Point", "coordinates": [5151.530794374645, 6453.543423578143]}}, {"type": "Feature", "properties": {"num": 736, "osm_id": 566738929, "housenumber": "22", "area_m2": 147.3, "px_x": 5356.2, "px_y": 6472.1, "clat": 50.27002168506792, "clon": 82.22512999727553}, "geometry": {"type": "Point", "coordinates": [5356.184359677136, 6472.0966805927455]}}, {"type": "Feature", "properties": {"num": 737, "osm_id": 351094499, "housenumber": "20а", "area_m2": 463.2, "px_x": 5512.6, "px_y": 6468.2, "clat": 50.27003518712218, "clon": 82.2259689717021}, "geometry": {"type": "Point", "coordinates": [5512.580528266728, 6468.15881658718]}}, {"type": "Feature", "properties": {"num": 738, "osm_id": 566739129, "housenumber": null, "area_m2": 249.2, "px_x": 5590.1, "px_y": 6478.1, "clat": 50.270001003579914, "clon": 82.2263850373922}, "geometry": {"type": "Point", "coordinates": [5590.140794411302, 6478.128418900073]}}, {"type": "Feature", "properties": {"num": 739, "osm_id": 566739128, "housenumber": "29", "area_m2": 143.7, "px_x": 5691.0, "px_y": 6467.6, "clat": 50.27003703397534, "clon": 82.2269258979699}, "geometry": {"type": "Point", "coordinates": [5690.9645137265325, 6467.620183162391]}}, {"type": "Feature", "properties": {"num": 740, "osm_id": 566739122, "housenumber": "24", "area_m2": 172.8, "px_x": 5864.4, "px_y": 6460.7, "clat": 50.2700606, "clon": 82.22785615}, "geometry": {"type": "Point", "coordinates": [5864.376060865819, 6460.747166790068]}}, {"type": "Feature", "properties": {"num": 741, "osm_id": 566739099, "housenumber": "23", "area_m2": 170.8, "px_x": 6011.8, "px_y": 6477.4, "clat": 50.27000358450164, "clon": 82.22864694634028}, "geometry": {"type": "Point", "coordinates": [6011.791183240712, 6477.375695429742]}}, {"type": "Feature", "properties": {"num": 742, "osm_id": 566738970, "housenumber": "17", "area_m2": 141.5, "px_x": 4665.6, "px_y": 6534.5, "clat": 50.269807699999994, "clon": 82.22142550000001}, "geometry": {"type": "Point", "coordinates": [4665.616015642881, 6534.50511616841]}}, {"type": "Feature", "properties": {"num": 743, "osm_id": 566738926, "housenumber": "17", "area_m2": 317.6, "px_x": 5229.3, "px_y": 6541.1, "clat": 50.269785049999996, "clon": 82.2244496}, "geometry": {"type": "Point", "coordinates": [5229.349114596844, 6541.1109394952655]}}, {"type": "Feature", "properties": {"num": 744, "osm_id": 566738927, "housenumber": "19", "area_m2": 163.9, "px_x": 5297.9, "px_y": 6512.9, "clat": 50.2698816172651, "clon": 82.22481745435819}, "geometry": {"type": "Point", "coordinates": [5297.922137081623, 6512.947284407914]}}, {"type": "Feature", "properties": {"num": 745, "osm_id": 566739136, "housenumber": "24", "area_m2": 328.5, "px_x": 5401.6, "px_y": 6564.4, "clat": 50.26970527860229, "clon": 82.22537346912891}, "geometry": {"type": "Point", "coordinates": [5401.570802718401, 6564.376069433987]}}, {"type": "Feature", "properties": {"num": 746, "osm_id": 566739130, "housenumber": "35", "area_m2": 153.7, "px_x": 5639.5, "px_y": 6520.7, "clat": 50.26985515, "clon": 82.22664999999999}, "geometry": {"type": "Point", "coordinates": [5639.533404447138, 6520.666416492313]}}, {"type": "Feature", "properties": {"num": 747, "osm_id": 566739125, "housenumber": "31", "area_m2": 210.7, "px_x": 5748.5, "px_y": 6548.4, "clat": 50.26976015, "clon": 82.2272344}, "geometry": {"type": "Point", "coordinates": [5748.473460331559, 6548.372966811061]}}, {"type": "Feature", "properties": {"num": 748, "osm_id": 566738972, "housenumber": "19", "area_m2": 150.4, "px_x": 4713.7, "px_y": 6602.4, "clat": 50.2695749, "clon": 82.22168355}, "geometry": {"type": "Point", "coordinates": [4713.720022179186, 6602.400580950081]}}, {"type": "Feature", "properties": {"num": 749, "osm_id": 566739003, "housenumber": "20", "area_m2": 343.4, "px_x": 5122.5, "px_y": 6603.1, "clat": 50.269572407503034, "clon": 82.22387641323444}, "geometry": {"type": "Point", "coordinates": [5122.499357104301, 6603.1275088861585]}}, {"type": "Feature", "properties": {"num": 750, "osm_id": 566739134, "housenumber": "28", "area_m2": 143.6, "px_x": 5527.7, "px_y": 6605.9, "clat": 50.26956299429871, "clon": 82.22605023564779}, "geometry": {"type": "Point", "coordinates": [5527.729225710034, 6605.872836306691]}}, {"type": "Feature", "properties": {"num": 751, "osm_id": 566739131, "housenumber": "37", "area_m2": 176.2, "px_x": 5690.1, "px_y": 6591.3, "clat": 50.2696131059456, "clon": 82.22692126532328}, "geometry": {"type": "Point", "coordinates": [5690.1009258031845, 6591.257947213948]}}, {"type": "Feature", "properties": {"num": 752, "osm_id": 566739123, "housenumber": "26", "area_m2": 160.8, "px_x": 5907.8, "px_y": 6588.8, "clat": 50.2696217, "clon": 82.22808885}, "geometry": {"type": "Point", "coordinates": [5907.754484906793, 6588.751519329846]}}, {"type": "Feature", "properties": {"num": 753, "osm_id": 1496915926, "housenumber": "10", "area_m2": 145.7, "px_x": 4623.5, "px_y": 6659.6, "clat": 50.26937886300732, "clon": 82.22119980098618}, "geometry": {"type": "Point", "coordinates": [4623.542670026422, 6659.57396069169]}}, {"type": "Feature", "properties": {"num": 754, "osm_id": 566738974, "housenumber": "21", "area_m2": 168.8, "px_x": 4763.8, "px_y": 6670.7, "clat": 50.2693406, "clon": 82.22195205}, "geometry": {"type": "Point", "coordinates": [4763.772049926221, 6670.7331813797355]}}, {"type": "Feature", "properties": {"num": 755, "osm_id": 566739140, "housenumber": "21", "area_m2": 824.0, "px_x": 5297.1, "px_y": 6638.1, "clat": 50.26945262027769, "clon": 82.22481290017029}, "geometry": {"type": "Point", "coordinates": [5297.073174923658, 6638.062984853983]}}, {"type": "Feature", "properties": {"num": 756, "osm_id": 566739133, "housenumber": "30", "area_m2": 133.0, "px_x": 5580.2, "px_y": 6679.0, "clat": 50.269312150000005, "clon": 82.22633185}, "geometry": {"type": "Point", "coordinates": [5580.225945882499, 6679.030480220914]}}, {"type": "Feature", "properties": {"num": 757, "osm_id": 566739124, "housenumber": "33", "area_m2": 115.5, "px_x": 5824.4, "px_y": 6654.9, "clat": 50.26939480219153, "clon": 82.22764182119124}, "geometry": {"type": "Point", "coordinates": [5824.422275096178, 6654.925372198224]}}, {"type": "Feature", "properties": {"num": 758, "osm_id": 566738976, "housenumber": "23", "area_m2": 168.0, "px_x": 4812.8, "px_y": 6736.3, "clat": 50.26911565, "clon": 82.2222153}, "geometry": {"type": "Point", "coordinates": [4812.845406726003, 6736.338577643037]}}, {"type": "Feature", "properties": {"num": 759, "osm_id": 566739001, "housenumber": "22", "area_m2": 300.3, "px_x": 4997.1, "px_y": 6729.6, "clat": 50.26913865, "clon": 82.2232037}, "geometry": {"type": "Point", "coordinates": [4997.096521101892, 6729.630771845579]}}, {"type": "Feature", "properties": {"num": 760, "osm_id": 566739142, "housenumber": "24", "area_m2": 786.2, "px_x": 5187.7, "px_y": 6718.0, "clat": 50.26917865044758, "clon": 82.22422604157543}, "geometry": {"type": "Point", "coordinates": [5187.674803733826, 6717.964884378016]}}, {"type": "Feature", "properties": {"num": 761, "osm_id": 566739135, "housenumber": "26", "area_m2": 319.5, "px_x": 5505.5, "px_y": 6705.7, "clat": 50.26922061146926, "clon": 82.22593104520607}, "geometry": {"type": "Point", "coordinates": [5505.51051697135, 6705.727196857333]}}, {"type": "Feature", "properties": {"num": 762, "osm_id": 566739132, "housenumber": "41", "area_m2": 151.9, "px_x": 5697.9, "px_y": 6724.6, "clat": 50.2691559, "clon": 82.22696335}, "geometry": {"type": "Point", "coordinates": [5697.9460781514645, 6724.599915370345]}}, {"type": "Feature", "properties": {"num": 763, "osm_id": 566739108, "housenumber": "39", "area_m2": 75.7, "px_x": 5763.3, "px_y": 6696.4, "clat": 50.269252699999996, "clon": 82.22731420000001}, "geometry": {"type": "Point", "coordinates": [5763.34925852716, 6696.368756532669]}}, {"type": "Feature", "properties": {"num": 764, "osm_id": 566738979, "housenumber": "25", "area_m2": 158.7, "px_x": 4861.7, "px_y": 6803.9, "clat": 50.2688841046823, "clon": 82.22247726568959}, "geometry": {"type": "Point", "coordinates": [4861.679350703955, 6803.867137368768]}}, {"type": "Feature", "properties": {"num": 765, "osm_id": 566738999, "housenumber": null, "area_m2": 242.2, "px_x": 5053.0, "px_y": 6791.1, "clat": 50.268928, "clon": 82.22350355}, "geometry": {"type": "Point", "coordinates": [5052.992612414062, 6791.0654026046395]}}, {"type": "Feature", "properties": {"num": 766, "osm_id": 1496915928, "housenumber": "23", "area_m2": 290.3, "px_x": 5387.2, "px_y": 6774.4, "clat": 50.26898512984536, "clon": 82.22529628405005}, "geometry": {"type": "Point", "coordinates": [5387.182461164892, 6774.403901070356]}}, {"type": "Feature", "properties": {"num": 767, "osm_id": 566739109, "housenumber": "43", "area_m2": 67.6, "px_x": 5650.9, "px_y": 6779.6, "clat": 50.268967366988015, "clon": 82.22671074284791}, "geometry": {"type": "Point", "coordinates": [5650.856691993773, 6779.584310635924]}}, {"type": "Feature", "properties": {"num": 768, "osm_id": 566738993, "housenumber": null, "area_m2": 119.3, "px_x": 4974.0, "px_y": 6860.5, "clat": 50.26868975, "clon": 82.22308}, "geometry": {"type": "Point", "coordinates": [4974.037169776857, 6860.549056969583]}}, {"type": "Feature", "properties": {"num": 769, "osm_id": 1496915927, "housenumber": "24а", "area_m2": 310.9, "px_x": 5283.1, "px_y": 6839.3, "clat": 50.26876277978516, "clon": 82.22473803912177}, "geometry": {"type": "Point", "coordinates": [5283.118064031005, 6839.250557295978]}}, {"type": "Feature", "properties": {"num": 770, "osm_id": 566738991, "housenumber": null, "area_m2": 93.9, "px_x": 4926.1, "px_y": 6896.3, "clat": 50.2685671, "clon": 82.22282305}, "geometry": {"type": "Point", "coordinates": [4926.138218097389, 6896.318785883486]}}, {"type": "Feature", "properties": {"num": 771, "osm_id": 566738996, "housenumber": null, "area_m2": 152.3, "px_x": 5037.2, "px_y": 6874.4, "clat": 50.26864239783807, "clon": 82.22341876495699}, "geometry": {"type": "Point", "coordinates": [5037.187534853816, 6874.358884401619]}}, {"type": "Feature", "properties": {"num": 772, "osm_id": 566739139, "housenumber": "25", "area_m2": 761.8, "px_x": 5470.7, "px_y": 6876.7, "clat": 50.26863429769057, "clon": 82.22574441709881}, "geometry": {"type": "Point", "coordinates": [5470.720516227186, 6876.7212173864245]}}, {"type": "Feature", "properties": {"num": 773, "osm_id": 566739090, "housenumber": null, "area_m2": 97.6, "px_x": 5744.5, "px_y": 6928.5, "clat": 50.26845673456732, "clon": 82.22721291405963}, "geometry": {"type": "Point", "coordinates": [5744.46819075197, 6928.505756534636]}}, {"type": "Feature", "properties": {"num": 774, "osm_id": 566739087, "housenumber": null, "area_m2": 43.5, "px_x": 5782.1, "px_y": 6909.0, "clat": 50.26852373291435, "clon": 82.22741470223573}, "geometry": {"type": "Point", "coordinates": [5782.084233157337, 6908.966370016336]}}, {"type": "Feature", "properties": {"num": 775, "osm_id": 566739144, "housenumber": "26", "area_m2": 690.2, "px_x": 5363.0, "px_y": 6951.3, "clat": 50.26837861786486, "clon": 82.22516632009793}, "geometry": {"type": "Point", "coordinates": [5362.955424532294, 6951.287663631141]}}, {"type": "Feature", "properties": {"num": 776, "osm_id": 566739091, "housenumber": null, "area_m2": 411.9, "px_x": 5695.0, "px_y": 6970.0, "clat": 50.26831438281175, "clon": 82.22694770463471}, "geometry": {"type": "Point", "coordinates": [5695.029570676386, 6970.021107040346]}}, {"type": "Feature", "properties": {"num": 777, "osm_id": 566738989, "housenumber": "14", "area_m2": 99.8, "px_x": 4925.5, "px_y": 7038.1, "clat": 50.26808095, "clon": 82.22281955}, "geometry": {"type": "Point", "coordinates": [4925.48577080667, 7038.098994269967]}}, {"type": "Feature", "properties": {"num": 778, "osm_id": 351094490, "housenumber": "27", "area_m2": 786.7, "px_x": 5495.6, "px_y": 7021.6, "clat": 50.26813764371735, "clon": 82.22587810846825}, "geometry": {"type": "Point", "coordinates": [5495.642393812537, 7021.564980451018]}}, {"type": "Feature", "properties": {"num": 779, "osm_id": 351094495, "housenumber": "28", "area_m2": 494.6, "px_x": 5226.2, "px_y": 7079.5, "clat": 50.26793913667365, "clon": 82.22443246952422}, "geometry": {"type": "Point", "coordinates": [5226.155762463808, 7079.456991583109]}}, {"type": "Feature", "properties": {"num": 780, "osm_id": 351094492, "housenumber": "33а", "area_m2": 564.0, "px_x": 5641.2, "px_y": 7087.7, "clat": 50.26791098906529, "clon": 82.22665903934656}, "geometry": {"type": "Point", "coordinates": [5641.218460768461, 7087.665857870132]}}, {"type": "Feature", "properties": {"num": 781, "osm_id": 566738909, "housenumber": null, "area_m2": 64.8, "px_x": 4575.0, "px_y": 7112.5, "clat": 50.267825917310226, "clon": 82.22093929398329}, "geometry": {"type": "Point", "coordinates": [4574.9806449487805, 7112.475846096873]}}, {"type": "Feature", "properties": {"num": 782, "osm_id": 566738908, "housenumber": null, "area_m2": 85.7, "px_x": 4661.5, "px_y": 7157.4, "clat": 50.26767170643496, "clon": 82.22140361723626}, "geometry": {"type": "Point", "coordinates": [4661.536772824824, 7157.449179306626]}}, {"type": "Feature", "properties": {"num": 783, "osm_id": 566739007, "housenumber": "16", "area_m2": 297.7, "px_x": 4964.3, "px_y": 7127.1, "clat": 50.26777564089016, "clon": 82.22302788454537}, "geometry": {"type": "Point", "coordinates": [4964.322144903243, 7127.138240404427]}}, {"type": "Feature", "properties": {"num": 784, "osm_id": 351094493, "housenumber": "27", "area_m2": 575.3, "px_x": 5100.6, "px_y": 7134.8, "clat": 50.26774945730797, "clon": 82.22375911353706}, "geometry": {"type": "Point", "coordinates": [5100.633108668029, 7134.774299167097]}}, {"type": "Feature", "properties": {"num": 785, "osm_id": 351094488, "housenumber": "30", "area_m2": 399.2, "px_x": 5419.7, "px_y": 7134.9, "clat": 50.26774914510778, "clon": 82.22547063373388}, "geometry": {"type": "Point", "coordinates": [5419.683597892523, 7134.865347765386]}}, {"type": "Feature", "properties": {"num": 786, "osm_id": 566738907, "housenumber": null, "area_m2": 71.4, "px_x": 4408.1, "px_y": 7190.2, "clat": 50.26755935, "clon": 82.22004414999999}, "geometry": {"type": "Point", "coordinates": [4408.113712064922, 7190.216189004481]}}, {"type": "Feature", "properties": {"num": 787, "osm_id": 351094497, "housenumber": "33", "area_m2": 372.5, "px_x": 5478.8, "px_y": 7224.6, "clat": 50.2674415, "clon": 82.2257879}, "geometry": {"type": "Point", "coordinates": [5478.826316513121, 7224.5852285809815]}}, {"type": "Feature", "properties": {"num": 788, "osm_id": 566739083, "housenumber": "33/1", "area_m2": 583.7, "px_x": 5858.1, "px_y": 7206.1, "clat": 50.26750481068581, "clon": 82.22782231090363}, "geometry": {"type": "Point", "coordinates": [5858.067996107042, 7206.12170528993]}}, {"type": "Feature", "properties": {"num": 789, "osm_id": 566739009, "housenumber": "18", "area_m2": 302.8, "px_x": 5002.5, "px_y": 7244.5, "clat": 50.26737332641157, "clon": 82.22323266793649}, "geometry": {"type": "Point", "coordinates": [5002.4965358525515, 7244.4669102318585]}}, {"type": "Feature", "properties": {"num": 790, "osm_id": 566739011, "housenumber": null, "area_m2": 123.3, "px_x": 5324.3, "px_y": 7467.0, "clat": 50.26661025, "clon": 82.22495895}, "geometry": {"type": "Point", "coordinates": [5324.298836477101, 7467.003382727504]}}, {"type": "Feature", "properties": {"num": 791, "osm_id": 566739080, "housenumber": "24", "area_m2": 258.6, "px_x": 5606.2, "px_y": 7443.3, "clat": 50.2666917, "clon": 82.22647145}, "geometry": {"type": "Point", "coordinates": [5606.249272041023, 7443.25023599714]}}, {"type": "Feature", "properties": {"num": 792, "osm_id": 351094486, "housenumber": null, "area_m2": 248.9, "px_x": 5296.0, "px_y": 7525.4, "clat": 50.26640999089005, "clon": 82.22480716784999}, "geometry": {"type": "Point", "coordinates": [5296.004592970014, 7525.404487147927]}}, {"type": "Feature", "properties": {"num": 793, "osm_id": 566739046, "housenumber": "1", "area_m2": 94.9, "px_x": 6304.6, "px_y": 7491.8, "clat": 50.266525099999996, "clon": 82.2302175}, "geometry": {"type": "Point", "coordinates": [6304.5636053308845, 7491.835511725396]}}, {"type": "Feature", "properties": {"num": 794, "osm_id": 566739041, "housenumber": "4", "area_m2": 73.8, "px_x": 5978.9, "px_y": 7560.4, "clat": 50.266289916941766, "clon": 82.22847054941556}, "geometry": {"type": "Point", "coordinates": [5978.908413141966, 7560.421259209514]}}, {"type": "Feature", "properties": {"num": 795, "osm_id": 566739039, "housenumber": null, "area_m2": 43.3, "px_x": 6003.5, "px_y": 7559.9, "clat": 50.26629179421292, "clon": 82.22860248225744}, "geometry": {"type": "Point", "coordinates": [6003.502477437258, 7559.87379745394]}}, {"type": "Feature", "properties": {"num": 796, "osm_id": 566739044, "housenumber": "2", "area_m2": 65.2, "px_x": 6018.3, "px_y": 7537.3, "clat": 50.26636905, "clon": 82.22868175}, "geometry": {"type": "Point", "coordinates": [6018.279055647552, 7537.343954667449]}}, {"type": "Feature", "properties": {"num": 797, "osm_id": 566739055, "housenumber": "7", "area_m2": 63.9, "px_x": 6085.0, "px_y": 7588.3, "clat": 50.2661942843465, "clon": 82.22903982675867}, "geometry": {"type": "Point", "coordinates": [6085.029401473701, 7588.310216426849]}}, {"type": "Feature", "properties": {"num": 798, "osm_id": 566739052, "housenumber": "5", "area_m2": 61.7, "px_x": 6182.3, "px_y": 7559.8, "clat": 50.26629197273215, "clon": 82.22956181683432}, "geometry": {"type": "Point", "coordinates": [6182.3354042470455, 7559.821736540645]}}, {"type": "Feature", "properties": {"num": 799, "osm_id": 566739050, "housenumber": null, "area_m2": 39.6, "px_x": 6205.4, "px_y": 7551.0, "clat": 50.266322367078686, "clon": 82.22968559920089}, "geometry": {"type": "Point", "coordinates": [6205.410109803081, 7550.957940820605]}}, {"type": "Feature", "properties": {"num": 800, "osm_id": 566739048, "housenumber": "3", "area_m2": 54.3, "px_x": 6233.3, "px_y": 7531.9, "clat": 50.2663877, "clon": 82.22983535}, "geometry": {"type": "Point", "coordinates": [6233.325682066381, 7531.90511303395]}}, {"type": "Feature", "properties": {"num": 801, "osm_id": 351094484, "housenumber": "22", "area_m2": 382.1, "px_x": 5258.0, "px_y": 7599.2, "clat": 50.26615683999984, "clon": 82.22460351682179}, "geometry": {"type": "Point", "coordinates": [5258.0412897616625, 7599.229948557913]}}, {"type": "Feature", "properties": {"num": 802, "osm_id": 566739034, "housenumber": "6", "area_m2": 78.0, "px_x": 5879.1, "px_y": 7630.0, "clat": 50.26605141655441, "clon": 82.22793491756927}, "geometry": {"type": "Point", "coordinates": [5879.059400014579, 7629.974083792418]}}, {"type": "Feature", "properties": {"num": 803, "osm_id": 566739036, "housenumber": null, "area_m2": 42.1, "px_x": 5929.2, "px_y": 7603.7, "clat": 50.26614165, "clon": 82.22820405}, "geometry": {"type": "Point", "coordinates": [5929.22932138294, 7603.659739762545]}}, {"type": "Feature", "properties": {"num": 804, "osm_id": 566739057, "housenumber": "9", "area_m2": 73.7, "px_x": 5990.5, "px_y": 7643.8, "clat": 50.26600400191145, "clon": 82.2285328679234}, "geometry": {"type": "Point", "coordinates": [5990.525425001979, 7643.80136718601]}}, {"type": "Feature", "properties": {"num": 805, "osm_id": 566739028, "housenumber": "10", "area_m2": 63.0, "px_x": 5721.5, "px_y": 7707.6, "clat": 50.26578536860785, "clon": 82.22708984533094}, "geometry": {"type": "Point", "coordinates": [5721.526516936719, 7707.560071572661]}}, {"type": "Feature", "properties": {"num": 806, "osm_id": 566739032, "housenumber": "8", "area_m2": 62.3, "px_x": 5786.6, "px_y": 7675.3, "clat": 50.26589585, "clon": 82.2274387}, "geometry": {"type": "Point", "coordinates": [5786.557740658522, 7675.3410898]}}, {"type": "Feature", "properties": {"num": 807, "osm_id": 566739059, "housenumber": "11", "area_m2": 74.2, "px_x": 5953.4, "px_y": 7656.4, "clat": 50.26596069837978, "clon": 82.22833393196187}, "geometry": {"type": "Point", "coordinates": [5953.441073924303, 7656.429736752063]}}, {"type": "Feature", "properties": {"num": 808, "osm_id": 566739025, "housenumber": "14", "area_m2": 70.4, "px_x": 5638.6, "px_y": 7742.7, "clat": 50.265664847481084, "clon": 82.22664498172438}, "geometry": {"type": "Point", "coordinates": [5638.597930058837, 7742.706791706383]}}, {"type": "Feature", "properties": {"num": 809, "osm_id": 566739061, "housenumber": "17", "area_m2": 37.0, "px_x": 5754.4, "px_y": 7763.9, "clat": 50.2655922166025, "clon": 82.22726596800466}, "geometry": {"type": "Point", "coordinates": [5754.358162924647, 7763.887575976551]}}, {"type": "Feature", "properties": {"num": 810, "osm_id": 566739021, "housenumber": "20", "area_m2": 97.0, "px_x": 5473.4, "px_y": 7827.9, "clat": 50.265372649999996, "clon": 82.2257588}, "geometry": {"type": "Point", "coordinates": [5473.4016833379865, 7827.917898412794]}}, {"type": "Feature", "properties": {"num": 811, "osm_id": 566739023, "housenumber": "18", "area_m2": 58.7, "px_x": 5543.7, "px_y": 7789.8, "clat": 50.265503274387285, "clon": 82.22613578444984}, "geometry": {"type": "Point", "coordinates": [5543.676678277552, 7789.825065847486]}}, {"type": "Feature", "properties": {"num": 812, "osm_id": 566739071, "housenumber": "23", "area_m2": 63.6, "px_x": 5612.0, "px_y": 7826.3, "clat": 50.26537816916572, "clon": 82.22650253858764}, "geometry": {"type": "Point", "coordinates": [5612.044604808092, 7826.308395132422]}}, {"type": "Feature", "properties": {"num": 813, "osm_id": 566739070, "housenumber": "21", "area_m2": 58.7, "px_x": 5625.5, "px_y": 7802.1, "clat": 50.2654612, "clon": 82.22657455}, "geometry": {"type": "Point", "coordinates": [5625.468505032361, 7802.094857987016]}}, {"type": "Feature", "properties": {"num": 814, "osm_id": 566739072, "housenumber": null, "area_m2": 45.0, "px_x": 5484.1, "px_y": 7886.6, "clat": 50.2651713, "clon": 82.2258164}, "geometry": {"type": "Point", "coordinates": [5484.139101579785, 7886.635610051453]}}, {"type": "Feature", "properties": {"num": 815, "osm_id": 566739076, "housenumber": "25", "area_m2": 95.6, "px_x": 5523.8, "px_y": 7868.8, "clat": 50.265232533404024, "clon": 82.22602900432979}, "geometry": {"type": "Point", "coordinates": [5523.771421179175, 7868.778743542731]}}, {"type": "Feature", "properties": {"num": 816, "osm_id": 566739069, "housenumber": "43", "area_m2": 89.7, "px_x": 5696.3, "px_y": 7888.2, "clat": 50.26516599337777, "clon": 82.22695432773276}, "geometry": {"type": "Point", "coordinates": [5696.264205634594, 7888.183124512434]}}, {"type": "Feature", "properties": {"num": 817, "osm_id": 566739068, "housenumber": "45", "area_m2": 71.9, "px_x": 5784.5, "px_y": 7883.3, "clat": 50.26518267599953, "clon": 82.22742774303786}, "geometry": {"type": "Point", "coordinates": [5784.5152148753405, 7883.318146288395]}}, {"type": "Feature", "properties": {"num": 818, "osm_id": 566739015, "housenumber": "32", "area_m2": 35.3, "px_x": 5204.8, "px_y": 7895.2, "clat": 50.26514204066037, "clon": 82.22431807913931}, "geometry": {"type": "Point", "coordinates": [5204.831849172711, 7895.168201595545]}}, {"type": "Feature", "properties": {"num": 819, "osm_id": 566739017, "housenumber": "28", "area_m2": 54.8, "px_x": 5333.3, "px_y": 7909.6, "clat": 50.2650927, "clon": 82.22500744999999}, "geometry": {"type": "Point", "coordinates": [5333.3398917764425, 7909.556884303689]}}, {"type": "Feature", "properties": {"num": 820, "osm_id": 566739067, "housenumber": "39", "area_m2": 85.6, "px_x": 5882.9, "px_y": 7897.7, "clat": 50.26513352438906, "clon": 82.2279553409415}, "geometry": {"type": "Point", "coordinates": [5882.866592541337, 7897.651710681617]}}, {"type": "Feature", "properties": {"num": 821, "osm_id": 566739066, "housenumber": "41", "area_m2": 69.7, "px_x": 5901.0, "px_y": 7942.9, "clat": 50.264978430445304, "clon": 82.22805261249383}, "geometry": {"type": "Point", "coordinates": [5900.999324142933, 7942.880020417273]}}]}