{"type": "FeatureCollection", "village": "с. Винное", "key": "vinnoe", "features": [{"type": "Feature", "properties": {"osm_id": 75615072, "building": "yes", "housenumber": null, "street": null, "levels": null, "area_m2": 1523.2, "clat": 50.05137281869412, "clon": 82.82322960511813}, "geometry": {"type": "Polygon", "coordinates": [[[82.8227085, 50.0514243], [82.8228282, 50.0515882], [82.8232054, 50.0514746], [82.8232364, 50.0515172], [82.8233957, 50.0514693], [82.8233646, 50.0514267], [82.8237443, 50.0513124], [82.8236246, 50.0511485], [82.8227085, 50.0514243]]]}}, {"type": "Feature", "properties": {"osm_id": 75615105, "building": "yes", "housenumber": null, "street": null, "levels": null, "area_m2": 71.1, "clat": 50.05372742899783, "clon": 82.83480834054346}, "geometry": {"type": "Polygon", "coordinates": [[[82.8348695, 50.0536906], [82.8348737, 50.0537612], [82.8347471, 50.0537642], [82.834743, 50.0536937], [82.8348695, 50.0536906]]]}}, {"type": "Feature", "properties": {"osm_id": 75615152, "building": "yes", "housenumber": null, "street": null, "levels": null, "area_m2": 2782.9, "clat": 50.05199800051592, "clon": 82.82541503271179}, "geometry": {"type": "Polygon", "coordinates": [[[82.8248397, 50.0519795], [82.8250625, 50.0522906], [82.8259904, 50.0520165], [82.8257675, 50.0517054], [82.8248397, 50.0519795]]]}}, {"type": "Feature", "properties": {"osm_id": 714382183, "building": "school", "housenumber": null, "street": null, "levels": null, "area_m2": 1212.5, "clat": 50.05781473494528, "clon": 82.8264239047184}, "geometry": {"type": "Polygon", "coordinates": [[[82.8266537, 50.0578687], [82.8266266, 50.0579446], [82.8267667, 50.0579651], [82.8268432, 50.0577505], [82.8267032, 50.0577299], [82.8266951, 50.0577526], [82.8263915, 50.0577079], [82.8264309, 50.0575973], [82.8262577, 50.0575719], [82.8260941, 50.0580308], [82.8262673, 50.0580562], [82.8263501, 50.0578241], [82.8266537, 50.0578687]]]}}, {"type": "Feature", "properties": {"osm_id": 980488616, "building": "yes", "housenumber": null, "street": null, "levels": null, "area_m2": 61.9, "clat": 50.05357528276822, "clon": 82.83471939398258}, "geometry": {"type": "Polygon", "coordinates": [[[82.8347012, 50.053624], [82.8347966, 50.0535825], [82.8347376, 50.0535266], [82.8346422, 50.053568], [82.8347012, 50.053624]]]}}, {"type": "Feature", "properties": {"osm_id": 980751688, "building": "yes", "housenumber": null, "street": null, "levels": null, "area_m2": 578.2, "clat": 50.057934450000005, "clon": 82.8245756}, "geometry": {"type": "Polygon", "coordinates": [[[82.8243251, 50.058042], [82.8244841, 50.0581188], [82.8248261, 50.0578269], [82.8246671, 50.0577501], [82.8243251, 50.058042]]]}}, {"type": "Feature", "properties": {"osm_id": 980751689, "building": "yes", "housenumber": null, "street": null, "levels": null, "area_m2": 383.6, "clat": 50.05828735728457, "clon": 82.82485558989939}, "geometry": {"type": "Polygon", "coordinates": [[[82.8248031, 50.0581634], [82.8246563, 50.0582761], [82.8249081, 50.0584113], [82.8250549, 50.0582986], [82.8249371, 50.0582354], [82.8248031, 50.0581634]]]}}, {"type": "Feature", "properties": {"osm_id": 980751691, "building": "yes", "housenumber": null, "street": "Новая (Винное)", "levels": null, "area_m2": 656.6, "clat": 50.05169689880245, "clon": 82.82355983524909}, "geometry": {"type": "Polygon", "coordinates": [[[82.8232402, 50.0517175], [82.8233296, 50.0518408], [82.8238795, 50.0516763], [82.82379, 50.051553], [82.8232402, 50.0517175]]]}}, {"type": "Feature", "properties": {"osm_id": 980751692, "building": "yes", "housenumber": null, "street": null, "levels": null, "area_m2": 1121.0, "clat": 50.0504095, "clon": 82.82412005}, "geometry": {"type": "Polygon", "coordinates": [[[82.8235929, 50.0504861], [82.8236763, 50.0506076], [82.8246472, 50.0503329], [82.8245638, 50.0502114], [82.8235929, 50.0504861]]]}}, {"type": "Feature", "properties": {"osm_id": 980751693, "building": "yes", "housenumber": null, "street": null, "levels": null, "area_m2": 1896.0, "clat": 50.05097483195797, "clon": 82.82458390303883}, "geometry": {"type": "Polygon", "coordinates": [[[82.8239804, 50.051032], [82.8240986, 50.051207], [82.8244749, 50.0511023], [82.8245131, 50.0511589], [82.8246894, 50.0511099], [82.8246512, 50.0510532], [82.8251876, 50.0509039], [82.8250694, 50.0507289], [82.8239804, 50.051032]]]}}, {"type": "Feature", "properties": {"osm_id": 980751694, "building": "yes", "housenumber": null, "street": null, "levels": null, "area_m2": 1400.8, "clat": 50.051361251042636, "clon": 82.82488296489137}, "geometry": {"type": "Polygon", "coordinates": [[[82.8253561, 50.0513345], [82.8245325, 50.0515671], [82.8244098, 50.051388], [82.8252335, 50.0511554], [82.8253561, 50.0513345]]]}}, {"type": "Feature", "properties": {"osm_id": 981134331, "building": "yes", "housenumber": null, "street": null, "levels": null, "area_m2": 97.1, "clat": 50.05998597051062, "clon": 82.82870671944923}, "geometry": {"type": "Polygon", "coordinates": [[[82.8286099, 50.0600128], [82.8286922, 50.060053], [82.8288035, 50.0599592], [82.8287213, 50.0599189], [82.8286099, 50.0600128]]]}}, {"type": "Feature", "properties": {"osm_id": 981134332, "building": "yes", "housenumber": null, "street": null, "levels": null, "area_m2": 160.1, "clat": 50.05996586694455, "clon": 82.82842174651238}, "geometry": {"type": "Polygon", "coordinates": [[[82.8282975, 50.0599758], [82.8284387, 50.0600455], [82.828546, 50.059956], [82.8284048, 50.0598862], [82.8282975, 50.0599758]]]}}, {"type": "Feature", "properties": {"osm_id": 981134333, "building": "yes", "housenumber": null, "street": null, "levels": null, "area_m2": 126.9, "clat": 50.05980615, "clon": 82.82787450000001}, "geometry": {"type": "Polygon", "coordinates": [[[82.8277651, 50.0598174], [82.8278887, 50.0598776], [82.8279839, 50.0597949], [82.8278603, 50.0597347], [82.8277651, 50.0598174]]]}}, {"type": "Feature", "properties": {"osm_id": 981134334, "building": "yes", "housenumber": null, "street": null, "levels": null, "area_m2": 75.7, "clat": 50.059606198069936, "clon": 82.82775206564615}, "geometry": {"type": "Polygon", "coordinates": [[[82.8276685, 50.0596279], [82.8277463, 50.0596657], [82.8278106, 50.059611], [82.8277974, 50.0596045], [82.8278303, 50.0595766], [82.8277657, 50.0595453], [82.8276685, 50.0596279]]]}}, {"type": "Feature", "properties": {"osm_id": 981134335, "building": "yes", "housenumber": null, "street": null, "levels": null, "area_m2": 101.5, "clat": 50.059616409927855, "clon": 82.82753116392576}, "geometry": {"type": "Polygon", "coordinates": [[[82.8275377, 50.0595557], [82.8274211, 50.059626], [82.8275389, 50.0596754], [82.8276341, 50.0596085], [82.8275377, 50.0595557]]]}}, {"type": "Feature", "properties": {"osm_id": 981134336, "building": "yes", "housenumber": null, "street": null, "levels": null, "area_m2": 40.8, "clat": 50.059503050000004, "clon": 82.82757515}, "geometry": {"type": "Polygon", "coordinates": [[[82.8275116, 50.0595134], [82.8275663, 50.0595448], [82.8276387, 50.0594927], [82.827584, 50.0594613], [82.8275116, 50.0595134]]]}}, {"type": "Feature", "properties": {"osm_id": 981134337, "building": "yes", "housenumber": null, "street": null, "levels": null, "area_m2": 91.9, "clat": 50.05945549782702, "clon": 82.82736507555158}, "geometry": {"type": "Polygon", "coordinates": [[[82.8272722, 50.0594531], [82.8273953, 50.0595229], [82.8274383, 50.0594915], [82.8274014, 50.0594706], [82.8274435, 50.0594399], [82.8273574, 50.0593912], [82.8272722, 50.0594531]]]}}, {"type": "Feature", "properties": {"osm_id": 981134338, "building": "yes", "housenumber": null, "street": null, "levels": null, "area_m2": 74.6, "clat": 50.05910045, "clon": 82.82808925}, "geometry": {"type": "Polygon", "coordinates": [[[82.8280044, 50.0591109], [82.8280876, 50.0591559], [82.8281741, 50.05909], [82.8280909, 50.059045], [82.8280044, 50.0591109]]]}}, {"type": "Feature", "properties": {"osm_id": 981134339, "building": "yes", "housenumber": null, "street": null, "levels": null, "area_m2": 128.1, "clat": 50.05898551623306, "clon": 82.82787041036214}, "geometry": {"type": "Polygon", "coordinates": [[[82.8278967, 50.0590567], [82.8279843, 50.0589877], [82.8278442, 50.0589143], [82.8277565, 50.0589834], [82.8278967, 50.0590567]]]}}, {"type": "Feature", "properties": {"osm_id": 981134340, "building": "yes", "housenumber": null, "street": null, "levels": null, "area_m2": 26.3, "clat": 50.058842283969035, "clon": 82.8278976076723}, "geometry": {"type": "Polygon", "coordinates": [[[82.8278831, 50.0588096], [82.8278451, 50.0588379], [82.8279121, 50.058875], [82.8279501, 50.0588466], [82.8278831, 50.0588096]]]}}, {"type": "Feature", "properties": {"osm_id": 981134341, "building": "yes", "housenumber": null, "street": null, "levels": null, "area_m2": 33.7, "clat": 50.05888935513395, "clon": 82.82821523756581}, "geometry": {"type": "Polygon", "coordinates": [[[82.8281821, 50.0588492], [82.8281491, 50.0588731], [82.8282483, 50.0589295], [82.8282814, 50.0589056], [82.8281821, 50.0588492]]]}}, {"type": "Feature", "properties": {"osm_id": 981134342, "building": "yes", "housenumber": null, "street": null, "levels": null, "area_m2": 57.1, "clat": 50.05878423288159, "clon": 82.82805555705376}, "geometry": {"type": "Polygon", "coordinates": [[[82.8280353, 50.0587377], [82.8279806, 50.058789], [82.8280758, 50.0588308], [82.8281305, 50.0587794], [82.8280353, 50.0587377]]]}}, {"type": "Feature", "properties": {"osm_id": 981134343, "building": "yes", "housenumber": null, "street": null, "levels": null, "area_m2": 180.3, "clat": 50.058656054652744, "clon": 82.82824321607637}, "geometry": {"type": "Polygon", "coordinates": [[[82.8282318, 50.0587463], [82.8283732, 50.058621], [82.8282547, 50.0585658], [82.8281132, 50.0586911], [82.8282318, 50.0587463]]]}}, {"type": "Feature", "properties": {"osm_id": 981134344, "building": "yes", "housenumber": null, "street": null, "levels": null, "area_m2": 101.8, "clat": 50.058893302348544, "clon": 82.82882796788529}, "geometry": {"type": "Polygon", "coordinates": [[[82.8287306, 50.0589081], [82.8288596, 50.0589542], [82.8289253, 50.0588785], [82.8287964, 50.0588324], [82.8287306, 50.0589081]]]}}, {"type": "Feature", "properties": {"osm_id": 981134345, "building": "yes", "housenumber": null, "street": null, "levels": null, "area_m2": 39.7, "clat": 50.05860535, "clon": 82.82860889999999}, "geometry": {"type": "Polygon", "coordinates": [[[82.8285509, 50.0586206], [82.828624, 50.0586444], [82.8286669, 50.0585901], [82.8285938, 50.0585663], [82.8285509, 50.0586206]]]}}, {"type": "Feature", "properties": {"osm_id": 981134346, "building": "yes", "housenumber": null, "street": null, "levels": null, "area_m2": 142.3, "clat": 50.05847336051901, "clon": 82.82836616295526}, "geometry": {"type": "Polygon", "coordinates": [[[82.8282445, 50.0583984], [82.8282029, 50.0584463], [82.8284879, 50.0585483], [82.8285295, 50.0585005], [82.8282445, 50.0583984]]]}}, {"type": "Feature", "properties": {"osm_id": 981134347, "building": "yes", "housenumber": null, "street": null, "levels": null, "area_m2": 74.4, "clat": 50.05837711738881, "clon": 82.82833573709628}, "geometry": {"type": "Polygon", "coordinates": [[[82.8282948, 50.0583265], [82.8282473, 50.0583821], [82.8283767, 50.0584277], [82.8284242, 50.0583722], [82.8282948, 50.0583265]]]}}, {"type": "Feature", "properties": {"osm_id": 981134348, "building": "yes", "housenumber": null, "street": null, "levels": null, "area_m2": 93.5, "clat": 50.05809961806444, "clon": 82.82871329757495}, "geometry": {"type": "Polygon", "coordinates": [[[82.8286341, 50.0581453], [82.8287241, 50.0581676], [82.8287925, 50.058054], [82.8287025, 50.0580316], [82.8286341, 50.0581453]]]}}, {"type": "Feature", "properties": {"osm_id": 981134349, "building": "yes", "housenumber": null, "street": null, "levels": null, "area_m2": 61.6, "clat": 50.05826675, "clon": 82.82841765}, "geometry": {"type": "Polygon", "coordinates": [[[82.8283524, 50.0582228], [82.8283233, 50.0582625], [82.8284829, 50.0583107], [82.828512, 50.058271], [82.8283524, 50.0582228]]]}}, {"type": "Feature", "properties": {"osm_id": 981134350, "building": "yes", "housenumber": null, "street": null, "levels": null, "area_m2": 41.3, "clat": 50.058205550000004, "clon": 82.8284596}, "geometry": {"type": "Polygon", "coordinates": [[[82.8283927, 50.0581737], [82.8283763, 50.0582047], [82.8285265, 50.0582374], [82.8285429, 50.0582064], [82.8283927, 50.0581737]]]}}, {"type": "Feature", "properties": {"osm_id": 981134351, "building": "yes", "housenumber": null, "street": null, "levels": null, "area_m2": 137.6, "clat": 50.058261719706195, "clon": 82.8286611082545}, "geometry": {"type": "Polygon", "coordinates": [[[82.828618, 50.0581918], [82.828546, 50.0582757], [82.8287043, 50.0583316], [82.8287762, 50.0582478], [82.828618, 50.0581918]]]}}, {"type": "Feature", "properties": {"osm_id": 981134352, "building": "yes", "housenumber": null, "street": null, "levels": null, "area_m2": 73.0, "clat": 50.0580756756137, "clon": 82.82848604074873}, "geometry": {"type": "Polygon", "coordinates": [[[82.8284463, 50.0580278], [82.8284104, 50.0580999], [82.8285257, 50.0581236], [82.8285617, 50.0580514], [82.8284463, 50.0580278]]]}}, {"type": "Feature", "properties": {"osm_id": 981134353, "building": "yes", "housenumber": null, "street": null, "levels": null, "area_m2": 49.2, "clat": 50.0575089, "clon": 82.828724}, "geometry": {"type": "Polygon", "coordinates": [[[82.828669, 50.0575374], [82.8287522, 50.0575505], [82.828779, 50.0574804], [82.8286958, 50.0574673], [82.828669, 50.0575374]]]}}, {"type": "Feature", "properties": {"osm_id": 981134354, "building": "yes", "housenumber": null, "street": null, "levels": null, "area_m2": 76.9, "clat": 50.0576065930119, "clon": 82.82861832712325}, "geometry": {"type": "Polygon", "coordinates": [[[82.828557, 50.0576476], [82.8286622, 50.057656], [82.8286797, 50.0575656], [82.8285744, 50.0575572], [82.828557, 50.0576476]]]}}, {"type": "Feature", "properties": {"osm_id": 981134355, "building": "yes", "housenumber": null, "street": null, "levels": null, "area_m2": 113.9, "clat": 50.05757201447879, "clon": 82.82896097171005}, "geometry": {"type": "Polygon", "coordinates": [[[82.8289881, 50.0576485], [82.8290498, 50.0575297], [82.8289718, 50.057513], [82.8289616, 50.0575326], [82.8288888, 50.057517], [82.828863, 50.0575666], [82.8289358, 50.0575822], [82.8289101, 50.0576318], [82.8289881, 50.0576485]]]}}, {"type": "Feature", "properties": {"osm_id": 981134356, "building": "yes", "housenumber": null, "street": null, "levels": null, "area_m2": 62.9, "clat": 50.05772755, "clon": 82.8290393}, "geometry": {"type": "Polygon", "coordinates": [[[82.8289774, 50.0576924], [82.8289631, 50.0577481], [82.8291012, 50.0577627], [82.8291155, 50.057707], [82.8289774, 50.0576924]]]}}, {"type": "Feature", "properties": {"osm_id": 981134357, "building": "yes", "housenumber": null, "street": null, "levels": null, "area_m2": 57.1, "clat": 50.057607600000004, "clon": 82.82913135000001}, "geometry": {"type": "Polygon", "coordinates": [[[82.8290673, 50.0576399], [82.8291391, 50.0576597], [82.8291954, 50.0575753], [82.8291236, 50.0575555], [82.8290673, 50.0576399]]]}}, {"type": "Feature", "properties": {"osm_id": 981134358, "building": "yes", "housenumber": null, "street": null, "levels": null, "area_m2": 117.9, "clat": 50.05771083114667, "clon": 82.82928045670229}, "geometry": {"type": "Polygon", "coordinates": [[[82.8291839, 50.0577423], [82.8293113, 50.0577775], [82.829377, 50.0576793], [82.8292496, 50.0576442], [82.8291839, 50.0577423]]]}}, {"type": "Feature", "properties": {"osm_id": 981134359, "building": "yes", "housenumber": null, "street": null, "levels": null, "area_m2": 171.8, "clat": 50.05782535090838, "clon": 82.82965151818017}, "geometry": {"type": "Polygon", "coordinates": [[[82.829542, 50.0577596], [82.8295022, 50.0578343], [82.8297611, 50.0578911], [82.8298008, 50.0578164], [82.829542, 50.0577596]]]}}, {"type": "Feature", "properties": {"osm_id": 981134360, "building": "yes", "housenumber": null, "street": null, "levels": null, "area_m2": 123.5, "clat": 50.05761485, "clon": 82.82969295}, "geometry": {"type": "Polygon", "coordinates": [[[82.8296064, 50.0576692], [82.8297138, 50.0576914], [82.8297795, 50.0575605], [82.8296721, 50.0575383], [82.8296064, 50.0576692]]]}}, {"type": "Feature", "properties": {"osm_id": 981134361, "building": "yes", "housenumber": null, "street": null, "levels": null, "area_m2": 97.3, "clat": 50.05744856863914, "clon": 82.82978889459443}, "geometry": {"type": "Polygon", "coordinates": [[[82.8297023, 50.0574802], [82.8298118, 50.0575108], [82.8298755, 50.057417], [82.829766, 50.0573863], [82.8297023, 50.0574802]]]}}, {"type": "Feature", "properties": {"osm_id": 981134362, "building": "yes", "housenumber": null, "street": null, "levels": null, "area_m2": 54.4, "clat": 50.05734725, "clon": 82.82985550000001}, "geometry": {"type": "Polygon", "coordinates": [[[82.8297881, 50.0573674], [82.8298679, 50.0573943], [82.8299229, 50.0573271], [82.8298431, 50.0573002], [82.8297881, 50.0573674]]]}}, {"type": "Feature", "properties": {"osm_id": 981134363, "building": "yes", "housenumber": null, "street": null, "levels": null, "area_m2": 70.4, "clat": 50.057242617909296, "clon": 82.82997981112642}, "geometry": {"type": "Polygon", "coordinates": [[[82.8298967, 50.0572473], [82.8299986, 50.0572948], [82.8300629, 50.057238], [82.8299611, 50.0571904], [82.8298967, 50.0572473]]]}}, {"type": "Feature", "properties": {"osm_id": 981134364, "building": "yes", "housenumber": null, "street": null, "levels": null, "area_m2": 18.9, "clat": 50.05711740386695, "clon": 82.83004621944748}, "geometry": {"type": "Polygon", "coordinates": [[[82.8300067, 50.0571284], [82.8300643, 50.0571425], [82.8300857, 50.0571064], [82.8300282, 50.0570923], [82.8300067, 50.0571284]]]}}, {"type": "Feature", "properties": {"osm_id": 981134365, "building": "yes", "housenumber": null, "street": null, "levels": null, "area_m2": 66.8, "clat": 50.057044049999995, "clon": 82.8301428}, "geometry": {"type": "Polygon", "coordinates": [[[82.830063, 50.0570527], [82.8301515, 50.0570957], [82.8302226, 50.0570354], [82.8301341, 50.0569924], [82.830063, 50.0570527]]]}}, {"type": "Feature", "properties": {"osm_id": 981134366, "building": "yes", "housenumber": null, "street": null, "levels": null, "area_m2": 62.9, "clat": 50.056784132975984, "clon": 82.83064254361233}, "geometry": {"type": "Polygon", "coordinates": [[[82.8305639, 50.0567797], [82.8306233, 50.0568333], [82.8307212, 50.0567885], [82.8306618, 50.056735], [82.8305639, 50.0567797]]]}}, {"type": "Feature", "properties": {"osm_id": 981134367, "building": "yes", "housenumber": null, "street": null, "levels": null, "area_m2": 78.4, "clat": 50.060958566590365, "clon": 82.82981080142368}, "geometry": {"type": "Polygon", "coordinates": [[[82.8297231, 50.0609633], [82.829806, 50.061015], [82.8298985, 50.0609539], [82.8298156, 50.0609021], [82.8297231, 50.0609633]]]}}, {"type": "Feature", "properties": {"osm_id": 981134368, "building": "yes", "housenumber": null, "street": null, "levels": null, "area_m2": 120.7, "clat": 50.060881429207676, "clon": 82.83001946576329}, "geometry": {"type": "Polygon", "coordinates": [[[82.8299122, 50.0608789], [82.8300243, 50.0609528], [82.830125, 50.060884], [82.8300181, 50.0608101], [82.8299122, 50.0608789]]]}}, {"type": "Feature", "properties": {"osm_id": 981134369, "building": "yes", "housenumber": null, "street": null, "levels": null, "area_m2": 108.4, "clat": 50.060746746229924, "clon": 82.82963357656013}, "geometry": {"type": "Polygon", "coordinates": [[[82.829644, 50.0606766], [82.8295303, 50.0607512], [82.8296336, 50.0608123], [82.8297311, 50.0607515], [82.829644, 50.0606766]]]}}, {"type": "Feature", "properties": {"osm_id": 981134370, "building": "yes", "housenumber": null, "street": null, "levels": null, "area_m2": 37.7, "clat": 50.06057205, "clon": 82.82951095}, "geometry": {"type": "Polygon", "coordinates": [[[82.8294495, 50.0605767], [82.8295013, 50.0606113], [82.8295724, 50.0605674], [82.8295206, 50.0605328], [82.8294495, 50.0605767]]]}}, {"type": "Feature", "properties": {"osm_id": 981134371, "building": "yes", "housenumber": null, "street": null, "levels": null, "area_m2": 133.3, "clat": 50.06050255, "clon": 82.8292299}, "geometry": {"type": "Polygon", "coordinates": [[[82.8291142, 50.0605121], [82.8292115, 50.0605765], [82.8293456, 50.060493], [82.8292483, 50.0604286], [82.8291142, 50.0605121]]]}}, {"type": "Feature", "properties": {"osm_id": 981134372, "building": "yes", "housenumber": null, "street": null, "levels": null, "area_m2": 147.4, "clat": 50.06267345355086, "clon": 82.83151408450084}, "geometry": {"type": "Polygon", "coordinates": [[[82.8314875, 50.0625927], [82.8313913, 50.062649], [82.8315406, 50.0627542], [82.8316369, 50.0626979], [82.8314875, 50.0625927]]]}}, {"type": "Feature", "properties": {"osm_id": 981134373, "building": "yes", "housenumber": null, "street": null, "levels": null, "area_m2": 156.3, "clat": 50.06251400106434, "clon": 82.83141263325827}, "geometry": {"type": "Polygon", "coordinates": [[[82.8312895, 50.0625061], [82.831407, 50.0625934], [82.8315358, 50.0625219], [82.8314182, 50.0624346], [82.8312895, 50.0625061]]]}}, {"type": "Feature", "properties": {"osm_id": 981134374, "building": "yes", "housenumber": null, "street": null, "levels": null, "area_m2": 60.0, "clat": 50.06212228442499, "clon": 82.83083324136896}, "geometry": {"type": "Polygon", "coordinates": [[[82.830753, 50.0621324], [82.8308089, 50.0621724], [82.8309135, 50.0621121], [82.8308576, 50.0620722], [82.830753, 50.0621324]]]}}, {"type": "Feature", "properties": {"osm_id": 981134375, "building": "yes", "housenumber": null, "street": null, "levels": null, "area_m2": 67.6, "clat": 50.0619576, "clon": 82.83076435}, "geometry": {"type": "Polygon", "coordinates": [[[82.8306806, 50.0619542], [82.8307879, 50.0620093], [82.8308481, 50.061961], [82.8307408, 50.0619059], [82.8306806, 50.0619542]]]}}, {"type": "Feature", "properties": {"osm_id": 981134376, "building": "yes", "housenumber": null, "street": null, "levels": null, "area_m2": 27.0, "clat": 50.05589441521979, "clon": 82.82493828025183}, "geometry": {"type": "Polygon", "coordinates": [[[82.8248964, 50.0558748], [82.8249158, 50.0559244], [82.8249801, 50.0559141], [82.8249608, 50.0558644], [82.8248964, 50.0558748]]]}}, {"type": "Feature", "properties": {"osm_id": 981134377, "building": "yes", "housenumber": null, "street": null, "levels": null, "area_m2": 58.9, "clat": 50.0558879, "clon": 82.8246926}, "geometry": {"type": "Polygon", "coordinates": [[[82.8246537, 50.0559299], [82.8247543, 50.0559165], [82.8247315, 50.0558459], [82.8246309, 50.0558593], [82.8246537, 50.0559299]]]}}, {"type": "Feature", "properties": {"osm_id": 981134378, "building": "yes", "housenumber": null, "street": null, "levels": null, "area_m2": 233.7, "clat": 50.056749200154464, "clon": 82.82432529789922}, "geometry": {"type": "Polygon", "coordinates": [[[82.824174, 50.0567983], [82.8243174, 50.0568277], [82.8243439, 50.0567747], [82.824459, 50.0567983], [82.8244946, 50.0567269], [82.8243795, 50.0567032], [82.8243887, 50.0566847], [82.824301, 50.0566667], [82.8242823, 50.0567042], [82.8242266, 50.0566928], [82.824174, 50.0567983]]]}}, {"type": "Feature", "properties": {"osm_id": 981134379, "building": "yes", "housenumber": null, "street": null, "levels": null, "area_m2": 78.9, "clat": 50.056788, "clon": 82.82457765000001}, "geometry": {"type": "Polygon", "coordinates": [[[82.824529, 50.056741], [82.824503, 50.0568178], [82.8246263, 50.056835], [82.8246523, 50.0567582], [82.824529, 50.056741]]]}}, {"type": "Feature", "properties": {"osm_id": 981134380, "building": "yes", "housenumber": null, "street": null, "levels": null, "area_m2": 44.6, "clat": 50.056768250000005, "clon": 82.82498389999999}, "geometry": {"type": "Polygon", "coordinates": [[[82.8249447, 50.0567341], [82.8249292, 50.0567921], [82.8250231, 50.0568024], [82.8250386, 50.0567444], [82.8249447, 50.0567341]]]}}, {"type": "Feature", "properties": {"osm_id": 981134381, "building": "yes", "housenumber": null, "street": null, "levels": null, "area_m2": 75.0, "clat": 50.0569036, "clon": 82.82535865}, "geometry": {"type": "Polygon", "coordinates": [[[82.8252894, 50.0568676], [82.8252804, 50.056931], [82.8254279, 50.0569396], [82.8254369, 50.0568762], [82.8252894, 50.0568676]]]}}, {"type": "Feature", "properties": {"osm_id": 981134382, "building": "yes", "housenumber": null, "street": null, "levels": null, "area_m2": 70.4, "clat": 50.0569323, "clon": 82.82583939999999}, "geometry": {"type": "Polygon", "coordinates": [[[82.8257775, 50.0569847], [82.8258463, 50.0569979], [82.8259013, 50.0568799], [82.8258325, 50.0568667], [82.8257775, 50.0569847]]]}}, {"type": "Feature", "properties": {"osm_id": 981134383, "building": "yes", "housenumber": null, "street": null, "levels": null, "area_m2": 78.5, "clat": 50.05698774191969, "clon": 82.82610702910102}, "geometry": {"type": "Polygon", "coordinates": [[[82.8260109, 50.0570113], [82.8261852, 50.0570208], [82.8261932, 50.05696], [82.8260666, 50.0569531], [82.8260644, 50.05697], [82.8260167, 50.0569674], [82.8260109, 50.0570113]]]}}, {"type": "Feature", "properties": {"osm_id": 981134384, "building": "yes", "housenumber": null, "street": null, "levels": null, "area_m2": 29.7, "clat": 50.056459100000005, "clon": 82.82629785}, "geometry": {"type": "Polygon", "coordinates": [[[82.8262657, 50.0564878], [82.8263313, 50.0564872], [82.82633, 50.0564304], [82.8262644, 50.056431], [82.8262657, 50.0564878]]]}}, {"type": "Feature", "properties": {"osm_id": 981134385, "building": "yes", "housenumber": null, "street": null, "levels": null, "area_m2": 51.7, "clat": 50.055890773640876, "clon": 82.82632649243298}, "geometry": {"type": "Polygon", "coordinates": [[[82.8262831, 50.0559308], [82.8263605, 50.0559343], [82.8263699, 50.0558508], [82.8262925, 50.0558472], [82.8262831, 50.0559308]]]}}, {"type": "Feature", "properties": {"osm_id": 981134386, "building": "yes", "housenumber": null, "street": null, "levels": null, "area_m2": 37.3, "clat": 50.05546187779279, "clon": 82.8255344481484}, "geometry": {"type": "Polygon", "coordinates": [[[82.8254731, 50.0554813], [82.8255965, 50.0554804], [82.8255958, 50.0554425], [82.8254725, 50.0554433], [82.8254731, 50.0554813]]]}}, {"type": "Feature", "properties": {"osm_id": 981134387, "building": "yes", "housenumber": null, "street": null, "levels": null, "area_m2": 97.5, "clat": 50.055658516679685, "clon": 82.82507722815049}, "geometry": {"type": "Polygon", "coordinates": [[[82.825052, 50.0557396], [82.8251293, 50.0557341], [82.8251024, 50.0555774], [82.8250252, 50.0555829], [82.825052, 50.0557396]]]}}, {"type": "Feature", "properties": {"osm_id": 981134388, "building": "yes", "housenumber": null, "street": null, "levels": null, "area_m2": 475.6, "clat": 50.0558819, "clon": 82.8254583}, "geometry": {"type": "Polygon", "coordinates": [[[82.8252116, 50.0558421], [82.8252423, 50.0559682], [82.825705, 50.0559217], [82.8256743, 50.0557956], [82.8252116, 50.0558421]]]}}, {"type": "Feature", "properties": {"osm_id": 981134389, "building": "yes", "housenumber": null, "street": null, "levels": null, "area_m2": 777.3, "clat": 50.05358945074711, "clon": 82.83126544550962}, "geometry": {"type": "Polygon", "coordinates": [[[82.8310387, 50.0537626], [82.8315456, 50.0536085], [82.8313991, 50.0534098], [82.831124, 50.0534934], [82.8311906, 50.0535837], [82.8309587, 50.0536542], [82.8310387, 50.0537626]]]}}, {"type": "Feature", "properties": {"osm_id": 981134390, "building": "yes", "housenumber": null, "street": null, "levels": null, "area_m2": 111.7, "clat": 50.05316995, "clon": 82.83167205000001}, "geometry": {"type": "Polygon", "coordinates": [[[82.8315456, 50.0531839], [82.831592, 50.0532343], [82.8317985, 50.053156], [82.8317521, 50.0531056], [82.8315456, 50.0531839]]]}}, {"type": "Feature", "properties": {"osm_id": 981134391, "building": "yes", "housenumber": null, "street": null, "levels": null, "area_m2": 732.0, "clat": 50.05285222385349, "clon": 82.83214447578139}, "geometry": {"type": "Polygon", "coordinates": [[[82.8318702, 50.0527758], [82.831885, 50.0529476], [82.8324187, 50.0529287], [82.8324039, 50.0527568], [82.8318702, 50.0527758]]]}}, {"type": "Feature", "properties": {"osm_id": 981134392, "building": "yes", "housenumber": null, "street": null, "levels": null, "area_m2": 1393.8, "clat": 50.05300032418334, "clon": 82.8303529401474}, "geometry": {"type": "Polygon", "coordinates": [[[82.8299424, 50.053012], [82.8301218, 50.0532204], [82.8307448, 50.0529992], [82.8306647, 50.0529061], [82.8307021, 50.0528928], [82.8306028, 50.0527775], [82.8299424, 50.053012]]]}}, {"type": "Feature", "properties": {"osm_id": 981134393, "building": "yes", "housenumber": null, "street": null, "levels": null, "area_m2": 1343.6, "clat": 50.053317231443124, "clon": 82.83049180405867}, "geometry": {"type": "Polygon", "coordinates": [[[82.8296895, 50.0535103], [82.8297479, 50.053587], [82.8301747, 50.053453], [82.830193, 50.053477], [82.8312212, 50.0531542], [82.8311445, 50.0530535], [82.8296895, 50.0535103]]]}}, {"type": "Feature", "properties": {"osm_id": 981134394, "building": "yes", "housenumber": null, "street": null, "levels": null, "area_m2": 145.7, "clat": 50.053783712949674, "clon": 82.8299966705393}, "geometry": {"type": "Polygon", "coordinates": [[[82.8299819, 50.0538616], [82.830108, 50.0538161], [82.8300115, 50.0537058], [82.8298853, 50.0537514], [82.8299819, 50.0538616]]]}}, {"type": "Feature", "properties": {"osm_id": 981134395, "building": "yes", "housenumber": null, "street": null, "levels": null, "area_m2": 975.2, "clat": 50.0538976, "clon": 82.83053029999999}, "geometry": {"type": "Polygon", "coordinates": [[[82.8301683, 50.0539141], [82.8302995, 50.0540774], [82.8308923, 50.0538811], [82.8307611, 50.0537178], [82.8301683, 50.0539141]]]}}, {"type": "Feature", "properties": {"osm_id": 981134396, "building": "yes", "housenumber": null, "street": null, "levels": null, "area_m2": 653.3, "clat": 50.0536822, "clon": 82.82930895}, "geometry": {"type": "Polygon", "coordinates": [[[82.8293301, 50.0538651], [82.8295453, 50.0537852], [82.8292878, 50.0534993], [82.8290726, 50.0535792], [82.8293301, 50.0538651]]]}}, {"type": "Feature", "properties": {"osm_id": 981134397, "building": "yes", "housenumber": null, "street": null, "levels": null, "area_m2": 1138.1, "clat": 50.05355125, "clon": 82.82843235}, "geometry": {"type": "Polygon", "coordinates": [[[82.8279367, 50.0536601], [82.8280482, 50.0537799], [82.828928, 50.0534424], [82.8288165, 50.0533226], [82.8279367, 50.0536601]]]}}, {"type": "Feature", "properties": {"osm_id": 981134398, "building": "yes", "housenumber": null, "street": null, "levels": null, "area_m2": 728.6, "clat": 50.05373955507637, "clon": 82.8284622083445}, "geometry": {"type": "Polygon", "coordinates": [[[82.8280775, 50.0538177], [82.8281697, 50.053918], [82.8288469, 50.0536614], [82.8287548, 50.0535611], [82.8280775, 50.0538177]]]}}, {"type": "Feature", "properties": {"osm_id": 981134399, "building": "yes", "housenumber": null, "street": null, "levels": null, "area_m2": 1653.4, "clat": 50.0540027, "clon": 82.82863175}, "geometry": {"type": "Polygon", "coordinates": [[[82.8282318, 50.0539589], [82.8284913, 50.0542471], [82.8290317, 50.0540465], [82.8287722, 50.0537583], [82.8282318, 50.0539589]]]}}, {"type": "Feature", "properties": {"osm_id": 981134400, "building": "yes", "housenumber": null, "street": null, "levels": null, "area_m2": 846.5, "clat": 50.05432775, "clon": 82.82900839999999}, "geometry": {"type": "Polygon", "coordinates": [[[82.8285912, 50.0544162], [82.8286907, 50.0545226], [82.8294256, 50.0542393], [82.8293261, 50.0541329], [82.8285912, 50.0544162]]]}}, {"type": "Feature", "properties": {"osm_id": 981134401, "building": "yes", "housenumber": null, "street": null, "levels": null, "area_m2": 725.5, "clat": 50.054158184911365, "clon": 82.82812822799482}, "geometry": {"type": "Polygon", "coordinates": [[[82.8278375, 50.054045], [82.8279998, 50.0542174], [82.8280215, 50.0542405], [82.828068, 50.0542225], [82.828161, 50.0541864], [82.8282808, 50.0543136], [82.8282399, 50.0543294], [82.8283118, 50.0544058], [82.8284439, 50.0543545], [82.8280681, 50.0539555], [82.8278375, 50.054045]]]}}, {"type": "Feature", "properties": {"osm_id": 981134402, "building": "yes", "housenumber": null, "street": null, "levels": null, "area_m2": 1327.2, "clat": 50.054488660334904, "clon": 82.82806279315605}, "geometry": {"type": "Polygon", "coordinates": [[[82.8280695, 50.0547701], [82.8283641, 50.0546937], [82.828068, 50.0542225], [82.8280215, 50.0542405], [82.8279998, 50.0542174], [82.827761, 50.0542792], [82.8280695, 50.0547701]]]}}, {"type": "Feature", "properties": {"osm_id": 981134403, "building": "yes", "housenumber": null, "street": null, "levels": null, "area_m2": 1015.6, "clat": 50.05433065, "clon": 82.82648865}, "geometry": {"type": "Polygon", "coordinates": [[[82.8261115, 50.0542603], [82.8261296, 50.0544329], [82.8268658, 50.054401], [82.8268477, 50.0542284], [82.8261115, 50.0542603]]]}}, {"type": "Feature", "properties": {"osm_id": 981134404, "building": "yes", "housenumber": null, "street": null, "levels": null, "area_m2": 738.2, "clat": 50.05415007196002, "clon": 82.82482893258472}, "geometry": {"type": "Polygon", "coordinates": [[[82.8243452, 50.0541191], [82.8243536, 50.0542155], [82.8253125, 50.0541811], [82.8253041, 50.0540846], [82.8243452, 50.0541191]]]}}, {"type": "Feature", "properties": {"osm_id": 981134405, "building": "yes", "housenumber": null, "street": null, "levels": null, "area_m2": 455.1, "clat": 50.05410862651051, "clon": 82.8259100673662}, "geometry": {"type": "Polygon", "coordinates": [[[82.8256676, 50.0540579], [82.8256792, 50.0541783], [82.8261526, 50.0541593], [82.826141, 50.054039], [82.8256676, 50.0540579]]]}}, {"type": "Feature", "properties": {"osm_id": 981134406, "building": "yes", "housenumber": null, "street": null, "levels": null, "area_m2": 878.5, "clat": 50.053745076779954, "clon": 82.82472346717023}, "geometry": {"type": "Polygon", "coordinates": [[[82.8243841, 50.0536773], [82.8244031, 50.0538438], [82.8250629, 50.0538128], [82.8250439, 50.0536464], [82.8243841, 50.0536773]]]}}, {"type": "Feature", "properties": {"osm_id": 981134407, "building": "yes", "housenumber": null, "street": null, "levels": null, "area_m2": 485.7, "clat": 50.0532749, "clon": 82.82508204999999}, "geometry": {"type": "Polygon", "coordinates": [[[82.8249943, 50.053438], [82.8251832, 50.0534347], [82.8251698, 50.0531118], [82.8249809, 50.0531151], [82.8249943, 50.053438]]]}}, {"type": "Feature", "properties": {"osm_id": 981134408, "building": "yes", "housenumber": null, "street": null, "levels": null, "area_m2": 79.7, "clat": 50.05245699421979, "clon": 82.82409847663412}, "geometry": {"type": "Polygon", "coordinates": [[[82.8241642, 50.0524189], [82.8240456, 50.0524114], [82.8240328, 50.0524951], [82.8241513, 50.0525026], [82.8241642, 50.0524189]]]}}, {"type": "Feature", "properties": {"osm_id": 981134409, "building": "yes", "housenumber": null, "street": null, "levels": null, "area_m2": 58.6, "clat": 50.05257924704199, "clon": 82.82389616924155}, "geometry": {"type": "Polygon", "coordinates": [[[82.8238235, 50.052564], [82.8238589, 50.0526221], [82.8239688, 50.0525945], [82.8239335, 50.0525364], [82.8238235, 50.052564]]]}}, {"type": "Feature", "properties": {"osm_id": 981134410, "building": "yes", "housenumber": null, "street": null, "levels": null, "area_m2": 1176.6, "clat": 50.0529072, "clon": 82.82418405}, "geometry": {"type": "Polygon", "coordinates": [[[82.8240341, 50.0533829], [82.8241865, 50.0533925], [82.824334, 50.0524315], [82.8241816, 50.0524219], [82.8240341, 50.0533829]]]}}, {"type": "Feature", "properties": {"osm_id": 981134411, "building": "yes", "housenumber": null, "street": null, "levels": null, "area_m2": 94.6, "clat": 50.05310615165518, "clon": 82.82332281248506}, "geometry": {"type": "Polygon", "coordinates": [[[82.8231959, 50.0531564], [82.8234708, 50.0530944], [82.8234498, 50.0530559], [82.8231748, 50.0531179], [82.8231959, 50.0531564]]]}}, {"type": "Feature", "properties": {"osm_id": 981134412, "building": "yes", "housenumber": null, "street": null, "levels": null, "area_m2": 78.0, "clat": 50.05375153283615, "clon": 82.82295755977714}, "geometry": {"type": "Polygon", "coordinates": [[[82.8228606, 50.0537445], [82.8228909, 50.0537973], [82.8230546, 50.0537585], [82.8230242, 50.0537058], [82.8228606, 50.0537445]]]}}, {"type": "Feature", "properties": {"osm_id": 981134413, "building": "yes", "housenumber": null, "street": null, "levels": null, "area_m2": 685.0, "clat": 50.053486762129914, "clon": 82.82345039604097}, "geometry": {"type": "Polygon", "coordinates": [[[82.8235003, 50.053754], [82.8236553, 50.0537216], [82.8234005, 50.0532195], [82.8232455, 50.053252], [82.8235003, 50.053754]]]}}, {"type": "Feature", "properties": {"osm_id": 981134414, "building": "yes", "housenumber": null, "street": null, "levels": null, "area_m2": 85.0, "clat": 50.05367697936768, "clon": 82.82181320092732}, "geometry": {"type": "Polygon", "coordinates": [[[82.821718, 50.0536653], [82.8217529, 50.0537257], [82.8219084, 50.0536886], [82.8218736, 50.0536283], [82.821718, 50.0536653]]]}}, {"type": "Feature", "properties": {"osm_id": 981134415, "building": "yes", "housenumber": null, "street": null, "levels": null, "area_m2": 608.0, "clat": 50.053808849999996, "clon": 82.8218638}, "geometry": {"type": "Polygon", "coordinates": [[[82.8215517, 50.0538117], [82.8216193, 50.0539335], [82.8221759, 50.053806], [82.8221083, 50.0536842], [82.8215517, 50.0538117]]]}}, {"type": "Feature", "properties": {"osm_id": 981134416, "building": "yes", "housenumber": null, "street": null, "levels": null, "area_m2": 209.7, "clat": 50.053973215462754, "clon": 82.82099013590884}, "geometry": {"type": "Polygon", "coordinates": [[[82.8208007, 50.0539796], [82.8208402, 50.0540478], [82.8211795, 50.0539669], [82.82114, 50.0538986], [82.8208007, 50.0539796]]]}}, {"type": "Feature", "properties": {"osm_id": 981134417, "building": "yes", "housenumber": null, "street": null, "levels": null, "area_m2": 214.9, "clat": 50.054376224998315, "clon": 82.82166043377119}, "geometry": {"type": "Polygon", "coordinates": [[[82.8214779, 50.0543455], [82.821485, 50.0544207], [82.821843, 50.0544069], [82.821836, 50.0543318], [82.8214779, 50.0543455]]]}}, {"type": "Feature", "properties": {"osm_id": 981134418, "building": "yes", "housenumber": null, "street": null, "levels": null, "area_m2": 1448.7, "clat": 50.05281924538253, "clon": 82.82261396980414}, "geometry": {"type": "Polygon", "coordinates": [[[82.822127, 50.0528404], [82.8222434, 50.0530063], [82.8226442, 50.0528905], [82.8226878, 50.0529526], [82.8230397, 50.0528509], [82.8229961, 50.0527887], [82.8230239, 50.0527807], [82.8229076, 50.0526148], [82.822127, 50.0528404]]]}}, {"type": "Feature", "properties": {"osm_id": 981134419, "building": "yes", "housenumber": null, "street": null, "levels": null, "area_m2": 1155.9, "clat": 50.05319634838235, "clon": 82.82126343608506}, "geometry": {"type": "Polygon", "coordinates": [[[82.8208235, 50.053233], [82.8209362, 50.0533887], [82.8217034, 50.0531597], [82.8215906, 50.053004], [82.8208235, 50.053233]]]}}, {"type": "Feature", "properties": {"osm_id": 981134420, "building": "yes", "housenumber": null, "street": null, "levels": null, "area_m2": 1970.7, "clat": 50.05256115936105, "clon": 82.82070404139832}, "geometry": {"type": "Polygon", "coordinates": [[[82.8202736, 50.0528111], [82.8212768, 50.0525235], [82.8211446, 50.0523334], [82.8207667, 50.0524418], [82.8207088, 50.0523586], [82.8205185, 50.0524132], [82.8205763, 50.0524964], [82.8201415, 50.052621], [82.8202736, 50.0528111]]]}}, {"type": "Feature", "properties": {"osm_id": 981134421, "building": "yes", "housenumber": null, "street": null, "levels": null, "area_m2": 2090.6, "clat": 50.05216412827892, "clon": 82.82039858432024}, "geometry": {"type": "Polygon", "coordinates": [[[82.8198451, 50.0521948], [82.8198919, 50.0522621], [82.8197717, 50.0522966], [82.8198263, 50.0523752], [82.8199465, 50.0523407], [82.81998, 50.0523889], [82.8204149, 50.0522642], [82.8204694, 50.0523426], [82.8206598, 50.0522881], [82.8206052, 50.0522096], [82.8209832, 50.0521013], [82.8208482, 50.0519072], [82.8198451, 50.0521948]]]}}, {"type": "Feature", "properties": {"osm_id": 981134422, "building": "yes", "housenumber": null, "street": null, "levels": null, "area_m2": 82.3, "clat": 50.05511145, "clon": 82.82448605}, "geometry": {"type": "Polygon", "coordinates": [[[82.8243935, 50.0550835], [82.8243935, 50.0551394], [82.8245786, 50.0551394], [82.8245786, 50.0550835], [82.8243935, 50.0550835]]]}}, {"type": "Feature", "properties": {"osm_id": 981134423, "building": "yes", "housenumber": null, "street": null, "levels": null, "area_m2": 133.3, "clat": 50.05521245, "clon": 82.8240172}, "geometry": {"type": "Polygon", "coordinates": [[[82.8239469, 50.0552703], [82.8241036, 50.0552605], [82.8240875, 50.0551546], [82.8239308, 50.0551644], [82.8239469, 50.0552703]]]}}, {"type": "Feature", "properties": {"osm_id": 981134424, "building": "yes", "housenumber": null, "street": null, "levels": null, "area_m2": 26.8, "clat": 50.05506822485891, "clon": 82.82360337755935}, "geometry": {"type": "Polygon", "coordinates": [[[82.823556, 50.0550503], [82.8235556, 50.0550857], [82.8236508, 50.0550861], [82.8236512, 50.0550508], [82.823556, 50.0550503]]]}}, {"type": "Feature", "properties": {"osm_id": 981134425, "building": "yes", "housenumber": null, "street": null, "levels": null, "area_m2": 76.9, "clat": 50.05510185559863, "clon": 82.8233737751592}, "geometry": {"type": "Polygon", "coordinates": [[[82.8233132, 50.0550619], [82.8233144, 50.0551425], [82.8234344, 50.0551418], [82.8234331, 50.0550612], [82.8233132, 50.0550619]]]}}, {"type": "Feature", "properties": {"osm_id": 981134426, "building": "yes", "housenumber": null, "street": null, "levels": null, "area_m2": 95.2, "clat": 50.05526907836096, "clon": 82.82348870471749}, "geometry": {"type": "Polygon", "coordinates": [[[82.8234038, 50.0552337], [82.8234033, 50.055304], [82.8235737, 50.0553044], [82.8235741, 50.0552342], [82.8234038, 50.0552337]]]}}, {"type": "Feature", "properties": {"osm_id": 981134427, "building": "yes", "housenumber": null, "street": null, "levels": null, "area_m2": 69.1, "clat": 50.05527227018393, "clon": 82.82312611077036}, "geometry": {"type": "Polygon", "coordinates": [[[82.8230651, 50.0552367], [82.8230658, 50.0553083], [82.8231871, 50.0553078], [82.8231865, 50.0552363], [82.8230651, 50.0552367]]]}}, {"type": "Feature", "properties": {"osm_id": 981134428, "building": "yes", "housenumber": null, "street": null, "levels": null, "area_m2": 104.0, "clat": 50.05530520501992, "clon": 82.82277293885804}, "geometry": {"type": "Polygon", "coordinates": [[[82.8226735, 50.0552553], [82.8226791, 50.0553178], [82.8227392, 50.0553156], [82.8227426, 50.0553536], [82.8228641, 50.0553491], [82.8228572, 50.0552728], [82.8227357, 50.0552773], [82.8227335, 50.0552531], [82.8226735, 50.0552553]]]}}, {"type": "Feature", "properties": {"osm_id": 981134429, "building": "yes", "housenumber": null, "street": null, "levels": null, "area_m2": 78.4, "clat": 50.05532691235507, "clon": 82.82261343866277}, "geometry": {"type": "Polygon", "coordinates": [[[82.822585, 50.0553947], [82.8226671, 50.0553918], [82.822661, 50.0553217], [82.8226282, 50.0553228], [82.822621, 50.0552406], [82.8225716, 50.0552423], [82.822585, 50.0553947]]]}}, {"type": "Feature", "properties": {"osm_id": 981134430, "building": "yes", "housenumber": null, "street": null, "levels": null, "area_m2": 72.0, "clat": 50.055321649999996, "clon": 82.8225286}, "geometry": {"type": "Polygon", "coordinates": [[[82.8225072, 50.0553978], [82.8225674, 50.0553949], [82.82255, 50.0552455], [82.8224898, 50.0552484], [82.8225072, 50.0553978]]]}}, {"type": "Feature", "properties": {"osm_id": 981134431, "building": "yes", "housenumber": null, "street": null, "levels": null, "area_m2": 103.5, "clat": 50.05532362335182, "clon": 82.82236781014545}, "geometry": {"type": "Polygon", "coordinates": [[[82.8223121, 50.0553784], [82.8224389, 50.0553705], [82.8224235, 50.0552688], [82.8222967, 50.0552768], [82.8223121, 50.0553784]]]}}, {"type": "Feature", "properties": {"osm_id": 981134432, "building": "yes", "housenumber": null, "street": null, "levels": null, "area_m2": 40.9, "clat": 50.05539485, "clon": 82.822027}, "geometry": {"type": "Polygon", "coordinates": [[[82.821997, 50.0554335], [82.8220664, 50.0554298], [82.822057, 50.0553562], [82.8219876, 50.0553599], [82.821997, 50.0554335]]]}}, {"type": "Feature", "properties": {"osm_id": 981134433, "building": "yes", "housenumber": null, "street": null, "levels": null, "area_m2": 43.3, "clat": 50.05527575, "clon": 82.82195645}, "geometry": {"type": "Polygon", "coordinates": [[[82.821883, 50.0552578], [82.8218838, 50.055295], [82.8220299, 50.0552937], [82.8220291, 50.0552565], [82.821883, 50.0552578]]]}}, {"type": "Feature", "properties": {"osm_id": 981134434, "building": "yes", "housenumber": null, "street": null, "levels": null, "area_m2": 102.7, "clat": 50.05533777608694, "clon": 82.8217388341539}, "geometry": {"type": "Polygon", "coordinates": [[[82.8216563, 50.0553], [82.8216645, 50.055382], [82.8218214, 50.0553755], [82.8218132, 50.0552936], [82.8216563, 50.0553]]]}}, {"type": "Feature", "properties": {"osm_id": 981134435, "building": "yes", "housenumber": null, "street": null, "levels": null, "area_m2": 79.6, "clat": 50.0553634, "clon": 82.82141385}, "geometry": {"type": "Polygon", "coordinates": [[[82.8213445, 50.055328], [82.8213511, 50.0554035], [82.8214832, 50.0553988], [82.8214766, 50.0553233], [82.8213445, 50.055328]]]}}, {"type": "Feature", "properties": {"osm_id": 981134436, "building": "yes", "housenumber": null, "street": null, "levels": null, "area_m2": 16.0, "clat": 50.055312725418155, "clon": 82.82043722846953}, "geometry": {"type": "Polygon", "coordinates": [[[82.8204017, 50.0553272], [82.8204737, 50.0553261], [82.8204728, 50.0552983], [82.8204008, 50.0552993], [82.8204017, 50.0553272]]]}}, {"type": "Feature", "properties": {"osm_id": 981134437, "building": "yes", "housenumber": null, "street": null, "levels": null, "area_m2": 15.3, "clat": 50.0553784, "clon": 82.8202894}, "geometry": {"type": "Polygon", "coordinates": [[[82.8202649, 50.0553978], [82.8203152, 50.0553971], [82.8203139, 50.055359], [82.8202636, 50.0553597], [82.8202649, 50.0553978]]]}}, {"type": "Feature", "properties": {"osm_id": 981134438, "building": "yes", "housenumber": null, "street": null, "levels": null, "area_m2": 67.8, "clat": 50.05540933948589, "clon": 82.82043144525164}, "geometry": {"type": "Polygon", "coordinates": [[[82.8203628, 50.0553689], [82.8203644, 50.0554146], [82.8204179, 50.0554139], [82.8204199, 50.0554701], [82.820471, 50.0554694], [82.8204699, 50.0554392], [82.8204818, 50.055439], [82.8204794, 50.0553673], [82.8203628, 50.0553689]]]}}, {"type": "Feature", "properties": {"osm_id": 981134439, "building": "yes", "housenumber": null, "street": null, "levels": null, "area_m2": 90.4, "clat": 50.05540655, "clon": 82.82085769999999}, "geometry": {"type": "Polygon", "coordinates": [[[82.8207853, 50.0553676], [82.820788, 50.0554475], [82.8209301, 50.0554455], [82.8209274, 50.0553656], [82.8207853, 50.0553676]]]}}, {"type": "Feature", "properties": {"osm_id": 981134440, "building": "yes", "housenumber": null, "street": null, "levels": null, "area_m2": 26.7, "clat": 50.0553194, "clon": 82.82071285}, "geometry": {"type": "Polygon", "coordinates": [[[82.8206807, 50.0553452], [82.8207468, 50.0553443], [82.820745, 50.0552936], [82.8206789, 50.0552945], [82.8206807, 50.0553452]]]}}, {"type": "Feature", "properties": {"osm_id": 981134441, "building": "yes", "housenumber": null, "street": null, "levels": null, "area_m2": 65.0, "clat": 50.05533187462539, "clon": 82.82059016507776}, "geometry": {"type": "Polygon", "coordinates": [[[82.8205305, 50.0553663], [82.8206521, 50.0553646], [82.8206498, 50.0552974], [82.8205282, 50.0552992], [82.8205305, 50.0553663]]]}}, {"type": "Feature", "properties": {"osm_id": 981134442, "building": "yes", "housenumber": null, "street": null, "levels": null, "area_m2": 19.2, "clat": 50.05547462464365, "clon": 82.82034741312141}, "geometry": {"type": "Polygon", "coordinates": [[[82.8203172, 50.0554946], [82.8203789, 50.0554938], [82.8203776, 50.0554546], [82.8203159, 50.0554555], [82.8203172, 50.0554946]]]}}, {"type": "Feature", "properties": {"osm_id": 981134444, "building": "yes", "housenumber": null, "street": null, "levels": null, "area_m2": 27.4, "clat": 50.05547095, "clon": 82.8201945}, "geometry": {"type": "Polygon", "coordinates": [[[82.8201489, 50.0554524], [82.8201502, 50.0554907], [82.8202401, 50.0554895], [82.8202388, 50.0554512], [82.8201489, 50.0554524]]]}}, {"type": "Feature", "properties": {"osm_id": 981134445, "building": "yes", "housenumber": null, "street": null, "levels": null, "area_m2": 67.9, "clat": 50.05539732463668, "clon": 82.82020256178221}, "geometry": {"type": "Polygon", "coordinates": [[[82.8201489, 50.0554369], [82.8202588, 50.0554354], [82.8202562, 50.0553577], [82.8201463, 50.0553593], [82.8201489, 50.0554369]]]}}, {"type": "Feature", "properties": {"osm_id": 981134446, "building": "yes", "housenumber": null, "street": null, "levels": null, "area_m2": 103.8, "clat": 50.055458699999996, "clon": 82.81991289999999}, "geometry": {"type": "Polygon", "coordinates": [[[82.8198257, 50.0554968], [82.8200026, 50.0554943], [82.8200001, 50.0554206], [82.8198232, 50.0554231], [82.8198257, 50.0554968]]]}}, {"type": "Feature", "properties": {"osm_id": 981134447, "building": "yes", "housenumber": null, "street": null, "levels": null, "area_m2": 81.3, "clat": 50.05540452462805, "clon": 82.81975841226932}, "geometry": {"type": "Polygon", "coordinates": [[[82.8196956, 50.0553638], [82.8196985, 50.055447], [82.8198212, 50.0554453], [82.8198183, 50.055362], [82.8196956, 50.0553638]]]}}, {"type": "Feature", "properties": {"osm_id": 981134448, "building": "yes", "housenumber": null, "street": null, "levels": null, "area_m2": 103.1, "clat": 50.05539762555091, "clon": 82.81941437713017}, "geometry": {"type": "Polygon", "coordinates": [[[82.8193186, 50.055365], [82.8193216, 50.0554337], [82.8195102, 50.0554302], [82.8195072, 50.0553616], [82.8193186, 50.055365]]]}}, {"type": "Feature", "properties": {"osm_id": 981134449, "building": "yes", "housenumber": null, "street": null, "levels": null, "area_m2": 42.1, "clat": 50.055295954930756, "clon": 82.81925717535634}, "geometry": {"type": "Polygon", "coordinates": [[[82.8192108, 50.0553246], [82.8193054, 50.0553233], [82.8193035, 50.0552673], [82.819209, 50.0552686], [82.8192108, 50.0553246]]]}}, {"type": "Feature", "properties": {"osm_id": 981134450, "building": "yes", "housenumber": null, "street": null, "levels": null, "area_m2": 68.9, "clat": 50.055405, "clon": 82.81910895}, "geometry": {"type": "Polygon", "coordinates": [[[82.8190505, 50.0554421], [82.8191699, 50.0554404], [82.8191674, 50.0553679], [82.819048, 50.0553696], [82.8190505, 50.0554421]]]}}, {"type": "Feature", "properties": {"osm_id": 981134451, "building": "yes", "housenumber": null, "street": null, "levels": null, "area_m2": 148.9, "clat": 50.05532375, "clon": 82.8187285}, "geometry": {"type": "Polygon", "coordinates": [[[82.8186361, 50.0552733], [82.8186385, 50.0553759], [82.8188209, 50.0553742], [82.8188185, 50.0552716], [82.8186361, 50.0552733]]]}}, {"type": "Feature", "properties": {"osm_id": 981134452, "building": "yes", "housenumber": null, "street": null, "levels": null, "area_m2": 100.7, "clat": 50.055477185364246, "clon": 82.8182014191942}, "geometry": {"type": "Polygon", "coordinates": [[[82.8181263, 50.0555256], [82.8182684, 50.0555228], [82.8182637, 50.0554242], [82.8181469, 50.0554265], [82.8181495, 50.0554804], [82.8181242, 50.0554809], [82.8181263, 50.0555256]]]}}, {"type": "Feature", "properties": {"osm_id": 981134453, "building": "yes", "housenumber": null, "street": null, "levels": null, "area_m2": 215.8, "clat": 50.054969, "clon": 82.81782005}, "geometry": {"type": "Polygon", "coordinates": [[[82.8176866, 50.0550198], [82.8179535, 50.0550198], [82.8179535, 50.0549182], [82.8176866, 50.0549182], [82.8176866, 50.0550198]]]}}, {"type": "Feature", "properties": {"osm_id": 981134454, "building": "yes", "housenumber": null, "street": null, "levels": null, "area_m2": 210.3, "clat": 50.054792595586626, "clon": 82.81811727988459}, "geometry": {"type": "Polygon", "coordinates": [[[82.8180139, 50.0548553], [82.8182419, 50.0548467], [82.818234, 50.0547612], [82.8181939, 50.0547627], [82.8181905, 50.0547263], [82.8180027, 50.0547333], [82.8180139, 50.0548553]]]}}, {"type": "Feature", "properties": {"osm_id": 981134455, "building": "yes", "housenumber": null, "street": null, "levels": null, "area_m2": 55.0, "clat": 50.05493241820331, "clon": 82.81853881513003}, "geometry": {"type": "Polygon", "coordinates": [[[82.818498, 50.0549733], [82.818585, 50.0549708], [82.8185797, 50.0548916], [82.8184926, 50.054894], [82.818498, 50.0549733]]]}}, {"type": "Feature", "properties": {"osm_id": 981134456, "building": "yes", "housenumber": null, "street": null, "levels": null, "area_m2": 116.1, "clat": 50.05487633120484, "clon": 82.81914083505896}, "geometry": {"type": "Polygon", "coordinates": [[[82.8190894, 50.0549397], [82.819211, 50.0549318], [82.8191922, 50.0548129], [82.8190707, 50.0548209], [82.8190894, 50.0549397]]]}}, {"type": "Feature", "properties": {"osm_id": 981134457, "building": "yes", "housenumber": null, "street": null, "levels": null, "area_m2": 59.4, "clat": 50.0546066940299, "clon": 82.81851727401687}, "geometry": {"type": "Polygon", "coordinates": [[[82.8184699, 50.0546452], [82.8185714, 50.0546414], [82.8185647, 50.0545682], [82.8184631, 50.054572], [82.8184699, 50.0546452]]]}}, {"type": "Feature", "properties": {"osm_id": 981134458, "building": "yes", "housenumber": null, "street": null, "levels": null, "area_m2": 50.5, "clat": 50.0545728757472, "clon": 82.81892514001142}, "geometry": {"type": "Polygon", "coordinates": [[[82.8188839, 50.0546104], [82.8189713, 50.0546079], [82.8189664, 50.0545354], [82.818879, 50.0545378], [82.8188839, 50.0546104]]]}}, {"type": "Feature", "properties": {"osm_id": 981134459, "building": "yes", "housenumber": null, "street": null, "levels": null, "area_m2": 339.0, "clat": 50.054760343734564, "clon": 82.81885635094541}, "geometry": {"type": "Polygon", "coordinates": [[[82.8186911, 50.0546951], [82.8186963, 50.0548243], [82.8189209, 50.0548206], [82.8189217, 50.0548413], [82.8190123, 50.0548398], [82.8190063, 50.05469], [82.8186911, 50.0546951]]]}}, {"type": "Feature", "properties": {"osm_id": 981134460, "building": "yes", "housenumber": null, "street": null, "levels": null, "area_m2": 263.8, "clat": 50.054741899999996, "clon": 82.81951125}, "geometry": {"type": "Polygon", "coordinates": [[[82.8193657, 50.0548002], [82.8196608, 50.0547959], [82.8196568, 50.0546836], [82.8193617, 50.0546879], [82.8193657, 50.0548002]]]}}, {"type": "Feature", "properties": {"osm_id": 981134461, "building": "yes", "housenumber": null, "street": null, "levels": null, "area_m2": 117.6, "clat": 50.054776974083715, "clon": 82.82127109889629}, "geometry": {"type": "Polygon", "coordinates": [[[82.8211722, 50.0548183], [82.82138, 50.0548062], [82.8213701, 50.0547357], [82.8211622, 50.0547477], [82.8211722, 50.0548183]]]}}, {"type": "Feature", "properties": {"osm_id": 981134462, "building": "yes", "housenumber": null, "street": null, "levels": null, "area_m2": 196.1, "clat": 50.05481153312784, "clon": 82.8205144431417}, "geometry": {"type": "Polygon", "coordinates": [[[82.8203273, 50.0548527], [82.82068, 50.0548432], [82.820675, 50.0547669], [82.8203952, 50.0547744], [82.8203973, 50.0548062], [82.8203244, 50.0548081], [82.8203273, 50.0548527]]]}}, {"type": "Feature", "properties": {"osm_id": 981134463, "building": "yes", "housenumber": null, "street": null, "levels": null, "area_m2": 133.9, "clat": 50.05484665, "clon": 82.8198658}, "geometry": {"type": "Polygon", "coordinates": [[[82.8197452, 50.0548174], [82.8197557, 50.0548897], [82.8199864, 50.0548759], [82.8199759, 50.0548036], [82.8197452, 50.0548174]]]}}, {"type": "Feature", "properties": {"osm_id": 981134464, "building": "yes", "housenumber": null, "street": null, "levels": null, "area_m2": 279.1, "clat": 50.05473026454742, "clon": 82.82022839215632}, "geometry": {"type": "Polygon", "coordinates": [[[82.8200671, 50.0546822], [82.8200787, 50.0547948], [82.8203621, 50.0547827], [82.8203583, 50.0547459], [82.8203981, 50.0547442], [82.8203903, 50.0546684], [82.8200671, 50.0546822]]]}}, {"type": "Feature", "properties": {"osm_id": 981134465, "building": "yes", "housenumber": null, "street": null, "levels": null, "area_m2": 254.0, "clat": 50.05471914704573, "clon": 82.8209116242957}, "geometry": {"type": "Polygon", "coordinates": [[[82.8207591, 50.0546693], [82.8207651, 50.0547759], [82.8210641, 50.054769], [82.8210582, 50.0546624], [82.8207591, 50.0546693]]]}}, {"type": "Feature", "properties": {"osm_id": 981134466, "building": "garage", "housenumber": null, "street": null, "levels": null, "area_m2": 68.5, "clat": 50.05450922516723, "clon": 82.82096862143243}, "geometry": {"type": "Polygon", "coordinates": [[[82.8208946, 50.0544799], [82.8208938, 50.0545377], [82.8210426, 50.0545386], [82.8210434, 50.0544807], [82.8208946, 50.0544799]]]}}, {"type": "Feature", "properties": {"osm_id": 981134468, "building": "yes", "housenumber": null, "street": null, "levels": null, "area_m2": 241.9, "clat": 50.05626515, "clon": 82.8216614}, "geometry": {"type": "Polygon", "coordinates": [[[82.821537, 50.0562054], [82.8215458, 50.0563318], [82.8217858, 50.0563249], [82.821777, 50.0561985], [82.821537, 50.0562054]]]}}, {"type": "Feature", "properties": {"osm_id": 981134470, "building": "yes", "housenumber": null, "street": null, "levels": null, "area_m2": 71.5, "clat": 50.055800725363525, "clon": 82.82141538496394}, "geometry": {"type": "Polygon", "coordinates": [[[82.8213505, 50.0557663], [82.8213529, 50.0558369], [82.8214803, 50.0558351], [82.8214779, 50.0557646], [82.8213505, 50.0557663]]]}}, {"type": "Feature", "properties": {"osm_id": 981134471, "building": "yes", "housenumber": null, "street": null, "levels": null, "area_m2": 117.0, "clat": 50.05578558976939, "clon": 82.82112955459594}, "geometry": {"type": "Polygon", "coordinates": [[[82.8210837, 50.0558851], [82.8211521, 50.0558853], [82.8211531, 50.0557577], [82.8212068, 50.0557578], [82.8212072, 50.055709], [82.821085, 50.0557086], [82.8210837, 50.0558851]]]}}, {"type": "Feature", "properties": {"osm_id": 981134472, "building": "yes", "housenumber": null, "street": null, "levels": null, "area_m2": 118.7, "clat": 50.05581547423038, "clon": 82.82076412170271}, "geometry": {"type": "Polygon", "coordinates": [[[82.8206679, 50.0558558], [82.8208651, 50.0558507], [82.8208603, 50.0557751], [82.8206631, 50.0557803], [82.8206679, 50.0558558]]]}}, {"type": "Feature", "properties": {"osm_id": 981134473, "building": "yes", "housenumber": null, "street": null, "levels": null, "area_m2": 55.4, "clat": 50.0557329, "clon": 82.82052645}, "geometry": {"type": "Polygon", "coordinates": [[[82.8204614, 50.0557069], [82.8204641, 50.0557615], [82.8205915, 50.0557589], [82.8205888, 50.0557043], [82.8204614, 50.0557069]]]}}, {"type": "Feature", "properties": {"osm_id": 981134474, "building": "yes", "housenumber": null, "street": null, "levels": null, "area_m2": 60.1, "clat": 50.05597155, "clon": 82.8204674}, "geometry": {"type": "Polygon", "coordinates": [[[82.8204386, 50.056028], [82.8205069, 50.0560253], [82.8204962, 50.0559151], [82.8204279, 50.0559178], [82.8204386, 50.056028]]]}}, {"type": "Feature", "properties": {"osm_id": 981134475, "building": "yes", "housenumber": null, "street": null, "levels": null, "area_m2": 47.2, "clat": 50.05597295, "clon": 82.81963055}, "geometry": {"type": "Polygon", "coordinates": [[[82.8195588, 50.0559523], [82.8195588, 50.0559936], [82.8197023, 50.0559936], [82.8197023, 50.0559523], [82.8195588, 50.0559523]]]}}, {"type": "Feature", "properties": {"osm_id": 981134476, "building": "yes", "housenumber": null, "street": null, "levels": null, "area_m2": 66.4, "clat": 50.05585523121557, "clon": 82.8196184637561}, "geometry": {"type": "Polygon", "coordinates": [[[82.8195655, 50.0558946], [82.8196721, 50.0558942], [82.8196714, 50.0558159], [82.8195649, 50.0558162], [82.8195655, 50.0558946]]]}}, {"type": "Feature", "properties": {"osm_id": 981134477, "building": "yes", "housenumber": null, "street": null, "levels": null, "area_m2": 57.5, "clat": 50.05586007488992, "clon": 82.8193100624779}, "geometry": {"type": "Polygon", "coordinates": [[[82.8192584, 50.055895], [82.8193624, 50.0558946], [82.8193617, 50.0558251], [82.8192577, 50.0558256], [82.8192584, 50.055895]]]}}, {"type": "Feature", "properties": {"osm_id": 981134478, "building": "yes", "housenumber": null, "street": null, "levels": null, "area_m2": 50.4, "clat": 50.05586714574713, "clon": 82.81903277602783}, "geometry": {"type": "Polygon", "coordinates": [[[82.8189801, 50.0558365], [82.8189748, 50.0558935], [82.8190854, 50.0558978], [82.8190908, 50.0558408], [82.8189801, 50.0558365]]]}}, {"type": "Feature", "properties": {"osm_id": 981134479, "building": "yes", "housenumber": null, "street": null, "levels": null, "area_m2": 76.5, "clat": 50.05588245, "clon": 82.81827525}, "geometry": {"type": "Polygon", "coordinates": [[[82.8182057, 50.0558481], [82.8182067, 50.0559177], [82.8183448, 50.0559168], [82.8183438, 50.0558472], [82.8182057, 50.0558481]]]}}, {"type": "Feature", "properties": {"osm_id": 981134480, "building": "yes", "housenumber": null, "street": null, "levels": null, "area_m2": 165.8, "clat": 50.05684213412402, "clon": 82.8216097750137}, "geometry": {"type": "Polygon", "coordinates": [[[82.8215068, 50.0567703], [82.8214579, 50.0568373], [82.8217127, 50.056914], [82.8217616, 50.0568469], [82.8215068, 50.0567703]]]}}, {"type": "Feature", "properties": {"osm_id": 981134481, "building": "yes", "housenumber": null, "street": null, "levels": null, "area_m2": 113.8, "clat": 50.05666287490262, "clon": 82.82098293856727}, "geometry": {"type": "Polygon", "coordinates": [[[82.8208919, 50.0566979], [82.821023, 50.056726], [82.821074, 50.0566278], [82.8209428, 50.0565998], [82.8208919, 50.0566979]]]}}, {"type": "Feature", "properties": {"osm_id": 981134482, "building": "yes", "housenumber": null, "street": null, "levels": null, "area_m2": 162.6, "clat": 50.05663202424285, "clon": 82.82058571720113}, "geometry": {"type": "Polygon", "coordinates": [[[82.8204654, 50.0566687], [82.8206894, 50.0566876], [82.8207099, 50.0565875], [82.8206454, 50.056582], [82.8206391, 50.0566129], [82.8205632, 50.0566065], [82.8205695, 50.0565756], [82.820486, 50.0565685], [82.8204654, 50.0566687]]]}}, {"type": "Feature", "properties": {"osm_id": 981134483, "building": "yes", "housenumber": null, "street": null, "levels": null, "area_m2": 198.2, "clat": 50.05659086388605, "clon": 82.82006094695438}, "geometry": {"type": "Polygon", "coordinates": [[[82.8199396, 50.0566391], [82.8201882, 50.0566484], [82.820197, 50.0565505], [82.8200995, 50.0565469], [82.8200967, 50.0565776], [82.820032, 50.0565752], [82.8200373, 50.0565156], [82.819951, 50.0565124], [82.8199396, 50.0566391]]]}}, {"type": "Feature", "properties": {"osm_id": 981134484, "building": "yes", "housenumber": null, "street": null, "levels": null, "area_m2": 149.7, "clat": 50.05656587891759, "clon": 82.819379877877}, "geometry": {"type": "Polygon", "coordinates": [[[82.8192739, 50.0566054], [82.8194985, 50.0566136], [82.8195048, 50.0565418], [82.8193603, 50.0565365], [82.8193632, 50.0565036], [82.8192832, 50.0565007], [82.8192739, 50.0566054]]]}}, {"type": "Feature", "properties": {"osm_id": 981134485, "building": "yes", "housenumber": null, "street": null, "levels": null, "area_m2": 161.8, "clat": 50.05652372083407, "clon": 82.81859028668141}, "geometry": {"type": "Polygon", "coordinates": [[[82.8184471, 50.0565636], [82.8186924, 50.0565725], [82.818703, 50.0564523], [82.8186301, 50.0564496], [82.8186254, 50.0565031], [82.8184529, 50.0564969], [82.8184471, 50.0565636]]]}}, {"type": "Feature", "properties": {"osm_id": 981134486, "building": "yes", "housenumber": null, "street": null, "levels": null, "area_m2": 120.0, "clat": 50.05618327753452, "clon": 82.81783965697525}, "geometry": {"type": "Polygon", "coordinates": [[[82.8177685, 50.0562424], [82.817884, 50.0562524], [82.8179108, 50.0561241], [82.8177953, 50.0561142], [82.8177685, 50.0562424]]]}}, {"type": "Feature", "properties": {"osm_id": 981134487, "building": "yes", "housenumber": null, "street": null, "levels": null, "area_m2": 67.1, "clat": 50.05635265, "clon": 82.8180521}, "geometry": {"type": "Polygon", "coordinates": [[[82.8180099, 50.0564026], [82.8180943, 50.0564026], [82.8180943, 50.0563027], [82.8180099, 50.0563027], [82.8180099, 50.0564026]]]}}, {"type": "Feature", "properties": {"osm_id": 981134488, "building": "yes", "housenumber": null, "street": null, "levels": null, "area_m2": 65.0, "clat": 50.056342626755985, "clon": 82.81766490590007}, "geometry": {"type": "Polygon", "coordinates": [[[82.8176196, 50.0563931], [82.8176968, 50.0563972], [82.8177102, 50.0562921], [82.817633, 50.0562881], [82.8176196, 50.0563931]]]}}, {"type": "Feature", "properties": {"osm_id": 981134489, "building": "yes", "housenumber": null, "street": null, "levels": null, "area_m2": 135.7, "clat": 50.05650062673085, "clon": 82.81792974754455}, "geometry": {"type": "Polygon", "coordinates": [[[82.8178154, 50.0564611], [82.8178108, 50.0565341], [82.8180442, 50.0565401], [82.8180487, 50.0564672], [82.8178154, 50.0564611]]]}}, {"type": "Feature", "properties": {"osm_id": 981134490, "building": "yes", "housenumber": null, "street": null, "levels": null, "area_m2": 153.0, "clat": 50.05658787162497, "clon": 82.82351343744176}, "geometry": {"type": "Polygon", "coordinates": [[[82.8234091, 50.0566291], [82.8235829, 50.0566526], [82.8236178, 50.0565467], [82.823444, 50.0565231], [82.8234091, 50.0566291]]]}}, {"type": "Feature", "properties": {"osm_id": 981134491, "building": "yes", "housenumber": null, "street": null, "levels": null, "area_m2": 107.3, "clat": 50.056578849999994, "clon": 82.8227848}, "geometry": {"type": "Polygon", "coordinates": [[[82.8227091, 50.0566445], [82.8227935, 50.0566604], [82.8228605, 50.0565132], [82.8227761, 50.0564973], [82.8227091, 50.0566445]]]}}, {"type": "Feature", "properties": {"osm_id": 981134492, "building": "yes", "housenumber": null, "street": null, "levels": null, "area_m2": 103.2, "clat": 50.05682339651414, "clon": 82.82297102859901}, "geometry": {"type": "Polygon", "coordinates": [[[82.8229035, 50.0567737], [82.8228776, 50.0568507], [82.8230385, 50.0568731], [82.8230645, 50.0567961], [82.8229035, 50.0567737]]]}}, {"type": "Feature", "properties": {"osm_id": 981134493, "building": "yes", "housenumber": null, "street": null, "levels": null, "area_m2": 51.7, "clat": 50.05683966250926, "clon": 82.82318335216128}, "geometry": {"type": "Polygon", "coordinates": [[[82.8231275, 50.0568529], [82.8231568, 50.0568593], [82.8231471, 50.0568777], [82.8232005, 50.0568893], [82.8232411, 50.0568123], [82.8231584, 50.0567944], [82.8231275, 50.0568529]]]}}, {"type": "Feature", "properties": {"osm_id": 981134494, "building": "yes", "housenumber": null, "street": null, "levels": null, "area_m2": 53.6, "clat": 50.0569688, "clon": 82.8236047}, "geometry": {"type": "Polygon", "coordinates": [[[82.8235325, 50.0569769], [82.8236018, 50.0570158], [82.8236769, 50.0569607], [82.8236076, 50.0569218], [82.8235325, 50.0569769]]]}}, {"type": "Feature", "properties": {"osm_id": 981134495, "building": "yes", "housenumber": null, "street": null, "levels": null, "area_m2": 494.2, "clat": 50.057474500000005, "clon": 82.82339035000001}, "geometry": {"type": "Polygon", "coordinates": [[[82.8235312, 50.0576244], [82.8236492, 50.0575295], [82.8232495, 50.0573246], [82.8231315, 50.0574195], [82.8235312, 50.0576244]]]}}, {"type": "Feature", "properties": {"osm_id": 981134496, "building": "yes", "housenumber": null, "street": null, "levels": null, "area_m2": 43.7, "clat": 50.05735434949292, "clon": 82.8229323830913}, "geometry": {"type": "Polygon", "coordinates": [[[82.8229129, 50.0573136], [82.822866, 50.0573564], [82.8229518, 50.0573951], [82.8229988, 50.0573523], [82.8229129, 50.0573136]]]}}, {"type": "Feature", "properties": {"osm_id": 981134497, "building": "yes", "housenumber": null, "street": null, "levels": null, "area_m2": 96.2, "clat": 50.05709664849004, "clon": 82.82240676368912}, "geometry": {"type": "Polygon", "coordinates": [[[82.8223014, 50.0570432], [82.8222734, 50.0570864], [82.8225122, 50.0571501], [82.8225401, 50.0571069], [82.8223014, 50.0570432]]]}}, {"type": "Feature", "properties": {"osm_id": 981134498, "building": "yes", "housenumber": null, "street": null, "levels": null, "area_m2": 129.5, "clat": 50.056841421610635, "clon": 82.8226506567671}, "geometry": {"type": "Polygon", "coordinates": [[[82.8225964, 50.0567771], [82.8225413, 50.0568618], [82.822705, 50.0569057], [82.82276, 50.0568211], [82.8225964, 50.0567771]]]}}, {"type": "Feature", "properties": {"osm_id": 981134499, "building": "yes", "housenumber": null, "street": null, "levels": null, "area_m2": 208.6, "clat": 50.056566480750874, "clon": 82.82255256192474}, "geometry": {"type": "Polygon", "coordinates": [[[82.8224838, 50.0564853], [82.8224161, 50.056596], [82.8226213, 50.0566477], [82.822689, 50.0565369], [82.8224838, 50.0564853]]]}}, {"type": "Feature", "properties": {"osm_id": 981134501, "building": "yes", "housenumber": null, "street": null, "levels": null, "area_m2": 159.1, "clat": 50.055625554597036, "clon": 82.82432590197958}, "geometry": {"type": "Polygon", "coordinates": [[[82.8242567, 50.0556948], [82.824448, 50.0556961], [82.8244488, 50.0556476], [82.824346, 50.055647], [82.8243479, 50.0555258], [82.8242594, 50.0555252], [82.8242567, 50.0556948]]]}}, {"type": "Feature", "properties": {"osm_id": 981200446, "building": "yes", "housenumber": null, "street": null, "levels": null, "area_m2": 58.3, "clat": 50.05909218322162, "clon": 82.82276301378363}, "geometry": {"type": "Polygon", "coordinates": [[[82.8227252, 50.0590468], [82.8226828, 50.0590928], [82.8228008, 50.0591376], [82.8228432, 50.0590915], [82.8227252, 50.0590468]]]}}, {"type": "Feature", "properties": {"osm_id": 981200447, "building": "yes", "housenumber": null, "street": null, "levels": null, "area_m2": 216.1, "clat": 50.058902249999996, "clon": 82.82256995}, "geometry": {"type": "Polygon", "coordinates": [[[82.8226648, 50.0589977], [82.8227406, 50.0589308], [82.8224751, 50.0588068], [82.8223993, 50.0588737], [82.8226648, 50.0589977]]]}}, {"type": "Feature", "properties": {"osm_id": 981200448, "building": "yes", "housenumber": null, "street": null, "levels": null, "area_m2": 182.3, "clat": 50.05871319666427, "clon": 82.82216521326804}, "geometry": {"type": "Polygon", "coordinates": [[[82.8220761, 50.0586257], [82.8220076, 50.058687], [82.8222544, 50.0588007], [82.8223228, 50.0587394], [82.8220761, 50.0586257]]]}}, {"type": "Feature", "properties": {"osm_id": 981200449, "building": "yes", "housenumber": null, "street": null, "levels": null, "area_m2": 202.5, "clat": 50.05849674162881, "clon": 82.82171347317471}, "geometry": {"type": "Polygon", "coordinates": [[[82.8215598, 50.0584854], [82.8218213, 50.0585922], [82.8218807, 50.0585322], [82.8216825, 50.0584513], [82.8217206, 50.0584128], [82.8216573, 50.0583869], [82.8215598, 50.0584854]]]}}, {"type": "Feature", "properties": {"osm_id": 981200450, "building": "yes", "housenumber": null, "street": null, "levels": null, "area_m2": 187.3, "clat": 50.0582923, "clon": 82.8218477}, "geometry": {"type": "Polygon", "coordinates": [[[82.8217475, 50.0581918], [82.8216797, 50.0582413], [82.8219479, 50.0583928], [82.8220157, 50.0583433], [82.8217475, 50.0581918]]]}}, {"type": "Feature", "properties": {"osm_id": 981200451, "building": "yes", "housenumber": null, "street": null, "levels": null, "area_m2": 146.2, "clat": 50.05799250582823, "clon": 82.82118596543016}, "geometry": {"type": "Polygon", "coordinates": [[[82.8211682, 50.0580764], [82.8213036, 50.0579542], [82.8212038, 50.0579086], [82.8210683, 50.0580308], [82.8211682, 50.0580764]]]}}, {"type": "Feature", "properties": {"osm_id": 981200452, "building": "yes", "housenumber": null, "street": null, "levels": null, "area_m2": 115.3, "clat": 50.058298447153014, "clon": 82.82127771404677}, "geometry": {"type": "Polygon", "coordinates": [[[82.8213412, 50.0583674], [82.8213993, 50.0583164], [82.8212143, 50.0582295], [82.8211561, 50.0582805], [82.8213412, 50.0583674]]]}}, {"type": "Feature", "properties": {"osm_id": 981200453, "building": "yes", "housenumber": null, "street": null, "levels": null, "area_m2": 47.6, "clat": 50.05825479879669, "clon": 82.82089311588535}, "geometry": {"type": "Polygon", "coordinates": [[[82.8208651, 50.0582116], [82.8208206, 50.0582498], [82.8209212, 50.058298], [82.8209656, 50.0582598], [82.8208651, 50.0582116]]]}}, {"type": "Feature", "properties": {"osm_id": 981200454, "building": "yes", "housenumber": null, "street": null, "levels": null, "area_m2": 141.7, "clat": 50.05807968466358, "clon": 82.8208187633599}, "geometry": {"type": "Polygon", "coordinates": [[[82.8206907, 50.0580669], [82.8208745, 50.0581548], [82.8209468, 50.0580924], [82.820763, 50.0580046], [82.8206907, 50.0580669]]]}}, {"type": "Feature", "properties": {"osm_id": 981200455, "building": "yes", "housenumber": null, "street": null, "levels": null, "area_m2": 175.3, "clat": 50.05785140170119, "clon": 82.82037399658847}, "geometry": {"type": "Polygon", "coordinates": [[[82.820228, 50.0578457], [82.8204131, 50.0579344], [82.8205335, 50.0578308], [82.8204785, 50.0578044], [82.8204199, 50.0578548], [82.8203403, 50.0578167], [82.8203756, 50.0577864], [82.8203251, 50.0577622], [82.820228, 50.0578457]]]}}, {"type": "Feature", "properties": {"osm_id": 981200456, "building": "yes", "housenumber": null, "street": null, "levels": null, "area_m2": 156.9, "clat": 50.05764635, "clon": 82.81990114999999}, "geometry": {"type": "Polygon", "coordinates": [[[82.819764, 50.0576339], [82.8199679, 50.0577243], [82.8200383, 50.0576588], [82.8198344, 50.0575684], [82.819764, 50.0576339]]]}}, {"type": "Feature", "properties": {"osm_id": 981200457, "building": "yes", "housenumber": null, "street": null, "levels": null, "area_m2": 188.5, "clat": 50.05742557263376, "clon": 82.81946357206606}, "geometry": {"type": "Polygon", "coordinates": [[[82.8193228, 50.0574255], [82.8195052, 50.0575125], [82.819617, 50.0574158], [82.8195671, 50.057392], [82.8195317, 50.0574226], [82.8194544, 50.0573857], [82.8194898, 50.0573551], [82.8194346, 50.0573288], [82.8193228, 50.0574255]]]}}, {"type": "Feature", "properties": {"osm_id": 981200458, "building": "yes", "housenumber": null, "street": null, "levels": null, "area_m2": 159.7, "clat": 50.0572471364559, "clon": 82.81905382902727}, "geometry": {"type": "Polygon", "coordinates": [[[82.8189111, 50.0572421], [82.8190961, 50.0573222], [82.819199, 50.0572241], [82.81914, 50.0571986], [82.8191038, 50.057233], [82.8189778, 50.0571785], [82.8189111, 50.0572421]]]}}, {"type": "Feature", "properties": {"osm_id": 981200459, "building": "yes", "housenumber": null, "street": null, "levels": null, "area_m2": 123.4, "clat": 50.05689713594408, "clon": 82.81840314339229}, "geometry": {"type": "Polygon", "coordinates": [[[82.8182928, 50.0569407], [82.8183753, 50.0569784], [82.8185135, 50.0568535], [82.818431, 50.0568159], [82.8182928, 50.0569407]]]}}, {"type": "Feature", "properties": {"osm_id": 981200460, "building": "yes", "housenumber": null, "street": null, "levels": null, "area_m2": 102.1, "clat": 50.05813313831742, "clon": 82.82354813284424}, "geometry": {"type": "Polygon", "coordinates": [[[82.8235419, 50.0580799], [82.8235226, 50.0580962], [82.8234924, 50.0580815], [82.8234395, 50.0581262], [82.8235811, 50.0581951], [82.8236532, 50.0581341], [82.8235419, 50.0580799]]]}}, {"type": "Feature", "properties": {"osm_id": 981200461, "building": "yes", "housenumber": null, "street": null, "levels": null, "area_m2": 89.9, "clat": 50.05798466669508, "clon": 82.8232503997531}, "geometry": {"type": "Polygon", "coordinates": [[[82.8232495, 50.057924], [82.8231574, 50.0579954], [82.8232513, 50.0580453], [82.8233434, 50.057974], [82.8232495, 50.057924]]]}}, {"type": "Feature", "properties": {"osm_id": 981200462, "building": "yes", "housenumber": null, "street": null, "levels": null, "area_m2": 83.8, "clat": 50.057795999999996, "clon": 82.82284355}, "geometry": {"type": "Polygon", "coordinates": [[[82.8228244, 50.0577389], [82.8227581, 50.0578161], [82.8228627, 50.0578531], [82.822929, 50.0577759], [82.8228244, 50.0577389]]]}}, {"type": "Feature", "properties": {"osm_id": 981200463, "building": "yes", "housenumber": null, "street": null, "levels": null, "area_m2": 85.3, "clat": 50.05764718328619, "clon": 82.82256110025013}, "geometry": {"type": "Polygon", "coordinates": [[[82.8224717, 50.057664], [82.822562, 50.057707], [82.8226505, 50.0576303], [82.8225602, 50.0575874], [82.8224717, 50.057664]]]}}, {"type": "Feature", "properties": {"osm_id": 981200464, "building": "yes", "housenumber": null, "street": null, "levels": null, "area_m2": 79.5, "clat": 50.05759013281347, "clon": 82.82239075683191}, "geometry": {"type": "Polygon", "coordinates": [[[82.822414, 50.0576451], [82.8224788, 50.0575834], [82.8223675, 50.0575352], [82.8223027, 50.0575968], [82.822414, 50.0576451]]]}}, {"type": "Feature", "properties": {"osm_id": 981200465, "building": "yes", "housenumber": null, "street": null, "levels": null, "area_m2": 74.6, "clat": 50.05746095, "clon": 82.82203510000001}, "geometry": {"type": "Polygon", "coordinates": [[[82.8220627, 50.0575133], [82.8221202, 50.0574525], [82.8220075, 50.0574086], [82.82195, 50.0574694], [82.8220627, 50.0575133]]]}}, {"type": "Feature", "properties": {"osm_id": 981200466, "building": "yes", "housenumber": null, "street": null, "levels": null, "area_m2": 77.7, "clat": 50.05731991727143, "clon": 82.82165999417535}, "geometry": {"type": "Polygon", "coordinates": [[[82.8216402, 50.0572653], [82.8215738, 50.0573289], [82.8216798, 50.0573745], [82.8217462, 50.057311], [82.8216402, 50.0572653]]]}}, {"type": "Feature", "properties": {"osm_id": 981200467, "building": "yes", "housenumber": null, "street": null, "levels": null, "area_m2": 108.5, "clat": 50.05720233193833, "clon": 82.82136681182322}, "geometry": {"type": "Polygon", "coordinates": [[[82.8212634, 50.0572145], [82.8214136, 50.0572628], [82.8214702, 50.0571901], [82.82132, 50.0571419], [82.8212634, 50.0572145]]]}}, {"type": "Feature", "properties": {"osm_id": 981200468, "building": "yes", "housenumber": null, "street": null, "levels": null, "area_m2": 103.5, "clat": 50.05720233019606, "clon": 82.82115335654649}, "geometry": {"type": "Polygon", "coordinates": [[[82.8210703, 50.0572421], [82.8211841, 50.0572659], [82.8212364, 50.0571625], [82.8211226, 50.0571388], [82.8210703, 50.0572421]]]}}, {"type": "Feature", "properties": {"osm_id": 981200469, "building": "yes", "housenumber": null, "street": null, "levels": null, "area_m2": 214.1, "clat": 50.0570886, "clon": 82.82076485}, "geometry": {"type": "Polygon", "coordinates": [[[82.8206559, 50.0571792], [82.8207759, 50.0572029], [82.8208738, 50.056998], [82.8207538, 50.0569743], [82.8206559, 50.0571792]]]}}, {"type": "Feature", "properties": {"osm_id": 981200470, "building": "yes", "housenumber": null, "street": null, "levels": null, "area_m2": 194.0, "clat": 50.057059264610054, "clon": 82.82051504746282}, "geometry": {"type": "Polygon", "coordinates": [[[82.8204533, 50.0569752], [82.8203659, 50.0570767], [82.8204177, 50.0570951], [82.8204469, 50.0570612], [82.8204983, 50.0570795], [82.8204691, 50.0571134], [82.820567, 50.0571481], [82.8206545, 50.0570466], [82.8204533, 50.0569752]]]}}, {"type": "Feature", "properties": {"osm_id": 981200471, "building": "yes", "housenumber": null, "street": null, "levels": null, "area_m2": 161.0, "clat": 50.056962957748645, "clon": 82.82001034132632}, "geometry": {"type": "Polygon", "coordinates": [[[82.8199028, 50.0569115], [82.8198917, 50.0570012], [82.8199346, 50.0570034], [82.8199323, 50.057022], [82.8199695, 50.0570239], [82.8199745, 50.0569838], [82.8200464, 50.0569874], [82.820041, 50.0570307], [82.8200661, 50.057032], [82.8200687, 50.0570109], [82.8201189, 50.0570135], [82.8201301, 50.0569231], [82.8199028, 50.0569115]]]}}, {"type": "Feature", "properties": {"osm_id": 981200472, "building": "yes", "housenumber": null, "street": null, "levels": null, "area_m2": 37.8, "clat": 50.05687105, "clon": 82.8196615}, "geometry": {"type": "Polygon", "coordinates": [[[82.8196192, 50.056902], [82.8196864, 50.056909], [82.8197038, 50.0568401], [82.8196366, 50.0568331], [82.8196192, 50.056902]]]}}, {"type": "Feature", "properties": {"osm_id": 981200473, "building": "yes", "housenumber": null, "street": null, "levels": null, "area_m2": 224.5, "clat": 50.05693101632282, "clon": 82.8192881140123}, "geometry": {"type": "Polygon", "coordinates": [[[82.8191552, 50.056865], [82.8191504, 50.0569578], [82.8191804, 50.0569584], [82.8191792, 50.0569816], [82.8192307, 50.0569827], [82.8192328, 50.0569401], [82.8192968, 50.0569415], [82.8192958, 50.0569608], [82.8193215, 50.0569614], [82.8193172, 50.0570465], [82.8193658, 50.0570475], [82.8193678, 50.0570063], [82.819395, 50.0570069], [82.8194019, 50.0568701], [82.8191552, 50.056865]]]}}, {"type": "Feature", "properties": {"osm_id": 981200474, "building": "yes", "housenumber": null, "street": null, "levels": null, "area_m2": 274.4, "clat": 50.05861193502956, "clon": 82.82296794516023}, "geometry": {"type": "Polygon", "coordinates": [[[82.8228056, 50.0586688], [82.8229371, 50.058729], [82.8231303, 50.058555], [82.8229988, 50.0584949], [82.8228056, 50.0586688]]]}}, {"type": "Feature", "properties": {"osm_id": 981200475, "building": "yes", "housenumber": null, "street": null, "levels": null, "area_m2": 94.2, "clat": 50.05987640218104, "clon": 82.82448631653581}, "geometry": {"type": "Polygon", "coordinates": [[[82.8243908, 50.0598888], [82.8244826, 50.0599389], [82.8245818, 50.059864], [82.8244901, 50.0598139], [82.8243908, 50.0598888]]]}}, {"type": "Feature", "properties": {"osm_id": 981200476, "building": "yes", "housenumber": null, "street": null, "levels": null, "area_m2": 90.1, "clat": 50.05968775, "clon": 82.8241124}, "geometry": {"type": "Polygon", "coordinates": [[[82.8241347, 50.0597476], [82.8242081, 50.0596908], [82.8240901, 50.0596279], [82.8240167, 50.0596847], [82.8241347, 50.0597476]]]}}, {"type": "Feature", "properties": {"osm_id": 981200477, "building": "yes", "housenumber": null, "street": null, "levels": null, "area_m2": 67.0, "clat": 50.0594948, "clon": 82.82372480000001}, "geometry": {"type": "Polygon", "coordinates": [[[82.8237028, 50.0594437], [82.8236422, 50.0594943], [82.8237468, 50.0595459], [82.8238074, 50.0594953], [82.8237028, 50.0594437]]]}}, {"type": "Feature", "properties": {"osm_id": 981200478, "building": "yes", "housenumber": null, "street": null, "levels": null, "area_m2": 83.1, "clat": 50.0591563, "clon": 82.82316715}, "geometry": {"type": "Polygon", "coordinates": [[[82.823149, 50.0590993], [82.8230767, 50.0591599], [82.8231853, 50.0592133], [82.8232576, 50.0591527], [82.823149, 50.0590993]]]}}, {"type": "Feature", "properties": {"osm_id": 981200479, "building": "yes", "housenumber": null, "street": null, "levels": null, "area_m2": 270.4, "clat": 50.0594623761902, "clon": 82.82494261820251}, "geometry": {"type": "Polygon", "coordinates": [[[82.8247865, 50.0595203], [82.8249031, 50.0595785], [82.8251083, 50.0594089], [82.8249916, 50.0593507], [82.8249241, 50.0594065], [82.824901, 50.059395], [82.8248273, 50.0594559], [82.8248504, 50.0594674], [82.8247865, 50.0595203]]]}}, {"type": "Feature", "properties": {"osm_id": 981200480, "building": "yes", "housenumber": null, "street": null, "levels": null, "area_m2": 49.6, "clat": 50.0592082, "clon": 82.82485150000001}, "geometry": {"type": "Polygon", "coordinates": [[[82.824824, 50.0591639], [82.8247777, 50.0592026], [82.824879, 50.0592525], [82.8249253, 50.0592138], [82.824824, 50.0591639]]]}}, {"type": "Feature", "properties": {"osm_id": 981200481, "building": "yes", "housenumber": null, "street": null, "levels": null, "area_m2": 139.0, "clat": 50.059346060358735, "clon": 82.82523315463709}, "geometry": {"type": "Polygon", "coordinates": [[[82.8252263, 50.0594213], [82.8253566, 50.0593125], [82.8252699, 50.0592697], [82.8251852, 50.0593405], [82.8251444, 50.0593204], [82.8250989, 50.0593584], [82.8252263, 50.0594213]]]}}, {"type": "Feature", "properties": {"osm_id": 981200482, "building": "yes", "housenumber": null, "street": null, "levels": null, "area_m2": 278.8, "clat": 50.05914106578531, "clon": 82.82546036427469}, "geometry": {"type": "Polygon", "coordinates": [[[82.8253806, 50.0592827], [82.8256618, 50.0590183], [82.8255712, 50.0589786], [82.8255227, 50.0590242], [82.8255646, 50.0590426], [82.8254989, 50.0591044], [82.8254408, 50.0590789], [82.8252738, 50.0592359], [82.8253806, 50.0592827]]]}}, {"type": "Feature", "properties": {"osm_id": 981200483, "building": "yes", "housenumber": null, "street": null, "levels": null, "area_m2": 73.9, "clat": 50.05900408292331, "clon": 82.82537345417727}, "geometry": {"type": "Polygon", "coordinates": [[[82.8253873, 50.059058], [82.8254575, 50.0589958], [82.8253596, 50.0589502], [82.8252894, 50.0590123], [82.8253873, 50.059058]]]}}, {"type": "Feature", "properties": {"osm_id": 981200484, "building": "yes", "housenumber": null, "street": null, "levels": null, "area_m2": 136.6, "clat": 50.05883033354571, "clon": 82.82498894911393}, "geometry": {"type": "Polygon", "coordinates": [[[82.8248763, 50.0588573], [82.8249849, 50.0589075], [82.8251016, 50.0588033], [82.824993, 50.0587532], [82.8248763, 50.0588573]]]}}, {"type": "Feature", "properties": {"osm_id": 981200485, "building": "yes", "housenumber": null, "street": null, "levels": null, "area_m2": 94.5, "clat": 50.058651285005176, "clon": 82.8246132636437}, "geometry": {"type": "Polygon", "coordinates": [[[82.824643, 50.0587101], [82.8247139, 50.0586468], [82.8246178, 50.0586024], [82.8245982, 50.0586198], [82.8245602, 50.0586023], [82.8245088, 50.0586481], [82.824643, 50.0587101]]]}}, {"type": "Feature", "properties": {"osm_id": 981200487, "building": "yes", "housenumber": null, "street": null, "levels": null, "area_m2": 205.0, "clat": 50.05850755, "clon": 82.823829}, "geometry": {"type": "Polygon", "coordinates": [[[82.8236867, 50.0585517], [82.8237996, 50.0586072], [82.8239713, 50.0584634], [82.8238584, 50.0584079], [82.8236867, 50.0585517]]]}}, {"type": "Feature", "properties": {"osm_id": 981200488, "building": "yes", "housenumber": null, "street": null, "levels": null, "area_m2": 138.3, "clat": 50.058896916000805, "clon": 82.8233318525812}, "geometry": {"type": "Polygon", "coordinates": [[[82.8232173, 50.0589265], [82.8233201, 50.0589758], [82.8234464, 50.0588674], [82.8233436, 50.058818], [82.8232173, 50.0589265]]]}}, {"type": "Feature", "properties": {"osm_id": 981200489, "building": "yes", "housenumber": null, "street": null, "levels": null, "area_m2": 59.2, "clat": 50.06166516393514, "clon": 82.82904335515443}, "geometry": {"type": "Polygon", "coordinates": [[[82.8289707, 50.0617037], [82.8290275, 50.0617248], [82.829116, 50.0616267], [82.8290592, 50.0616055], [82.8289707, 50.0617037]]]}}, {"type": "Feature", "properties": {"osm_id": 981200490, "building": "yes", "housenumber": null, "street": null, "levels": null, "area_m2": 50.3, "clat": 50.061523933224954, "clon": 82.82917525025215}, "geometry": {"type": "Polygon", "coordinates": [[[82.8291115, 50.0615513], [82.829176, 50.0615732], [82.829239, 50.0614965], [82.8291745, 50.0614747], [82.8291115, 50.0615513]]]}}, {"type": "Feature", "properties": {"osm_id": 981200491, "building": "yes", "housenumber": null, "street": null, "levels": null, "area_m2": 28.2, "clat": 50.06258376560202, "clon": 82.83006707527646}, "geometry": {"type": "Polygon", "coordinates": [[[82.8300252, 50.0625537], [82.8300044, 50.0625811], [82.830109, 50.0626138], [82.8301298, 50.0625865], [82.8300252, 50.0625537]]]}}, {"type": "Feature", "properties": {"osm_id": 981200492, "building": "yes", "housenumber": null, "street": null, "levels": null, "area_m2": 53.7, "clat": 50.062279646914504, "clon": 82.83051583428616}, "geometry": {"type": "Polygon", "coordinates": [[[82.8305009, 50.0623279], [82.8305898, 50.0622667], [82.8305307, 50.0622314], [82.8304419, 50.0622926], [82.8305009, 50.0623279]]]}}, {"type": "Feature", "properties": {"osm_id": 981200493, "building": "yes", "housenumber": null, "street": null, "levels": null, "area_m2": 102.2, "clat": 50.06215364367178, "clon": 82.83037553610001}, "geometry": {"type": "Polygon", "coordinates": [[[82.8302716, 50.0621875], [82.830344, 50.0622257], [82.8304795, 50.0621198], [82.830407, 50.0620816], [82.8302716, 50.0621875]]]}}, {"type": "Feature", "properties": {"osm_id": 981200494, "building": "yes", "housenumber": null, "street": null, "levels": null, "area_m2": 53.7, "clat": 50.06209936689388, "clon": 82.830244695671}, "geometry": {"type": "Polygon", "coordinates": [[[82.8301723, 50.0621032], [82.8302568, 50.0621453], [82.8303171, 50.0620956], [82.8302326, 50.0620534], [82.8301723, 50.0621032]]]}}, {"type": "Feature", "properties": {"osm_id": 981200495, "building": "yes", "housenumber": null, "street": null, "levels": null, "area_m2": 60.6, "clat": 50.06198635031331, "clon": 82.82999181669555}, "geometry": {"type": "Polygon", "coordinates": [[[82.8299148, 50.0619878], [82.8299964, 50.0620357], [82.8300688, 50.0619849], [82.8299873, 50.061937], [82.8299148, 50.0619878]]]}}, {"type": "Feature", "properties": {"osm_id": 981200496, "building": "yes", "housenumber": null, "street": null, "levels": null, "area_m2": 106.1, "clat": 50.0618262, "clon": 82.82982399999999}, "geometry": {"type": "Polygon", "coordinates": [[[82.8297217, 50.0618389], [82.8298136, 50.0618927], [82.8299263, 50.0618135], [82.8298344, 50.0617597], [82.8297217, 50.0618389]]]}}, {"type": "Feature", "properties": {"osm_id": 981200497, "building": "yes", "housenumber": null, "street": null, "levels": null, "area_m2": 104.2, "clat": 50.06172780199789, "clon": 82.82952747913087}, "geometry": {"type": "Polygon", "coordinates": [[[82.8294213, 50.061733], [82.8295393, 50.0617912], [82.8296265, 50.0617223], [82.8295299, 50.061664], [82.8294213, 50.061733]]]}}, {"type": "Feature", "properties": {"osm_id": 981200498, "building": "yes", "housenumber": null, "street": null, "levels": null, "area_m2": 86.3, "clat": 50.06158153582697, "clon": 82.82934072375018}, "geometry": {"type": "Polygon", "coordinates": [[[82.829255, 50.0616038], [82.8293621, 50.0616393], [82.8294264, 50.0615592], [82.8293194, 50.0615238], [82.829255, 50.0616038]]]}}, {"type": "Feature", "properties": {"osm_id": 981200499, "building": "yes", "housenumber": null, "street": null, "levels": null, "area_m2": 168.7, "clat": 50.06236705, "clon": 82.82821805}, "geometry": {"type": "Polygon", "coordinates": [[[82.8280936, 50.0624208], [82.828195, 50.0624622], [82.8283425, 50.0623133], [82.8282411, 50.0622719], [82.8280936, 50.0624208]]]}}, {"type": "Feature", "properties": {"osm_id": 981200500, "building": "yes", "housenumber": null, "street": null, "levels": null, "area_m2": 108.4, "clat": 50.06289494615035, "clon": 82.82856188270276}, "geometry": {"type": "Polygon", "coordinates": [[[82.8284638, 50.0629185], [82.8285728, 50.0629618], [82.82866, 50.0628714], [82.8285509, 50.0628281], [82.8284638, 50.0629185]]]}}, {"type": "Feature", "properties": {"osm_id": 981200501, "building": "yes", "housenumber": null, "street": null, "levels": null, "area_m2": 297.9, "clat": 50.06283353962853, "clon": 82.82828799406197}, "geometry": {"type": "Polygon", "coordinates": [[[82.8281647, 50.0628238], [82.8282179, 50.0628454], [82.8281538, 50.0629102], [82.8282746, 50.0629594], [82.8284459, 50.0627862], [82.828272, 50.0627153], [82.8281647, 50.0628238]]]}}, {"type": "Feature", "properties": {"osm_id": 981200502, "building": "yes", "housenumber": null, "street": null, "levels": null, "area_m2": 41.3, "clat": 50.0615907, "clon": 82.82653505}, "geometry": {"type": "Polygon", "coordinates": [[[82.8265098, 50.0615504], [82.8264678, 50.0615862], [82.8265603, 50.061631], [82.8266023, 50.0615952], [82.8265098, 50.0615504]]]}}, {"type": "Feature", "properties": {"osm_id": 981200503, "building": "yes", "housenumber": null, "street": null, "levels": null, "area_m2": 77.2, "clat": 50.06163075, "clon": 82.8269336}, "geometry": {"type": "Polygon", "coordinates": [[[82.826896, 50.0615763], [82.8268411, 50.0616258], [82.8269712, 50.0616852], [82.8270261, 50.0616357], [82.826896, 50.0615763]]]}}, {"type": "Feature", "properties": {"osm_id": 981200504, "building": "yes", "housenumber": null, "street": null, "levels": null, "area_m2": 78.3, "clat": 50.06156063269611, "clon": 82.82676295538205}, "geometry": {"type": "Polygon", "coordinates": [[[82.8267445, 50.0615057], [82.8266768, 50.0615708], [82.8267814, 50.0616156], [82.8268491, 50.0615504], [82.8267445, 50.0615057]]]}}, {"type": "Feature", "properties": {"osm_id": 981200505, "building": "yes", "housenumber": null, "street": null, "levels": null, "area_m2": 56.1, "clat": 50.0612412, "clon": 82.82616945000001}, "geometry": {"type": "Polygon", "coordinates": [[[82.8261557, 50.061194], [82.8260947, 50.061241], [82.8261832, 50.0612884], [82.8262442, 50.0612414], [82.8261557, 50.061194]]]}}, {"type": "Feature", "properties": {"osm_id": 981200506, "building": "yes", "housenumber": null, "street": null, "levels": null, "area_m2": 116.4, "clat": 50.06109748320737, "clon": 82.82588520401946}, "geometry": {"type": "Polygon", "coordinates": [[[82.8258687, 50.0610296], [82.8257783, 50.0611008], [82.8259017, 50.0611654], [82.8259921, 50.0610941], [82.8258687, 50.0610296]]]}}, {"type": "Feature", "properties": {"osm_id": 981200507, "building": "yes", "housenumber": "41", "street": "Гагарина", "levels": null, "area_m2": 106.6, "clat": 50.0609227670139, "clon": 82.82556919548155}, "geometry": {"type": "Polygon", "coordinates": [[[82.8254677, 50.0609306], [82.8255871, 50.0609874], [82.8256707, 50.060915], [82.8255513, 50.0608581], [82.8254677, 50.0609306]]]}}, {"type": "Feature", "properties": {"osm_id": 981200508, "building": "yes", "housenumber": "39", "street": "Гагарина", "levels": null, "area_m2": 94.6, "clat": 50.06074549981095, "clon": 82.82525138328599}, "geometry": {"type": "Polygon", "coordinates": [[[82.825236, 50.0606842], [82.8251547, 50.0607466], [82.8252667, 50.0608068], [82.8253481, 50.0607444], [82.825236, 50.0606842]]]}}, {"type": "Feature", "properties": {"osm_id": 981200509, "building": "yes", "housenumber": null, "street": null, "levels": null, "area_m2": 65.0, "clat": 50.061071141323595, "clon": 82.82797578651203}, "geometry": {"type": "Polygon", "coordinates": [[[82.8279445, 50.0610198], [82.8279014, 50.0610651], [82.8279519, 50.061085], [82.827934, 50.0611037], [82.8279911, 50.0611261], [82.8280521, 50.0610621], [82.8279445, 50.0610198]]]}}, {"type": "Feature", "properties": {"osm_id": 981200510, "building": "yes", "housenumber": null, "street": null, "levels": null, "area_m2": 108.8, "clat": 50.06128149955969, "clon": 82.82773718300363}, "geometry": {"type": "Polygon", "coordinates": [[[82.8277838, 50.0613438], [82.8278448, 50.0612786], [82.8276905, 50.0612192], [82.8276296, 50.0612844], [82.8277838, 50.0613438]]]}}, {"type": "Feature", "properties": {"osm_id": 981200511, "building": "yes", "housenumber": null, "street": null, "levels": null, "area_m2": 176.0, "clat": 50.061041002184425, "clon": 82.82769832961998}, "geometry": {"type": "Polygon", "coordinates": [[[82.827576, 50.0611036], [82.82768, 50.0611357], [82.8277521, 50.0610392], [82.8277946, 50.0610523], [82.8278352, 50.0609981], [82.8276886, 50.0609529], [82.827576, 50.0611036]]]}}, {"type": "Feature", "properties": {"osm_id": 981200512, "building": "yes", "housenumber": null, "street": null, "levels": null, "area_m2": 203.1, "clat": 50.06130417369377, "clon": 82.82747551665206}, "geometry": {"type": "Polygon", "coordinates": [[[82.8273466, 50.0613585], [82.8274757, 50.0614031], [82.8276044, 50.0612499], [82.8274754, 50.0612052], [82.8273466, 50.0613585]]]}}, {"type": "Feature", "properties": {"osm_id": 981200515, "building": "yes", "housenumber": null, "street": null, "levels": null, "area_m2": 159.8, "clat": 50.06092749524451, "clon": 82.82647616291061}, "geometry": {"type": "Polygon", "coordinates": [[[82.8265446, 50.0610141], [82.8266183, 50.0609606], [82.8264078, 50.0608409], [82.826334, 50.0608944], [82.8265446, 50.0610141]]]}}, {"type": "Feature", "properties": {"osm_id": 981200517, "building": "yes", "housenumber": null, "street": null, "levels": null, "area_m2": 251.9, "clat": 50.06055761992704, "clon": 82.82706461204917}, "geometry": {"type": "Polygon", "coordinates": [[[82.8268746, 50.060544], [82.8269099, 50.0606298], [82.8272546, 50.0605713], [82.8272192, 50.0604854], [82.8268746, 50.060544]]]}}, {"type": "Feature", "properties": {"osm_id": 981200518, "building": "yes", "housenumber": null, "street": null, "levels": null, "area_m2": 56.3, "clat": 50.06067459584066, "clon": 82.82639188453996}, "geometry": {"type": "Polygon", "coordinates": [[[82.8263167, 50.0606921], [82.8263772, 50.0607251], [82.8264671, 50.0606571], [82.8264065, 50.0606241], [82.8263167, 50.0606921]]]}}, {"type": "Feature", "properties": {"osm_id": 981200519, "building": "yes", "housenumber": null, "street": null, "levels": null, "area_m2": 42.8, "clat": 50.0605554, "clon": 82.82634415}, "geometry": {"type": "Polygon", "coordinates": [[[82.826329, 50.0605145], [82.8262787, 50.0605562], [82.8263593, 50.0605963], [82.8264096, 50.0605546], [82.826329, 50.0605145]]]}}, {"type": "Feature", "properties": {"osm_id": 981200520, "building": "yes", "housenumber": null, "street": null, "levels": null, "area_m2": 194.5, "clat": 50.0606929290976, "clon": 82.82612270190127}, "geometry": {"type": "Polygon", "coordinates": [[[82.825972, 50.0606697], [82.8261812, 50.0607851], [82.8262561, 50.0607291], [82.8262327, 50.0607162], [82.8262634, 50.0606933], [82.8262088, 50.0606632], [82.8261782, 50.0606861], [82.8261188, 50.0606534], [82.8261449, 50.0606339], [82.8260881, 50.0606026], [82.826062, 50.0606221], [82.8260469, 50.0606137], [82.825972, 50.0606697]]]}}, {"type": "Feature", "properties": {"osm_id": 981200521, "building": "yes", "housenumber": null, "street": null, "levels": null, "area_m2": 167.6, "clat": 50.0603712, "clon": 82.8265432}, "geometry": {"type": "Polygon", "coordinates": [[[82.8266171, 50.0604605], [82.8266906, 50.0604068], [82.8264693, 50.0602819], [82.8263958, 50.0603356], [82.8266171, 50.0604605]]]}}, {"type": "Feature", "properties": {"osm_id": 981200522, "building": "yes", "housenumber": null, "street": null, "levels": null, "area_m2": 60.6, "clat": 50.06030654546404, "clon": 82.82614341253486}, "geometry": {"type": "Polygon", "coordinates": [[[82.8260954, 50.0602538], [82.8260533, 50.0602869], [82.8261915, 50.0603593], [82.8262335, 50.0603262], [82.8260954, 50.0602538]]]}}, {"type": "Feature", "properties": {"osm_id": 981200524, "building": "yes", "housenumber": null, "street": null, "levels": null, "area_m2": 71.8, "clat": 50.06057571622887, "clon": 82.82557735303216}, "geometry": {"type": "Polygon", "coordinates": [[[82.8254932, 50.0605879], [82.8255676, 50.0606307], [82.8256615, 50.0605636], [82.8255871, 50.0605207], [82.8254932, 50.0605879]]]}}, {"type": "Feature", "properties": {"osm_id": 981200525, "building": "yes", "housenumber": null, "street": null, "levels": null, "area_m2": 122.5, "clat": 50.06037455080052, "clon": 82.82520833337084}, "geometry": {"type": "Polygon", "coordinates": [[[82.825205, 50.0603041], [82.8250988, 50.0603693], [82.8252116, 50.060445], [82.8253179, 50.0603798], [82.825205, 50.0603041]]]}}, {"type": "Feature", "properties": {"osm_id": 981200526, "building": "yes", "housenumber": null, "street": null, "levels": null, "area_m2": 63.6, "clat": 50.060162101751, "clon": 82.82491433403784}, "geometry": {"type": "Polygon", "coordinates": [[[82.8248937, 50.0601109], [82.824833, 50.0601539], [82.8249349, 50.0602133], [82.8249957, 50.0601703], [82.8248937, 50.0601109]]]}}, {"type": "Feature", "properties": {"osm_id": 981200527, "building": "yes", "housenumber": null, "street": null, "levels": null, "area_m2": 88.5, "clat": 50.06047999779779, "clon": 82.82819983256275}, "geometry": {"type": "Polygon", "coordinates": [[[82.8281794, 50.0604217], [82.8281089, 50.0604926], [82.8282202, 50.0605383], [82.8282908, 50.0604674], [82.8281794, 50.0604217]]]}}, {"type": "Feature", "properties": {"osm_id": 981200528, "building": "yes", "housenumber": null, "street": null, "levels": null, "area_m2": 64.8, "clat": 50.060204000543784, "clon": 82.8278849669695}, "geometry": {"type": "Polygon", "coordinates": [[[82.8278576, 50.0601548], [82.8278037, 50.0602067], [82.8279124, 50.0602532], [82.8279662, 50.0602013], [82.8278576, 50.0601548]]]}}, {"type": "Feature", "properties": {"osm_id": 981200529, "building": "yes", "housenumber": null, "street": null, "levels": null, "area_m2": 79.6, "clat": 50.06010045, "clon": 82.82765105}, "geometry": {"type": "Polygon", "coordinates": [[[82.8276336, 50.0600446], [82.8275625, 50.0601037], [82.8276685, 50.0601563], [82.8277396, 50.0600972], [82.8276336, 50.0600446]]]}}, {"type": "Feature", "properties": {"osm_id": 981200530, "building": "yes", "housenumber": null, "street": null, "levels": null, "area_m2": 95.9, "clat": 50.059899766585396, "clon": 82.82734649192142}, "geometry": {"type": "Polygon", "coordinates": [[[82.8273171, 50.0598388], [82.8272471, 50.0598988], [82.8273759, 50.0599607], [82.8274459, 50.0599008], [82.8273171, 50.0598388]]]}}, {"type": "Feature", "properties": {"osm_id": 981200531, "building": "yes", "housenumber": null, "street": null, "levels": null, "area_m2": 92.5, "clat": 50.05966940197037, "clon": 82.8268957670037}, "geometry": {"type": "Polygon", "coordinates": [[[82.8269062, 50.0597302], [82.8269894, 50.0596581], [82.8268854, 50.0596086], [82.8268021, 50.0596807], [82.8269062, 50.0597302]]]}}, {"type": "Feature", "properties": {"osm_id": 981200532, "building": "yes", "housenumber": null, "street": null, "levels": null, "area_m2": 75.6, "clat": 50.05951315, "clon": 82.82654905}, "geometry": {"type": "Polygon", "coordinates": [[[82.8265299, 50.0594592], [82.8264636, 50.0595206], [82.8265682, 50.0595671], [82.8266345, 50.0595057], [82.8265299, 50.0594592]]]}}, {"type": "Feature", "properties": {"osm_id": 981200533, "building": "yes", "housenumber": null, "street": null, "levels": null, "area_m2": 70.1, "clat": 50.05939366639973, "clon": 82.82620298692025}, "geometry": {"type": "Polygon", "coordinates": [[[82.8261638, 50.0593429], [82.8261148, 50.0593919], [82.8262422, 50.0594444], [82.8262912, 50.0593955], [82.8261638, 50.0593429]]]}}, {"type": "Feature", "properties": {"osm_id": 981200534, "building": "yes", "housenumber": null, "street": null, "levels": null, "area_m2": 55.7, "clat": 50.0592566, "clon": 82.82592}, "geometry": {"type": "Polygon", "coordinates": [[[82.8258486, 50.0592896], [82.8259056, 50.0593123], [82.8259914, 50.0592236], [82.8259344, 50.0592009], [82.8258486, 50.0592896]]]}}, {"type": "Feature", "properties": {"osm_id": 981200535, "building": "yes", "housenumber": null, "street": null, "levels": null, "area_m2": 78.3, "clat": 50.0592104, "clon": 82.8257738}, "geometry": {"type": "Polygon", "coordinates": [[[82.8256877, 50.0592224], [82.8258063, 50.059263], [82.8258599, 50.0591984], [82.8257413, 50.0591578], [82.8256877, 50.0592224]]]}}, {"type": "Feature", "properties": {"osm_id": 981200536, "building": "yes", "housenumber": null, "street": null, "levels": null, "area_m2": 663.4, "clat": 50.05347714681845, "clon": 82.8273961384383}, "geometry": {"type": "Polygon", "coordinates": [[[82.8270516, 50.0535275], [82.8271425, 50.0536352], [82.8277407, 50.0534268], [82.8276497, 50.0533191], [82.8270516, 50.0535275]]]}}, {"type": "Feature", "properties": {"osm_id": 981200537, "building": "yes", "housenumber": null, "street": null, "levels": null, "area_m2": 92.1, "clat": 50.05474415, "clon": 82.8292202}, "geometry": {"type": "Polygon", "coordinates": [[[82.8291209, 50.0547408], [82.8291747, 50.0548009], [82.8293195, 50.0547475], [82.8292657, 50.0546874], [82.8291209, 50.0547408]]]}}, {"type": "Feature", "properties": {"osm_id": 981200538, "building": "yes", "housenumber": null, "street": null, "levels": null, "area_m2": 87.4, "clat": 50.05530237793659, "clon": 82.82812398403726}, "geometry": {"type": "Polygon", "coordinates": [[[82.8281151, 50.0553702], [82.8281986, 50.0553508], [82.8281328, 50.0552345], [82.8280494, 50.055254], [82.8281151, 50.0553702]]]}}, {"type": "Feature", "properties": {"osm_id": 981200539, "building": "yes", "housenumber": null, "street": null, "levels": null, "area_m2": 70.8, "clat": 50.054387132103116, "clon": 82.83232533692123}, "geometry": {"type": "Polygon", "coordinates": [[[82.8322403, 50.0543791], [82.8322843, 50.0544356], [82.8324104, 50.0543951], [82.8323664, 50.0543387], [82.8322403, 50.0543791]]]}}, {"type": "Feature", "properties": {"osm_id": 981200540, "building": "yes", "housenumber": null, "street": null, "levels": null, "area_m2": 75.4, "clat": 50.05426886843934, "clon": 82.83157030771017}, "geometry": {"type": "Polygon", "coordinates": [[[82.8314894, 50.0542503], [82.8315432, 50.0543212], [82.8316512, 50.0542875], [82.8315974, 50.0542165], [82.8314894, 50.0542503]]]}}, {"type": "Feature", "properties": {"osm_id": 981200541, "building": "yes", "housenumber": null, "street": null, "levels": null, "area_m2": 154.8, "clat": 50.05442669000817, "clon": 82.8319595374463}, "geometry": {"type": "Polygon", "coordinates": [[[82.8319836, 50.0543506], [82.8318349, 50.0544037], [82.8318941, 50.054472], [82.8319296, 50.0544593], [82.8319656, 50.0545009], [82.8320788, 50.0544605], [82.8319836, 50.0543506]]]}}, {"type": "Feature", "properties": {"osm_id": 981200542, "building": "yes", "housenumber": null, "street": null, "levels": null, "area_m2": 152.8, "clat": 50.0545342, "clon": 82.83131375}, "geometry": {"type": "Polygon", "coordinates": [[[82.8311956, 50.05451], [82.8312495, 50.0546023], [82.8314319, 50.0545584], [82.831378, 50.0544661], [82.8311956, 50.05451]]]}}, {"type": "Feature", "properties": {"osm_id": 981200543, "building": "yes", "housenumber": null, "street": null, "levels": null, "area_m2": 207.8, "clat": 50.05470726325369, "clon": 82.83070127723784}, "geometry": {"type": "Polygon", "coordinates": [[[82.8305545, 50.0546969], [82.8306284, 50.0548032], [82.8307324, 50.0547734], [82.8307057, 50.0547351], [82.8308633, 50.05469], [82.8308161, 50.0546219], [82.8305545, 50.0546969]]]}}, {"type": "Feature", "properties": {"osm_id": 981200544, "building": "yes", "housenumber": null, "street": null, "levels": null, "area_m2": 126.2, "clat": 50.05494693470643, "clon": 82.8304199521707}, "geometry": {"type": "Polygon", "coordinates": [[[82.8302675, 50.0549569], [82.8303024, 50.055008], [82.8306038, 50.0549232], [82.830586, 50.054897], [82.8305018, 50.0549207], [82.8304848, 50.0548958], [82.8302675, 50.0549569]]]}}, {"type": "Feature", "properties": {"osm_id": 981200545, "building": "yes", "housenumber": null, "street": null, "levels": null, "area_m2": 63.4, "clat": 50.055011976843105, "clon": 82.83010076071967}, "geometry": {"type": "Polygon", "coordinates": [[[82.8300731, 50.0550594], [82.8301727, 50.0550326], [82.8301285, 50.0549646], [82.8300288, 50.0549913], [82.8300731, 50.0550594]]]}}, {"type": "Feature", "properties": {"osm_id": 981200546, "building": "yes", "housenumber": null, "street": null, "levels": null, "area_m2": 233.3, "clat": 50.055051302981624, "clon": 82.82970859602756}, "geometry": {"type": "Polygon", "coordinates": [[[82.8295407, 50.0550525], [82.8296242, 50.0551486], [82.8297024, 50.0551206], [82.8296754, 50.0550895], [82.8297436, 50.055065], [82.8297707, 50.0550961], [82.829879, 50.0550573], [82.8297955, 50.0549612], [82.8295407, 50.0550525]]]}}, {"type": "Feature", "properties": {"osm_id": 981200547, "building": "yes", "housenumber": null, "street": null, "levels": null, "area_m2": 209.8, "clat": 50.055214645591555, "clon": 82.82923208803611}, "geometry": {"type": "Polygon", "coordinates": [[[82.8290673, 50.0552144], [82.8291376, 50.055295], [82.8292214, 50.0552648], [82.8292063, 50.0552474], [82.8292711, 50.0552241], [82.8293123, 50.0552712], [82.8293957, 50.0552412], [82.8292993, 50.0551308], [82.8290673, 50.0552144]]]}}, {"type": "Feature", "properties": {"osm_id": 981200548, "building": "yes", "housenumber": null, "street": null, "levels": null, "area_m2": 116.4, "clat": 50.055416205011554, "clon": 82.82851897949737}, "geometry": {"type": "Polygon", "coordinates": [[[82.8284718, 50.0554778], [82.8286104, 50.0554519], [82.8285661, 50.0553546], [82.8284276, 50.0553805], [82.8284718, 50.0554778]]]}}, {"type": "Feature", "properties": {"osm_id": 981200549, "building": "yes", "housenumber": null, "street": null, "levels": null, "area_m2": 341.7, "clat": 50.05551830180473, "clon": 82.82814593070385}, "geometry": {"type": "Polygon", "coordinates": [[[82.8279515, 50.0554933], [82.8280104, 50.0556113], [82.8283404, 50.0555433], [82.8282814, 50.0554253], [82.8279515, 50.0554933]]]}}, {"type": "Feature", "properties": {"osm_id": 981200550, "building": "yes", "housenumber": null, "street": null, "levels": null, "area_m2": 55.2, "clat": 50.0555322242461, "clon": 82.82687852158287}, "geometry": {"type": "Polygon", "coordinates": [[[82.8268142, 50.0555123], [82.8268646, 50.0555851], [82.8269218, 50.0555687], [82.8269001, 50.0555373], [82.8269394, 50.0555261], [82.8269108, 50.0554847], [82.8268142, 50.0555123]]]}}, {"type": "Feature", "properties": {"osm_id": 981200551, "building": "yes", "housenumber": null, "street": null, "levels": null, "area_m2": 205.0, "clat": 50.055479551194786, "clon": 82.82730381430592}, "geometry": {"type": "Polygon", "coordinates": [[[82.8271119, 50.0554916], [82.8271524, 50.0555562], [82.8274957, 50.0554675], [82.8274553, 50.0554029], [82.8271119, 50.0554916]]]}}, {"type": "Feature", "properties": {"osm_id": 981200552, "building": "yes", "housenumber": null, "street": null, "levels": null, "area_m2": 283.3, "clat": 50.05566949999999, "clon": 82.82748720000001}, "geometry": {"type": "Polygon", "coordinates": [[[82.827356, 50.0557525], [82.8276685, 50.0556905], [82.8276184, 50.0555865], [82.8273059, 50.0556485], [82.827356, 50.0557525]]]}}, {"type": "Feature", "properties": {"osm_id": 981200553, "building": "yes", "housenumber": null, "street": null, "levels": null, "area_m2": 123.4, "clat": 50.055043933822176, "clon": 82.83387436975694}, "geometry": {"type": "Polygon", "coordinates": [[[82.8338239, 50.0551077], [82.8339825, 50.055061], [82.8339248, 50.0549802], [82.8337663, 50.0550268], [82.8338239, 50.0551077]]]}}, {"type": "Feature", "properties": {"osm_id": 981200554, "building": "yes", "housenumber": null, "street": null, "levels": null, "area_m2": 165.3, "clat": 50.0551784, "clon": 82.83371079999999}, "geometry": {"type": "Polygon", "coordinates": [[[82.8335962, 50.0551429], [82.8336497, 50.0552501], [82.8338254, 50.0552139], [82.8337719, 50.0551067], [82.8335962, 50.0551429]]]}}, {"type": "Feature", "properties": {"osm_id": 981200555, "building": "yes", "housenumber": null, "street": null, "levels": null, "area_m2": 118.5, "clat": 50.05533753290402, "clon": 82.83320179882354}, "geometry": {"type": "Polygon", "coordinates": [[[82.8331965, 50.0554107], [82.833301, 50.0553737], [82.8332071, 50.0552644], [82.8331026, 50.0553013], [82.8331965, 50.0554107]]]}}, {"type": "Feature", "properties": {"osm_id": 981200556, "building": "yes", "housenumber": null, "street": null, "levels": null, "area_m2": 163.6, "clat": 50.05426296510998, "clon": 82.83335839527354}, "geometry": {"type": "Polygon", "coordinates": [[[82.8333816, 50.0543524], [82.8334841, 50.0543044], [82.8333352, 50.0541735], [82.8332327, 50.0542216], [82.8333816, 50.0543524]]]}}, {"type": "Feature", "properties": {"osm_id": 981200557, "building": "yes", "housenumber": null, "street": null, "levels": null, "area_m2": 63.5, "clat": 50.05441628264441, "clon": 82.83308514387845}, "geometry": {"type": "Polygon", "coordinates": [[[82.8330074, 50.0544075], [82.8330663, 50.0544655], [82.8331629, 50.054425], [82.833104, 50.0543671], [82.8330074, 50.0544075]]]}}, {"type": "Feature", "properties": {"osm_id": 981200558, "building": "yes", "housenumber": null, "street": null, "levels": null, "area_m2": 117.9, "clat": 50.05454781813851, "clon": 82.83264560380408}, "geometry": {"type": "Polygon", "coordinates": [[[82.8326279, 50.0546185], [82.8327411, 50.0545848], [82.8326633, 50.0544771], [82.8325501, 50.0545109], [82.8326279, 50.0546185]]]}}, {"type": "Feature", "properties": {"osm_id": 981200559, "building": "yes", "housenumber": null, "street": null, "levels": null, "area_m2": 111.3, "clat": 50.05463165, "clon": 82.8323182}, "geometry": {"type": "Polygon", "coordinates": [[[82.8323033, 50.0547012], [82.8324108, 50.0546689], [82.8323331, 50.0545621], [82.8322256, 50.0545944], [82.8323033, 50.0547012]]]}}, {"type": "Feature", "properties": {"osm_id": 981200560, "building": "yes", "housenumber": null, "street": null, "levels": null, "area_m2": 76.9, "clat": 50.05469271670043, "clon": 82.83196452244067}, "geometry": {"type": "Polygon", "coordinates": [[[82.8318648, 50.0546926], [82.8318992, 50.0547411], [82.8320642, 50.0546929], [82.8320298, 50.0546443], [82.8318648, 50.0546926]]]}}, {"type": "Feature", "properties": {"osm_id": 981200561, "building": "yes", "housenumber": null, "street": null, "levels": null, "area_m2": 218.0, "clat": 50.05479800103678, "clon": 82.831605136879}, "geometry": {"type": "Polygon", "coordinates": [[[82.8314464, 50.0548191], [82.8315045, 50.0548873], [82.831762, 50.0547969], [82.8316862, 50.054708], [82.8315158, 50.0547678], [82.8315334, 50.0547886], [82.8314464, 50.0548191]]]}}, {"type": "Feature", "properties": {"osm_id": 981200562, "building": "yes", "housenumber": null, "street": null, "levels": null, "area_m2": 75.8, "clat": 50.055011500668776, "clon": 82.83077983270843}, "geometry": {"type": "Polygon", "coordinates": [[[82.8306887, 50.0550077], [82.8307328, 50.0550618], [82.830871, 50.0550153], [82.8308268, 50.0549612], [82.8306887, 50.0550077]]]}}, {"type": "Feature", "properties": {"osm_id": 981200563, "building": "yes", "housenumber": null, "street": null, "levels": null, "area_m2": 60.2, "clat": 50.0551609, "clon": 82.83051465}, "geometry": {"type": "Polygon", "coordinates": [[[82.8305063, 50.0552126], [82.8305834, 50.0551884], [82.830523, 50.0551092], [82.8304459, 50.0551334], [82.8305063, 50.0552126]]]}}, {"type": "Feature", "properties": {"osm_id": 981200564, "building": "yes", "housenumber": null, "street": null, "levels": null, "area_m2": 97.5, "clat": 50.055171202601265, "clon": 82.83029438114855}, "geometry": {"type": "Polygon", "coordinates": [[[82.8301992, 50.0551541], [82.8302474, 50.0552271], [82.8303896, 50.0551883], [82.8303413, 50.0551153], [82.8301992, 50.0551541]]]}}, {"type": "Feature", "properties": {"osm_id": 981200565, "building": "yes", "housenumber": null, "street": null, "levels": null, "area_m2": 108.5, "clat": 50.05549807853991, "clon": 82.82929855583565}, "geometry": {"type": "Polygon", "coordinates": [[[82.8291973, 50.0554804], [82.8292456, 50.0555562], [82.8293998, 50.0555157], [82.8293516, 50.05544], [82.8291973, 50.0554804]]]}}, {"type": "Feature", "properties": {"osm_id": 981200566, "building": "yes", "housenumber": null, "street": null, "levels": null, "area_m2": 218.6, "clat": 50.05542911104852, "clon": 82.82979200809513}, "geometry": {"type": "Polygon", "coordinates": [[[82.8297445, 50.0555157], [82.8299392, 50.0554537], [82.8298628, 50.0553548], [82.8297755, 50.0553826], [82.8297554, 50.0553566], [82.829648, 50.0553909], [82.8297445, 50.0555157]]]}}, {"type": "Feature", "properties": {"osm_id": 981200567, "building": "yes", "housenumber": null, "street": null, "levels": null, "area_m2": 75.7, "clat": 50.0555954153179, "clon": 82.8301119973947}, "geometry": {"type": "Polygon", "coordinates": [[[82.8301214, 50.0556604], [82.8301911, 50.0556364], [82.8301026, 50.0555304], [82.8300329, 50.0555545], [82.8301214, 50.0556604]]]}}, {"type": "Feature", "properties": {"osm_id": 981200568, "building": "yes", "housenumber": null, "street": null, "levels": null, "area_m2": 69.4, "clat": 50.05594860785613, "clon": 82.82975418272733}, "geometry": {"type": "Polygon", "coordinates": [[[82.8298022, 50.0560194], [82.8298484, 50.0559967], [82.8297062, 50.0558778], [82.82966, 50.0559006], [82.8298022, 50.0560194]]]}}, {"type": "Feature", "properties": {"osm_id": 981200569, "building": "yes", "housenumber": null, "street": null, "levels": null, "area_m2": 150.4, "clat": 50.05604529552711, "clon": 82.82944546630031}, "geometry": {"type": "Polygon", "coordinates": [[[82.8294522, 50.0561271], [82.8295635, 50.0560763], [82.8294388, 50.0559635], [82.8293274, 50.0560143], [82.8294522, 50.0561271]]]}}, {"type": "Feature", "properties": {"osm_id": 981200570, "building": "yes", "housenumber": null, "street": null, "levels": null, "area_m2": 154.6, "clat": 50.05612926682817, "clon": 82.82921490926454}, "geometry": {"type": "Polygon", "coordinates": [[[82.8290887, 50.0561271], [82.8291721, 50.0562055], [82.8293411, 50.0561315], [82.8292577, 50.056053], [82.8290887, 50.0561271]]]}}, {"type": "Feature", "properties": {"osm_id": 981200571, "building": "yes", "housenumber": null, "street": null, "levels": null, "area_m2": 108.5, "clat": 50.0563257643266, "clon": 82.82911184875695}, "geometry": {"type": "Polygon", "coordinates": [[[82.8289994, 50.056334], [82.8290595, 50.0563902], [82.8292243, 50.0563176], [82.8291641, 50.0562613], [82.8289994, 50.056334]]]}}, {"type": "Feature", "properties": {"osm_id": 981200572, "building": "yes", "housenumber": null, "street": null, "levels": null, "area_m2": 508.7, "clat": 50.056512402821184, "clon": 82.82826709013555}, "geometry": {"type": "Polygon", "coordinates": [[[82.8280608, 50.0565016], [82.828116, 50.0565518], [82.8280843, 50.0565662], [82.8281819, 50.0566549], [82.8282137, 50.0566405], [82.8282324, 50.0566574], [82.8283405, 50.0566084], [82.8283022, 50.0565736], [82.8284918, 50.0564875], [82.8283585, 50.0563664], [82.8280608, 50.0565016]]]}}, {"type": "Feature", "properties": {"osm_id": 981200573, "building": "yes", "housenumber": null, "street": null, "levels": null, "area_m2": 406.5, "clat": 50.0562152859413, "clon": 82.82871951457898}, "geometry": {"type": "Polygon", "coordinates": [[[82.8288259, 50.0564138], [82.8289204, 50.056378], [82.8287888, 50.0562348], [82.8288357, 50.056217], [82.8287392, 50.056112], [82.8286922, 50.0561298], [82.8285998, 50.0560293], [82.8285053, 50.0560651], [82.8288259, 50.0564138]]]}}, {"type": "Feature", "properties": {"osm_id": 981200574, "building": "yes", "housenumber": null, "street": null, "levels": null, "area_m2": 120.6, "clat": 50.05584125416133, "clon": 82.82869611649438}, "geometry": {"type": "Polygon", "coordinates": [[[82.8285672, 50.0558348], [82.828588, 50.0558596], [82.8286261, 50.0558465], [82.8286756, 50.0559055], [82.8288044, 50.055861], [82.828734, 50.0557771], [82.8285672, 50.0558348]]]}}, {"type": "Feature", "properties": {"osm_id": 981200575, "building": "yes", "housenumber": null, "street": null, "levels": null, "area_m2": 125.6, "clat": 50.055692535619514, "clon": 82.82867529825091}, "geometry": {"type": "Polygon", "coordinates": [[[82.8285751, 50.0556587], [82.828669, 50.0557706], [82.8287472, 50.0557436], [82.8287303, 50.0557234], [82.8287683, 50.0557103], [82.8286913, 50.0556185], [82.8285751, 50.0556587]]]}}, {"type": "Feature", "properties": {"osm_id": 981200576, "building": "yes", "housenumber": null, "street": null, "levels": null, "area_m2": 65.3, "clat": 50.05588849809262, "clon": 82.82799856839837}, "geometry": {"type": "Polygon", "coordinates": [[[82.8279179, 50.0558782], [82.8279572, 50.0559341], [82.8280792, 50.0558988], [82.82804, 50.0558429], [82.8279179, 50.0558782]]]}}, {"type": "Feature", "properties": {"osm_id": 981200577, "building": "yes", "housenumber": null, "street": null, "levels": null, "area_m2": 93.3, "clat": 50.05592455, "clon": 82.8281681}, "geometry": {"type": "Polygon", "coordinates": [[[82.8280735, 50.0559118], [82.8281286, 50.0559812], [82.8282627, 50.0559373], [82.8282076, 50.0558679], [82.8280735, 50.0559118]]]}}, {"type": "Feature", "properties": {"osm_id": 981200578, "building": "yes", "housenumber": null, "street": null, "levels": null, "area_m2": 149.6, "clat": 50.05606041288712, "clon": 82.82777468853374}, "geometry": {"type": "Polygon", "coordinates": [[[82.8276488, 50.05605], [82.8277263, 50.0561457], [82.8277809, 50.0561275], [82.8277531, 50.0560931], [82.8278456, 50.0560623], [82.8278734, 50.0560966], [82.8279142, 50.056083], [82.8278367, 50.0559873], [82.8276488, 50.05605]]]}}, {"type": "Feature", "properties": {"osm_id": 981200579, "building": "yes", "housenumber": null, "street": null, "levels": null, "area_m2": 200.5, "clat": 50.05624935, "clon": 82.8271999}, "geometry": {"type": "Polygon", "coordinates": [[[82.8270569, 50.0562373], [82.827135, 50.056332], [82.8273429, 50.0562614], [82.8272648, 50.0561667], [82.8270569, 50.0562373]]]}}, {"type": "Feature", "properties": {"osm_id": 981200580, "building": "yes", "housenumber": null, "street": null, "levels": null, "area_m2": 402.1, "clat": 50.05661652819119, "clon": 82.82676214566355}, "geometry": {"type": "Polygon", "coordinates": [[[82.8267052, 50.0567679], [82.8268776, 50.0567534], [82.8268191, 50.0564652], [82.8266467, 50.0564796], [82.8267052, 50.0567679]]]}}, {"type": "Feature", "properties": {"osm_id": 981200581, "building": "yes", "housenumber": null, "street": null, "levels": null, "area_m2": 35.3, "clat": 50.0569374, "clon": 82.8269353}, "geometry": {"type": "Polygon", "coordinates": [[[82.8268799, 50.0569571], [82.8269899, 50.056958], [82.8269907, 50.0569177], [82.8268807, 50.0569168], [82.8268799, 50.0569571]]]}}, {"type": "Feature", "properties": {"osm_id": 981200582, "building": "yes", "housenumber": null, "street": null, "levels": null, "area_m2": 77.8, "clat": 50.0570318, "clon": 82.8270539}, "geometry": {"type": "Polygon", "coordinates": [[[82.8269885, 50.0569941], [82.8269851, 50.0570669], [82.8271193, 50.0570695], [82.8271227, 50.0569967], [82.8269885, 50.0569941]]]}}, {"type": "Feature", "properties": {"osm_id": 981200583, "building": "yes", "housenumber": null, "street": null, "levels": null, "area_m2": 55.9, "clat": 50.05599428310024, "clon": 82.83048709707538}, "geometry": {"type": "Polygon", "coordinates": [[[82.8304137, 50.0559884], [82.8304787, 50.0560415], [82.8305605, 50.0560001], [82.8304955, 50.0559471], [82.8304137, 50.0559884]]]}}, {"type": "Feature", "properties": {"osm_id": 981200584, "building": "yes", "housenumber": null, "street": null, "levels": null, "area_m2": 69.0, "clat": 50.0560625, "clon": 82.8303057}, "geometry": {"type": "Polygon", "coordinates": [[[82.8302246, 50.0560539], [82.8302889, 50.0561142], [82.8303868, 50.0560711], [82.8303225, 50.0560108], [82.8302246, 50.0560539]]]}}, {"type": "Feature", "properties": {"osm_id": 981200585, "building": "yes", "housenumber": null, "street": null, "levels": null, "area_m2": 55.1, "clat": 50.05614874841632, "clon": 82.83004511702482}, "geometry": {"type": "Polygon", "coordinates": [[[82.8299725, 50.0561417], [82.8300346, 50.0561954], [82.8301177, 50.0561558], [82.8300557, 50.0561021], [82.8299725, 50.0561417]]]}}, {"type": "Feature", "properties": {"osm_id": 981200586, "building": "yes", "housenumber": null, "street": null, "levels": null, "area_m2": 65.1, "clat": 50.05624796648544, "clon": 82.82980255472663}, "geometry": {"type": "Polygon", "coordinates": [[[82.8297217, 50.0562511], [82.8297882, 50.0562991], [82.8298834, 50.0562449], [82.8298169, 50.0561968], [82.8297217, 50.0562511]]]}}, {"type": "Feature", "properties": {"osm_id": 981200587, "building": "yes", "housenumber": null, "street": null, "levels": null, "area_m2": 36.2, "clat": 50.05640795, "clon": 82.82952800000001}, "geometry": {"type": "Polygon", "coordinates": [[[82.8294669, 50.0564155], [82.829514, 50.0564469], [82.8295891, 50.0564004], [82.829542, 50.056369], [82.8294669, 50.0564155]]]}}, {"type": "Feature", "properties": {"osm_id": 981200588, "building": "yes", "housenumber": null, "street": null, "levels": null, "area_m2": 76.3, "clat": 50.056460547314074, "clon": 82.82931878462568}, "geometry": {"type": "Polygon", "coordinates": [[[82.8292282, 50.0564741], [82.8292913, 50.0565176], [82.8294094, 50.056447], [82.8293462, 50.0564035], [82.8292282, 50.0564741]]]}}, {"type": "Feature", "properties": {"osm_id": 981200589, "building": "yes", "housenumber": null, "street": null, "levels": null, "area_m2": 84.1, "clat": 50.056656986821054, "clon": 82.82915485284452}, "geometry": {"type": "Polygon", "coordinates": [[[82.829074, 50.0566566], [82.8290959, 50.0566709], [82.8290794, 50.0566814], [82.8291352, 50.0567178], [82.8292457, 50.0566479], [82.8291678, 50.0565972], [82.829074, 50.0566566]]]}}, {"type": "Feature", "properties": {"osm_id": 981200590, "building": "yes", "housenumber": null, "street": null, "levels": null, "area_m2": 75.4, "clat": 50.05685385, "clon": 82.82883925}, "geometry": {"type": "Polygon", "coordinates": [[[82.8287534, 50.0568512], [82.8288379, 50.056909], [82.8289251, 50.0568565], [82.8288406, 50.0567987], [82.8287534, 50.0568512]]]}}, {"type": "Feature", "properties": {"osm_id": 981200591, "building": "yes", "housenumber": null, "street": null, "levels": null, "area_m2": 89.9, "clat": 50.05701085, "clon": 82.8285424}, "geometry": {"type": "Polygon", "coordinates": [[[82.828449, 50.05702], [82.8285406, 50.0570715], [82.8286358, 50.0570017], [82.8285442, 50.0569502], [82.828449, 50.05702]]]}}, {"type": "Feature", "properties": {"osm_id": 981200592, "building": "yes", "housenumber": null, "street": null, "levels": null, "area_m2": 80.6, "clat": 50.057229650000004, "clon": 82.82830545}, "geometry": {"type": "Polygon", "coordinates": [[[82.828217, 50.0572369], [82.8283268, 50.0572852], [82.8283939, 50.0572224], [82.8282841, 50.0571741], [82.828217, 50.0572369]]]}}, {"type": "Feature", "properties": {"osm_id": 981200593, "building": "yes", "housenumber": null, "street": null, "levels": null, "area_m2": 77.2, "clat": 50.0587496, "clon": 82.8263083}, "geometry": {"type": "Polygon", "coordinates": [[[82.8262214, 50.0587652], [82.8262986, 50.0588072], [82.8263952, 50.058734], [82.826318, 50.058692], [82.8262214, 50.0587652]]]}}, {"type": "Feature", "properties": {"osm_id": 981200594, "building": "yes", "housenumber": null, "street": null, "levels": null, "area_m2": 59.8, "clat": 50.05898158287594, "clon": 82.82633705412752}, "geometry": {"type": "Polygon", "coordinates": [[[82.8262617, 50.0589899], [82.8263494, 50.0590301], [82.8264124, 50.0589732], [82.8263247, 50.0589331], [82.8262617, 50.0589899]]]}}, {"type": "Feature", "properties": {"osm_id": 981200595, "building": "yes", "housenumber": null, "street": null, "levels": null, "area_m2": 55.0, "clat": 50.05904406590227, "clon": 82.82661688622353}, "geometry": {"type": "Polygon", "coordinates": [[[82.8265809, 50.0589985], [82.8265376, 50.0590397], [82.8266529, 50.0590896], [82.8266962, 50.0590485], [82.8265809, 50.0589985]]]}}, {"type": "Feature", "properties": {"osm_id": 981200596, "building": "yes", "housenumber": null, "street": null, "levels": null, "area_m2": 83.1, "clat": 50.05911245, "clon": 82.8269317}, "geometry": {"type": "Polygon", "coordinates": [[[82.8268343, 50.0591329], [82.826895, 50.0591738], [82.8270291, 50.059092], [82.8269684, 50.0590511], [82.8268343, 50.0591329]]]}}, {"type": "Feature", "properties": {"osm_id": 981200597, "building": "yes", "housenumber": null, "street": null, "levels": null, "area_m2": 124.6, "clat": 50.05746189452342, "clon": 82.8282245783518}, "geometry": {"type": "Polygon", "coordinates": [[[82.8281352, 50.0575038], [82.8282804, 50.0575233], [82.828314, 50.05742], [82.8281687, 50.0574005], [82.8281352, 50.0575038]]]}}, {"type": "Feature", "properties": {"osm_id": 981200598, "building": "yes", "housenumber": null, "street": null, "levels": null, "area_m2": 182.3, "clat": 50.05745674036652, "clon": 82.82788638052463}, "geometry": {"type": "Polygon", "coordinates": [[[82.8277852, 50.0575271], [82.8279138, 50.0575509], [82.8279876, 50.0573864], [82.8278589, 50.0573626], [82.8277852, 50.0575271]]]}}, {"type": "Feature", "properties": {"osm_id": 981200599, "building": "yes", "housenumber": null, "street": null, "levels": null, "area_m2": 102.7, "clat": 50.05738582848089, "clon": 82.82763516008633}, "geometry": {"type": "Polygon", "coordinates": [[[82.8275545, 50.0574246], [82.8276836, 50.0574426], [82.8277158, 50.057347], [82.8275867, 50.0573291], [82.8275545, 50.0574246]]]}}, {"type": "Feature", "properties": {"osm_id": 981200600, "building": "yes", "housenumber": null, "street": null, "levels": null, "area_m2": 71.0, "clat": 50.05731419507619, "clon": 82.82712092609911}, "geometry": {"type": "Polygon", "coordinates": [[[82.8270636, 50.0572752], [82.8270562, 50.057348], [82.8271782, 50.0573532], [82.8271857, 50.0572804], [82.8270636, 50.0572752]]]}}, {"type": "Feature", "properties": {"osm_id": 981200601, "building": "yes", "housenumber": null, "street": null, "levels": null, "area_m2": 70.4, "clat": 50.057224149999996, "clon": 82.82622935}, "geometry": {"type": "Polygon", "coordinates": [[[82.8261745, 50.0571835], [82.8261568, 50.057251], [82.8262842, 50.0572648], [82.8263019, 50.0571973], [82.8261745, 50.0571835]]]}}, {"type": "Feature", "properties": {"osm_id": 981200602, "building": "yes", "housenumber": null, "street": null, "levels": null, "area_m2": 87.5, "clat": 50.05718195, "clon": 82.82582215}, "geometry": {"type": "Polygon", "coordinates": [[[82.8257467, 50.0571439], [82.8257394, 50.0572131], [82.8258976, 50.05722], [82.8259049, 50.0571508], [82.8257467, 50.0571439]]]}}, {"type": "Feature", "properties": {"osm_id": 981200603, "building": "yes", "housenumber": null, "street": null, "levels": null, "area_m2": 539.2, "clat": 50.05753085, "clon": 82.825118}, "geometry": {"type": "Polygon", "coordinates": [[[82.8248602, 50.057639], [82.8249976, 50.0577128], [82.8253758, 50.0574227], [82.8252384, 50.0573489], [82.8248602, 50.057639]]]}}, {"type": "Feature", "properties": {"osm_id": 981200604, "building": "yes", "housenumber": null, "street": null, "levels": null, "area_m2": 114.5, "clat": 50.05714635, "clon": 82.8248392}, "geometry": {"type": "Polygon", "coordinates": [[[82.8247563, 50.0571022], [82.8247511, 50.0571862], [82.8249221, 50.0571905], [82.8249273, 50.0571065], [82.8247563, 50.0571022]]]}}, {"type": "Feature", "properties": {"osm_id": 981511856, "building": "yes", "housenumber": null, "street": null, "levels": null, "area_m2": 28.1, "clat": 50.05345985, "clon": 82.83791145}, "geometry": {"type": "Polygon", "coordinates": [[[82.8378864, 50.0534233], [82.8378534, 50.0534456], [82.8379365, 50.0534964], [82.8379695, 50.0534741], [82.8378864, 50.0534233]]]}}, {"type": "Feature", "properties": {"osm_id": 981511857, "building": "yes", "housenumber": null, "street": null, "levels": null, "area_m2": 64.1, "clat": 50.05344113990532, "clon": 82.83800102436079}, "geometry": {"type": "Polygon", "coordinates": [[[82.8379413, 50.0533842], [82.8379024, 50.0534145], [82.8380607, 50.0534981], [82.8380996, 50.0534677], [82.8379413, 50.0533842]]]}}, {"type": "Feature", "properties": {"osm_id": 981511858, "building": "yes", "housenumber": null, "street": null, "levels": null, "area_m2": 105.1, "clat": 50.05320816595135, "clon": 82.83825620478427}, "geometry": {"type": "Polygon", "coordinates": [[[82.8381532, 50.0532236], [82.8382378, 50.053275], [82.8383592, 50.0531928], [82.8382746, 50.0531413], [82.8381532, 50.0532236]]]}}, {"type": "Feature", "properties": {"osm_id": 981511859, "building": "yes", "housenumber": null, "street": null, "levels": null, "area_m2": 91.8, "clat": 50.05308275, "clon": 82.8383867}, "geometry": {"type": "Polygon", "coordinates": [[[82.8382941, 50.0531017], [82.8383861, 50.0531452], [82.8384793, 50.0530638], [82.8383873, 50.0530203], [82.8382941, 50.0531017]]]}}, {"type": "Feature", "properties": {"osm_id": 981511860, "building": "yes", "housenumber": null, "street": null, "levels": null, "area_m2": 52.3, "clat": 50.0531761, "clon": 82.8396373}, "geometry": {"type": "Polygon", "coordinates": [[[82.839666, 50.0532227], [82.8397139, 50.0531859], [82.8396086, 50.0531295], [82.8395607, 50.0531663], [82.839666, 50.0532227]]]}}, {"type": "Feature", "properties": {"osm_id": 981511861, "building": "yes", "housenumber": null, "street": null, "levels": null, "area_m2": 29.2, "clat": 50.053098932673414, "clon": 82.83951970272554}, "geometry": {"type": "Polygon", "coordinates": [[[82.8394689, 50.0531112], [82.8395256, 50.0531336], [82.8395705, 50.0530866], [82.8395138, 50.0530643], [82.8394689, 50.0531112]]]}}, {"type": "Feature", "properties": {"osm_id": 981511862, "building": "yes", "housenumber": null, "street": null, "levels": null, "area_m2": 69.7, "clat": 50.05298065, "clon": 82.83960545}, "geometry": {"type": "Polygon", "coordinates": [[[82.8395239, 50.0529898], [82.839628, 50.0530318], [82.839687, 50.0529715], [82.8395829, 50.0529295], [82.8395239, 50.0529898]]]}}, {"type": "Feature", "properties": {"osm_id": 981511863, "building": "yes", "housenumber": null, "street": null, "levels": null, "area_m2": 26.3, "clat": 50.052938234417915, "clon": 82.84013350983479}, "geometry": {"type": "Polygon", "coordinates": [[[82.8401153, 50.0529054], [82.84008, 50.0529323], [82.8401517, 50.0529711], [82.840187, 50.0529441], [82.8401153, 50.0529054]]]}}, {"type": "Feature", "properties": {"osm_id": 981511864, "building": "yes", "housenumber": null, "street": null, "levels": null, "area_m2": 62.9, "clat": 50.05272418356858, "clon": 82.84011830255687}, "geometry": {"type": "Polygon", "coordinates": [[[82.8401106, 50.0526733], [82.8400395, 50.0527169], [82.840126, 50.0527751], [82.8401971, 50.0527314], [82.8401106, 50.0526733]]]}}, {"type": "Feature", "properties": {"osm_id": 981511865, "building": "yes", "housenumber": null, "street": null, "levels": null, "area_m2": 29.6, "clat": 50.050936, "clon": 82.8407842}, "geometry": {"type": "Polygon", "coordinates": [[[82.8407463, 50.0509115], [82.8407477, 50.0509614], [82.8408221, 50.0509605], [82.8408207, 50.0509106], [82.8407463, 50.0509115]]]}}, {"type": "Feature", "properties": {"osm_id": 981511866, "building": "yes", "housenumber": null, "street": null, "levels": null, "area_m2": 56.3, "clat": 50.05113025, "clon": 82.8410816}, "geometry": {"type": "Polygon", "coordinates": [[[82.8410138, 50.0511629], [82.841077, 50.0511846], [82.8411494, 50.0510976], [82.8410862, 50.0510759], [82.8410138, 50.0511629]]]}}, {"type": "Feature", "properties": {"osm_id": 981511867, "building": "yes", "housenumber": null, "street": null, "levels": null, "area_m2": 58.2, "clat": 50.05138841238443, "clon": 82.84124062701474}, "geometry": {"type": "Polygon", "coordinates": [[[82.8411748, 50.0514157], [82.8412555, 50.0514378], [82.8413065, 50.0513612], [82.8412257, 50.051339], [82.8411748, 50.0514157]]]}}, {"type": "Feature", "properties": {"osm_id": 981511868, "building": "yes", "housenumber": null, "street": null, "levels": null, "area_m2": 35.7, "clat": 50.05144885, "clon": 82.841008}, "geometry": {"type": "Polygon", "coordinates": [[[82.8409548, 50.051466], [82.841025, 50.0514855], [82.8410612, 50.0514317], [82.840991, 50.0514122], [82.8409548, 50.051466]]]}}, {"type": "Feature", "properties": {"osm_id": 981511869, "building": "yes", "housenumber": null, "street": null, "levels": null, "area_m2": 66.8, "clat": 50.051482993240526, "clon": 82.84109888184848}, "geometry": {"type": "Polygon", "coordinates": [[[82.8410286, 50.0515143], [82.8411108, 50.0515374], [82.8411692, 50.0514517], [82.8410869, 50.0514286], [82.8410286, 50.0515143]]]}}, {"type": "Feature", "properties": {"osm_id": 981511870, "building": "yes", "housenumber": null, "street": null, "levels": null, "area_m2": 185.7, "clat": 50.05161583571109, "clon": 82.84094816151236}, "geometry": {"type": "Polygon", "coordinates": [[[82.8408178, 50.051617], [82.8409018, 50.0516661], [82.841021, 50.0517077], [82.8411014, 50.0516125], [82.8410509, 50.0515949], [82.8410051, 50.051649], [82.8409357, 50.0516248], [82.8409987, 50.0515504], [82.8409025, 50.0515168], [82.8408178, 50.051617]]]}}, {"type": "Feature", "properties": {"osm_id": 981511871, "building": "yes", "housenumber": null, "street": null, "levels": null, "area_m2": 105.3, "clat": 50.0516165862584, "clon": 82.84066692334429}, "geometry": {"type": "Polygon", "coordinates": [[[82.840645, 50.0515522], [82.8405735, 50.0516439], [82.8406889, 50.051681], [82.8407603, 50.0515892], [82.840645, 50.0515522]]]}}, {"type": "Feature", "properties": {"osm_id": 981511872, "building": "yes", "housenumber": null, "street": null, "levels": null, "area_m2": 53.6, "clat": 50.051858133326576, "clon": 82.84085295001644}, "geometry": {"type": "Polygon", "coordinates": [[[82.8407865, 50.0518854], [82.840853, 50.0519088], [82.8409194, 50.0518308], [82.8408529, 50.0518075], [82.8407865, 50.0518854]]]}}, {"type": "Feature", "properties": {"osm_id": 981511873, "building": "yes", "housenumber": null, "street": null, "levels": null, "area_m2": 64.2, "clat": 50.051985755171934, "clon": 82.84073376770999}, "geometry": {"type": "Polygon", "coordinates": [[[82.8407443, 50.0520378], [82.8408064, 50.0519617], [82.8407233, 50.0519337], [82.8406611, 50.0520098], [82.8407443, 50.0520378]]]}}, {"type": "Feature", "properties": {"osm_id": 981511874, "building": "yes", "housenumber": null, "street": null, "levels": null, "area_m2": 75.6, "clat": 50.05197774164208, "clon": 82.840539776634}, "geometry": {"type": "Polygon", "coordinates": [[[82.8404707, 50.051913], [82.8404298, 50.0519434], [82.8406088, 50.0520425], [82.8406497, 50.052012], [82.8404707, 50.051913]]]}}, {"type": "Feature", "properties": {"osm_id": 981511875, "building": "yes", "housenumber": null, "street": null, "levels": null, "area_m2": 58.9, "clat": 50.052038499297225, "clon": 82.84037358333549}, "geometry": {"type": "Polygon", "coordinates": [[[82.8403734, 50.0520873], [82.8404495, 50.0520353], [82.8403737, 50.0519897], [82.8402977, 50.0520417], [82.8403734, 50.0520873]]]}}, {"type": "Feature", "properties": {"osm_id": 981511876, "building": "yes", "housenumber": null, "street": null, "levels": null, "area_m2": 69.9, "clat": 50.05218685132769, "clon": 82.84050526655986}, "geometry": {"type": "Polygon", "coordinates": [[[82.8405096, 50.0521334], [82.8404225, 50.0521934], [82.840501, 50.0522403], [82.840588, 50.0521803], [82.8405096, 50.0521334]]]}}, {"type": "Feature", "properties": {"osm_id": 981511877, "building": "yes", "housenumber": null, "street": null, "levels": null, "area_m2": 115.7, "clat": 50.05226499989054, "clon": 82.84021441667943}, "geometry": {"type": "Polygon", "coordinates": [[[82.8402065, 50.0523332], [82.8403209, 50.0522657], [82.8402224, 50.0521968], [82.8401079, 50.0522643], [82.8402065, 50.0523332]]]}}, {"type": "Feature", "properties": {"osm_id": 981511878, "building": "yes", "housenumber": null, "street": null, "levels": null, "area_m2": 206.2, "clat": 50.05235522845263, "clon": 82.83995509090103}, "geometry": {"type": "Polygon", "coordinates": [[[82.839845, 50.0522329], [82.8397715, 50.0522746], [82.8399879, 50.0524318], [82.8400269, 50.0524097], [82.8401465, 50.0524966], [82.840181, 50.052477], [82.839845, 50.0522329]]]}}, {"type": "Feature", "properties": {"osm_id": 981511879, "building": "yes", "housenumber": null, "street": null, "levels": null, "area_m2": 99.9, "clat": 50.05254365, "clon": 82.8397719}, "geometry": {"type": "Polygon", "coordinates": [[[82.8396419, 50.0525575], [82.8396766, 50.0526021], [82.8399019, 50.0525298], [82.8398672, 50.0524852], [82.8396419, 50.0525575]]]}}, {"type": "Feature", "properties": {"osm_id": 981511880, "building": "yes", "housenumber": null, "street": null, "levels": null, "area_m2": 87.3, "clat": 50.0524535, "clon": 82.8393754}, "geometry": {"type": "Polygon", "coordinates": [[[82.8393636, 50.0525144], [82.8394683, 50.0524391], [82.8393872, 50.0523926], [82.8392825, 50.0524679], [82.8393636, 50.0525144]]]}}, {"type": "Feature", "properties": {"osm_id": 981511881, "building": "yes", "housenumber": null, "street": null, "levels": null, "area_m2": 120.7, "clat": 50.052559900950094, "clon": 82.83951173303696}, "geometry": {"type": "Polygon", "coordinates": [[[82.8394903, 50.0526285], [82.8396203, 50.0525662], [82.8395331, 50.0524913], [82.8394032, 50.0525536], [82.8394903, 50.0526285]]]}}, {"type": "Feature", "properties": {"osm_id": 981511882, "building": "yes", "housenumber": null, "street": null, "levels": null, "area_m2": 174.7, "clat": 50.05261752729581, "clon": 82.83928245714608}, "geometry": {"type": "Polygon", "coordinates": [[[82.8391584, 50.0525889], [82.8392168, 50.0526909], [82.8394065, 50.0526461], [82.8393482, 50.0525442], [82.8391584, 50.0525889]]]}}, {"type": "Feature", "properties": {"osm_id": 981511883, "building": "yes", "housenumber": null, "street": null, "levels": null, "area_m2": 74.6, "clat": 50.05267635, "clon": 82.83858835}, "geometry": {"type": "Polygon", "coordinates": [[[82.8386059, 50.0527332], [82.8386754, 50.0526914], [82.8385708, 50.0526195], [82.8385013, 50.0526613], [82.8386059, 50.0527332]]]}}, {"type": "Feature", "properties": {"osm_id": 981511884, "building": "yes", "housenumber": null, "street": null, "levels": null, "area_m2": 65.6, "clat": 50.052769663445744, "clon": 82.83850038733297}, "geometry": {"type": "Polygon", "coordinates": [[[82.8385361, 50.0528257], [82.8385881, 50.052792], [82.8384647, 50.0527136], [82.8384127, 50.0527474], [82.8385361, 50.0528257]]]}}, {"type": "Feature", "properties": {"osm_id": 981511885, "building": "yes", "housenumber": null, "street": null, "levels": null, "area_m2": 128.7, "clat": 50.052665615867525, "clon": 82.83838419405167}, "geometry": {"type": "Polygon", "coordinates": [[[82.8383591, 50.0525919], [82.8382692, 50.0526502], [82.8384093, 50.0527393], [82.8384992, 50.0526811], [82.8383591, 50.0525919]]]}}, {"type": "Feature", "properties": {"osm_id": 981511886, "building": "yes", "housenumber": null, "street": null, "levels": null, "area_m2": 107.2, "clat": 50.0528977, "clon": 82.83777334999999}, "geometry": {"type": "Polygon", "coordinates": [[[82.8378367, 50.0529725], [82.8378937, 50.0529335], [82.83771, 50.0528229], [82.837653, 50.0528619], [82.8378367, 50.0529725]]]}}, {"type": "Feature", "properties": {"osm_id": 981511887, "building": "yes", "housenumber": null, "street": null, "levels": null, "area_m2": 79.4, "clat": 50.05297670294572, "clon": 82.8380063173664}, "geometry": {"type": "Polygon", "coordinates": [[[82.8379212, 50.0529924], [82.8380197, 50.0530329], [82.8380914, 50.052961], [82.837993, 50.0529205], [82.8379212, 50.0529924]]]}}, {"type": "Feature", "properties": {"osm_id": 981511888, "building": "yes", "housenumber": null, "street": null, "levels": null, "area_m2": 118.5, "clat": 50.05316415940862, "clon": 82.8379081741832}, "geometry": {"type": "Polygon", "coordinates": [[[82.8379004, 50.0532236], [82.8379539, 50.0531911], [82.8379964, 50.0532199], [82.8380358, 50.053196], [82.8378866, 50.0530948], [82.8377938, 50.0531512], [82.8379004, 50.0532236]]]}}, {"type": "Feature", "properties": {"osm_id": 981511889, "building": "yes", "housenumber": null, "street": null, "levels": null, "area_m2": 34.0, "clat": 50.053220100000004, "clon": 82.83772915}, "geometry": {"type": "Polygon", "coordinates": [[[82.8377482, 50.0532593], [82.8377899, 50.053233], [82.8377101, 50.0531809], [82.8376684, 50.0532072], [82.8377482, 50.0532593]]]}}, {"type": "Feature", "properties": {"osm_id": 981511890, "building": "yes", "housenumber": null, "street": null, "levels": null, "area_m2": 32.4, "clat": 50.0533346, "clon": 82.83775075}, "geometry": {"type": "Polygon", "coordinates": [[[82.8377757, 50.0533734], [82.8378123, 50.0533488], [82.8377258, 50.0532958], [82.8376892, 50.0533204], [82.8377757, 50.0533734]]]}}, {"type": "Feature", "properties": {"osm_id": 981511891, "building": "yes", "housenumber": null, "street": null, "levels": null, "area_m2": 95.7, "clat": 50.05342595, "clon": 82.8376212}, "geometry": {"type": "Polygon", "coordinates": [[[82.8375243, 50.0534324], [82.8376155, 50.0534884], [82.8377181, 50.0534195], [82.8376269, 50.0533635], [82.8375243, 50.0534324]]]}}, {"type": "Feature", "properties": {"osm_id": 981511892, "building": "yes", "housenumber": null, "street": null, "levels": null, "area_m2": 57.5, "clat": 50.05346555, "clon": 82.8373612}, "geometry": {"type": "Polygon", "coordinates": [[[82.8373788, 50.0535146], [82.8374382, 50.053475], [82.8373436, 50.0534165], [82.8372842, 50.0534561], [82.8373788, 50.0535146]]]}}, {"type": "Feature", "properties": {"osm_id": 981511893, "building": "yes", "housenumber": null, "street": null, "levels": null, "area_m2": 74.3, "clat": 50.0536021, "clon": 82.83738985}, "geometry": {"type": "Polygon", "coordinates": [[[82.837305, 50.0536136], [82.8373855, 50.0536577], [82.8374747, 50.0535906], [82.8373942, 50.0535465], [82.837305, 50.0536136]]]}}, {"type": "Feature", "properties": {"osm_id": 981511894, "building": "yes", "housenumber": null, "street": null, "levels": null, "area_m2": 51.2, "clat": 50.05369688325376, "clon": 82.83725240135182}, "geometry": {"type": "Polygon", "coordinates": [[[82.8372561, 50.0537423], [82.8373229, 50.0536927], [82.8372487, 50.0536515], [82.8371819, 50.053701], [82.8372561, 50.0537423]]]}}, {"type": "Feature", "properties": {"osm_id": 981511895, "building": "yes", "housenumber": null, "street": null, "levels": null, "area_m2": 25.3, "clat": 50.05390618344782, "clon": 82.83666357441182}, "geometry": {"type": "Polygon", "coordinates": [[[82.8366492, 50.053875], [82.8366129, 50.0539068], [82.836678, 50.0539374], [82.8367142, 50.0539055], [82.8366492, 50.053875]]]}}, {"type": "Feature", "properties": {"osm_id": 981511896, "building": "yes", "housenumber": null, "street": null, "levels": null, "area_m2": 38.4, "clat": 50.053914716836, "clon": 82.83702449811099}, "geometry": {"type": "Polygon", "coordinates": [[[82.8369637, 50.0539202], [82.837029, 50.053954], [82.8370853, 50.0539093], [82.83702, 50.0538754], [82.8369637, 50.0539202]]]}}, {"type": "Feature", "properties": {"osm_id": 981511897, "building": "yes", "housenumber": null, "street": null, "levels": null, "area_m2": 56.5, "clat": 50.054013848794504, "clon": 82.83690431590348}, "geometry": {"type": "Polygon", "coordinates": [[[82.8369342, 50.054061], [82.8369831, 50.0540193], [82.8368745, 50.0539667], [82.8368255, 50.0540084], [82.8369342, 50.054061]]]}}, {"type": "Feature", "properties": {"osm_id": 981511898, "building": "yes", "housenumber": null, "street": null, "levels": null, "area_m2": 100.7, "clat": 50.05403629283408, "clon": 82.8372385818922}, "geometry": {"type": "Polygon", "coordinates": [[[82.8371387, 50.0540313], [82.8372998, 50.0541187], [82.8373344, 50.0540925], [82.8372216, 50.0540312], [82.837234, 50.0540218], [82.8372648, 50.0540385], [82.8373097, 50.0540045], [82.8372306, 50.0539615], [82.8371387, 50.0540313]]]}}, {"type": "Feature", "properties": {"osm_id": 981511899, "building": "yes", "housenumber": null, "street": null, "levels": null, "area_m2": 35.6, "clat": 50.05423815, "clon": 82.83744785}, "geometry": {"type": "Polygon", "coordinates": [[[82.8373868, 50.0542362], [82.8374673, 50.0542754], [82.8375089, 50.0542401], [82.8374284, 50.0542009], [82.8373868, 50.0542362]]]}}, {"type": "Feature", "properties": {"osm_id": 981511900, "building": "yes", "housenumber": null, "street": null, "levels": null, "area_m2": 121.6, "clat": 50.0541222027919, "clon": 82.83755696671379}, "geometry": {"type": "Polygon", "coordinates": [[[82.8374498, 50.0541402], [82.8375582, 50.0541933], [82.8376641, 50.0541042], [82.8375558, 50.0540511], [82.8374498, 50.0541402]]]}}, {"type": "Feature", "properties": {"osm_id": 981511901, "building": "yes", "housenumber": null, "street": null, "levels": null, "area_m2": 34.7, "clat": 50.05440323159387, "clon": 82.8363803902911}, "geometry": {"type": "Polygon", "coordinates": [[[82.836322, 50.0544075], [82.8363972, 50.0544394], [82.8364388, 50.0543989], [82.8363635, 50.0543671], [82.836322, 50.0544075]]]}}, {"type": "Feature", "properties": {"osm_id": 981511902, "building": "yes", "housenumber": null, "street": null, "levels": null, "area_m2": 89.8, "clat": 50.054341102697364, "clon": 82.83654931714914}, "geometry": {"type": "Polygon", "coordinates": [[[82.8364581, 50.0543563], [82.8365601, 50.0544012], [82.8366405, 50.0543259], [82.8365386, 50.054281], [82.8364581, 50.0543563]]]}}, {"type": "Feature", "properties": {"osm_id": 981511903, "building": "yes", "housenumber": null, "street": null, "levels": null, "area_m2": 26.9, "clat": 50.04869863445507, "clon": 82.84438060666739}, "geometry": {"type": "Polygon", "coordinates": [[[82.8443934, 50.0487328], [82.8444335, 50.0487075], [82.8443678, 50.0486645], [82.8443277, 50.0486897], [82.8443934, 50.0487328]]]}}, {"type": "Feature", "properties": {"osm_id": 981511904, "building": "yes", "housenumber": null, "street": null, "levels": null, "area_m2": 32.8, "clat": 50.0485281147308, "clon": 82.84433955990998}, "geometry": {"type": "Polygon", "coordinates": [[[82.8442794, 50.0485399], [82.8443192, 50.0485663], [82.8443997, 50.0485164], [82.8443599, 50.0484899], [82.8442794, 50.0485399]]]}}, {"type": "Feature", "properties": {"osm_id": 981511905, "building": "yes", "housenumber": null, "street": null, "levels": null, "area_m2": 90.5, "clat": 50.0485849, "clon": 82.8444876}, "geometry": {"type": "Polygon", "coordinates": [[[82.8443934, 50.0485812], [82.8444919, 50.0486454], [82.8445818, 50.0485886], [82.8444833, 50.0485244], [82.8443934, 50.0485812]]]}}, {"type": "Feature", "properties": {"osm_id": 981511906, "building": "yes", "housenumber": null, "street": null, "levels": null, "area_m2": 83.3, "clat": 50.04833521387159, "clon": 82.84486471111792}, "geometry": {"type": "Polygon", "coordinates": [[[82.8448816, 50.0483943], [82.8449565, 50.0483468], [82.8448479, 50.0482761], [82.8447729, 50.0483237], [82.8448816, 50.0483943]]]}}, {"type": "Feature", "properties": {"osm_id": 981511907, "building": "yes", "housenumber": null, "street": null, "levels": null, "area_m2": 68.1, "clat": 50.048263746782574, "clon": 82.84507606539857}, "geometry": {"type": "Polygon", "coordinates": [[[82.8450546, 50.0482092], [82.8449916, 50.0482486], [82.8450976, 50.0483183], [82.8451605, 50.0482789], [82.8450546, 50.0482092]]]}}, {"type": "Feature", "properties": {"osm_id": 981511908, "building": "yes", "housenumber": null, "street": null, "levels": null, "area_m2": 86.2, "clat": 50.04803365, "clon": 82.84553245}, "geometry": {"type": "Polygon", "coordinates": [[[82.8454428, 50.0479551], [82.8454042, 50.0479817], [82.8456221, 50.0481122], [82.8456607, 50.0480856], [82.8454428, 50.0479551]]]}}, {"type": "Feature", "properties": {"osm_id": 981511909, "building": "yes", "housenumber": null, "street": null, "levels": null, "area_m2": 63.3, "clat": 50.04789545, "clon": 82.84541970000001}, "geometry": {"type": "Polygon", "coordinates": [[[82.845416, 50.0478449], [82.8453409, 50.0478935], [82.8454234, 50.047946], [82.8454985, 50.0478974], [82.845416, 50.0478449]]]}}, {"type": "Feature", "properties": {"osm_id": 981511910, "building": "yes", "housenumber": null, "street": null, "levels": null, "area_m2": 45.0, "clat": 50.0478584, "clon": 82.8456625}, "geometry": {"type": "Polygon", "coordinates": [[[82.845644, 50.0479004], [82.8457305, 50.0478569], [82.845681, 50.0478164], [82.8455945, 50.0478599], [82.845644, 50.0479004]]]}}, {"type": "Feature", "properties": {"osm_id": 981511911, "building": "yes", "housenumber": null, "street": null, "levels": null, "area_m2": 224.8, "clat": 50.04769034853401, "clon": 82.8460350165452}, "geometry": {"type": "Polygon", "coordinates": [[[82.846043, 50.0477863], [82.8461833, 50.0477033], [82.8460271, 50.0475944], [82.8458867, 50.0476774], [82.846043, 50.0477863]]]}}, {"type": "Feature", "properties": {"osm_id": 981511912, "building": "yes", "housenumber": null, "street": null, "levels": null, "area_m2": 106.1, "clat": 50.04785371443095, "clon": 82.84659299126966}, "geometry": {"type": "Polygon", "coordinates": [[[82.8466257, 50.0479245], [82.8466998, 50.0478811], [82.8465603, 50.0477829], [82.8464862, 50.0478264], [82.8466257, 50.0479245]]]}}, {"type": "Feature", "properties": {"osm_id": 981511913, "building": "yes", "housenumber": null, "street": null, "levels": null, "area_m2": 22.0, "clat": 50.045916500000004, "clon": 82.84844765}, "geometry": {"type": "Polygon", "coordinates": [[[82.8484228, 50.0458869], [82.8483961, 50.0459108], [82.8484725, 50.0459461], [82.8484992, 50.0459222], [82.8484228, 50.0458869]]]}}, {"type": "Feature", "properties": {"osm_id": 981511914, "building": "yes", "housenumber": null, "street": null, "levels": null, "area_m2": 81.7, "clat": 50.0461718, "clon": 82.84782795000001}, "geometry": {"type": "Polygon", "coordinates": [[[82.8477421, 50.0461914], [82.847834, 50.0462302], [82.8479138, 50.0461522], [82.8478219, 50.0461134], [82.8477421, 50.0461914]]]}}, {"type": "Feature", "properties": {"osm_id": 981511915, "building": "yes", "housenumber": null, "street": null, "levels": null, "area_m2": 87.8, "clat": 50.0461521, "clon": 82.84801855}, "geometry": {"type": "Polygon", "coordinates": [[[82.8479299, 50.0461733], [82.8480254, 50.0462127], [82.8481072, 50.0461309], [82.8480117, 50.0460915], [82.8479299, 50.0461733]]]}}, {"type": "Feature", "properties": {"osm_id": 981511916, "building": "yes", "housenumber": null, "street": null, "levels": null, "area_m2": 17.7, "clat": 50.04602905, "clon": 82.84794864999999}, "geometry": {"type": "Polygon", "coordinates": [[[82.8479078, 50.0460359], [82.8479493, 50.0460562], [82.8479895, 50.0460222], [82.847948, 50.0460019], [82.8479078, 50.0460359]]]}}, {"type": "Feature", "properties": {"osm_id": 981511917, "building": "yes", "housenumber": null, "street": null, "levels": null, "area_m2": 75.0, "clat": 50.04597099581923, "clon": 82.84818033360283}, "geometry": {"type": "Polygon", "coordinates": [[[82.8480969, 50.0459916], [82.8481766, 50.0460284], [82.8482638, 50.0459504], [82.848184, 50.0459136], [82.8480969, 50.0459916]]]}}, {"type": "Feature", "properties": {"osm_id": 981511918, "building": "yes", "housenumber": null, "street": null, "levels": null, "area_m2": 11.5, "clat": 50.04531606659531, "clon": 82.84673307482451}, "geometry": {"type": "Polygon", "coordinates": [[[82.8466988, 50.0453164], [82.8467437, 50.045337], [82.8467674, 50.0453158], [82.8467224, 50.0452951], [82.8466988, 50.0453164]]]}}, {"type": "Feature", "properties": {"osm_id": 981511919, "building": "yes", "housenumber": null, "street": null, "levels": null, "area_m2": 45.4, "clat": 50.0454739, "clon": 82.84705455}, "geometry": {"type": "Polygon", "coordinates": [[[82.8469898, 50.0454843], [82.847067, 50.045516], [82.8471193, 50.0454635], [82.8470421, 50.0454318], [82.8469898, 50.0454843]]]}}, {"type": "Feature", "properties": {"osm_id": 981511920, "building": "yes", "housenumber": null, "street": null, "levels": null, "area_m2": 37.3, "clat": 50.045604584177674, "clon": 82.8468335265673}, "geometry": {"type": "Polygon", "coordinates": [[[82.8468128, 50.0455679], [82.8467738, 50.045612], [82.8468543, 50.0456413], [82.8468932, 50.0455971], [82.8468128, 50.0455679]]]}}, {"type": "Feature", "properties": {"osm_id": 981511922, "building": "yes", "housenumber": null, "street": null, "levels": null, "area_m2": 75.2, "clat": 50.04639855204027, "clon": 82.84659348680445}, "geometry": {"type": "Polygon", "coordinates": [[[82.8465083, 50.0463485], [82.8464795, 50.046387], [82.8466786, 50.0464486], [82.8467075, 50.0464101], [82.8465083, 50.0463485]]]}}, {"type": "Feature", "properties": {"osm_id": 981511923, "building": "yes", "housenumber": null, "street": null, "levels": null, "area_m2": 113.0, "clat": 50.046293719498046, "clon": 82.84606317258351}, "geometry": {"type": "Polygon", "coordinates": [[[82.8459591, 50.0462409], [82.8459383, 50.0462849], [82.8460025, 50.0462974], [82.8459923, 50.046319], [82.8461353, 50.0463469], [82.8461456, 50.0463253], [82.8461637, 50.0463288], [82.8461844, 50.0462848], [82.8459591, 50.0462409]]]}}, {"type": "Feature", "properties": {"osm_id": 981511924, "building": "yes", "housenumber": null, "street": null, "levels": null, "area_m2": 93.7, "clat": 50.04610731800412, "clon": 82.8459353466963}, "geometry": {"type": "Polygon", "coordinates": [[[82.8459491, 50.0461711], [82.8460202, 50.046073], [82.8459216, 50.0460435], [82.8458505, 50.0461417], [82.8459491, 50.0461711]]]}}, {"type": "Feature", "properties": {"osm_id": 981511925, "building": "yes", "housenumber": null, "street": null, "levels": null, "area_m2": 67.5, "clat": 50.045764477838034, "clon": 82.84611878841831}, "geometry": {"type": "Polygon", "coordinates": [[[82.846043, 50.0457836], [82.8461416, 50.0458147], [82.8461946, 50.0457453], [82.8460959, 50.0457143], [82.846043, 50.0457836]]]}}, {"type": "Feature", "properties": {"osm_id": 981511926, "building": "yes", "housenumber": null, "street": null, "levels": null, "area_m2": 265.0, "clat": 50.045945313974414, "clon": 82.84609292692909}, "geometry": {"type": "Polygon", "coordinates": [[[82.8458862, 50.0459818], [82.8459363, 50.0459968], [82.8459536, 50.0459731], [82.8460126, 50.0459909], [82.8460363, 50.0459585], [82.8462295, 50.0460166], [82.8462468, 50.0459928], [82.8462984, 50.0460083], [82.8463301, 50.0459648], [82.8459762, 50.0458584], [82.8458862, 50.0459818]]]}}, {"type": "Feature", "properties": {"osm_id": 981511927, "building": "yes", "housenumber": null, "street": null, "levels": null, "area_m2": 29.9, "clat": 50.045471347773336, "clon": 82.84561123190853}, "geometry": {"type": "Polygon", "coordinates": [[[82.8455582, 50.0454791], [82.8456319, 50.0455037], [82.8456643, 50.0454636], [82.8455905, 50.045439], [82.8455582, 50.0454791]]]}}, {"type": "Feature", "properties": {"osm_id": 981511928, "building": "yes", "housenumber": null, "street": null, "levels": null, "area_m2": 34.1, "clat": 50.0453638632686, "clon": 82.84539655646896}, "geometry": {"type": "Polygon", "coordinates": [[[82.8453402, 50.0453935], [82.8453818, 50.0454096], [82.8454529, 50.0453343], [82.8454113, 50.0453181], [82.8453402, 50.0453935]]]}}, {"type": "Feature", "properties": {"osm_id": 981511929, "building": "yes", "housenumber": null, "street": null, "levels": null, "area_m2": 32.3, "clat": 50.045243378734256, "clon": 82.84500348482538}, "geometry": {"type": "Polygon", "coordinates": [[[82.84495, 50.0452569], [82.845008, 50.0452802], [82.845057, 50.0452298], [82.8449989, 50.0452066], [82.84495, 50.0452569]]]}}, {"type": "Feature", "properties": {"osm_id": 981511930, "building": "yes", "housenumber": null, "street": null, "levels": null, "area_m2": 44.1, "clat": 50.04517183174518, "clon": 82.8449292084212}, "geometry": {"type": "Polygon", "coordinates": [[[82.8448661, 50.0451837], [82.8449514, 50.0452116], [82.8449923, 50.0451599], [82.844907, 50.0451321], [82.8448661, 50.0451837]]]}}, {"type": "Feature", "properties": {"osm_id": 981511931, "building": "yes", "housenumber": null, "street": null, "levels": null, "area_m2": 22.3, "clat": 50.0450036, "clon": 82.84470565000001}, "geometry": {"type": "Polygon", "coordinates": [[[82.8446656, 50.0449848], [82.8446612, 50.0450177], [82.8447457, 50.0450224], [82.8447501, 50.0449895], [82.8446656, 50.0449848]]]}}, {"type": "Feature", "properties": {"osm_id": 981511932, "building": "yes", "housenumber": null, "street": null, "levels": null, "area_m2": 94.5, "clat": 50.0458322, "clon": 82.84520605}, "geometry": {"type": "Polygon", "coordinates": [[[82.8451156, 50.0458572], [82.8452705, 50.04588], [82.8452965, 50.0458072], [82.8451416, 50.0457844], [82.8451156, 50.0458572]]]}}, {"type": "Feature", "properties": {"osm_id": 981511933, "building": "yes", "housenumber": null, "street": null, "levels": null, "area_m2": 95.6, "clat": 50.045698417432476, "clon": 82.84545729778128}, "geometry": {"type": "Polygon", "coordinates": [[[82.8454663, 50.0457629], [82.8455461, 50.0456678], [82.8454483, 50.0456339], [82.8453685, 50.0457291], [82.8454663, 50.0457629]]]}}, {"type": "Feature", "properties": {"osm_id": 981511934, "building": "yes", "housenumber": null, "street": null, "levels": null, "area_m2": 68.0, "clat": 50.04546321950352, "clon": 82.84495628302214}, "geometry": {"type": "Polygon", "coordinates": [[[82.8448896, 50.0455196], [82.8449485, 50.0455339], [82.845023, 50.0454068], [82.844964, 50.0453926], [82.8448896, 50.0455196]]]}}, {"type": "Feature", "properties": {"osm_id": 981511935, "building": "yes", "housenumber": null, "street": null, "levels": null, "area_m2": 37.0, "clat": 50.04551485412533, "clon": 82.84478322112875}, "geometry": {"type": "Polygon", "coordinates": [[[82.8447488, 50.045483], [82.8447298, 50.0455329], [82.8448177, 50.0455467], [82.8448366, 50.0454968], [82.8447488, 50.045483]]]}}, {"type": "Feature", "properties": {"osm_id": 981511936, "building": "yes", "housenumber": null, "street": null, "levels": null, "area_m2": 78.2, "clat": 50.04539930365462, "clon": 82.84478131873277}, "geometry": {"type": "Polygon", "coordinates": [[[82.8446998, 50.0454197], [82.8448112, 50.0454521], [82.8448628, 50.0453789], [82.8447515, 50.0453465], [82.8446998, 50.0454197]]]}}, {"type": "Feature", "properties": {"osm_id": 981511937, "building": "yes", "housenumber": null, "street": null, "levels": null, "area_m2": 62.2, "clat": 50.04550493326809, "clon": 82.84443630196944}, "geometry": {"type": "Polygon", "coordinates": [[[82.8443538, 50.0455071], [82.84449, 50.0455515], [82.8445223, 50.0455105], [82.8444468, 50.0454859], [82.8444551, 50.0454754], [82.8443945, 50.0454557], [82.8443538, 50.0455071]]]}}, {"type": "Feature", "properties": {"osm_id": 981511938, "building": "yes", "housenumber": null, "street": null, "levels": null, "area_m2": 99.0, "clat": 50.0453011, "clon": 82.844381}, "geometry": {"type": "Polygon", "coordinates": [[[82.8442942, 50.045331], [82.8444323, 50.0453551], [82.8444678, 50.0452712], [82.8443297, 50.0452471], [82.8442942, 50.045331]]]}}, {"type": "Feature", "properties": {"osm_id": 981511939, "building": "yes", "housenumber": null, "street": null, "levels": null, "area_m2": 56.3, "clat": 50.04524389997999, "clon": 82.84382921664276}, "geometry": {"type": "Polygon", "coordinates": [[[82.8437785, 50.0452014], [82.8437458, 50.0452438], [82.84388, 50.0452864], [82.8439126, 50.045244], [82.8437785, 50.0452014]]]}}, {"type": "Feature", "properties": {"osm_id": 981511940, "building": "yes", "housenumber": null, "street": null, "levels": null, "area_m2": 75.4, "clat": 50.0451161, "clon": 82.84404155}, "geometry": {"type": "Polygon", "coordinates": [[[82.8439703, 50.0451549], [82.8440545, 50.0451755], [82.8441128, 50.0450773], [82.8440286, 50.0450567], [82.8439703, 50.0451549]]]}}, {"type": "Feature", "properties": {"osm_id": 981511941, "building": "yes", "housenumber": null, "street": null, "levels": null, "area_m2": 52.7, "clat": 50.0451244, "clon": 82.84389595}, "geometry": {"type": "Polygon", "coordinates": [[[82.8438777, 50.0450791], [82.8438317, 50.0451464], [82.8439142, 50.0451697], [82.8439602, 50.0451024], [82.8438777, 50.0450791]]]}}, {"type": "Feature", "properties": {"osm_id": 981511942, "building": "yes", "housenumber": null, "street": null, "levels": null, "area_m2": 77.7, "clat": 50.0450061, "clon": 82.84371449999999}, "geometry": {"type": "Polygon", "coordinates": [[[82.8436464, 50.0450425], [82.8437524, 50.0450575], [82.8437826, 50.0449697], [82.8436766, 50.0449547], [82.8436464, 50.0450425]]]}}, {"type": "Feature", "properties": {"osm_id": 981511943, "building": "yes", "housenumber": null, "street": null, "levels": null, "area_m2": 150.2, "clat": 50.049640213691596, "clon": 82.84124799792104}, "geometry": {"type": "Polygon", "coordinates": [[[82.8411117, 50.0495646], [82.8410732, 50.0496125], [82.8413843, 50.0497158], [82.8414229, 50.049668], [82.8411117, 50.0495646]]]}}, {"type": "Feature", "properties": {"osm_id": 981511944, "building": "yes", "housenumber": null, "street": null, "levels": null, "area_m2": 80.9, "clat": 50.05034961600206, "clon": 82.84169089452057}, "geometry": {"type": "Polygon", "coordinates": [[[82.8415925, 50.0503629], [82.8417883, 50.0503935], [82.8417985, 50.0503665], [82.8417563, 50.0503599], [82.8417634, 50.0503411], [82.8417131, 50.0503332], [82.8417226, 50.050308], [82.841666, 50.0502992], [82.8416565, 50.0503244], [82.8416099, 50.0503171], [82.8415925, 50.0503629]]]}}, {"type": "Feature", "properties": {"osm_id": 981511945, "building": "yes", "housenumber": null, "street": null, "levels": null, "area_m2": 53.8, "clat": 50.04987265, "clon": 82.8419126}, "geometry": {"type": "Polygon", "coordinates": [[[82.8418909, 50.0498282], [82.8418438, 50.0498874], [82.8419343, 50.0499171], [82.8419814, 50.0498579], [82.8418909, 50.0498282]]]}}, {"type": "Feature", "properties": {"osm_id": 981511946, "building": "yes", "housenumber": null, "street": null, "levels": null, "area_m2": 57.7, "clat": 50.049771516179945, "clon": 82.84199516097675}, "geometry": {"type": "Polygon", "coordinates": [[[82.8419365, 50.0497265], [82.8419046, 50.0497638], [82.8420538, 50.0498165], [82.8420858, 50.0497793], [82.8419365, 50.0497265]]]}}, {"type": "Feature", "properties": {"osm_id": 981511947, "building": "yes", "housenumber": null, "street": null, "levels": null, "area_m2": 91.2, "clat": 50.04968383298355, "clon": 82.84207500093528}, "geometry": {"type": "Polygon", "coordinates": [[[82.8419881, 50.0497163], [82.8420787, 50.0497484], [82.8421619, 50.0496513], [82.8420713, 50.0496193], [82.8419881, 50.0497163]]]}}, {"type": "Feature", "properties": {"osm_id": 981511948, "building": "yes", "housenumber": null, "street": null, "levels": null, "area_m2": 26.2, "clat": 50.04946175, "clon": 82.84205180000001}, "geometry": {"type": "Polygon", "coordinates": [[[82.8420049, 50.0494742], [82.8420672, 50.0494928], [82.8420987, 50.0494493], [82.8420364, 50.0494307], [82.8420049, 50.0494742]]]}}, {"type": "Feature", "properties": {"osm_id": 981511949, "building": "yes", "housenumber": null, "street": null, "levels": null, "area_m2": 97.4, "clat": 50.04945305, "clon": 82.84226745}, "geometry": {"type": "Polygon", "coordinates": [[[82.8421745, 50.0494738], [82.8422832, 50.0495154], [82.8423604, 50.0494323], [82.8422517, 50.0493907], [82.8421745, 50.0494738]]]}}, {"type": "Feature", "properties": {"osm_id": 981511950, "building": "yes", "housenumber": null, "street": null, "levels": null, "area_m2": 52.0, "clat": 50.04933735, "clon": 82.8421412}, "geometry": {"type": "Polygon", "coordinates": [[[82.8420914, 50.0492951], [82.8420589, 50.0493331], [82.842191, 50.0493796], [82.8422235, 50.0493416], [82.8420914, 50.0492951]]]}}, {"type": "Feature", "properties": {"osm_id": 981511951, "building": "yes", "housenumber": null, "street": null, "levels": null, "area_m2": 99.2, "clat": 50.04925959570853, "clon": 82.84228278440482}, "geometry": {"type": "Polygon", "coordinates": [[[82.8421873, 50.0492038], [82.8421482, 50.0492587], [82.8422174, 50.0492791], [82.8422309, 50.0492601], [82.8423518, 50.0492955], [82.8423417, 50.0493097], [82.842385, 50.0493224], [82.8424206, 50.0492723], [82.8421873, 50.0492038]]]}}, {"type": "Feature", "properties": {"osm_id": 981511952, "building": "yes", "housenumber": null, "street": null, "levels": null, "area_m2": 35.2, "clat": 50.04915155, "clon": 82.8422781}, "geometry": {"type": "Polygon", "coordinates": [[[82.8422564, 50.0491164], [82.8422214, 50.0491617], [82.8422998, 50.0491867], [82.8423348, 50.0491414], [82.8422564, 50.0491164]]]}}, {"type": "Feature", "properties": {"osm_id": 981511953, "building": "yes", "housenumber": null, "street": null, "levels": null, "area_m2": 88.4, "clat": 50.049070854871566, "clon": 82.84248561697679}, "geometry": {"type": "Polygon", "coordinates": [[[82.8423978, 50.049097], [82.8424896, 50.0491329], [82.8425734, 50.0490447], [82.8424817, 50.0490088], [82.8423978, 50.049097]]]}}, {"type": "Feature", "properties": {"osm_id": 981511954, "building": "yes", "housenumber": null, "street": null, "levels": null, "area_m2": 76.1, "clat": 50.048829600000005, "clon": 82.8426501}, "geometry": {"type": "Polygon", "coordinates": [[[82.8425454, 50.0488219], [82.8427197, 50.0488804], [82.8427548, 50.0488373], [82.8425805, 50.0487788], [82.8425454, 50.0488219]]]}}, {"type": "Feature", "properties": {"osm_id": 981511955, "building": "yes", "housenumber": null, "street": null, "levels": null, "area_m2": 50.6, "clat": 50.04867363173143, "clon": 82.84281096043502}, "geometry": {"type": "Polygon", "coordinates": [[[82.8427821, 50.048632], [82.8427419, 50.0486842], [82.8428398, 50.0487153], [82.84288, 50.048663], [82.8427821, 50.048632]]]}}, {"type": "Feature", "properties": {"osm_id": 981511956, "building": "yes", "housenumber": null, "street": null, "levels": null, "area_m2": 56.6, "clat": 50.048644917907694, "clon": 82.84260944335794}, "geometry": {"type": "Polygon", "coordinates": [[[82.842538, 50.0486583], [82.8426293, 50.048691], [82.8426809, 50.0486316], [82.8425896, 50.0485988], [82.842538, 50.0486583]]]}}, {"type": "Feature", "properties": {"osm_id": 981511957, "building": "yes", "housenumber": null, "street": null, "levels": null, "area_m2": 99.5, "clat": 50.0484685, "clon": 82.84258305}, "geometry": {"type": "Polygon", "coordinates": [[[82.842487, 50.048483], [82.8426053, 50.0485302], [82.8426791, 50.048454], [82.8425608, 50.0484068], [82.842487, 50.048483]]]}}, {"type": "Feature", "properties": {"osm_id": 981511958, "building": "yes", "housenumber": null, "street": null, "levels": null, "area_m2": 55.6, "clat": 50.048475432522494, "clon": 82.84282345791917}, "geometry": {"type": "Polygon", "coordinates": [[[82.8428008, 50.0484301], [82.8427502, 50.0484829], [82.8428461, 50.0485208], [82.8428967, 50.0484679], [82.8428008, 50.0484301]]]}}, {"type": "Feature", "properties": {"osm_id": 981511959, "building": "yes", "housenumber": null, "street": null, "levels": null, "area_m2": 56.3, "clat": 50.04828880200719, "clon": 82.84291716809318}, "geometry": {"type": "Polygon", "coordinates": [[[82.842886, 50.0482449], [82.8428435, 50.0482985], [82.8429484, 50.0483327], [82.8429908, 50.0482791], [82.842886, 50.0482449]]]}}, {"type": "Feature", "properties": {"osm_id": 981511960, "building": "yes", "housenumber": null, "street": null, "levels": null, "area_m2": 38.6, "clat": 50.04817150039028, "clon": 82.84285816707565}, "geometry": {"type": "Polygon", "coordinates": [[[82.842821, 50.048136], [82.8427915, 50.0481731], [82.8428954, 50.048207], [82.8429248, 50.0481699], [82.842821, 50.048136]]]}}, {"type": "Feature", "properties": {"osm_id": 981511961, "building": "yes", "housenumber": null, "street": null, "levels": null, "area_m2": 76.5, "clat": 50.048097332463904, "clon": 82.84298020141985}, "geometry": {"type": "Polygon", "coordinates": [[[82.8428934, 50.0481032], [82.8430556, 50.0481562], [82.8430802, 50.0481252], [82.8429873, 50.0480949], [82.8430171, 50.0480573], [82.8429476, 50.0480347], [82.8428934, 50.0481032]]]}}, {"type": "Feature", "properties": {"osm_id": 981511962, "building": "yes", "housenumber": null, "street": null, "levels": null, "area_m2": 82.6, "clat": 50.048070814229305, "clon": 82.8427724259021}, "geometry": {"type": "Polygon", "coordinates": [[[82.8426889, 50.0480929], [82.8427943, 50.0481271], [82.842856, 50.0480488], [82.8427505, 50.0480145], [82.8426889, 50.0480929]]]}}, {"type": "Feature", "properties": {"osm_id": 981511963, "building": "yes", "housenumber": null, "street": null, "levels": null, "area_m2": 63.1, "clat": 50.0479683, "clon": 82.8431185}, "geometry": {"type": "Polygon", "coordinates": [[[82.8430798, 50.047924], [82.843044, 50.0479854], [82.8431572, 50.0480126], [82.843193, 50.0479512], [82.8430798, 50.047924]]]}}, {"type": "Feature", "properties": {"osm_id": 981511964, "building": "yes", "housenumber": null, "street": null, "levels": null, "area_m2": 80.1, "clat": 50.04792439216322, "clon": 82.84299223667449}, "geometry": {"type": "Polygon", "coordinates": [[[82.8429491, 50.0479613], [82.8430257, 50.0479797], [82.8430747, 50.0478955], [82.8429981, 50.0478771], [82.8429827, 50.0479036], [82.8429163, 50.0478876], [82.8428954, 50.0479235], [82.8429618, 50.0479395], [82.8429491, 50.0479613]]]}}, {"type": "Feature", "properties": {"osm_id": 981511965, "building": "yes", "housenumber": null, "street": null, "levels": null, "area_m2": 45.0, "clat": 50.04803251484797, "clon": 82.84336035420637}, "geometry": {"type": "Polygon", "coordinates": [[[82.8432964, 50.0480602], [82.8433492, 50.0480815], [82.8434243, 50.0480049], [82.8433715, 50.0479835], [82.8432964, 50.0480602]]]}}, {"type": "Feature", "properties": {"osm_id": 981511966, "building": "yes", "housenumber": null, "street": null, "levels": null, "area_m2": 64.4, "clat": 50.04811838281102, "clon": 82.84353370251765}, "geometry": {"type": "Polygon", "coordinates": [[[82.8434573, 50.0481342], [82.8435417, 50.0481697], [82.8436101, 50.0481025], [82.8435257, 50.0480671], [82.8434573, 50.0481342]]]}}, {"type": "Feature", "properties": {"osm_id": 981511967, "building": "yes", "housenumber": null, "street": null, "levels": null, "area_m2": 87.1, "clat": 50.0479796, "clon": 82.8439819}, "geometry": {"type": "Polygon", "coordinates": [[[82.8438818, 50.0479706], [82.8440253, 50.0480382], [82.844082, 50.0479886], [82.8439385, 50.047921], [82.8438818, 50.0479706]]]}}, {"type": "Feature", "properties": {"osm_id": 981511968, "building": "yes", "housenumber": null, "street": null, "levels": null, "area_m2": 35.2, "clat": 50.0481756956442, "clon": 82.84389218239913}, "geometry": {"type": "Polygon", "coordinates": [[[82.8438373, 50.0481909], [82.8439003, 50.0482137], [82.8439471, 50.0481605], [82.843884, 50.0481377], [82.8438373, 50.0481909]]]}}, {"type": "Feature", "properties": {"osm_id": 981511969, "building": "yes", "housenumber": null, "street": null, "levels": null, "area_m2": 40.5, "clat": 50.0481026656195, "clon": 82.84384370568813}, "geometry": {"type": "Polygon", "coordinates": [[[82.8437777, 50.0481002], [82.8438682, 50.0481421], [82.8439097, 50.0481052], [82.8438193, 50.0480632], [82.8437777, 50.0481002]]]}}, {"type": "Feature", "properties": {"osm_id": 981511970, "building": "yes", "housenumber": null, "street": null, "levels": null, "area_m2": 75.8, "clat": 50.04763229698903, "clon": 82.84410963197244}, "geometry": {"type": "Polygon", "coordinates": [[[82.8440273, 50.0476485], [82.8441336, 50.0476854], [82.844192, 50.0476161], [82.8440856, 50.0475792], [82.8440273, 50.0476485]]]}}, {"type": "Feature", "properties": {"osm_id": 981511971, "building": "yes", "housenumber": null, "street": null, "levels": null, "area_m2": 84.8, "clat": 50.04778003571373, "clon": 82.84387131914684}, "geometry": {"type": "Polygon", "coordinates": [[[82.8437825, 50.0477949], [82.843879, 50.0478388], [82.8439601, 50.0477651], [82.8438637, 50.0477213], [82.8437825, 50.0477949]]]}}, {"type": "Feature", "properties": {"osm_id": 981511972, "building": "yes", "housenumber": null, "street": null, "levels": null, "area_m2": 56.5, "clat": 50.047731, "clon": 82.84338325}, "geometry": {"type": "Polygon", "coordinates": [[[82.8432937, 50.0477105], [82.8434345, 50.0477824], [82.8434728, 50.0477515], [82.843332, 50.0476796], [82.8432937, 50.0477105]]]}}, {"type": "Feature", "properties": {"osm_id": 981511973, "building": "yes", "housenumber": null, "street": null, "levels": null, "area_m2": 34.3, "clat": 50.047576251666705, "clon": 82.84374326729657}, "geometry": {"type": "Polygon", "coordinates": [[[82.843686, 50.0475822], [82.843757, 50.0476125], [82.8438005, 50.0475703], [82.8437296, 50.04754], [82.843686, 50.0475822]]]}}, {"type": "Feature", "properties": {"osm_id": 981511974, "building": "yes", "housenumber": null, "street": null, "levels": null, "area_m2": 63.5, "clat": 50.04761685, "clon": 82.84356805}, "geometry": {"type": "Polygon", "coordinates": [[[82.8434895, 50.0476244], [82.8435668, 50.0476678], [82.8436466, 50.0476093], [82.8435693, 50.0475659], [82.8434895, 50.0476244]]]}}, {"type": "Feature", "properties": {"osm_id": 981511975, "building": "yes", "housenumber": null, "street": null, "levels": null, "area_m2": 25.2, "clat": 50.0476076, "clon": 82.8428371}, "geometry": {"type": "Polygon", "coordinates": [[[82.8428203, 50.0475762], [82.8427855, 50.0476054], [82.8428539, 50.047639], [82.8428887, 50.0476098], [82.8428203, 50.0475762]]]}}, {"type": "Feature", "properties": {"osm_id": 981511976, "building": "yes", "housenumber": null, "street": null, "levels": null, "area_m2": 53.7, "clat": 50.04765554940179, "clon": 82.84272813292728}, "geometry": {"type": "Polygon", "coordinates": [[[82.8426982, 50.0476115], [82.8426534, 50.0476583], [82.842758, 50.0476996], [82.8428029, 50.0476528], [82.8426982, 50.0476115]]]}}, {"type": "Feature", "properties": {"osm_id": 981511977, "building": "yes", "housenumber": null, "street": null, "levels": null, "area_m2": 111.8, "clat": 50.047348952320725, "clon": 82.84306101696862}, "geometry": {"type": "Polygon", "coordinates": [[[82.8429584, 50.0473635], [82.8430698, 50.0474162], [82.8431636, 50.0473344], [82.8430523, 50.0472817], [82.8429584, 50.0473635]]]}}, {"type": "Feature", "properties": {"osm_id": 981511981, "building": "yes", "housenumber": null, "street": null, "levels": null, "area_m2": 117.7, "clat": 50.06144990607093, "clon": 82.83579206519971}, "geometry": {"type": "Polygon", "coordinates": [[[82.8356724, 50.0614831], [82.8359035, 50.0614885], [82.8359084, 50.0614028], [82.835852, 50.0614015], [82.8358504, 50.061431], [82.8358077, 50.06143], [82.8358063, 50.0614559], [82.8357452, 50.0614545], [82.835748, 50.0614045], [82.835677, 50.0614028], [82.8356724, 50.0614831]]]}}, {"type": "Feature", "properties": {"osm_id": 981511982, "building": "yes", "housenumber": null, "street": null, "levels": null, "area_m2": 34.4, "clat": 50.0613215, "clon": 82.83586675000001}, "geometry": {"type": "Polygon", "coordinates": [[[82.8358392, 50.0613653], [82.8358876, 50.0613668], [82.8358943, 50.0612777], [82.8358459, 50.0612762], [82.8358392, 50.0613653]]]}}, {"type": "Feature", "properties": {"osm_id": 981511983, "building": "yes", "housenumber": null, "street": null, "levels": null, "area_m2": 95.1, "clat": 50.06127381936262, "clon": 82.83574058666396}, "geometry": {"type": "Polygon", "coordinates": [[[82.8356749, 50.0613197], [82.8358009, 50.0613227], [82.8358063, 50.0612279], [82.8356802, 50.061225], [82.8356749, 50.0613197]]]}}, {"type": "Feature", "properties": {"osm_id": 981511984, "building": "yes", "housenumber": null, "street": null, "levels": null, "area_m2": 111.3, "clat": 50.06098445710155, "clon": 82.83654067160168}, "geometry": {"type": "Polygon", "coordinates": [[[82.836497, 50.0610692], [82.836579, 50.0610702], [82.8365844, 50.0608998], [82.8365023, 50.0608987], [82.836497, 50.0610692]]]}}, {"type": "Feature", "properties": {"osm_id": 981511985, "building": "yes", "housenumber": null, "street": null, "levels": null, "area_m2": 69.1, "clat": 50.061024645445194, "clon": 82.83633037508474}, "geometry": {"type": "Polygon", "coordinates": [[[82.8362676, 50.06099], [82.8362671, 50.0610589], [82.8363931, 50.0610593], [82.8363937, 50.0609904], [82.8362676, 50.06099]]]}}, {"type": "Feature", "properties": {"osm_id": 981511986, "building": "yes", "housenumber": null, "street": null, "levels": null, "area_m2": 32.2, "clat": 50.060974449999996, "clon": 82.8357094}, "geometry": {"type": "Polygon", "coordinates": [[[82.8356534, 50.0609925], [82.8357654, 50.0609925], [82.8357654, 50.0609564], [82.8356534, 50.0609564], [82.8356534, 50.0609925]]]}}, {"type": "Feature", "properties": {"osm_id": 981511987, "building": "yes", "housenumber": null, "street": null, "levels": null, "area_m2": 62.7, "clat": 50.0608651, "clon": 82.83564535}, "geometry": {"type": "Polygon", "coordinates": [[[82.8356078, 50.0609176], [82.8356829, 50.0609176], [82.8356829, 50.0608126], [82.8356078, 50.0608126], [82.8356078, 50.0609176]]]}}, {"type": "Feature", "properties": {"osm_id": 981511988, "building": "yes", "housenumber": null, "street": null, "levels": null, "area_m2": 50.0, "clat": 50.06060525, "clon": 82.8358811}, "geometry": {"type": "Polygon", "coordinates": [[[82.8358479, 50.0605603], [82.8358432, 50.0606486], [82.8359143, 50.0606502], [82.835919, 50.0605619], [82.8358479, 50.0605603]]]}}, {"type": "Feature", "properties": {"osm_id": 981511989, "building": "yes", "housenumber": null, "street": null, "levels": null, "area_m2": 26.0, "clat": 50.0605264215876, "clon": 82.83584609407337}, "geometry": {"type": "Polygon", "coordinates": [[[82.8358036, 50.060507], [82.8358027, 50.060545], [82.8358885, 50.0605459], [82.8358895, 50.0605078], [82.8358036, 50.060507]]]}}, {"type": "Feature", "properties": {"osm_id": 981511990, "building": "yes", "housenumber": null, "street": null, "levels": null, "area_m2": 32.3, "clat": 50.06041099166712, "clon": 82.8357938242478}, "geometry": {"type": "Polygon", "coordinates": [[[82.8357641, 50.0604437], [82.8358276, 50.060442], [82.8358236, 50.0603783], [82.83576, 50.06038], [82.8357641, 50.0604437]]]}}, {"type": "Feature", "properties": {"osm_id": 981511991, "building": "yes", "housenumber": null, "street": null, "levels": null, "area_m2": 114.9, "clat": 50.060174275508054, "clon": 82.83594083764473}, "geometry": {"type": "Polygon", "coordinates": [[[82.83587, 50.060225], [82.8360164, 50.0602221], [82.8360117, 50.0601236], [82.8358653, 50.0601264], [82.83587, 50.060225]]]}}, {"type": "Feature", "properties": {"osm_id": 981511992, "building": "yes", "housenumber": null, "street": null, "levels": null, "area_m2": 143.8, "clat": 50.0598996, "clon": 82.83603855}, "geometry": {"type": "Polygon", "coordinates": [[[82.835917, 50.0599301], [82.8361463, 50.0599469], [82.8361601, 50.0598691], [82.8359308, 50.0598523], [82.835917, 50.0599301]]]}}, {"type": "Feature", "properties": {"osm_id": 981511993, "building": "yes", "housenumber": null, "street": null, "levels": null, "area_m2": 41.4, "clat": 50.05970322237936, "clon": 82.83585878176865}, "geometry": {"type": "Polygon", "coordinates": [[[82.8357996, 50.0597218], [82.8359069, 50.0597321], [82.835918, 50.0596847], [82.8358107, 50.0596743], [82.8357996, 50.0597218]]]}}, {"type": "Feature", "properties": {"osm_id": 981511994, "building": "yes", "housenumber": null, "street": null, "levels": null, "area_m2": 37.7, "clat": 50.05926015, "clon": 82.8359314}, "geometry": {"type": "Polygon", "coordinates": [[[82.8358908, 50.0592896], [82.8359693, 50.059291], [82.835972, 50.0592307], [82.8358935, 50.0592293], [82.8358908, 50.0592896]]]}}, {"type": "Feature", "properties": {"osm_id": 981511995, "building": "yes", "housenumber": null, "street": null, "levels": null, "area_m2": 155.7, "clat": 50.0594355, "clon": 82.8361}, "geometry": {"type": "Polygon", "coordinates": [[[82.8360182, 50.0593757], [82.8360182, 50.0594953], [82.8361818, 50.0594953], [82.8361818, 50.0593757], [82.8360182, 50.0593757]]]}}, {"type": "Feature", "properties": {"osm_id": 981511996, "building": "yes", "housenumber": null, "street": null, "levels": null, "area_m2": 21.7, "clat": 50.058976674848445, "clon": 82.83593470837133}, "geometry": {"type": "Polygon", "coordinates": [[[82.8359089, 50.0590028], [82.8359612, 50.0590026], [82.8359605, 50.0589505], [82.8359082, 50.0589508], [82.8359089, 50.0590028]]]}}, {"type": "Feature", "properties": {"osm_id": 981511997, "building": "yes", "housenumber": null, "street": null, "levels": null, "area_m2": 62.3, "clat": 50.0588772257138, "clon": 82.83618345696712}, "geometry": {"type": "Polygon", "coordinates": [[[82.8361402, 50.0589245], [82.8362213, 50.0589264], [82.8362267, 50.0588299], [82.8361456, 50.0588281], [82.8361402, 50.0589245]]]}}, {"type": "Feature", "properties": {"osm_id": 981511998, "building": "yes", "housenumber": null, "street": null, "levels": null, "area_m2": 86.6, "clat": 50.0586577, "clon": 82.83626635}, "geometry": {"type": "Polygon", "coordinates": [[[82.8362104, 50.0587102], [82.8363087, 50.0587152], [82.8363223, 50.0586052], [82.836224, 50.0586002], [82.8362104, 50.0587102]]]}}, {"type": "Feature", "properties": {"osm_id": 981511999, "building": "yes", "housenumber": null, "street": null, "levels": null, "area_m2": 64.1, "clat": 50.0584565650729, "clon": 82.83610724538254}, "geometry": {"type": "Polygon", "coordinates": [[[82.8360866, 50.0584992], [82.836159, 50.0584997], [82.8361603, 50.0584205], [82.8360474, 50.0584197], [82.8360464, 50.0584769], [82.836087, 50.0584772], [82.8360866, 50.0584992]]]}}, {"type": "Feature", "properties": {"osm_id": 981512000, "building": "yes", "housenumber": null, "street": null, "levels": null, "area_m2": 53.6, "clat": 50.0607188, "clon": 82.83354005}, "geometry": {"type": "Polygon", "coordinates": [[[82.8334896, 50.0607554], [82.8335704, 50.0607636], [82.8335905, 50.0606822], [82.8335097, 50.060674], [82.8334896, 50.0607554]]]}}, {"type": "Feature", "properties": {"osm_id": 981512001, "building": "yes", "housenumber": null, "street": null, "levels": null, "area_m2": 66.6, "clat": 50.06386568691856, "clon": 82.83671083812345}, "geometry": {"type": "Polygon", "coordinates": [[[82.8366666, 50.0638913], [82.8367567, 50.0639148], [82.8367929, 50.0638575], [82.8366438, 50.0638186], [82.8366222, 50.0638529], [82.8366812, 50.0638682], [82.8366666, 50.0638913]]]}}, {"type": "Feature", "properties": {"osm_id": 981512002, "building": "yes", "housenumber": null, "street": null, "levels": null, "area_m2": 66.9, "clat": 50.0640802546274, "clon": 82.83534772202559}, "geometry": {"type": "Polygon", "coordinates": [[[82.8352994, 50.0640385], [82.8352794, 50.0641082], [82.8353961, 50.064122], [82.835416, 50.0640523], [82.8352994, 50.0640385]]]}}, {"type": "Feature", "properties": {"osm_id": 981512003, "building": "yes", "housenumber": null, "street": null, "levels": null, "area_m2": 71.1, "clat": 50.063934849999995, "clon": 82.83539065}, "geometry": {"type": "Polygon", "coordinates": [[[82.8353403, 50.0638917], [82.8353163, 50.0639599], [82.835441, 50.063978], [82.835465, 50.0639098], [82.8353403, 50.0638917]]]}}, {"type": "Feature", "properties": {"osm_id": 981512004, "building": "yes", "housenumber": null, "street": null, "levels": null, "area_m2": 50.1, "clat": 50.06362679948723, "clon": 82.83557531545958}, "geometry": {"type": "Polygon", "coordinates": [[[82.8354777, 50.063624], [82.8356568, 50.0636614], [82.8356729, 50.0636296], [82.8354939, 50.0635922], [82.8354777, 50.063624]]]}}, {"type": "Feature", "properties": {"osm_id": 981512005, "building": "yes", "housenumber": null, "street": null, "levels": null, "area_m2": 70.2, "clat": 50.063752290598806, "clon": 82.83568268232773}, "geometry": {"type": "Polygon", "coordinates": [[[82.8356139, 50.0637936], [82.8356891, 50.0638126], [82.8357515, 50.063711], [82.8356762, 50.063692], [82.8356139, 50.0637936]]]}}, {"type": "Feature", "properties": {"osm_id": 981512006, "building": "yes", "housenumber": null, "street": null, "levels": null, "area_m2": 141.7, "clat": 50.0637269, "clon": 82.83549260000001}, "geometry": {"type": "Polygon", "coordinates": [[[82.8354288, 50.0636627], [82.8353834, 50.0637566], [82.8355564, 50.0637911], [82.8356018, 50.0636972], [82.8354288, 50.0636627]]]}}, {"type": "Feature", "properties": {"osm_id": 981512007, "building": "yes", "housenumber": null, "street": null, "levels": null, "area_m2": 76.9, "clat": 50.063542749999996, "clon": 82.8355257}, "geometry": {"type": "Polygon", "coordinates": [[[82.8354442, 50.0635654], [82.8355837, 50.0635859], [82.8356072, 50.0635201], [82.8354677, 50.0634996], [82.8354442, 50.0635654]]]}}, {"type": "Feature", "properties": {"osm_id": 981512008, "building": "yes", "housenumber": null, "street": null, "levels": null, "area_m2": 90.8, "clat": 50.06343390394863, "clon": 82.8356972204133}, "geometry": {"type": "Polygon", "coordinates": [[[82.8356118, 50.06346], [82.8357464, 50.0634857], [82.8357826, 50.0634078], [82.8356481, 50.0633821], [82.8356118, 50.06346]]]}}, {"type": "Feature", "properties": {"osm_id": 981512009, "building": "yes", "housenumber": null, "street": null, "levels": null, "area_m2": 59.1, "clat": 50.06305955504357, "clon": 82.83560627403749}, "geometry": {"type": "Polygon", "coordinates": [[[82.8355481, 50.0630911], [82.8356584, 50.0630952], [82.8356644, 50.063028], [82.8355542, 50.0630239], [82.8355481, 50.0630911]]]}}, {"type": "Feature", "properties": {"osm_id": 981512010, "building": "yes", "housenumber": null, "street": null, "levels": null, "area_m2": 49.8, "clat": 50.062809156865825, "clon": 82.83562092376769}, "geometry": {"type": "Polygon", "coordinates": [[[82.8355736, 50.0628431], [82.8356602, 50.0628471], [82.8356682, 50.0627752], [82.8355817, 50.0627712], [82.8355736, 50.0628431]]]}}, {"type": "Feature", "properties": {"osm_id": 981512011, "building": "yes", "housenumber": null, "street": null, "levels": null, "area_m2": 56.9, "clat": 50.06265784681687, "clon": 82.83565487584195}, "geometry": {"type": "Polygon", "coordinates": [[[82.835585, 50.0626821], [82.8357211, 50.062686], [82.8357248, 50.0626336], [82.8355886, 50.0626297], [82.835585, 50.0626821]]]}}, {"type": "Feature", "properties": {"osm_id": 981512012, "building": "yes", "housenumber": null, "street": null, "levels": null, "area_m2": 80.3, "clat": 50.062344048043514, "clon": 82.83633307521822}, "geometry": {"type": "Polygon", "coordinates": [[[82.836264, 50.062386], [82.8363853, 50.0623888], [82.8363907, 50.0622941], [82.8363052, 50.0622921], [82.836303, 50.0623314], [82.8362671, 50.0623305], [82.836264, 50.062386]]]}}, {"type": "Feature", "properties": {"osm_id": 981512013, "building": "yes", "housenumber": null, "street": null, "levels": null, "area_m2": 90.8, "clat": 50.062432534229025, "clon": 82.8357036034376}, "geometry": {"type": "Polygon", "coordinates": [[[82.8356293, 50.0623903], [82.8356304, 50.0624607], [82.8356977, 50.0624603], [82.8356981, 50.062486], [82.8357675, 50.0624855], [82.8357661, 50.0623894], [82.8356293, 50.0623903]]]}}, {"type": "Feature", "properties": {"osm_id": 981512014, "building": "yes", "housenumber": null, "street": null, "levels": null, "area_m2": 59.1, "clat": 50.06231104809994, "clon": 82.83565462538766}, "geometry": {"type": "Polygon", "coordinates": [[[82.8355649, 50.0622896], [82.835564, 50.0623308], [82.8357443, 50.0623325], [82.8357453, 50.0622913], [82.8355649, 50.0622896]]]}}, {"type": "Feature", "properties": {"osm_id": 981512015, "building": "yes", "housenumber": null, "street": null, "levels": null, "area_m2": 117.4, "clat": 50.06231181870715, "clon": 82.83600028518786}, "geometry": {"type": "Polygon", "coordinates": [[[82.8359304, 50.062367], [82.8360561, 50.0623733], [82.8360702, 50.0622566], [82.8359444, 50.0622504], [82.8359304, 50.062367]]]}}, {"type": "Feature", "properties": {"osm_id": 981512016, "building": "yes", "housenumber": null, "street": null, "levels": null, "area_m2": 79.4, "clat": 50.061690675901566, "clon": 82.83608577973105}, "geometry": {"type": "Polygon", "coordinates": [[[82.8360175, 50.0616512], [82.8360157, 50.0617097], [82.8360484, 50.0617101], [82.8360476, 50.0617332], [82.8361464, 50.0617345], [82.836149, 50.0616529], [82.8360175, 50.0616512]]]}}, {"type": "Feature", "properties": {"osm_id": 981512017, "building": "yes", "housenumber": null, "street": null, "levels": null, "area_m2": 60.6, "clat": 50.0621012, "clon": 82.83565970000001}, "geometry": {"type": "Polygon", "coordinates": [[[82.8355877, 50.0620752], [82.8355889, 50.0621285], [82.8357317, 50.0621272], [82.8357305, 50.0620739], [82.8355877, 50.0620752]]]}}, {"type": "Feature", "properties": {"osm_id": 981512018, "building": "yes", "housenumber": null, "street": null, "levels": null, "area_m2": 47.8, "clat": 50.06199145, "clon": 82.8356434}, "geometry": {"type": "Polygon", "coordinates": [[[82.835573, 50.0619701], [82.835573, 50.0620128], [82.8357138, 50.0620128], [82.8357138, 50.0619701], [82.835573, 50.0619701]]]}}, {"type": "Feature", "properties": {"osm_id": 981512019, "building": "yes", "housenumber": null, "street": null, "levels": null, "area_m2": 73.4, "clat": 50.0619506147659, "clon": 82.8363721244738}, "geometry": {"type": "Polygon", "coordinates": [[[82.836334, 50.0620141], [82.8364062, 50.062015], [82.8364102, 50.0618871], [82.8363381, 50.0618862], [82.836334, 50.0620141]]]}}, {"type": "Feature", "properties": {"osm_id": 981512020, "building": "yes", "housenumber": null, "street": null, "levels": null, "area_m2": 34.0, "clat": 50.061973252140156, "clon": 82.83626326845602}, "geometry": {"type": "Polygon", "coordinates": [[[82.8362355, 50.06194], [82.8362059, 50.0619815], [82.8362911, 50.0620065], [82.8363206, 50.061965], [82.8362355, 50.06194]]]}}, {"type": "Feature", "properties": {"osm_id": 981512021, "building": "yes", "housenumber": null, "street": null, "levels": null, "area_m2": 88.2, "clat": 50.062033150000005, "clon": 82.8360275}, "geometry": {"type": "Polygon", "coordinates": [[[82.8359565, 50.061993], [82.8359483, 50.0620664], [82.8360985, 50.0620733], [82.8361067, 50.0619999], [82.8359565, 50.061993]]]}}, {"type": "Feature", "properties": {"osm_id": 981512022, "building": "yes", "housenumber": null, "street": null, "levels": null, "area_m2": 46.3, "clat": 50.06186869652575, "clon": 82.83610517541068}, "geometry": {"type": "Polygon", "coordinates": [[[82.836047, 50.0618432], [82.8360453, 50.0618925], [82.8361633, 50.0618942], [82.8361651, 50.0618449], [82.836047, 50.0618432]]]}}, {"type": "Feature", "properties": {"osm_id": 981512023, "building": "yes", "housenumber": null, "street": null, "levels": null, "area_m2": 127.0, "clat": 50.061761494582875, "clon": 82.83629602715706}, "geometry": {"type": "Polygon", "coordinates": [[[82.8362301, 50.0617037], [82.8362091, 50.0618064], [82.8363619, 50.0618193], [82.836383, 50.0617166], [82.8362301, 50.0617037]]]}}, {"type": "Feature", "properties": {"osm_id": 981512024, "building": "yes", "housenumber": null, "street": null, "levels": null, "area_m2": 42.9, "clat": 50.0618422, "clon": 82.83488175}, "geometry": {"type": "Polygon", "coordinates": [[[82.8348286, 50.0618668], [82.8349302, 50.0618705], [82.8349349, 50.0618176], [82.8348333, 50.0618139], [82.8348286, 50.0618668]]]}}, {"type": "Feature", "properties": {"osm_id": 981512025, "building": "yes", "housenumber": null, "street": null, "levels": null, "area_m2": 237.0, "clat": 50.061650194437824, "clon": 82.83519242096573}, "geometry": {"type": "Polygon", "coordinates": [[[82.8351049, 50.0615694], [82.835094, 50.0617345], [82.8351824, 50.0617369], [82.8351835, 50.0617202], [82.8352856, 50.0617229], [82.8352953, 50.0615745], [82.8351049, 50.0615694]]]}}, {"type": "Feature", "properties": {"osm_id": 981512026, "building": "yes", "housenumber": null, "street": null, "levels": null, "area_m2": 88.2, "clat": 50.06210455, "clon": 82.83378330000001}, "geometry": {"type": "Polygon", "coordinates": [[[82.8337021, 50.0620679], [82.8336942, 50.0621326], [82.8338645, 50.0621412], [82.8338724, 50.0620765], [82.8337021, 50.0620679]]]}}, {"type": "Feature", "properties": {"osm_id": 981512027, "building": "yes", "housenumber": null, "street": null, "levels": null, "area_m2": 85.7, "clat": 50.062002718861514, "clon": 82.83376374563348}, "geometry": {"type": "Polygon", "coordinates": [[[82.8336512, 50.0620145], [82.8338617, 50.0620403], [82.8338764, 50.061991], [82.8336658, 50.0619651], [82.8336512, 50.0620145]]]}}, {"type": "Feature", "properties": {"osm_id": 981512028, "building": "yes", "housenumber": null, "street": null, "levels": null, "area_m2": 370.4, "clat": 50.062315009342946, "clon": 82.83364243759245}, "geometry": {"type": "Polygon", "coordinates": [[[82.8334627, 50.0623472], [82.8335997, 50.0623699], [82.8335887, 50.0623973], [82.833713, 50.0624179], [82.833724, 50.0623904], [82.833786, 50.0624006], [82.8338111, 50.062338], [82.8337756, 50.0623321], [82.8338035, 50.0622626], [82.8335157, 50.0622151], [82.8334627, 50.0623472]]]}}, {"type": "Feature", "properties": {"osm_id": 981512032, "building": "yes", "housenumber": null, "street": null, "levels": null, "area_m2": 104.1, "clat": 50.06197546821389, "clon": 82.83292815573054}, "geometry": {"type": "Polygon", "coordinates": [[[82.8328042, 50.0619331], [82.832788, 50.0619804], [82.8330522, 50.0620178], [82.8330684, 50.0619706], [82.8328042, 50.0619331]]]}}, {"type": "Feature", "properties": {"osm_id": 981512033, "building": "yes", "housenumber": null, "street": null, "levels": null, "area_m2": 54.9, "clat": 50.06189471983456, "clon": 82.83289195675351}, "geometry": {"type": "Polygon", "coordinates": [[[82.832823, 50.0619168], [82.8329524, 50.0619254], [82.832961, 50.0618727], [82.8328315, 50.061864], [82.832823, 50.0619168]]]}}, {"type": "Feature", "properties": {"osm_id": 981512034, "building": "yes", "housenumber": null, "street": null, "levels": null, "area_m2": 172.9, "clat": 50.061761115866304, "clon": 82.832913104978}, "geometry": {"type": "Polygon", "coordinates": [[[82.8328217, 50.0618225], [82.8330111, 50.0618349], [82.8330189, 50.0617859], [82.832943, 50.0617809], [82.8329519, 50.0617253], [82.8330078, 50.061729], [82.8330133, 50.0616941], [82.8328438, 50.061683], [82.8328217, 50.0618225]]]}}, {"type": "Feature", "properties": {"osm_id": 981512035, "building": "yes", "housenumber": null, "street": null, "levels": null, "area_m2": 163.4, "clat": 50.06138396935111, "clon": 82.8330566044597}, "geometry": {"type": "Polygon", "coordinates": [[[82.8329565, 50.0613249], [82.8329208, 50.0614248], [82.8329951, 50.0614358], [82.8330075, 50.0614011], [82.8331205, 50.0614177], [82.8331119, 50.0614417], [82.8331647, 50.0614495], [82.8331965, 50.0613602], [82.8329565, 50.0613249]]]}}, {"type": "Feature", "properties": {"osm_id": 981512036, "building": "yes", "housenumber": null, "street": null, "levels": null, "area_m2": 206.1, "clat": 50.06142574220315, "clon": 82.83375098245953}, "geometry": {"type": "Polygon", "coordinates": [[[82.8336345, 50.0614831], [82.8338173, 50.0614891], [82.8338197, 50.0614593], [82.8338709, 50.061461], [82.8338779, 50.0613739], [82.8336438, 50.0613662], [82.8336345, 50.0614831]]]}}, {"type": "Feature", "properties": {"osm_id": 981512037, "building": "yes", "housenumber": null, "street": null, "levels": null, "area_m2": 200.5, "clat": 50.061158345308314, "clon": 82.83362686083353}, "geometry": {"type": "Polygon", "coordinates": [[[82.8335815, 50.0611795], [82.8336678, 50.0611856], [82.8336611, 50.0612248], [82.8337024, 50.0612277], [82.833705, 50.0612124], [82.8337463, 50.0612153], [82.8337638, 50.0611131], [82.8335318, 50.0610967], [82.8335184, 50.0611751], [82.8334584, 50.0611708], [82.8334527, 50.0612043], [82.8335758, 50.061213], [82.8335815, 50.0611795]]]}}, {"type": "Feature", "properties": {"osm_id": 981512038, "building": "yes", "housenumber": null, "street": null, "levels": null, "area_m2": 129.7, "clat": 50.06117475, "clon": 82.83404575}, "geometry": {"type": "Polygon", "coordinates": [[[82.833949, 50.061129], [82.8339371, 50.0612076], [82.8341425, 50.0612205], [82.8341544, 50.0611419], [82.833949, 50.061129]]]}}, {"type": "Feature", "properties": {"osm_id": 981512039, "building": "yes", "housenumber": null, "street": null, "levels": null, "area_m2": 99.1, "clat": 50.06122275, "clon": 82.83451065}, "geometry": {"type": "Polygon", "coordinates": [[[82.8344531, 50.0612939], [82.8345346, 50.0613014], [82.8345682, 50.0611516], [82.8344867, 50.0611441], [82.8344531, 50.0612939]]]}}, {"type": "Feature", "properties": {"osm_id": 981512040, "building": "yes", "housenumber": null, "street": null, "levels": null, "area_m2": 129.8, "clat": 50.0612220229178, "clon": 82.83478377801667}, "geometry": {"type": "Polygon", "coordinates": [[[82.8346865, 50.0611759], [82.8346732, 50.0612535], [82.8348811, 50.0612681], [82.8348944, 50.0611906], [82.8346865, 50.0611759]]]}}, {"type": "Feature", "properties": {"osm_id": 981512041, "building": "yes", "housenumber": null, "street": null, "levels": null, "area_m2": 272.9, "clat": 50.060895, "clon": 82.8352989}, "geometry": {"type": "Polygon", "coordinates": [[[82.8351867, 50.0609736], [82.8353896, 50.0609843], [82.8354111, 50.0608164], [82.8352082, 50.0608057], [82.8351867, 50.0609736]]]}}, {"type": "Feature", "properties": {"osm_id": 981512042, "building": "yes", "housenumber": null, "street": null, "levels": null, "area_m2": 250.3, "clat": 50.06119448123329, "clon": 82.8352478159541}, "geometry": {"type": "Polygon", "coordinates": [[[82.8351438, 50.061281], [82.8352545, 50.061288], [82.8352591, 50.0612582], [82.8353444, 50.0612637], [82.8353642, 50.0611354], [82.8352789, 50.0611299], [82.8352827, 50.0611055], [82.835172, 50.0610984], [82.8351438, 50.061281]]]}}, {"type": "Feature", "properties": {"osm_id": 981512043, "building": "yes", "housenumber": null, "street": null, "levels": null, "area_m2": 283.3, "clat": 50.06056389647062, "clon": 82.83531439165836}, "geometry": {"type": "Polygon", "coordinates": [[[82.8352062, 50.0606525], [82.835336, 50.0606603], [82.8353396, 50.0606359], [82.8354216, 50.0606409], [82.8354392, 50.0605213], [82.8353572, 50.0605163], [82.8353649, 50.060464], [82.835235, 50.0604562], [82.8352062, 50.0606525]]]}}, {"type": "Feature", "properties": {"osm_id": 981512044, "building": "yes", "housenumber": null, "street": null, "levels": null, "area_m2": 40.1, "clat": 50.06031585, "clon": 82.83550405}, "geometry": {"type": "Polygon", "coordinates": [[[82.8354583, 50.0603438], [82.8355386, 50.0603498], [82.8355498, 50.0602879], [82.8354695, 50.0602819], [82.8354583, 50.0603438]]]}}, {"type": "Feature", "properties": {"osm_id": 981512045, "building": "yes", "housenumber": null, "street": null, "levels": null, "area_m2": 278.4, "clat": 50.06011139071698, "clon": 82.83541111641391}, "geometry": {"type": "Polygon", "coordinates": [[[82.8353088, 50.0602117], [82.8354216, 50.0602199], [82.8354251, 50.0602], [82.8354859, 50.0602044], [82.8355174, 50.0600276], [82.8354566, 50.0600231], [82.8354591, 50.060009], [82.8353463, 50.0600007], [82.8353088, 50.0602117]]]}}, {"type": "Feature", "properties": {"osm_id": 981512046, "building": "yes", "housenumber": null, "street": null, "levels": null, "area_m2": 287.9, "clat": 50.060092040468604, "clon": 82.83518353891976}, "geometry": {"type": "Polygon", "coordinates": [[[82.835109, 50.0602589], [82.8351535, 50.0602606], [82.8351561, 50.0602305], [82.8352316, 50.0602333], [82.8352579, 50.0599367], [82.8351739, 50.0599336], [82.8351718, 50.0599573], [82.8351358, 50.059956], [82.835109, 50.0602589]]]}}, {"type": "Feature", "properties": {"osm_id": 981512047, "building": "yes", "housenumber": null, "street": null, "levels": null, "area_m2": 33.3, "clat": 50.059695725127526, "clon": 82.83562736675654}, "geometry": {"type": "Polygon", "coordinates": [[[82.8355817, 50.0596727], [82.8355812, 50.0597183], [82.835673, 50.0597188], [82.8356735, 50.0596731], [82.8355817, 50.0596727]]]}}, {"type": "Feature", "properties": {"osm_id": 981512048, "building": "yes", "housenumber": null, "street": null, "levels": null, "area_m2": 27.4, "clat": 50.059676550000006, "clon": 82.83545155}, "geometry": {"type": "Polygon", "coordinates": [[[82.8353926, 50.0596589], [82.8353885, 50.0596869], [82.8355105, 50.0596942], [82.8355146, 50.0596662], [82.8353926, 50.0596589]]]}}, {"type": "Feature", "properties": {"osm_id": 981512049, "building": "yes", "housenumber": null, "street": null, "levels": null, "area_m2": 85.3, "clat": 50.05959638742227, "clon": 82.83524900657945}, "geometry": {"type": "Polygon", "coordinates": [[[82.8351545, 50.0596253], [82.8352664, 50.0596292], [82.8352673, 50.059618], [82.8353486, 50.0596208], [82.8353526, 50.0595719], [82.8351595, 50.0595653], [82.8351545, 50.0596253]]]}}, {"type": "Feature", "properties": {"osm_id": 981512050, "building": "yes", "housenumber": null, "street": null, "levels": null, "area_m2": 98.2, "clat": 50.05964645285415, "clon": 82.83504397372222}, "geometry": {"type": "Polygon", "coordinates": [[[82.8349534, 50.0596098], [82.8349468, 50.0596753], [82.8351346, 50.0596831], [82.8351411, 50.0596176], [82.8349534, 50.0596098]]]}}, {"type": "Feature", "properties": {"osm_id": 981512051, "building": "yes", "housenumber": null, "street": null, "levels": null, "area_m2": 310.8, "clat": 50.059811164421646, "clon": 82.8350398729586}, "geometry": {"type": "Polygon", "coordinates": [[[82.8347924, 50.0597683], [82.8347856, 50.0598374], [82.8351433, 50.059852], [82.8351396, 50.0598898], [82.835203, 50.0598923], [82.8352048, 50.0598738], [82.8352477, 50.0598756], [82.8352565, 50.0597872], [82.8351016, 50.0597809], [82.8351079, 50.0597179], [82.8350507, 50.0597155], [82.8350444, 50.0597785], [82.8347924, 50.0597683]]]}}, {"type": "Feature", "properties": {"osm_id": 981512052, "building": "yes", "housenumber": null, "street": null, "levels": null, "area_m2": 272.3, "clat": 50.0598114, "clon": 82.8354755}, "geometry": {"type": "Polygon", "coordinates": [[[82.8353611, 50.0598922], [82.835547, 50.0599105], [82.8355899, 50.0597306], [82.835404, 50.0597123], [82.8353611, 50.0598922]]]}}, {"type": "Feature", "properties": {"osm_id": 981512053, "building": "yes", "housenumber": null, "street": null, "levels": null, "area_m2": 101.6, "clat": 50.059307744644585, "clon": 82.83529020099934}, "geometry": {"type": "Polygon", "coordinates": [[[82.8351311, 50.0592715], [82.8351248, 50.0592973], [82.8351542, 50.0593003], [82.8351506, 50.059315], [82.835439, 50.0593439], [82.8354489, 50.0593033], [82.8351311, 50.0592715]]]}}, {"type": "Feature", "properties": {"osm_id": 981512054, "building": "yes", "housenumber": null, "street": null, "levels": null, "area_m2": 52.2, "clat": 50.059312170987965, "clon": 82.83555529920909}, "geometry": {"type": "Polygon", "coordinates": [[[82.8354844, 50.0592865], [82.8354794, 50.059331], [82.8356262, 50.0593378], [82.8356313, 50.0592934], [82.8354844, 50.0592865]]]}}, {"type": "Feature", "properties": {"osm_id": 981512055, "building": "yes", "housenumber": null, "street": null, "levels": null, "area_m2": 248.6, "clat": 50.05948764787605, "clon": 82.83553611410736}, "geometry": {"type": "Polygon", "coordinates": [[[82.8354375, 50.0595763], [82.835562, 50.0595853], [82.8355653, 50.0595667], [82.8356139, 50.0595702], [82.8356393, 50.0594251], [82.8355907, 50.0594216], [82.8355955, 50.0593941], [82.835471, 50.0593851], [82.8354375, 50.0595763]]]}}, {"type": "Feature", "properties": {"osm_id": 981512056, "building": "yes", "housenumber": null, "street": null, "levels": null, "area_m2": 85.7, "clat": 50.05898035360247, "clon": 82.83564547446782}, "geometry": {"type": "Polygon", "coordinates": [[[82.8355683, 50.0589447], [82.8355651, 50.059013], [82.8357227, 50.059016], [82.8357258, 50.0589477], [82.8355683, 50.0589447]]]}}, {"type": "Feature", "properties": {"osm_id": 981512057, "building": "yes", "housenumber": null, "street": null, "levels": null, "area_m2": 36.3, "clat": 50.0589486, "clon": 82.83541}, "geometry": {"type": "Polygon", "coordinates": [[[82.8353664, 50.0589783], [82.83543, 50.0589873], [82.8354536, 50.0589189], [82.83539, 50.0589099], [82.8353664, 50.0589783]]]}}, {"type": "Feature", "properties": {"osm_id": 981512058, "building": "yes", "housenumber": null, "street": null, "levels": null, "area_m2": 87.8, "clat": 50.05884158812434, "clon": 82.83548280217408}, "geometry": {"type": "Polygon", "coordinates": [[[82.8354026, 50.0588789], [82.8354703, 50.0588885], [82.8354758, 50.0588726], [82.8355434, 50.0588822], [82.8355675, 50.0588124], [82.8354321, 50.0587932], [82.8354026, 50.0588789]]]}}, {"type": "Feature", "properties": {"osm_id": 981512059, "building": "yes", "housenumber": null, "street": null, "levels": null, "area_m2": 44.6, "clat": 50.05829345, "clon": 82.83567155}, "geometry": {"type": "Polygon", "coordinates": [[[82.8356333, 50.0583304], [82.8357085, 50.058331], [82.8357098, 50.0582565], [82.8356346, 50.0582559], [82.8356333, 50.0583304]]]}}, {"type": "Feature", "properties": {"osm_id": 981512060, "building": "yes", "housenumber": null, "street": null, "levels": null, "area_m2": 90.7, "clat": 50.058215605396704, "clon": 82.83585782391923}, "geometry": {"type": "Polygon", "coordinates": [[[82.8357875, 50.0582559], [82.8359194, 50.0582614], [82.8359281, 50.0581753], [82.8357963, 50.0581698], [82.8357875, 50.0582559]]]}}, {"type": "Feature", "properties": {"osm_id": 981512064, "building": "yes", "housenumber": null, "street": null, "levels": null, "area_m2": 153.0, "clat": 50.06357715967078, "clon": 82.83360792480164}, "geometry": {"type": "Polygon", "coordinates": [[[82.8334777, 50.0635813], [82.833674, 50.0636511], [82.8337447, 50.0635691], [82.8336799, 50.063546], [82.8336586, 50.0635707], [82.8335915, 50.0635468], [82.8336165, 50.0635178], [82.8335523, 50.0634949], [82.8334777, 50.0635813]]]}}, {"type": "Feature", "properties": {"osm_id": 981512065, "building": "yes", "housenumber": null, "street": null, "levels": null, "area_m2": 171.9, "clat": 50.06376416430181, "clon": 82.83416606079352}, "geometry": {"type": "Polygon", "coordinates": [[[82.8340253, 50.0637716], [82.8342386, 50.0638405], [82.8343148, 50.0637432], [82.8342544, 50.0637237], [82.8342277, 50.0637579], [82.8341251, 50.0637248], [82.8341519, 50.0636906], [82.8341015, 50.0636744], [82.8340253, 50.0637716]]]}}, {"type": "Feature", "properties": {"osm_id": 981512066, "building": "yes", "housenumber": null, "street": null, "levels": null, "area_m2": 122.3, "clat": 50.06400275, "clon": 82.8348304}, "geometry": {"type": "Polygon", "coordinates": [[[82.8347562, 50.0639386], [82.8347061, 50.0639989], [82.8349046, 50.0640669], [82.8349547, 50.0640066], [82.8347562, 50.0639386]]]}}, {"type": "Feature", "properties": {"osm_id": 981512068, "building": "yes", "housenumber": null, "street": null, "levels": null, "area_m2": 143.1, "clat": 50.05774495, "clon": 82.83560130000001}, "geometry": {"type": "Polygon", "coordinates": [[[82.8355166, 50.0576855], [82.8354803, 50.0577662], [82.835686, 50.0578044], [82.8357223, 50.0577237], [82.8355166, 50.0576855]]]}}, {"type": "Feature", "properties": {"osm_id": 981512069, "building": "yes", "housenumber": null, "street": null, "levels": null, "area_m2": 78.9, "clat": 50.057683673587796, "clon": 82.8358355574145}, "geometry": {"type": "Polygon", "coordinates": [[[82.8357942, 50.057738], [82.8358889, 50.0577335], [82.8358769, 50.0576293], [82.8357822, 50.0576339], [82.8357942, 50.057738]]]}}, {"type": "Feature", "properties": {"osm_id": 981512070, "building": "yes", "housenumber": null, "street": null, "levels": null, "area_m2": 49.2, "clat": 50.05729468317971, "clon": 82.83568923344474}, "geometry": {"type": "Polygon", "coordinates": [[[82.8356574, 50.0573385], [82.8357304, 50.0573352], [82.835721, 50.0572508], [82.8356481, 50.0572542], [82.8356574, 50.0573385]]]}}, {"type": "Feature", "properties": {"osm_id": 981512071, "building": "yes", "housenumber": null, "street": null, "levels": null, "area_m2": 122.1, "clat": 50.05704045007944, "clon": 82.83538167463942}, "geometry": {"type": "Polygon", "coordinates": [[[82.8352886, 50.0570742], [82.8354343, 50.0571103], [82.8354669, 50.057056], [82.8354203, 50.0570445], [82.8354534, 50.0569894], [82.8353544, 50.0569649], [82.8352886, 50.0570742]]]}}, {"type": "Feature", "properties": {"osm_id": 981512072, "building": "yes", "housenumber": null, "street": null, "levels": null, "area_m2": 60.0, "clat": 50.05681724152487, "clon": 82.83541897301623}, "geometry": {"type": "Polygon", "coordinates": [[[82.8353839, 50.0568641], [82.8354688, 50.0568582], [82.8354541, 50.0567704], [82.8353691, 50.0567763], [82.8353839, 50.0568641]]]}}, {"type": "Feature", "properties": {"osm_id": 981512073, "building": "yes", "housenumber": null, "street": null, "levels": null, "area_m2": 93.7, "clat": 50.05670715, "clon": 82.83556365}, "geometry": {"type": "Polygon", "coordinates": [[[82.8354791, 50.0566738], [82.8354846, 50.0567456], [82.8356482, 50.0567405], [82.8356427, 50.0566687], [82.8354791, 50.0566738]]]}}, {"type": "Feature", "properties": {"osm_id": 981512074, "building": "yes", "housenumber": null, "street": null, "levels": null, "area_m2": 87.6, "clat": 50.06669891836117, "clon": 82.82785339572577}, "geometry": {"type": "Polygon", "coordinates": [[[82.8277718, 50.0667313], [82.8278707, 50.0667595], [82.827935, 50.0666666], [82.8278361, 50.0666383], [82.8277718, 50.0667313]]]}}, {"type": "Feature", "properties": {"osm_id": 981512075, "building": "yes", "housenumber": null, "street": null, "levels": null, "area_m2": 145.0, "clat": 50.066790546253856, "clon": 82.82736408065905}, "geometry": {"type": "Polygon", "coordinates": [[[82.8272541, 50.06682], [82.8274137, 50.0668601], [82.8274741, 50.0667611], [82.8273144, 50.066721], [82.8272541, 50.06682]]]}}, {"type": "Feature", "properties": {"osm_id": 981512076, "building": "yes", "housenumber": null, "street": null, "levels": null, "area_m2": 100.0, "clat": 50.06528875, "clon": 82.82165815}, "geometry": {"type": "Polygon", "coordinates": [[[82.8215383, 50.0652214], [82.8215071, 50.0652563], [82.821778, 50.0653561], [82.8218092, 50.0653212], [82.8215383, 50.0652214]]]}}, {"type": "Feature", "properties": {"osm_id": 981512078, "building": "yes", "housenumber": null, "street": null, "levels": null, "area_m2": 34.5, "clat": 50.06235669989012, "clon": 82.82449736659002}, "geometry": {"type": "Polygon", "coordinates": [[[82.8245223, 50.0623924], [82.8245583, 50.0623571], [82.8244725, 50.062321], [82.8244364, 50.0623563], [82.8245223, 50.0623924]]]}}, {"type": "Feature", "properties": {"osm_id": 981512079, "building": "yes", "housenumber": null, "street": null, "levels": null, "area_m2": 352.7, "clat": 50.0625856642077, "clon": 82.82429317554491}, "geometry": {"type": "Polygon", "coordinates": [[[82.8240998, 50.0627222], [82.8242063, 50.0627618], [82.8244669, 50.0624733], [82.8244448, 50.0624651], [82.8244711, 50.0624359], [82.8243868, 50.0624045], [82.8240998, 50.0627222]]]}}, {"type": "Feature", "properties": {"osm_id": 981512080, "building": "yes", "housenumber": null, "street": null, "levels": null, "area_m2": 38.2, "clat": 50.06211476651529, "clon": 82.82391329413807}, "geometry": {"type": "Polygon", "coordinates": [[[82.8238477, 50.0621169], [82.8239349, 50.0621514], [82.823976, 50.0621085], [82.8239079, 50.0620816], [82.8238952, 50.0620948], [82.8238761, 50.0620873], [82.8238477, 50.0621169]]]}}, {"type": "Feature", "properties": {"osm_id": 981512081, "building": "yes", "housenumber": null, "street": null, "levels": null, "area_m2": 131.6, "clat": 50.06232500764679, "clon": 82.82397591809249}, "geometry": {"type": "Polygon", "coordinates": [[[82.8238705, 50.0623477], [82.8240134, 50.062398], [82.8240622, 50.0623408], [82.8240326, 50.0623304], [82.8240669, 50.0622903], [82.8239536, 50.0622504], [82.8238705, 50.0623477]]]}}, {"type": "Feature", "properties": {"osm_id": 981512094, "building": "yes", "housenumber": null, "street": null, "levels": null, "area_m2": 121.6, "clat": 50.06224187534964, "clon": 82.82364737650727}, "geometry": {"type": "Polygon", "coordinates": [[[82.823495, 50.0622177], [82.8237283, 50.0623072], [82.8237809, 50.0622507], [82.8236377, 50.0621957], [82.8236178, 50.0622171], [82.8235277, 50.0621825], [82.823495, 50.0622177]]]}}, {"type": "Feature", "properties": {"osm_id": 981512095, "building": "yes", "housenumber": null, "street": null, "levels": null, "area_m2": 157.0, "clat": 50.06208375, "clon": 82.8235396}, "geometry": {"type": "Polygon", "coordinates": [[[82.8234963, 50.0620085], [82.8234166, 50.0620979], [82.8235829, 50.062159], [82.8236626, 50.0620696], [82.8234963, 50.0620085]]]}}, {"type": "Feature", "properties": {"osm_id": 981512096, "building": "yes", "housenumber": null, "street": null, "levels": null, "area_m2": 120.9, "clat": 50.061920599484296, "clon": 82.82308713304401}, "geometry": {"type": "Polygon", "coordinates": [[[82.8231248, 50.0619878], [82.8231983, 50.0619171], [82.8230494, 50.0618534], [82.822976, 50.0619241], [82.8231248, 50.0619878]]]}}, {"type": "Feature", "properties": {"osm_id": 981512097, "building": "yes", "housenumber": null, "street": null, "levels": null, "area_m2": 95.2, "clat": 50.0621141, "clon": 82.8228214}, "geometry": {"type": "Polygon", "coordinates": [[[82.8227305, 50.0621505], [82.8228144, 50.0621827], [82.8229123, 50.0620777], [82.8228284, 50.0620455], [82.8227305, 50.0621505]]]}}, {"type": "Feature", "properties": {"osm_id": 981512098, "building": "yes", "housenumber": null, "street": null, "levels": null, "area_m2": 130.9, "clat": 50.06179798517977, "clon": 82.82275776949383}, "geometry": {"type": "Polygon", "coordinates": [[[82.8226531, 50.0618241], [82.8227894, 50.0618736], [82.8228245, 50.0618339], [82.8228021, 50.0618257], [82.8228566, 50.061764], [82.8227427, 50.0617225], [82.8226531, 50.0618241]]]}}, {"type": "Feature", "properties": {"osm_id": 981512099, "building": "yes", "housenumber": null, "street": null, "levels": null, "area_m2": 117.9, "clat": 50.061886440007164, "clon": 82.82243458886529}, "geometry": {"type": "Polygon", "coordinates": [[[82.8223363, 50.0619344], [82.8224408, 50.0619724], [82.8224912, 50.0619153], [82.8224406, 50.0618969], [82.822484, 50.0618478], [82.822501, 50.061854], [82.8225333, 50.0618173], [82.8224623, 50.0617915], [82.8223363, 50.0619344]]]}}, {"type": "Feature", "properties": {"osm_id": 981512100, "building": "yes", "housenumber": null, "street": null, "levels": null, "area_m2": 181.6, "clat": 50.06177116090191, "clon": 82.82183059888537}, "geometry": {"type": "Polygon", "coordinates": [[[82.8217944, 50.0616856], [82.821733, 50.0617523], [82.8217642, 50.0617641], [82.8217176, 50.0618147], [82.8218308, 50.0618577], [82.8218775, 50.0618072], [82.8219006, 50.061816], [82.8219621, 50.0617493], [82.8217944, 50.0616856]]]}}, {"type": "Feature", "properties": {"osm_id": 981512101, "building": "yes", "housenumber": null, "street": null, "levels": null, "area_m2": 111.8, "clat": 50.06154871585414, "clon": 82.82216300899073}, "geometry": {"type": "Polygon", "coordinates": [[[82.8220546, 50.0616193], [82.8221172, 50.0616434], [82.8222714, 50.0614781], [82.8222089, 50.061454], [82.8220546, 50.0616193]]]}}, {"type": "Feature", "properties": {"osm_id": 981512102, "building": "yes", "housenumber": null, "street": null, "levels": null, "area_m2": 149.2, "clat": 50.06148865, "clon": 82.82200524999999}, "geometry": {"type": "Polygon", "coordinates": [[[82.8218883, 50.0615091], [82.8220243, 50.0615655], [82.8221222, 50.0614682], [82.8219862, 50.0614118], [82.8218883, 50.0615091]]]}}, {"type": "Feature", "properties": {"osm_id": 981512103, "building": "yes", "housenumber": null, "street": null, "levels": null, "area_m2": 80.6, "clat": 50.06104933851403, "clon": 82.82105148987007}, "geometry": {"type": "Polygon", "coordinates": [[[82.8209596, 50.0610963], [82.821018, 50.0611216], [82.8211434, 50.0610023], [82.821085, 50.0609771], [82.8209596, 50.0610963]]]}}, {"type": "Feature", "properties": {"osm_id": 981512104, "building": "yes", "housenumber": null, "street": null, "levels": null, "area_m2": 146.1, "clat": 50.0610357, "clon": 82.82087095}, "geometry": {"type": "Polygon", "coordinates": [[[82.8207544, 50.0610532], [82.8208936, 50.0611111], [82.8209875, 50.0610182], [82.8208483, 50.0609603], [82.8207544, 50.0610532]]]}}, {"type": "Feature", "properties": {"osm_id": 981512105, "building": "yes", "housenumber": null, "street": null, "levels": null, "area_m2": 108.4, "clat": 50.06089993252207, "clon": 82.82059515484572}, "geometry": {"type": "Polygon", "coordinates": [[[82.820615, 50.0609649], [82.8206949, 50.0608832], [82.8205753, 50.060835], [82.8204954, 50.0609166], [82.820615, 50.0609649]]]}}, {"type": "Feature", "properties": {"osm_id": 981512106, "building": "yes", "housenumber": null, "street": null, "levels": null, "area_m2": 46.4, "clat": 50.06073895, "clon": 82.82040190000001}, "geometry": {"type": "Polygon", "coordinates": [[[82.820334, 50.0607648], [82.8203847, 50.0607884], [82.8204698, 50.0607131], [82.8204191, 50.0606895], [82.820334, 50.0607648]]]}}, {"type": "Feature", "properties": {"osm_id": 981512107, "building": "yes", "housenumber": null, "street": null, "levels": null, "area_m2": 169.6, "clat": 50.060755097780834, "clon": 82.8201783326383}, "geometry": {"type": "Polygon", "coordinates": [[[82.8200524, 50.0607726], [82.8202037, 50.0608362], [82.8203043, 50.0607376], [82.8201529, 50.060674], [82.8200524, 50.0607726]]]}}, {"type": "Feature", "properties": {"osm_id": 981512108, "building": "yes", "housenumber": null, "street": null, "levels": null, "area_m2": 149.3, "clat": 50.06059814648053, "clon": 82.81978978265295}, "geometry": {"type": "Polygon", "coordinates": [[[82.8196742, 50.0606236], [82.8198048, 50.060676], [82.8199054, 50.0605727], [82.8197747, 50.0605203], [82.8196742, 50.0606236]]]}}, {"type": "Feature", "properties": {"osm_id": 981512109, "building": "yes", "housenumber": null, "street": null, "levels": null, "area_m2": 187.7, "clat": 50.06043982516641, "clon": 82.81936897493277}, "geometry": {"type": "Polygon", "coordinates": [[[82.8192504, 50.0604588], [82.8193107, 50.0604826], [82.8192883, 50.060506], [82.8193671, 50.0605371], [82.8194948, 50.060404], [82.8193557, 50.060349], [82.8192504, 50.0604588]]]}}, {"type": "Feature", "properties": {"osm_id": 981512110, "building": "yes", "housenumber": null, "street": null, "levels": null, "area_m2": 138.1, "clat": 50.0603031, "clon": 82.819048}, "geometry": {"type": "Polygon", "coordinates": [[[82.8189339, 50.0603176], [82.8190729, 50.060376], [82.8191621, 50.0602886], [82.8190231, 50.0602302], [82.8189339, 50.0603176]]]}}, {"type": "Feature", "properties": {"osm_id": 981512111, "building": "yes", "housenumber": null, "street": null, "levels": null, "area_m2": 64.8, "clat": 50.06385387080468, "clon": 82.82622150869628}, "geometry": {"type": "Polygon", "coordinates": [[[82.8261441, 50.0638669], [82.8262518, 50.0639014], [82.8262989, 50.0638409], [82.8261913, 50.0638063], [82.8261441, 50.0638669]]]}}, {"type": "Feature", "properties": {"osm_id": 981512112, "building": "yes", "housenumber": null, "street": null, "levels": null, "area_m2": 25.1, "clat": 50.06403201576081, "clon": 82.82608565237129}, "geometry": {"type": "Polygon", "coordinates": [[[82.8260384, 50.0640501], [82.8260809, 50.0640672], [82.8261329, 50.064014], [82.8260904, 50.0639968], [82.8260384, 50.0640501]]]}}, {"type": "Feature", "properties": {"osm_id": 981512113, "building": "yes", "housenumber": null, "street": null, "levels": null, "area_m2": 19.9, "clat": 50.0641485, "clon": 82.82574165}, "geometry": {"type": "Polygon", "coordinates": [[[82.8257212, 50.0641216], [82.825695, 50.0641484], [82.8257621, 50.0641754], [82.8257883, 50.0641486], [82.8257212, 50.0641216]]]}}, {"type": "Feature", "properties": {"osm_id": 981512114, "building": "yes", "housenumber": null, "street": null, "levels": null, "area_m2": 75.0, "clat": 50.064191032514216, "clon": 82.82589585650271}, "geometry": {"type": "Polygon", "coordinates": [[[82.8259177, 50.0642443], [82.82598, 50.0641804], [82.825874, 50.0641378], [82.8258117, 50.0642016], [82.8259177, 50.0642443]]]}}, {"type": "Feature", "properties": {"osm_id": 981512115, "building": "yes", "housenumber": null, "street": null, "levels": null, "area_m2": 36.7, "clat": 50.06367695, "clon": 82.82501015000001}, "geometry": {"type": "Polygon", "coordinates": [[[82.8249729, 50.0636408], [82.8249428, 50.0636735], [82.8250474, 50.0637131], [82.8250775, 50.0636804], [82.8249729, 50.0636408]]]}}, {"type": "Feature", "properties": {"osm_id": 981512116, "building": "yes", "housenumber": null, "street": null, "levels": null, "area_m2": 177.9, "clat": 50.06359881215969, "clon": 82.82463992554699}, "geometry": {"type": "Polygon", "coordinates": [[[82.8245746, 50.0635211], [82.8244989, 50.0636042], [82.8246638, 50.0636661], [82.8246835, 50.0636445], [82.8247318, 50.0636626], [82.8247878, 50.0636012], [82.8245746, 50.0635211]]]}}, {"type": "Feature", "properties": {"osm_id": 981512117, "building": "yes", "housenumber": null, "street": null, "levels": null, "area_m2": 227.5, "clat": 50.06334640234442, "clon": 82.82470839996914}, "geometry": {"type": "Polygon", "coordinates": [[[82.8245544, 50.0634341], [82.8246492, 50.063473], [82.8248624, 50.0632586], [82.8247677, 50.0632198], [82.8245544, 50.0634341]]]}}, {"type": "Feature", "properties": {"osm_id": 981512118, "building": "yes", "housenumber": null, "street": null, "levels": null, "area_m2": 93.3, "clat": 50.06315771534051, "clon": 82.82422325351176}, "geometry": {"type": "Polygon", "coordinates": [[[82.8241307, 50.0631927], [82.8242099, 50.0632261], [82.8243158, 50.0631228], [82.8242366, 50.0630893], [82.8241307, 50.0631927]]]}}, {"type": "Feature", "properties": {"osm_id": 981512119, "building": "yes", "housenumber": null, "street": null, "levels": null, "area_m2": 130.4, "clat": 50.06339436034964, "clon": 82.8240667999473}, "geometry": {"type": "Polygon", "coordinates": [[[82.8240083, 50.0633059], [82.8239382, 50.0633864], [82.8241615, 50.0634665], [82.8242058, 50.0634156], [82.8240206, 50.0633492], [82.8240465, 50.0633195], [82.8240083, 50.0633059]]]}}, {"type": "Feature", "properties": {"osm_id": 981512120, "building": "yes", "housenumber": null, "street": null, "levels": null, "area_m2": 70.7, "clat": 50.06313855, "clon": 82.82353945}, "geometry": {"type": "Polygon", "coordinates": [[[82.8234561, 50.063178], [82.8235155, 50.0632032], [82.8236228, 50.0630991], [82.8235634, 50.0630739], [82.8234561, 50.063178]]]}}, {"type": "Feature", "properties": {"osm_id": 981512121, "building": "yes", "housenumber": null, "street": null, "levels": null, "area_m2": 32.9, "clat": 50.06285571419055, "clon": 82.82364293135124}, "geometry": {"type": "Polygon", "coordinates": [[[82.8235875, 50.0628651], [82.8236467, 50.0628924], [82.8236984, 50.0628464], [82.8236391, 50.062819], [82.8235875, 50.0628651]]]}}, {"type": "Feature", "properties": {"osm_id": 981512122, "building": "yes", "housenumber": null, "street": null, "levels": null, "area_m2": 118.2, "clat": 50.063290550000005, "clon": 82.82294645}, "geometry": {"type": "Polygon", "coordinates": [[[82.8228425, 50.0633093], [82.8229619, 50.0633592], [82.8230504, 50.0632718], [82.822931, 50.0632219], [82.8228425, 50.0633093]]]}}, {"type": "Feature", "properties": {"osm_id": 981512123, "building": "yes", "housenumber": null, "street": null, "levels": null, "area_m2": 88.7, "clat": 50.06291289926343, "clon": 82.82278995414691}, "geometry": {"type": "Polygon", "coordinates": [[[82.8226624, 50.0629214], [82.8227953, 50.0629735], [82.8228973, 50.0628664], [82.8228428, 50.062845], [82.8227685, 50.0629231], [82.82269, 50.0628923], [82.8226624, 50.0629214]]]}}, {"type": "Feature", "properties": {"osm_id": 981512124, "building": "yes", "housenumber": null, "street": null, "levels": null, "area_m2": 26.5, "clat": 50.06257255, "clon": 82.8227108}, "geometry": {"type": "Polygon", "coordinates": [[[82.8226621, 50.0625853], [82.8227125, 50.0626063], [82.8227595, 50.0625598], [82.8227091, 50.0625388], [82.8226621, 50.0625853]]]}}, {"type": "Feature", "properties": {"osm_id": 981512125, "building": "yes", "housenumber": null, "street": null, "levels": null, "area_m2": 25.7, "clat": 50.062764665732786, "clon": 82.82239335301362}, "geometry": {"type": "Polygon", "coordinates": [[[82.8223443, 50.0627799], [82.8223874, 50.0627994], [82.8224424, 50.0627495], [82.8223993, 50.0627299], [82.8223443, 50.0627799]]]}}, {"type": "Feature", "properties": {"osm_id": 981512126, "building": "yes", "housenumber": null, "street": null, "levels": null, "area_m2": 160.1, "clat": 50.06276345, "clon": 82.82260074999999}, "geometry": {"type": "Polygon", "coordinates": [[[82.8224757, 50.0627738], [82.8226373, 50.0628409], [82.8227258, 50.0627531], [82.8225642, 50.062686], [82.8224757, 50.0627738]]]}}, {"type": "Feature", "properties": {"osm_id": 981512127, "building": "yes", "housenumber": null, "street": null, "levels": null, "area_m2": 113.7, "clat": 50.062406467885104, "clon": 82.82224243924732}, "geometry": {"type": "Polygon", "coordinates": [[[82.8221297, 50.0624785], [82.8221854, 50.0625002], [82.8222559, 50.0624257], [82.8222944, 50.0624408], [82.8223201, 50.0624136], [82.8222816, 50.0623986], [82.822345, 50.0623315], [82.8222893, 50.0623098], [82.8221297, 50.0624785]]]}}, {"type": "Feature", "properties": {"osm_id": 981512128, "building": "yes", "housenumber": null, "street": null, "levels": null, "area_m2": 59.7, "clat": 50.06254222271373, "clon": 82.8219887096056}, "geometry": {"type": "Polygon", "coordinates": [[[82.8219983, 50.0625956], [82.8220613, 50.0625336], [82.821958, 50.0624903], [82.8219241, 50.0625237], [82.821964, 50.0625404], [82.8219349, 50.0625691], [82.8219983, 50.0625956]]]}}, {"type": "Feature", "properties": {"osm_id": 981512129, "building": "yes", "housenumber": null, "street": null, "levels": null, "area_m2": 82.8, "clat": 50.062590298748454, "clon": 82.82219828275802}, "geometry": {"type": "Polygon", "coordinates": [[[82.8221083, 50.0625973], [82.8222239, 50.0626461], [82.8222883, 50.0625833], [82.8221726, 50.0625345], [82.8221083, 50.0625973]]]}}, {"type": "Feature", "properties": {"osm_id": 981512130, "building": "yes", "housenumber": null, "street": null, "levels": null, "area_m2": 110.5, "clat": 50.0622842, "clon": 82.82153174999999}, "geometry": {"type": "Polygon", "coordinates": [[[82.8215034, 50.0622194], [82.8214273, 50.0622905], [82.8215601, 50.062349], [82.8216362, 50.0622779], [82.8215034, 50.0622194]]]}}, {"type": "Feature", "properties": {"osm_id": 981512131, "building": "yes", "housenumber": null, "street": null, "levels": null, "area_m2": 28.8, "clat": 50.06150105, "clon": 82.82064745}, "geometry": {"type": "Polygon", "coordinates": [[[82.8205955, 50.0614643], [82.8205747, 50.0614844], [82.8206994, 50.0615378], [82.8207202, 50.0615177], [82.8205955, 50.0614643]]]}}, {"type": "Feature", "properties": {"osm_id": 981512132, "building": "yes", "housenumber": null, "street": null, "levels": null, "area_m2": 114.3, "clat": 50.06137251037424, "clon": 82.82014047637702}, "geometry": {"type": "Polygon", "coordinates": [[[82.8200343, 50.0614003], [82.8200871, 50.061424], [82.8200974, 50.0614145], [82.8201493, 50.0614378], [82.8202445, 50.0613504], [82.8201398, 50.0613034], [82.8200343, 50.0614003]]]}}, {"type": "Feature", "properties": {"osm_id": 981512133, "building": "yes", "housenumber": null, "street": null, "levels": null, "area_m2": 93.7, "clat": 50.0619726959688, "clon": 82.82080114353347}, "geometry": {"type": "Polygon", "coordinates": [[[82.8207457, 50.061912], [82.8207068, 50.0619523], [82.8207415, 50.0619661], [82.8207236, 50.0619846], [82.8208445, 50.0620328], [82.8209013, 50.061974], [82.8207457, 50.061912]]]}}, {"type": "Feature", "properties": {"osm_id": 981512134, "building": "yes", "housenumber": null, "street": null, "levels": null, "area_m2": 203.2, "clat": 50.0618121, "clon": 82.82046415}, "geometry": {"type": "Polygon", "coordinates": [[[82.8203233, 50.0618242], [82.820507, 50.0618991], [82.820605, 50.0618], [82.8204213, 50.0617251], [82.8203233, 50.0618242]]]}}, {"type": "Feature", "properties": {"osm_id": 981512135, "building": "yes", "housenumber": null, "street": null, "levels": null, "area_m2": 65.7, "clat": 50.06164506756334, "clon": 82.82009499772842}, "geometry": {"type": "Polygon", "coordinates": [[[82.8200228, 50.0616736], [82.8201028, 50.0616992], [82.8201672, 50.0616166], [82.8200872, 50.0615909], [82.8200228, 50.0616736]]]}}, {"type": "Feature", "properties": {"osm_id": 981512136, "building": "yes", "housenumber": null, "street": null, "levels": null, "area_m2": 165.6, "clat": 50.06156606353127, "clon": 82.8199095732513}, "geometry": {"type": "Polygon", "coordinates": [[[82.8197519, 50.0616503], [82.8198052, 50.0616742], [82.8199087, 50.0615791], [82.819964, 50.0616039], [82.8200536, 50.0615217], [82.8199451, 50.061473], [82.8197519, 50.0616503]]]}}, {"type": "Feature", "properties": {"osm_id": 981512137, "building": "yes", "housenumber": null, "street": null, "levels": null, "area_m2": 50.1, "clat": 50.06091203496255, "clon": 82.81849864646736}, "geometry": {"type": "Polygon", "coordinates": [[[82.8184323, 50.0609426], [82.8184886, 50.0609641], [82.818565, 50.0608814], [82.8185087, 50.06086], [82.8184323, 50.0609426]]]}}, {"type": "Feature", "properties": {"osm_id": 981512138, "building": "yes", "housenumber": null, "street": null, "levels": null, "area_m2": 277.4, "clat": 50.060861916825964, "clon": 82.8182647883545}, "geometry": {"type": "Polygon", "coordinates": [[[82.818093, 50.0608643], [82.8183357, 50.0609624], [82.8184366, 50.0608596], [82.8181939, 50.0607614], [82.818093, 50.0608643]]]}}, {"type": "Feature", "properties": {"osm_id": 981512139, "building": "yes", "housenumber": null, "street": null, "levels": null, "area_m2": 28.4, "clat": 50.06104285, "clon": 82.81864985}, "geometry": {"type": "Polygon", "coordinates": [[[82.8185986, 50.0610511], [82.8186662, 50.0610751], [82.8187011, 50.0610346], [82.8186335, 50.0610106], [82.8185986, 50.0610511]]]}}, {"type": "Feature", "properties": {"osm_id": 981512140, "building": "yes", "housenumber": "4", "street": "Степная", "levels": null, "area_m2": 242.8, "clat": 50.06120585, "clon": 82.81890225000001}, "geometry": {"type": "Polygon", "coordinates": [[[82.8188299, 50.0611102], [82.818737, 50.0611983], [82.8189746, 50.0613015], [82.8190675, 50.0612134], [82.8188299, 50.0611102]]]}}, {"type": "Feature", "properties": {"osm_id": 981512141, "building": "yes", "housenumber": null, "street": null, "levels": null, "area_m2": 320.3, "clat": 50.06091967100229, "clon": 82.81914184193559}, "geometry": {"type": "Polygon", "coordinates": [[[82.818962, 50.0607997], [82.8189048, 50.0608587], [82.8189809, 50.0608891], [82.8189678, 50.0609027], [82.8192813, 50.0610281], [82.8193011, 50.0610077], [82.8193353, 50.0610214], [82.8193858, 50.0609693], [82.818962, 50.0607997]]]}}, {"type": "Feature", "properties": {"osm_id": 981512142, "building": "yes", "housenumber": null, "street": null, "levels": null, "area_m2": 305.4, "clat": 50.06065935, "clon": 82.81853535}, "geometry": {"type": "Polygon", "coordinates": [[[82.8183652, 50.060544], [82.8182991, 50.060612], [82.8187055, 50.0607747], [82.8187716, 50.0607067], [82.8183652, 50.060544]]]}}, {"type": "Feature", "properties": {"osm_id": 981512143, "building": "yes", "housenumber": null, "street": null, "levels": null, "area_m2": 36.3, "clat": 50.060992282805145, "clon": 82.81737636020326}, "geometry": {"type": "Polygon", "coordinates": [[[82.8173534, 50.060956], [82.8173155, 50.0609954], [82.8173993, 50.0610286], [82.8174372, 50.0609891], [82.8173534, 50.060956]]]}}, {"type": "Feature", "properties": {"osm_id": 981512144, "building": "yes", "housenumber": null, "street": null, "levels": null, "area_m2": 96.8, "clat": 50.061145830362314, "clon": 82.81770883754606}, "geometry": {"type": "Polygon", "coordinates": [[[82.8176323, 50.061191], [82.8176939, 50.0612188], [82.8178005, 50.0611215], [82.8177042, 50.061078], [82.8176365, 50.0611398], [82.8176712, 50.0611555], [82.8176323, 50.061191]]]}}, {"type": "Feature", "properties": {"osm_id": 981512145, "building": "yes", "housenumber": null, "street": null, "levels": null, "area_m2": 43.2, "clat": 50.06185255, "clon": 82.81852275}, "geometry": {"type": "Polygon", "coordinates": [[[82.8184582, 50.0618577], [82.8185339, 50.0618937], [82.8185873, 50.0618474], [82.8185116, 50.0618114], [82.8184582, 50.0618577]]]}}, {"type": "Feature", "properties": {"osm_id": 981512146, "building": "yes", "housenumber": null, "street": null, "levels": null, "area_m2": 32.3, "clat": 50.06156976736534, "clon": 82.81888654440554}, "geometry": {"type": "Polygon", "coordinates": [[[82.8188313, 50.0615767], [82.8188989, 50.061605], [82.8189418, 50.0615629], [82.8188742, 50.0615345], [82.8188313, 50.0615767]]]}}, {"type": "Feature", "properties": {"osm_id": 981512147, "building": "yes", "housenumber": null, "street": null, "levels": null, "area_m2": 87.4, "clat": 50.06152428270917, "clon": 82.81873775508564}, "geometry": {"type": "Polygon", "coordinates": [[[82.8186469, 50.0615354], [82.8187562, 50.0615825], [82.8188286, 50.0615131], [82.8187193, 50.0614661], [82.8186469, 50.0615354]]]}}, {"type": "Feature", "properties": {"osm_id": 981512148, "building": "yes", "housenumber": null, "street": null, "levels": null, "area_m2": 41.1, "clat": 50.0621270766186, "clon": 82.81994592903288}, "geometry": {"type": "Polygon", "coordinates": [[[82.8198814, 50.0621621], [82.8199233, 50.0621794], [82.8200105, 50.062092], [82.8199685, 50.0620748], [82.8198814, 50.0621621]]]}}, {"type": "Feature", "properties": {"osm_id": 981512149, "building": "yes", "housenumber": null, "street": null, "levels": null, "area_m2": 111.8, "clat": 50.06197795, "clon": 82.81981975000001}, "geometry": {"type": "Polygon", "coordinates": [[[82.8197922, 50.0619129], [82.8197159, 50.0619879], [82.8198473, 50.062043], [82.8199236, 50.061968], [82.8197922, 50.0619129]]]}}, {"type": "Feature", "properties": {"osm_id": 981512150, "building": "yes", "housenumber": null, "street": null, "levels": null, "area_m2": 49.9, "clat": 50.06246101717648, "clon": 82.82110654194027}, "geometry": {"type": "Polygon", "coordinates": [[[82.821085, 50.0624178], [82.8210362, 50.0624655], [82.8211281, 50.0625042], [82.8211769, 50.0624566], [82.821085, 50.0624178]]]}}, {"type": "Feature", "properties": {"osm_id": 981512151, "building": "yes", "housenumber": null, "street": null, "levels": null, "area_m2": 418.4, "clat": 50.06238179015484, "clon": 82.82071892147516}, "geometry": {"type": "Polygon", "coordinates": [[[82.8206813, 50.0624772], [82.8208031, 50.062531], [82.8209379, 50.0624054], [82.8208161, 50.0623515], [82.8207714, 50.0623932], [82.8206885, 50.0623566], [82.8207675, 50.0622829], [82.8206426, 50.0622277], [82.8205059, 50.0623551], [82.8207138, 50.062447], [82.8206813, 50.0624772]]]}}, {"type": "Feature", "properties": {"osm_id": 981512152, "building": "yes", "housenumber": null, "street": null, "levels": null, "area_m2": 61.5, "clat": 50.063153558075584, "clon": 82.8201766880518}, "geometry": {"type": "Polygon", "coordinates": [[[82.8200892, 50.0631587], [82.8201895, 50.0632009], [82.8202582, 50.0631337], [82.8201987, 50.0631087], [82.8201653, 50.0631414], [82.8201245, 50.0631242], [82.8200892, 50.0631587]]]}}, {"type": "Feature", "properties": {"osm_id": 981512153, "building": "yes", "housenumber": null, "street": null, "levels": null, "area_m2": 23.3, "clat": 50.06342904523794, "clon": 82.81985103399168}, "geometry": {"type": "Polygon", "coordinates": [[[82.8198043, 50.0634419], [82.8198465, 50.0634616], [82.8198978, 50.0634162], [82.8198555, 50.0633965], [82.8198043, 50.0634419]]]}}, {"type": "Feature", "properties": {"osm_id": 981512154, "building": "yes", "housenumber": null, "street": null, "levels": null, "area_m2": 74.0, "clat": 50.06359703957003, "clon": 82.81970109534755}, "geometry": {"type": "Polygon", "coordinates": [[[82.8196078, 50.0636184], [82.8196695, 50.0636459], [82.8197147, 50.063604], [82.8197709, 50.0636291], [82.8198048, 50.0635977], [82.8196869, 50.0635452], [82.8196078, 50.0636184]]]}}, {"type": "Feature", "properties": {"osm_id": 981512155, "building": "yes", "housenumber": null, "street": null, "levels": null, "area_m2": 77.7, "clat": 50.06331298281413, "clon": 82.81960020405877}, "geometry": {"type": "Polygon", "coordinates": [[[82.8195146, 50.0633239], [82.8196141, 50.0633683], [82.8196858, 50.063302], [82.8195863, 50.0632577], [82.8195146, 50.0633239]]]}}, {"type": "Feature", "properties": {"osm_id": 981512156, "building": "yes", "housenumber": null, "street": null, "levels": null, "area_m2": 88.5, "clat": 50.0633173, "clon": 82.81862860000001}, "geometry": {"type": "Polygon", "coordinates": [[[82.8185993, 50.0632594], [82.8185339, 50.0633201], [82.8186579, 50.0633752], [82.8187233, 50.0633145], [82.8185993, 50.0632594]]]}}, {"type": "Feature", "properties": {"osm_id": 981512157, "building": "yes", "housenumber": null, "street": null, "levels": null, "area_m2": 23.4, "clat": 50.063001166613205, "clon": 82.81874052199669}, "geometry": {"type": "Polygon", "coordinates": [[[82.8187206, 50.0629718], [82.8186907, 50.0630017], [82.8187604, 50.0630305], [82.8187904, 50.0630007], [82.8187206, 50.0629718]]]}}, {"type": "Feature", "properties": {"osm_id": 981512158, "building": "yes", "housenumber": null, "street": null, "levels": null, "area_m2": 76.9, "clat": 50.0630508, "clon": 82.81901889999999}, "geometry": {"type": "Polygon", "coordinates": [[[82.8189345, 50.0630751], [82.8190121, 50.06311], [82.8191033, 50.0630265], [82.8190257, 50.0629916], [82.8189345, 50.0630751]]]}}, {"type": "Feature", "properties": {"osm_id": 981512159, "building": "yes", "housenumber": null, "street": null, "levels": null, "area_m2": 35.4, "clat": 50.06285357853387, "clon": 82.81866819970824}, "geometry": {"type": "Polygon", "coordinates": [[[82.8186013, 50.0628913], [82.8186366, 50.0629064], [82.8187383, 50.062808], [82.8187112, 50.0627964], [82.8186624, 50.0628436], [82.8186543, 50.0628401], [82.8186013, 50.0628913]]]}}, {"type": "Feature", "properties": {"osm_id": 981512160, "building": "yes", "housenumber": null, "street": null, "levels": null, "area_m2": 44.8, "clat": 50.0618296, "clon": 82.8172064}, "geometry": {"type": "Polygon", "coordinates": [[[82.8171415, 50.061847], [82.8172002, 50.0618746], [82.8172713, 50.0618122], [82.8172126, 50.0617846], [82.8171415, 50.061847]]]}}, {"type": "Feature", "properties": {"osm_id": 981512161, "building": "yes", "housenumber": null, "street": null, "levels": null, "area_m2": 52.4, "clat": 50.0617763, "clon": 82.81735825}, "geometry": {"type": "Polygon", "coordinates": [[[82.8172736, 50.0617312], [82.8172518, 50.0617585], [82.8174429, 50.0618214], [82.8174647, 50.0617941], [82.8172736, 50.0617312]]]}}, {"type": "Feature", "properties": {"osm_id": 981512162, "building": "yes", "housenumber": null, "street": null, "levels": null, "area_m2": 62.4, "clat": 50.0552636155121, "clon": 82.83170369794026}, "geometry": {"type": "Polygon", "coordinates": [[[82.8317106, 50.0553233], [82.8317739, 50.055303], [82.8316968, 50.0552039], [82.8316335, 50.0552243], [82.8317106, 50.0553233]]]}}, {"type": "Feature", "properties": {"osm_id": 981512163, "building": "yes", "housenumber": null, "street": null, "levels": null, "area_m2": 106.6, "clat": 50.05507035565025, "clon": 82.83155785127529}, "geometry": {"type": "Polygon", "coordinates": [[[82.8315975, 50.055161], [82.8316627, 50.0551372], [82.8315701, 50.0550324], [82.8315579, 50.0550368], [82.8315032, 50.054975], [82.83145, 50.0549943], [82.8315975, 50.055161]]]}}, {"type": "Feature", "properties": {"osm_id": 981512164, "building": "yes", "housenumber": null, "street": null, "levels": null, "area_m2": 74.2, "clat": 50.05486665, "clon": 82.83136635000001}, "geometry": {"type": "Polygon", "coordinates": [[[82.8314041, 50.05495], [82.8314526, 50.0549335], [82.8313286, 50.0547833], [82.8312801, 50.0547998], [82.8314041, 50.05495]]]}}, {"type": "Feature", "properties": {"osm_id": 981512165, "building": "yes", "housenumber": null, "street": null, "levels": null, "area_m2": 62.1, "clat": 50.0526011, "clon": 82.8257607}, "geometry": {"type": "Polygon", "coordinates": [[[82.8257105, 50.0526397], [82.8258136, 50.0526382], [82.8258109, 50.0525625], [82.8257078, 50.052564], [82.8257105, 50.0526397]]]}}, {"type": "Feature", "properties": {"osm_id": 981512166, "building": "yes", "housenumber": null, "street": null, "levels": null, "area_m2": 55.4, "clat": 50.06074644985839, "clon": 82.82326301688832}, "geometry": {"type": "Polygon", "coordinates": [[[82.8232013, 50.0607859], [82.8233501, 50.0607472], [82.8233248, 50.060707], [82.8231759, 50.0607457], [82.8232013, 50.0607859]]]}}, {"type": "Feature", "properties": {"osm_id": 981512167, "building": "yes", "housenumber": null, "street": null, "levels": null, "area_m2": 39.7, "clat": 50.061316783037064, "clon": 82.82465790098144}, "geometry": {"type": "Polygon", "coordinates": [[[82.8246604, 50.0613585], [82.8247167, 50.061299], [82.8246554, 50.0612751], [82.8245991, 50.0613345], [82.8246604, 50.0613585]]]}}, {"type": "Feature", "properties": {"osm_id": 981512168, "building": "yes", "housenumber": null, "street": null, "levels": null, "area_m2": 52.3, "clat": 50.06108145, "clon": 82.82476395}, "geometry": {"type": "Polygon", "coordinates": [[[82.8246993, 50.0611096], [82.8247656, 50.0611316], [82.8248286, 50.0610533], [82.8247623, 50.0610313], [82.8246993, 50.0611096]]]}}, {"type": "Feature", "properties": {"osm_id": 981512169, "building": "yes", "housenumber": null, "street": null, "levels": null, "area_m2": 43.0, "clat": 50.06109079396169, "clon": 82.82489313465463}, "geometry": {"type": "Polygon", "coordinates": [[[82.8248294, 50.0611122], [82.8248831, 50.0611365], [82.8249569, 50.0610694], [82.8249031, 50.0610451], [82.8248294, 50.0611122]]]}}, {"type": "Feature", "properties": {"osm_id": 981512170, "building": "yes", "housenumber": null, "street": null, "levels": null, "area_m2": 71.7, "clat": 50.06094195935644, "clon": 82.8249847953549}, "geometry": {"type": "Polygon", "coordinates": [[[82.8249004, 50.0608763], [82.8248666, 50.0609034], [82.8250691, 50.0610076], [82.825103, 50.0609805], [82.8249004, 50.0608763]]]}}, {"type": "Feature", "properties": {"osm_id": 981512171, "building": "yes", "housenumber": null, "street": null, "levels": null, "area_m2": 56.2, "clat": 50.06074566959149, "clon": 82.8245454165674}, "geometry": {"type": "Polygon", "coordinates": [[[82.8244726, 50.0607584], [82.8245458, 50.0607941], [82.8246182, 50.060733], [82.8245451, 50.0606972], [82.8244726, 50.0607584]]]}}, {"type": "Feature", "properties": {"osm_id": 981512172, "building": "yes", "housenumber": null, "street": null, "levels": null, "area_m2": 203.9, "clat": 50.060629756298866, "clon": 82.82429611998944}, "geometry": {"type": "Polygon", "coordinates": [[[82.8241535, 50.0605182], [82.8241191, 50.0605485], [82.8242151, 50.0605933], [82.824176, 50.0606278], [82.8243898, 50.0607276], [82.8244632, 50.0606628], [82.8241535, 50.0605182]]]}}, {"type": "Feature", "properties": {"osm_id": 981512173, "building": "yes", "housenumber": null, "street": null, "levels": null, "area_m2": 146.4, "clat": 50.06159355, "clon": 82.8257131}, "geometry": {"type": "Polygon", "coordinates": [[[82.8255884, 50.0616503], [82.8256688, 50.0616875], [82.8258378, 50.0615368], [82.8257574, 50.0614996], [82.8255884, 50.0616503]]]}}, {"type": "Feature", "properties": {"osm_id": 981512174, "building": "yes", "housenumber": null, "street": null, "levels": null, "area_m2": 286.4, "clat": 50.06150638361907, "clon": 82.82542176130431}, "geometry": {"type": "Polygon", "coordinates": [[[82.8253524, 50.0614024], [82.8252457, 50.0615019], [82.8254911, 50.0616104], [82.8255978, 50.0615108], [82.8253524, 50.0614024]]]}}, {"type": "Feature", "properties": {"osm_id": 981512175, "building": "yes", "housenumber": null, "street": null, "levels": null, "area_m2": 118.4, "clat": 50.06149255, "clon": 82.82499775}, "geometry": {"type": "Polygon", "coordinates": [[[82.8248924, 50.0615074], [82.8250119, 50.0615612], [82.8251031, 50.0614777], [82.8249836, 50.0614239], [82.8248924, 50.0615074]]]}}, {"type": "Feature", "properties": {"osm_id": 981512176, "building": "yes", "housenumber": null, "street": null, "levels": null, "area_m2": 275.5, "clat": 50.06124404954914, "clon": 82.8250006909231}, "geometry": {"type": "Polygon", "coordinates": [[[82.8249222, 50.0611417], [82.8248212, 50.0612318], [82.8250466, 50.0613359], [82.8250772, 50.0613086], [82.8251172, 50.0613271], [82.8251876, 50.0612643], [82.8249222, 50.0611417]]]}}, {"type": "Feature", "properties": {"osm_id": 981512177, "building": "yes", "housenumber": null, "street": null, "levels": null, "area_m2": 49.4, "clat": 50.06105760486688, "clon": 82.82412096650098}, "geometry": {"type": "Polygon", "coordinates": [[[82.8240542, 50.0610769], [82.8241194, 50.0611046], [82.8241877, 50.0610383], [82.8241226, 50.0610106], [82.8240542, 50.0610769]]]}}, {"type": "Feature", "properties": {"osm_id": 981512178, "building": "yes", "housenumber": null, "street": null, "levels": null, "area_m2": 267.1, "clat": 50.06101567721188, "clon": 82.82454807596304}, "geometry": {"type": "Polygon", "coordinates": [[[82.8244673, 50.0609073], [82.8244029, 50.0609604], [82.8244514, 50.0609846], [82.824402, 50.0610253], [82.8245745, 50.0611116], [82.8246239, 50.061071], [82.8246644, 50.0610912], [82.8247288, 50.0610382], [82.8244673, 50.0609073]]]}}, {"type": "Feature", "properties": {"osm_id": 981512179, "building": "yes", "housenumber": null, "street": null, "levels": null, "area_m2": 236.8, "clat": 50.060809839321216, "clon": 82.82408928339711}, "geometry": {"type": "Polygon", "coordinates": [[[82.8240059, 50.060711], [82.8239552, 50.0607583], [82.8239922, 50.0607747], [82.8239452, 50.0608184], [82.8241311, 50.0609007], [82.8241781, 50.0608569], [82.82421, 50.0608711], [82.8242607, 50.0608238], [82.8240059, 50.060711]]]}}, {"type": "Feature", "properties": {"osm_id": 981512180, "building": "yes", "housenumber": null, "street": null, "levels": null, "area_m2": 54.3, "clat": 50.06057881822751, "clon": 82.82386641581314}, "geometry": {"type": "Polygon", "coordinates": [[[82.823794, 50.0605853], [82.8238691, 50.0606257], [82.8239388, 50.0605724], [82.8238638, 50.0605319], [82.823794, 50.0605853]]]}}, {"type": "Feature", "properties": {"osm_id": 981512181, "building": "yes", "housenumber": null, "street": null, "levels": null, "area_m2": 8.4, "clat": 50.06083021696839, "clon": 82.82288328949296}, "geometry": {"type": "Polygon", "coordinates": [[[82.822872, 50.0608126], [82.8228537, 50.0608311], [82.8228946, 50.0608478], [82.8229129, 50.0608294], [82.822872, 50.0608126]]]}}, {"type": "Feature", "properties": {"osm_id": 981512182, "building": "yes", "housenumber": null, "street": null, "levels": null, "area_m2": 91.1, "clat": 50.06103140102896, "clon": 82.82313458391481}, "geometry": {"type": "Polygon", "coordinates": [[[82.8231007, 50.0609715], [82.8230357, 50.0610255], [82.8231684, 50.0610913], [82.8232335, 50.0610373], [82.8231007, 50.0609715]]]}}, {"type": "Feature", "properties": {"osm_id": 981512183, "building": "yes", "housenumber": null, "street": null, "levels": null, "area_m2": 214.6, "clat": 50.06037915002102, "clon": 82.82304566669038}, "geometry": {"type": "Polygon", "coordinates": [[[82.8228874, 50.0603718], [82.8231047, 50.0604717], [82.8231639, 50.0604186], [82.8231351, 50.0604054], [82.8231814, 50.0603639], [82.8230295, 50.0602941], [82.8229833, 50.0603356], [82.8229466, 50.0603187], [82.8228874, 50.0603718]]]}}, {"type": "Feature", "properties": {"osm_id": 981512184, "building": "yes", "housenumber": null, "street": null, "levels": null, "area_m2": 228.2, "clat": 50.06017606087176, "clon": 82.82258410174926}, "geometry": {"type": "Polygon", "coordinates": [[[82.8225146, 50.0600799], [82.822445, 50.0601416], [82.8224819, 50.0601587], [82.8224513, 50.0601858], [82.8226233, 50.0602659], [82.8226539, 50.0602388], [82.8226743, 50.0602483], [82.822744, 50.0601867], [82.8225146, 50.0600799]]]}}, {"type": "Feature", "properties": {"osm_id": 981512185, "building": "yes", "housenumber": null, "street": null, "levels": null, "area_m2": 239.7, "clat": 50.059991980404206, "clon": 82.82217376789781}, "geometry": {"type": "Polygon", "coordinates": [[[82.8220949, 50.0598957], [82.8220285, 50.0599589], [82.8220587, 50.0599719], [82.8220303, 50.0599989], [82.82222, 50.060081], [82.8222483, 50.060054], [82.8222753, 50.0600656], [82.8223416, 50.0600024], [82.8220949, 50.0598957]]]}}, {"type": "Feature", "properties": {"osm_id": 981512186, "building": "yes", "housenumber": null, "street": null, "levels": null, "area_m2": 274.0, "clat": 50.0598005227642, "clon": 82.82175009288628}, "geometry": {"type": "Polygon", "coordinates": [[[82.8218146, 50.0599026], [82.8219052, 50.0598196], [82.8218798, 50.0598082], [82.8219007, 50.059789], [82.8217237, 50.0597094], [82.8217028, 50.0597286], [82.8216678, 50.0597128], [82.8215772, 50.0597958], [82.8218146, 50.0599026]]]}}, {"type": "Feature", "properties": {"osm_id": 981512187, "building": "yes", "housenumber": null, "street": null, "levels": null, "area_m2": 34.8, "clat": 50.05973259673086, "clon": 82.82100308239235}, "geometry": {"type": "Polygon", "coordinates": [[[82.8209473, 50.0597442], [82.8210137, 50.0597696], [82.8210589, 50.059721], [82.8209924, 50.0596956], [82.8209473, 50.0597442]]]}}, {"type": "Feature", "properties": {"osm_id": 981512188, "building": "yes", "housenumber": null, "street": null, "levels": null, "area_m2": 193.4, "clat": 50.05940332870902, "clon": 82.8212266185413}, "geometry": {"type": "Polygon", "coordinates": [[[82.8211192, 50.0593959], [82.8211847, 50.0594278], [82.8211224, 50.0594807], [82.8211895, 50.0595133], [82.8213576, 50.0593706], [82.821225, 50.0593062], [82.8211192, 50.0593959]]]}}, {"type": "Feature", "properties": {"osm_id": 981512189, "building": "yes", "housenumber": null, "street": null, "levels": null, "area_m2": 296.4, "clat": 50.05959529716251, "clon": 82.82129744459405}, "geometry": {"type": "Polygon", "coordinates": [[[82.8212307, 50.0594894], [82.821118, 50.0595903], [82.8213296, 50.0596877], [82.821343, 50.0596757], [82.8213796, 50.0596925], [82.8214789, 50.0596036], [82.8212307, 50.0594894]]]}}, {"type": "Feature", "properties": {"osm_id": 981512190, "building": "yes", "housenumber": null, "street": null, "levels": null, "area_m2": 105.9, "clat": 50.059589249999995, "clon": 82.82094995}, "geometry": {"type": "Polygon", "coordinates": [[[82.820853, 50.059621], [82.8209463, 50.0596591], [82.8210469, 50.0595575], [82.8209536, 50.0595194], [82.820853, 50.059621]]]}}, {"type": "Feature", "properties": {"osm_id": 981512191, "building": "yes", "housenumber": null, "street": null, "levels": null, "area_m2": 302.9, "clat": 50.05940206636181, "clon": 82.82086773873586}, "geometry": {"type": "Polygon", "coordinates": [[[82.8206867, 50.0593972], [82.8209388, 50.0595091], [82.8210488, 50.059407], [82.8207967, 50.059295], [82.8206867, 50.0593972]]]}}, {"type": "Feature", "properties": {"osm_id": 981512192, "building": "yes", "housenumber": null, "street": null, "levels": null, "area_m2": 81.9, "clat": 50.05918595, "clon": 82.81976585}, "geometry": {"type": "Polygon", "coordinates": [[[82.8196621, 50.0591742], [82.8198244, 50.0592422], [82.8198696, 50.0591977], [82.8197073, 50.0591297], [82.8196621, 50.0591742]]]}}, {"type": "Feature", "properties": {"osm_id": 981512193, "building": "yes", "housenumber": null, "street": null, "levels": null, "area_m2": 41.1, "clat": 50.0593636, "clon": 82.82021424999999}, "geometry": {"type": "Polygon", "coordinates": [[[82.8201945, 50.059324], [82.8201495, 50.0593645], [82.820234, 50.0594032], [82.820279, 50.0593627], [82.8201945, 50.059324]]]}}, {"type": "Feature", "properties": {"osm_id": 981512194, "building": "yes", "housenumber": null, "street": null, "levels": null, "area_m2": 293.0, "clat": 50.0592163, "clon": 82.8204396}, "geometry": {"type": "Polygon", "coordinates": [[[82.8202616, 50.0592121], [82.8205097, 50.0593214], [82.8206176, 50.0592205], [82.8203695, 50.0591112], [82.8202616, 50.0592121]]]}}, {"type": "Feature", "properties": {"osm_id": 981512195, "building": "yes", "housenumber": null, "street": null, "levels": null, "area_m2": 281.8, "clat": 50.05904145034193, "clon": 82.82002698358005}, "geometry": {"type": "Polygon", "coordinates": [[[82.8199531, 50.0589391], [82.8198514, 50.0590379], [82.8201008, 50.0591438], [82.8202026, 50.059045], [82.8199531, 50.0589391]]]}}, {"type": "Feature", "properties": {"osm_id": 981512196, "building": "yes", "housenumber": null, "street": null, "levels": null, "area_m2": 317.1, "clat": 50.05885551910989, "clon": 82.8195350720667}, "geometry": {"type": "Polygon", "coordinates": [[[82.8194553, 50.0587445], [82.8193239, 50.0588632], [82.8194015, 50.0588985], [82.8194505, 50.0588543], [82.8195736, 50.0589105], [82.819536, 50.0589445], [82.8196036, 50.0589753], [82.8196436, 50.0589391], [82.8196546, 50.0589442], [82.8197345, 50.058872], [82.8194553, 50.0587445]]]}}, {"type": "Feature", "properties": {"osm_id": 981512197, "building": "yes", "housenumber": null, "street": null, "levels": null, "area_m2": 286.7, "clat": 50.058598800000006, "clon": 82.81903475}, "geometry": {"type": "Polygon", "coordinates": [[[82.8189607, 50.0584957], [82.818858, 50.058596], [82.8191088, 50.0587019], [82.8192115, 50.0586016], [82.8189607, 50.0584957]]]}}, {"type": "Feature", "properties": {"osm_id": 981512198, "building": "yes", "housenumber": null, "street": null, "levels": null, "area_m2": 322.8, "clat": 50.058391076951686, "clon": 82.81851984117037}, "geometry": {"type": "Polygon", "coordinates": [[[82.8184269, 50.0582788], [82.8183201, 50.0583774], [82.8184223, 50.058423], [82.8184409, 50.0584058], [82.818523, 50.0584424], [82.8184893, 50.0584736], [82.8185444, 50.0584982], [82.8185782, 50.058467], [82.8186374, 50.0584935], [82.8186826, 50.0584518], [82.8186715, 50.0584468], [82.8187145, 50.0584071], [82.8184269, 50.0582788]]]}}, {"type": "Feature", "properties": {"osm_id": 981512199, "building": "yes", "housenumber": null, "street": null, "levels": null, "area_m2": 323.4, "clat": 50.058164428215704, "clon": 82.81799251804225}, "geometry": {"type": "Polygon", "coordinates": [[[82.8179039, 50.0580523], [82.817788, 50.0581614], [82.8178774, 50.0582006], [82.8179098, 50.0581701], [82.8180148, 50.0582161], [82.8179824, 50.0582466], [82.8180715, 50.0582856], [82.8181875, 50.0581766], [82.8179039, 50.0580523]]]}}, {"type": "Feature", "properties": {"osm_id": 981512200, "building": "yes", "housenumber": null, "street": null, "levels": null, "area_m2": 286.2, "clat": 50.05792696556415, "clon": 82.81747952905866}, "geometry": {"type": "Polygon", "coordinates": [[[82.8173836, 50.0578207], [82.8172827, 50.0579156], [82.8173476, 50.057944], [82.8173663, 50.0579264], [82.8174972, 50.0579837], [82.8174785, 50.0580013], [82.8175657, 50.0580396], [82.8176665, 50.0579447], [82.8173836, 50.0578207]]]}}, {"type": "Feature", "properties": {"osm_id": 981512201, "building": "yes", "housenumber": null, "street": null, "levels": null, "area_m2": 107.7, "clat": 50.0576628, "clon": 82.8173824}, "geometry": {"type": "Polygon", "coordinates": [[[82.8174875, 50.057661], [82.817348, 50.057599], [82.8172773, 50.0576646], [82.8174168, 50.0577266], [82.8174875, 50.057661]]]}}, {"type": "Feature", "properties": {"osm_id": 981512202, "building": "yes", "housenumber": null, "street": null, "levels": null, "area_m2": 51.9, "clat": 50.06006698389229, "clon": 82.82412572758291}, "geometry": {"type": "Polygon", "coordinates": [[[82.8240542, 50.0600739], [82.824153, 50.06011], [82.8241972, 50.06006], [82.8240985, 50.060024], [82.8240542, 50.0600739]]]}}, {"type": "Feature", "properties": {"osm_id": 981512203, "building": "yes", "housenumber": null, "street": null, "levels": null, "area_m2": 53.7, "clat": 50.0599372, "clon": 82.82401975}, "geometry": {"type": "Polygon", "coordinates": [[[82.8240006, 50.0598905], [82.8239451, 50.0599314], [82.8240389, 50.0599839], [82.8240944, 50.059943], [82.8240006, 50.0598905]]]}}, {"type": "Feature", "properties": {"osm_id": 981512204, "building": "yes", "housenumber": null, "street": null, "levels": null, "area_m2": 66.1, "clat": 50.0597891, "clon": 82.82368525}, "geometry": {"type": "Polygon", "coordinates": [[[82.8236707, 50.0597381], [82.8236046, 50.0597919], [82.8236998, 50.0598401], [82.8237659, 50.0597863], [82.8236707, 50.0597381]]]}}, {"type": "Feature", "properties": {"osm_id": 981512205, "building": "yes", "housenumber": null, "street": null, "levels": null, "area_m2": 34.0, "clat": 50.05957075318795, "clon": 82.82332376592683}, "geometry": {"type": "Polygon", "coordinates": [[[82.8232656, 50.0595814], [82.8233149, 50.0596091], [82.8233819, 50.0595601], [82.8233327, 50.0595324], [82.8232656, 50.0595814]]]}}, {"type": "Feature", "properties": {"osm_id": 981512206, "building": "yes", "housenumber": null, "street": null, "levels": null, "area_m2": 59.6, "clat": 50.05966425542141, "clon": 82.82317631405894}, "geometry": {"type": "Polygon", "coordinates": [[[82.8231007, 50.0596055], [82.8230696, 50.0596309], [82.823252, 50.059723], [82.8232831, 50.0596977], [82.8231007, 50.0596055]]]}}, {"type": "Feature", "properties": {"osm_id": 981512207, "building": "yes", "housenumber": null, "street": null, "levels": null, "area_m2": 75.5, "clat": 50.059523, "clon": 82.8231107}, "geometry": {"type": "Polygon", "coordinates": [[[82.8231286, 50.0595773], [82.823197, 50.0595197], [82.8230928, 50.0594687], [82.8230244, 50.0595263], [82.8231286, 50.0595773]]]}}, {"type": "Feature", "properties": {"osm_id": 981512208, "building": "yes", "housenumber": null, "street": null, "levels": null, "area_m2": 67.8, "clat": 50.05926250146523, "clon": 82.82262475189825}, "geometry": {"type": "Polygon", "coordinates": [[[82.8225361, 50.0593008], [82.8225873, 50.0593267], [82.8227134, 50.0592243], [82.8226621, 50.0591983], [82.8225361, 50.0593008]]]}}, {"type": "Feature", "properties": {"osm_id": 981512209, "building": "yes", "housenumber": null, "street": null, "levels": null, "area_m2": 29.0, "clat": 50.05953845, "clon": 82.8227685}, "geometry": {"type": "Polygon", "coordinates": [[[82.8227507, 50.0595039], [82.8227126, 50.0595325], [82.8227863, 50.059573], [82.8228244, 50.0595444], [82.8227507, 50.0595039]]]}}, {"type": "Feature", "properties": {"osm_id": 981512210, "building": "yes", "housenumber": null, "street": null, "levels": null, "area_m2": 117.8, "clat": 50.059404799999996, "clon": 82.82288535}, "geometry": {"type": "Polygon", "coordinates": [[[82.8227788, 50.0594178], [82.8228846, 50.0594744], [82.8229919, 50.0593918], [82.8228861, 50.0593352], [82.8227788, 50.0594178]]]}}, {"type": "Feature", "properties": {"osm_id": 981512211, "building": "yes", "housenumber": null, "street": null, "levels": null, "area_m2": 40.6, "clat": 50.0593855, "clon": 82.8226047}, "geometry": {"type": "Polygon", "coordinates": [[[82.8225869, 50.0593459], [82.8225405, 50.0593859], [82.8226225, 50.0594251], [82.8226689, 50.0593851], [82.8225869, 50.0593459]]]}}, {"type": "Feature", "properties": {"osm_id": 981512212, "building": "yes", "housenumber": null, "street": null, "levels": null, "area_m2": 63.5, "clat": 50.05908555, "clon": 82.822141}, "geometry": {"type": "Polygon", "coordinates": [[[82.8220546, 50.0591294], [82.8221018, 50.0591516], [82.8222274, 50.0590417], [82.8221802, 50.0590195], [82.8220546, 50.0591294]]]}}, {"type": "Feature", "properties": {"osm_id": 981512213, "building": "yes", "housenumber": null, "street": null, "levels": null, "area_m2": 36.2, "clat": 50.05899355, "clon": 82.8220446}, "geometry": {"type": "Polygon", "coordinates": [[[82.8219862, 50.0590097], [82.8220386, 50.0590342], [82.822103, 50.0589774], [82.8220506, 50.0589529], [82.8219862, 50.0590097]]]}}, {"type": "Feature", "properties": {"osm_id": 981512214, "building": "yes", "housenumber": null, "street": null, "levels": null, "area_m2": 36.3, "clat": 50.059081250000006, "clon": 82.8218129}, "geometry": {"type": "Polygon", "coordinates": [[[82.8217864, 50.0590442], [82.8217495, 50.0590787], [82.8218394, 50.0591183], [82.8218763, 50.0590838], [82.8217864, 50.0590442]]]}}, {"type": "Feature", "properties": {"osm_id": 981512215, "building": "yes", "housenumber": null, "street": null, "levels": null, "area_m2": 80.1, "clat": 50.05891406667907, "clon": 82.82188968850902}, "geometry": {"type": "Polygon", "coordinates": [[[82.8219272, 50.0589684], [82.8219823, 50.058914], [82.8218522, 50.0588597], [82.8217971, 50.0589142], [82.8219272, 50.0589684]]]}}, {"type": "Feature", "properties": {"osm_id": 981512216, "building": "yes", "housenumber": null, "street": null, "levels": null, "area_m2": 103.7, "clat": 50.05888675468518, "clon": 82.82143145036866}, "geometry": {"type": "Polygon", "coordinates": [[[82.8213931, 50.0588153], [82.8213247, 50.0588754], [82.8215068, 50.0589608], [82.8215448, 50.0589274], [82.8214531, 50.0588843], [82.8214834, 50.0588576], [82.8213931, 50.0588153]]]}}, {"type": "Feature", "properties": {"osm_id": 981512217, "building": "yes", "housenumber": null, "street": null, "levels": null, "area_m2": 68.2, "clat": 50.058837039241226, "clon": 82.82166140612146}, "geometry": {"type": "Polygon", "coordinates": [[[82.821608, 50.0587842], [82.8215659, 50.0588227], [82.8217147, 50.0588899], [82.8217569, 50.0588513], [82.821608, 50.0587842]]]}}, {"type": "Feature", "properties": {"osm_id": 981512218, "building": "yes", "housenumber": null, "street": null, "levels": null, "area_m2": 89.5, "clat": 50.05874385, "clon": 82.8214696}, "geometry": {"type": "Polygon", "coordinates": [[[82.821376, 50.0587506], [82.821494, 50.0588022], [82.8215632, 50.0587371], [82.8214452, 50.0586855], [82.821376, 50.0587506]]]}}, {"type": "Feature", "properties": {"osm_id": 981512219, "building": "yes", "housenumber": null, "street": null, "levels": null, "area_m2": 73.3, "clat": 50.05860791727991, "clon": 82.82112899082908}, "geometry": {"type": "Polygon", "coordinates": [[[82.8211346, 50.0586619], [82.8212164, 50.0585749], [82.8211588, 50.0585526], [82.8211186, 50.0585954], [82.8210791, 50.0585801], [82.8210376, 50.0586243], [82.8211346, 50.0586619]]]}}, {"type": "Feature", "properties": {"osm_id": 981512220, "building": "yes", "housenumber": null, "street": null, "levels": null, "area_m2": 50.7, "clat": 50.058507389568554, "clon": 82.82107118105108}, "geometry": {"type": "Polygon", "coordinates": [[[82.8209965, 50.0585336], [82.8210351, 50.058549], [82.8210594, 50.058524], [82.8211005, 50.0585404], [82.8211446, 50.0584948], [82.8210649, 50.058463], [82.8209965, 50.0585336]]]}}, {"type": "Feature", "properties": {"osm_id": 981512221, "building": "yes", "housenumber": null, "street": null, "levels": null, "area_m2": 89.7, "clat": 50.05825724893629, "clon": 82.82036441605027}, "geometry": {"type": "Polygon", "coordinates": [[[82.82033, 50.0581978], [82.8202661, 50.0582512], [82.8203989, 50.0583167], [82.8204627, 50.0582633], [82.82033, 50.0581978]]]}}, {"type": "Feature", "properties": {"osm_id": 981512222, "building": "yes", "housenumber": null, "street": null, "levels": null, "area_m2": 118.5, "clat": 50.058168933485895, "clon": 82.82018551240115}, "geometry": {"type": "Polygon", "coordinates": [[[82.8200717, 50.0581675], [82.8202342, 50.058235], [82.8202993, 50.0581703], [82.8201368, 50.0581029], [82.8200717, 50.0581675]]]}}, {"type": "Feature", "properties": {"osm_id": 981512223, "building": "yes", "housenumber": null, "street": null, "levels": null, "area_m2": 46.4, "clat": 50.0580747, "clon": 82.81992964999999}, "geometry": {"type": "Polygon", "coordinates": [[[82.8198646, 50.0580928], [82.8199273, 50.0581202], [82.8199947, 50.0580566], [82.819932, 50.0580292], [82.8198646, 50.0580928]]]}}, {"type": "Feature", "properties": {"osm_id": 981512224, "building": "yes", "housenumber": null, "street": null, "levels": null, "area_m2": 70.7, "clat": 50.0578676, "clon": 82.819473}, "geometry": {"type": "Polygon", "coordinates": [[[82.8194542, 50.0578155], [82.8193906, 50.0578755], [82.8194918, 50.0579197], [82.8195554, 50.0578597], [82.8194542, 50.0578155]]]}}, {"type": "Feature", "properties": {"osm_id": 981512225, "building": "yes", "housenumber": null, "street": null, "levels": null, "area_m2": 49.2, "clat": 50.05770616545998, "clon": 82.81924565358861}, "geometry": {"type": "Polygon", "coordinates": [[[82.8192142, 50.0576631], [82.8191717, 50.0577032], [82.8192772, 50.0577492], [82.8193196, 50.0577092], [82.8192142, 50.0576631]]]}}, {"type": "Feature", "properties": {"osm_id": 981512226, "building": "yes", "housenumber": null, "street": null, "levels": null, "area_m2": 93.3, "clat": 50.05778525, "clon": 82.8191468}, "geometry": {"type": "Polygon", "coordinates": [[[82.8190546, 50.0578061], [82.8191505, 50.057848], [82.819239, 50.0577644], [82.8191431, 50.0577225], [82.8190546, 50.0578061]]]}}, {"type": "Feature", "properties": {"osm_id": 981512227, "building": "yes", "housenumber": null, "street": null, "levels": null, "area_m2": 186.7, "clat": 50.05752665652567, "clon": 82.81874079701129}, "geometry": {"type": "Polygon", "coordinates": [[[82.8186978, 50.0574419], [82.818586, 50.0575444], [82.818648, 50.0575723], [82.8186938, 50.0575303], [82.8187632, 50.0575615], [82.8187289, 50.057593], [82.8187852, 50.0576183], [82.8188856, 50.0575262], [82.8186978, 50.0574419]]]}}, {"type": "Feature", "properties": {"osm_id": 981512228, "building": "yes", "housenumber": null, "street": null, "levels": null, "area_m2": 190.9, "clat": 50.05735491693394, "clon": 82.81837299263415}, "geometry": {"type": "Polygon", "coordinates": [[[82.8183009, 50.0572679], [82.8182019, 50.0573606], [82.8182595, 50.057386], [82.8183003, 50.0573478], [82.8184244, 50.0574025], [82.8183907, 50.057434], [82.8184397, 50.0574555], [82.8185315, 50.0573695], [82.8183009, 50.0572679]]]}}, {"type": "Feature", "properties": {"osm_id": 981512229, "building": "yes", "housenumber": null, "street": null, "levels": null, "area_m2": 193.9, "clat": 50.057189870022654, "clon": 82.81798348803994}, "geometry": {"type": "Polygon", "coordinates": [[[82.8178878, 50.0570931], [82.817832, 50.0571484], [82.8179836, 50.0572115], [82.8179344, 50.0572602], [82.8180189, 50.0572953], [82.8181238, 50.0571913], [82.8178878, 50.0570931]]]}}, {"type": "Feature", "properties": {"osm_id": 981512230, "building": "yes", "housenumber": null, "street": null, "levels": null, "area_m2": 155.9, "clat": 50.05700871162473, "clon": 82.81756863423533}, "geometry": {"type": "Polygon", "coordinates": [[[82.8175083, 50.0569339], [82.8174331, 50.057015], [82.8175034, 50.0570419], [82.8175222, 50.0570215], [82.817576, 50.057042], [82.8175571, 50.0570624], [82.8176249, 50.0570882], [82.8177001, 50.057007], [82.8175083, 50.0569339]]]}}, {"type": "Feature", "properties": {"osm_id": 1174022671, "building": "yes", "housenumber": "8", "street": "Фрунзе", "levels": null, "area_m2": 93.0, "clat": 50.055329750000006, "clon": 82.82888085}, "geometry": {"type": "Polygon", "coordinates": [[[82.828792, 50.0553073], [82.8289102, 50.0552714], [82.8289697, 50.0553522], [82.8288515, 50.0553881], [82.828792, 50.0553073]]]}}, {"type": "Feature", "properties": {"osm_id": 1174022676, "building": "yes", "housenumber": "11", "street": "Клубная (Винное)", "levels": null, "area_m2": 98.0, "clat": 50.055806106224196, "clon": 82.82001301210089}, "geometry": {"type": "Polygon", "coordinates": [[[82.8199518, 50.0558541], [82.819941, 50.0557646], [82.8200698, 50.0557542], [82.8200859, 50.0558507], [82.8199518, 50.0558541]]]}}, {"type": "Feature", "properties": {"osm_id": 1174022677, "building": "yes", "housenumber": "17/1", "street": "Клубная (Винное)", "levels": null, "area_m2": 92.0, "clat": 50.055707663082, "clon": 82.82191864864123}, "geometry": {"type": "Polygon", "coordinates": [[[82.8218561, 50.0557542], [82.8218508, 50.0556681], [82.8219795, 50.0556578], [82.8219849, 50.0557508], [82.8218561, 50.0557542]]]}}, {"type": "Feature", "properties": {"osm_id": 1174022679, "building": "yes", "housenumber": "27", "street": "Ленина", "levels": null, "area_m2": 90.7, "clat": 50.05840003804831, "clon": 82.82418604922407}, "geometry": {"type": "Polygon", "coordinates": [[[82.8240931, 50.0584096], [82.8241843, 50.0583373], [82.8242755, 50.0583924], [82.824195, 50.0584613], [82.8240931, 50.0584096]]]}}, {"type": "Feature", "properties": {"osm_id": 1174022680, "building": "yes", "housenumber": "34a", "street": "Ленина", "levels": null, "area_m2": 179.1, "clat": 50.05964097179422, "clon": 82.82527462289573}, "geometry": {"type": "Polygon", "coordinates": [[[82.8251392, 50.0596839], [82.8253108, 50.0595461], [82.8254074, 50.0595943], [82.8252464, 50.0597355], [82.8251392, 50.0596839]]]}}, {"type": "Feature", "properties": {"osm_id": 1174022681, "building": "yes", "housenumber": "48/1", "street": "Ленина", "levels": null, "area_m2": 103.4, "clat": 50.06013159971889, "clon": 82.82858313330979}, "geometry": {"type": "Polygon", "coordinates": [[[82.8284825, 50.0601333], [82.8285777, 50.0600671], [82.8286838, 50.0601299], [82.8285885, 50.0601961], [82.8284825, 50.0601333]]]}}, {"type": "Feature", "properties": {"osm_id": 1174022683, "building": "yes", "housenumber": "37", "street": "Гагарина", "levels": null, "area_m2": 85.5, "clat": 50.0605622166367, "clon": 82.82491961503113}, "geometry": {"type": "Polygon", "coordinates": [[[82.824828, 50.0605621], [82.8249254, 50.0606209], [82.8250112, 50.0605624], [82.8249139, 50.0605035], [82.824828, 50.0605621]]]}}, {"type": "Feature", "properties": {"osm_id": 1174022684, "building": "yes", "housenumber": null, "street": null, "levels": null, "area_m2": 203.5, "clat": 50.061125350000005, "clon": 82.82685}, "geometry": {"type": "Polygon", "coordinates": [[[82.8267002, 50.0611096], [82.8269041, 50.0612164], [82.8269998, 50.0611411], [82.8267959, 50.0610343], [82.8267002, 50.0611096]]]}}, {"type": "Feature", "properties": {"osm_id": 1174022686, "building": "yes", "housenumber": null, "street": null, "levels": null, "area_m2": 191.4, "clat": 50.06010666111247, "clon": 82.82615847540639}, "geometry": {"type": "Polygon", "coordinates": [[[82.826094, 50.060197], [82.8262283, 50.0601954], [82.8262229, 50.0600163], [82.8260887, 50.0600179], [82.826094, 50.060197]]]}}, {"type": "Feature", "properties": {"osm_id": 1174022687, "building": "yes", "housenumber": null, "street": null, "levels": null, "area_m2": 95.7, "clat": 50.0592356, "clon": 82.8268123}, "geometry": {"type": "Polygon", "coordinates": [[[82.8267163, 50.0592465], [82.8268129, 50.0592982], [82.8269083, 50.0592247], [82.8268117, 50.059173], [82.8267163, 50.0592465]]]}}, {"type": "Feature", "properties": {"osm_id": 1378995756, "building": "yes", "housenumber": null, "street": null, "levels": null, "area_m2": 90.2, "clat": 50.04665074135782, "clon": 82.84656353349722}, "geometry": {"type": "Polygon", "coordinates": [[[82.8464801, 50.0466936], [82.8465622, 50.0467193], [82.846647, 50.0466079], [82.8465648, 50.0465822], [82.8464801, 50.0466936]]]}}, {"type": "Feature", "properties": {"osm_id": 1378995757, "building": "yes", "housenumber": null, "street": null, "levels": null, "area_m2": 62.4, "clat": 50.0526863, "clon": 82.82837570000001}, "geometry": {"type": "Polygon", "coordinates": [[[82.8283732, 50.0527371], [82.8284522, 50.0526994], [82.8283782, 50.0526355], [82.8282992, 50.0526732], [82.8283732, 50.0527371]]]}}, {"type": "Feature", "properties": {"osm_id": 1378995758, "building": "yes", "housenumber": null, "street": null, "levels": null, "area_m2": 104.4, "clat": 50.05396245, "clon": 82.8274529}, "geometry": {"type": "Polygon", "coordinates": [[[82.8273687, 50.0540133], [82.8275677, 50.053971], [82.8275371, 50.0539116], [82.8273381, 50.0539539], [82.8273687, 50.0540133]]]}}, {"type": "Feature", "properties": {"osm_id": 1378995759, "building": "yes", "housenumber": null, "street": null, "levels": null, "area_m2": 31.7, "clat": 50.05673227150548, "clon": 82.82362733508708}, "geometry": {"type": "Polygon", "coordinates": [[[82.8235846, 50.0567597], [82.823641, 50.0567701], [82.8236701, 50.0567048], [82.8236136, 50.0566945], [82.8235846, 50.0567597]]]}}, {"type": "Feature", "properties": {"osm_id": 1378995760, "building": "yes", "housenumber": null, "street": null, "levels": null, "area_m2": 45.8, "clat": 50.0565214, "clon": 82.82295715}, "geometry": {"type": "Polygon", "coordinates": [[[82.822892, 50.0565335], [82.8229902, 50.0565594], [82.8230223, 50.0565093], [82.8229241, 50.0564834], [82.822892, 50.0565335]]]}}, {"type": "Feature", "properties": {"osm_id": 1378995761, "building": "yes", "housenumber": null, "street": null, "levels": null, "area_m2": 33.4, "clat": 50.056639249999996, "clon": 82.82304615}, "geometry": {"type": "Polygon", "coordinates": [[[82.8229929, 50.0566544], [82.823083, 50.0566682], [82.8230994, 50.0566241], [82.8230093, 50.0566103], [82.8229929, 50.0566544]]]}}, {"type": "Feature", "properties": {"osm_id": 1378995762, "building": "yes", "housenumber": null, "street": null, "levels": null, "area_m2": 53.2, "clat": 50.056683799999995, "clon": 82.82329684999999}, "geometry": {"type": "Polygon", "coordinates": [[[82.8232282, 50.0566993], [82.8233331, 50.0567243], [82.8233655, 50.0566683], [82.8232606, 50.0566433], [82.8232282, 50.0566993]]]}}, {"type": "Feature", "properties": {"osm_id": 1378995763, "building": "yes", "housenumber": null, "street": null, "levels": null, "area_m2": 72.0, "clat": 50.05656725, "clon": 82.82324565}, "geometry": {"type": "Polygon", "coordinates": [[[82.8231717, 50.0565939], [82.8233008, 50.0566086], [82.8233196, 50.0565406], [82.8231905, 50.0565259], [82.8231717, 50.0565939]]]}}, {"type": "Feature", "properties": {"osm_id": 1378995768, "building": "yes", "housenumber": null, "street": null, "levels": null, "area_m2": 618.1, "clat": 50.05472065, "clon": 82.82638245}, "geometry": {"type": "Polygon", "coordinates": [[[82.8260815, 50.0547963], [82.826696, 50.0547709], [82.8266834, 50.054645], [82.8260689, 50.0546704], [82.8260815, 50.0547963]]]}}, {"type": "Feature", "properties": {"osm_id": 1378995773, "building": "yes", "housenumber": null, "street": null, "levels": null, "area_m2": 327.8, "clat": 50.053194899999994, "clon": 82.8320983}, "geometry": {"type": "Polygon", "coordinates": [[[82.8321117, 50.0533333], [82.8322563, 50.0532894], [82.8320849, 50.0530565], [82.8319403, 50.0531004], [82.8321117, 50.0533333]]]}}, {"type": "Feature", "properties": {"osm_id": 1378995774, "building": "yes", "housenumber": null, "street": null, "levels": null, "area_m2": 84.9, "clat": 50.05084274976966, "clon": 82.82325316749578}, "geometry": {"type": "Polygon", "coordinates": [[[82.8231238, 50.0508787], [82.8233941, 50.0508448], [82.8233826, 50.0508068], [82.8231122, 50.0508407], [82.8231238, 50.0508787]]]}}, {"type": "Feature", "properties": {"osm_id": 1378995775, "building": "yes", "housenumber": null, "street": null, "levels": null, "area_m2": 812.5, "clat": 50.05075105, "clon": 82.82425295}, "geometry": {"type": "Polygon", "coordinates": [[[82.8238148, 50.0508008], [82.8238828, 50.0509096], [82.8246911, 50.0507013], [82.8246231, 50.0505925], [82.8238148, 50.0508008]]]}}]}