{"type": "FeatureCollection", "village": "с. Винное", "key": "vinnoe", "offset_px": [0, 0], "mpp": 0.3834, "features": [{"type": "Feature", "properties": {"num": 1, "osm_id": 981512075, "housenumber": null, "area_m2": 145.0, "px_x": 2579.8, "px_y": 16.3, "clat": 50.066790546253856, "clon": 82.82736408065905}, "geometry": {"type": "Point", "coordinates": [2579.75435397774, 16.296016789972782]}}, {"type": "Feature", "properties": {"num": 2, "osm_id": 981512074, "housenumber": null, "area_m2": 87.6, "px_x": 2671.0, "px_y": 42.9, "clat": 50.06669891836117, "clon": 82.82785339572577}, "geometry": {"type": "Point", "coordinates": [2670.969293601811, 42.90579346567392]}}, {"type": "Feature", "properties": {"num": 3, "osm_id": 981512076, "housenumber": null, "area_m2": 100.0, "px_x": 1516.1, "px_y": 452.4, "clat": 50.06528875, "clon": 82.82165815}, "geometry": {"type": "Point", "coordinates": [1516.0917856767774, 452.42822828143835]}}, {"type": "Feature", "properties": {"num": 4, "osm_id": 981512114, "housenumber": null, "area_m2": 75.0, "px_x": 2306.1, "px_y": 771.2, "clat": 50.064191032514216, "clon": 82.82589585650271}, "geometry": {"type": "Point", "coordinates": [2306.0575338974595, 771.2044807523489]}}, {"type": "Feature", "properties": {"num": 5, "osm_id": 981512002, "housenumber": null, "area_m2": 66.9, "px_x": 4068.0, "px_y": 803.4, "clat": 50.0640802546274, "clon": 82.83534772202559}, "geometry": {"type": "Point", "coordinates": [4068.012972563505, 803.3738824687898]}}, {"type": "Feature", "properties": {"num": 6, "osm_id": 981512112, "housenumber": null, "area_m2": 25.1, "px_x": 2341.4, "px_y": 817.4, "clat": 50.06403201576081, "clon": 82.82608565237129}, "geometry": {"type": "Point", "coordinates": [2341.4380481541157, 817.3822098523378]}}, {"type": "Feature", "properties": {"num": 7, "osm_id": 981512111, "housenumber": null, "area_m2": 64.8, "px_x": 2366.8, "px_y": 869.1, "clat": 50.06385387080468, "clon": 82.82622150869628}, "geometry": {"type": "Point", "coordinates": [2366.763502702117, 869.1144986711442]}}, {"type": "Feature", "properties": {"num": 8, "osm_id": 981512066, "housenumber": null, "area_m2": 122.3, "px_x": 3971.6, "px_y": 825.9, "clat": 50.06400275, "clon": 82.8348304}, "geometry": {"type": "Point", "coordinates": [3971.5771574005485, 825.8808346427977]}}, {"type": "Feature", "properties": {"num": 9, "osm_id": 981512003, "housenumber": null, "area_m2": 71.1, "px_x": 4076.0, "px_y": 845.6, "clat": 50.063934849999995, "clon": 82.83539065}, "geometry": {"type": "Point", "coordinates": [4076.0153270065784, 845.5986216664314]}}, {"type": "Feature", "properties": {"num": 10, "osm_id": 981512001, "housenumber": null, "area_m2": 66.6, "px_x": 4322.1, "px_y": 865.7, "clat": 50.06386568691856, "clon": 82.83671083812345}, "geometry": {"type": "Point", "coordinates": [4322.116230420768, 865.6831719055772]}}, {"type": "Feature", "properties": {"num": 11, "osm_id": 981512115, "housenumber": null, "area_m2": 36.7, "px_x": 2140.9, "px_y": 920.5, "clat": 50.06367695, "clon": 82.82501015000001}, "geometry": {"type": "Point", "coordinates": [2140.949874922633, 920.4911106713116]}}, {"type": "Feature", "properties": {"num": 12, "osm_id": 981512065, "housenumber": null, "area_m2": 171.9, "px_x": 3847.7, "px_y": 895.2, "clat": 50.06376416430181, "clon": 82.83416606079352}, "geometry": {"type": "Point", "coordinates": [3847.7353533506393, 895.1646875664592]}}, {"type": "Feature", "properties": {"num": 13, "osm_id": 981512006, "housenumber": null, "area_m2": 141.7, "px_x": 4095.0, "px_y": 906.0, "clat": 50.0637269, "clon": 82.83549260000001}, "geometry": {"type": "Point", "coordinates": [4095.0201844647527, 905.9859857521951]}}, {"type": "Feature", "properties": {"num": 14, "osm_id": 981512005, "housenumber": null, "area_m2": 70.2, "px_x": 4130.5, "px_y": 898.6, "clat": 50.063752290598806, "clon": 82.83568268232773}, "geometry": {"type": "Point", "coordinates": [4130.454098574817, 898.6127305626869]}}, {"type": "Feature", "properties": {"num": 15, "osm_id": 981512154, "housenumber": null, "area_m2": 74.0, "px_x": 1151.3, "px_y": 943.7, "clat": 50.06359703957003, "clon": 82.81970109534755}, "geometry": {"type": "Point", "coordinates": [1151.270356476307, 943.6965000703931]}}, {"type": "Feature", "properties": {"num": 16, "osm_id": 981512116, "housenumber": null, "area_m2": 177.9, "px_x": 2071.9, "px_y": 943.2, "clat": 50.06359881215969, "clon": 82.82463992554699}, "geometry": {"type": "Point", "coordinates": [2071.9350347295403, 943.1817537471652]}}, {"type": "Feature", "properties": {"num": 17, "osm_id": 981512064, "housenumber": null, "area_m2": 153.0, "px_x": 3743.7, "px_y": 949.5, "clat": 50.06357715967078, "clon": 82.83360792480164}, "geometry": {"type": "Point", "coordinates": [3743.6912634298205, 949.4694676697254]}}, {"type": "Feature", "properties": {"num": 18, "osm_id": 981512007, "housenumber": null, "area_m2": 76.9, "px_x": 4101.2, "px_y": 959.5, "clat": 50.063542749999996, "clon": 82.8355257}, "geometry": {"type": "Point", "coordinates": [4101.190471678972, 959.4617618843913]}}, {"type": "Feature", "properties": {"num": 19, "osm_id": 981512004, "housenumber": null, "area_m2": 50.1, "px_x": 4110.4, "px_y": 935.1, "clat": 50.06362679948723, "clon": 82.83557531545958}, "geometry": {"type": "Point", "coordinates": [4110.439463697374, 935.0544478818774]}}, {"type": "Feature", "properties": {"num": 20, "osm_id": 981512156, "housenumber": null, "area_m2": 88.5, "px_x": 951.3, "px_y": 1024.9, "clat": 50.0633173, "clon": 82.81862860000001}, "geometry": {"type": "Point", "coordinates": [951.3427330851555, 1024.9304681383073]}}, {"type": "Feature", "properties": {"num": 21, "osm_id": 981512155, "housenumber": null, "area_m2": 77.7, "px_x": 1132.5, "px_y": 1026.2, "clat": 50.06331298281413, "clon": 82.81960020405877}, "geometry": {"type": "Point", "coordinates": [1132.4628570899367, 1026.1841381154954]}}, {"type": "Feature", "properties": {"num": 22, "osm_id": 981512153, "housenumber": null, "area_m2": 23.3, "px_x": 1179.2, "px_y": 992.5, "clat": 50.06342904523794, "clon": 82.81985103399168}, "geometry": {"type": "Point", "coordinates": [1179.2209455668926, 992.4806677959859]}}, {"type": "Feature", "properties": {"num": 23, "osm_id": 981512122, "housenumber": null, "area_m2": 118.2, "px_x": 1756.2, "px_y": 1032.7, "clat": 50.063290550000005, "clon": 82.82294645}, "geometry": {"type": "Point", "coordinates": [1756.2483120411634, 1032.6984135247767]}}, {"type": "Feature", "properties": {"num": 24, "osm_id": 981512119, "housenumber": null, "area_m2": 130.4, "px_x": 1965.1, "px_y": 1002.6, "clat": 50.06339436034964, "clon": 82.8240667999473}, "geometry": {"type": "Point", "coordinates": [1965.0966793894768, 1002.5528518557549]}}, {"type": "Feature", "properties": {"num": 25, "osm_id": 981512117, "housenumber": null, "area_m2": 227.5, "px_x": 2084.7, "px_y": 1016.5, "clat": 50.06334640234442, "clon": 82.82470839996914}, "geometry": {"type": "Point", "coordinates": [2084.6995921880007, 1016.4794193953276]}}, {"type": "Feature", "properties": {"num": 26, "osm_id": 981512008, "housenumber": null, "area_m2": 90.8, "px_x": 4133.2, "px_y": 991.1, "clat": 50.06343390394863, "clon": 82.8356972204133}, "geometry": {"type": "Point", "coordinates": [4133.164194151759, 991.0697407051921]}}, {"type": "Feature", "properties": {"num": 27, "osm_id": 981512158, "housenumber": null, "area_m2": 76.9, "px_x": 1024.1, "px_y": 1102.3, "clat": 50.0630508, "clon": 82.81901889999999}, "geometry": {"type": "Point", "coordinates": [1024.0999264717102, 1102.3193381726742]}}, {"type": "Feature", "properties": {"num": 28, "osm_id": 981512152, "housenumber": null, "area_m2": 61.5, "px_x": 1239.9, "px_y": 1072.5, "clat": 50.063153558075584, "clon": 82.8201766880518}, "geometry": {"type": "Point", "coordinates": [1239.9272623285651, 1072.4794965833426]}}, {"type": "Feature", "properties": {"num": 29, "osm_id": 981512120, "housenumber": null, "area_m2": 70.7, "px_x": 1866.8, "px_y": 1076.8, "clat": 50.06313855, "clon": 82.82353945}, "geometry": {"type": "Point", "coordinates": [1866.7915241271257, 1076.8376845419407]}}, {"type": "Feature", "properties": {"num": 30, "osm_id": 981512118, "housenumber": null, "area_m2": 93.3, "px_x": 1994.3, "px_y": 1071.3, "clat": 50.06315771534051, "clon": 82.82422325351176}, "geometry": {"type": "Point", "coordinates": [1994.2617376670241, 1071.2722701504827]}}, {"type": "Feature", "properties": {"num": 31, "osm_id": 981512009, "housenumber": null, "area_m2": 59.1, "px_x": 4116.2, "px_y": 1099.8, "clat": 50.06305955504357, "clon": 82.83560627403749}, "geometry": {"type": "Point", "coordinates": [4116.210560917854, 1099.7769700363278]}}, {"type": "Feature", "properties": {"num": 32, "osm_id": 981512159, "housenumber": null, "area_m2": 35.4, "px_x": 958.7, "px_y": 1159.6, "clat": 50.06285357853387, "clon": 82.81866819970824}, "geometry": {"type": "Point", "coordinates": [958.7246537283063, 1159.590154826641]}}, {"type": "Feature", "properties": {"num": 33, "osm_id": 981512157, "housenumber": null, "area_m2": 23.4, "px_x": 972.2, "px_y": 1116.7, "clat": 50.063001166613205, "clon": 82.81874052199669}, "geometry": {"type": "Point", "coordinates": [972.2065054550767, 1116.732317775488]}}, {"type": "Feature", "properties": {"num": 34, "osm_id": 981512123, "housenumber": null, "area_m2": 88.7, "px_x": 1727.1, "px_y": 1142.4, "clat": 50.06291289926343, "clon": 82.82278995414691}, "geometry": {"type": "Point", "coordinates": [1727.0753705874085, 1142.364130653441]}}, {"type": "Feature", "properties": {"num": 35, "osm_id": 981512121, "housenumber": null, "area_m2": 32.9, "px_x": 1886.1, "px_y": 1159.0, "clat": 50.06285571419055, "clon": 82.82364293135124}, "geometry": {"type": "Point", "coordinates": [1886.081846140325, 1158.9699862673879]}}, {"type": "Feature", "properties": {"num": 36, "osm_id": 981200501, "housenumber": null, "area_m2": 297.9, "px_x": 2752.0, "px_y": 1165.4, "clat": 50.06283353962853, "clon": 82.82828799406197}, "geometry": {"type": "Point", "coordinates": [2751.984295375645, 1165.4092063605785]}}, {"type": "Feature", "properties": {"num": 37, "osm_id": 981200500, "housenumber": null, "area_m2": 108.4, "px_x": 2803.0, "px_y": 1147.6, "clat": 50.06289494615035, "clon": 82.82856188270276}, "geometry": {"type": "Point", "coordinates": [2803.040838561952, 1147.5775003395975]}}, {"type": "Feature", "properties": {"num": 38, "osm_id": 981512125, "housenumber": null, "area_m2": 25.7, "px_x": 1653.1, "px_y": 1185.4, "clat": 50.062764665732786, "clon": 82.82239335301362}, "geometry": {"type": "Point", "coordinates": [1653.1435608193278, 1185.4093196615577]}}, {"type": "Feature", "properties": {"num": 39, "osm_id": 981512126, "housenumber": null, "area_m2": 160.1, "px_x": 1691.8, "px_y": 1185.8, "clat": 50.06276345, "clon": 82.82260074999999}, "geometry": {"type": "Point", "coordinates": [1691.8051612451673, 1185.7623529210687]}}, {"type": "Feature", "properties": {"num": 40, "osm_id": 981134372, "housenumber": null, "area_m2": 147.4, "px_x": 3353.4, "px_y": 1211.9, "clat": 50.06267345355086, "clon": 82.83151408450084}, "geometry": {"type": "Point", "coordinates": [3353.371141254902, 1211.8961461894214]}}, {"type": "Feature", "properties": {"num": 41, "osm_id": 981512010, "housenumber": null, "area_m2": 49.8, "px_x": 4118.9, "px_y": 1172.5, "clat": 50.062809156865825, "clon": 82.83562092376769}, "geometry": {"type": "Point", "coordinates": [4118.9414685592055, 1172.489657342434]}}, {"type": "Feature", "properties": {"num": 42, "osm_id": 981512011, "housenumber": null, "area_m2": 56.9, "px_x": 4125.3, "px_y": 1216.4, "clat": 50.06265784681687, "clon": 82.83565487584195}, "geometry": {"type": "Point", "coordinates": [4125.2705939263105, 1216.428132891655]}}, {"type": "Feature", "properties": {"num": 43, "osm_id": 981512150, "housenumber": null, "area_m2": 49.9, "px_x": 1413.3, "px_y": 1273.6, "clat": 50.06246101717648, "clon": 82.82110654194027}, "geometry": {"type": "Point", "coordinates": [1413.2645904943347, 1273.584699936211]}}, {"type": "Feature", "properties": {"num": 44, "osm_id": 981512128, "housenumber": null, "area_m2": 59.7, "px_x": 1577.7, "px_y": 1250.0, "clat": 50.06254222271373, "clon": 82.8219887096056}, "geometry": {"type": "Point", "coordinates": [1577.7125623822212, 1250.0037792399526]}}, {"type": "Feature", "properties": {"num": 45, "osm_id": 981512129, "housenumber": null, "area_m2": 82.8, "px_x": 1616.8, "px_y": 1236.0, "clat": 50.062590298748454, "clon": 82.82219828275802}, "geometry": {"type": "Point", "coordinates": [1616.7798295542598, 1236.0431710332632]}}, {"type": "Feature", "properties": {"num": 46, "osm_id": 981512127, "housenumber": null, "area_m2": 113.7, "px_x": 1625.0, "px_y": 1289.4, "clat": 50.062406467885104, "clon": 82.82224243924732}, "geometry": {"type": "Point", "coordinates": [1625.0111957639456, 1289.4250076040626]}}, {"type": "Feature", "properties": {"num": 47, "osm_id": 981512124, "housenumber": null, "area_m2": 26.5, "px_x": 1712.3, "px_y": 1241.2, "clat": 50.06257255, "clon": 82.8227108}, "geometry": {"type": "Point", "coordinates": [1712.3199681416154, 1241.1971610188484]}}, {"type": "Feature", "properties": {"num": 48, "osm_id": 981512079, "housenumber": null, "area_m2": 352.7, "px_x": 2007.3, "px_y": 1237.4, "clat": 50.0625856642077, "clon": 82.82429317554491}, "geometry": {"type": "Point", "coordinates": [2007.2961493581533, 1237.3889774680138]}}, {"type": "Feature", "properties": {"num": 49, "osm_id": 981200491, "housenumber": null, "area_m2": 28.2, "px_x": 3083.6, "px_y": 1237.9, "clat": 50.06258376560202, "clon": 82.83006707527646}, "geometry": {"type": "Point", "coordinates": [3083.6290711313486, 1237.940306223929]}}, {"type": "Feature", "properties": {"num": 50, "osm_id": 981134373, "housenumber": null, "area_m2": 156.3, "px_x": 3334.5, "px_y": 1258.2, "clat": 50.06251400106434, "clon": 82.83141263325827}, "geometry": {"type": "Point", "coordinates": [3334.459258913994, 1258.198945067823]}}, {"type": "Feature", "properties": {"num": 51, "osm_id": 981512013, "housenumber": null, "area_m2": 90.8, "px_x": 4134.4, "px_y": 1281.9, "clat": 50.062432534229025, "clon": 82.8357036034376}, "geometry": {"type": "Point", "coordinates": [4134.354076117277, 1281.855728983879]}}, {"type": "Feature", "properties": {"num": 52, "osm_id": 981512151, "housenumber": null, "area_m2": 418.4, "px_x": 1341.0, "px_y": 1296.6, "clat": 50.06238179015484, "clon": 82.82071892147516}, "geometry": {"type": "Point", "coordinates": [1341.0068986266851, 1296.591049671173]}}, {"type": "Feature", "properties": {"num": 53, "osm_id": 981512130, "housenumber": null, "area_m2": 110.5, "px_x": 1492.5, "px_y": 1324.9, "clat": 50.0622842, "clon": 82.82153174999999}, "geometry": {"type": "Point", "coordinates": [1492.5291178599, 1324.9297281727195]}}, {"type": "Feature", "properties": {"num": 54, "osm_id": 981512094, "housenumber": null, "area_m2": 121.6, "px_x": 1886.9, "px_y": 1337.2, "clat": 50.06224187534964, "clon": 82.82364737650727}, "geometry": {"type": "Point", "coordinates": [1886.9104832857847, 1337.220137104392]}}, {"type": "Feature", "properties": {"num": 55, "osm_id": 981512081, "housenumber": null, "area_m2": 131.6, "px_x": 1948.2, "px_y": 1313.1, "clat": 50.06232500764679, "clon": 82.82397591809249}, "geometry": {"type": "Point", "coordinates": [1948.1550737395883, 1313.0798228234053]}}, {"type": "Feature", "properties": {"num": 56, "osm_id": 981512078, "housenumber": null, "area_m2": 34.5, "px_x": 2045.4, "px_y": 1303.9, "clat": 50.06235669989012, "clon": 82.82449736659002}, "geometry": {"type": "Point", "coordinates": [2045.360119022429, 1303.876881774515]}}, {"type": "Feature", "properties": {"num": 57, "osm_id": 981200499, "housenumber": null, "area_m2": 168.7, "px_x": 2738.9, "px_y": 1300.9, "clat": 50.06236705, "clon": 82.82821805}, "geometry": {"type": "Point", "coordinates": [2738.9457772150636, 1300.8713674023747]}}, {"type": "Feature", "properties": {"num": 58, "osm_id": 981200492, "housenumber": null, "area_m2": 53.7, "px_x": 3167.3, "px_y": 1326.3, "clat": 50.062279646914504, "clon": 82.83051583428616}, "geometry": {"type": "Point", "coordinates": [3167.2838137745857, 1326.2518726997077]}}, {"type": "Feature", "properties": {"num": 59, "osm_id": 981512028, "housenumber": null, "area_m2": 370.4, "px_x": 3750.1, "px_y": 1316.0, "clat": 50.062315009342946, "clon": 82.83364243759245}, "geometry": {"type": "Point", "coordinates": [3750.124913945794, 1315.9831755422056]}}, {"type": "Feature", "properties": {"num": 60, "osm_id": 981512014, "housenumber": null, "area_m2": 59.1, "px_x": 4125.2, "px_y": 1317.1, "clat": 50.06231104809994, "clon": 82.83565462538766}, "geometry": {"type": "Point", "coordinates": [4125.223905861378, 1317.1334590427577]}}, {"type": "Feature", "properties": {"num": 61, "osm_id": 981512015, "housenumber": null, "area_m2": 117.4, "px_x": 4189.7, "px_y": 1316.9, "clat": 50.06231181870715, "clon": 82.83600028518786}, "geometry": {"type": "Point", "coordinates": [4189.65956287086, 1316.9096866771579]}}, {"type": "Feature", "properties": {"num": 62, "osm_id": 981512012, "housenumber": null, "area_m2": 80.3, "px_x": 4251.7, "px_y": 1307.6, "clat": 50.062344048043514, "clon": 82.83633307521822}, "geometry": {"type": "Point", "coordinates": [4251.696120895445, 1307.550784572959]}}, {"type": "Feature", "properties": {"num": 63, "osm_id": 981512148, "housenumber": null, "area_m2": 41.1, "px_x": 1196.9, "px_y": 1370.6, "clat": 50.0621270766186, "clon": 82.81994592903288}, "geometry": {"type": "Point", "coordinates": [1196.91066339612, 1370.5558179914951]}}, {"type": "Feature", "properties": {"num": 64, "osm_id": 981512097, "housenumber": null, "area_m2": 95.2, "px_x": 1732.9, "px_y": 1374.3, "clat": 50.0621141, "clon": 82.8228214}, "geometry": {"type": "Point", "coordinates": [1732.9373024702072, 1374.3240115642548]}}, {"type": "Feature", "properties": {"num": 65, "osm_id": 981512095, "housenumber": null, "area_m2": 157.0, "px_x": 1866.8, "px_y": 1383.1, "clat": 50.06208375, "clon": 82.8235396}, "geometry": {"type": "Point", "coordinates": [1866.8194861486554, 1383.137141302228]}}, {"type": "Feature", "properties": {"num": 66, "osm_id": 981512080, "housenumber": null, "area_m2": 38.2, "px_x": 1936.5, "px_y": 1374.1, "clat": 50.06211476651529, "clon": 82.82391329413807}, "geometry": {"type": "Point", "coordinates": [1936.4811225011945, 1374.1304666623473]}}, {"type": "Feature", "properties": {"num": 67, "osm_id": 981200494, "housenumber": null, "area_m2": 53.7, "px_x": 3116.7, "px_y": 1378.6, "clat": 50.06209936689388, "clon": 82.830244695671}, "geometry": {"type": "Point", "coordinates": [3116.739912517369, 1378.6022585704923]}}, {"type": "Feature", "properties": {"num": 68, "osm_id": 981200493, "housenumber": null, "area_m2": 102.2, "px_x": 3141.1, "px_y": 1362.8, "clat": 50.06215364367178, "clon": 82.83037553610001}, "geometry": {"type": "Point", "coordinates": [3141.1303362846375, 1362.8411857411265]}}, {"type": "Feature", "properties": {"num": 69, "osm_id": 981134374, "housenumber": null, "area_m2": 60.0, "px_x": 3226.5, "px_y": 1371.9, "clat": 50.06212228442499, "clon": 82.83083324136896}, "geometry": {"type": "Point", "coordinates": [3226.4527825266123, 1371.9473911896348]}}, {"type": "Feature", "properties": {"num": 70, "osm_id": 981512027, "housenumber": null, "area_m2": 85.7, "px_x": 3772.7, "px_y": 1406.7, "clat": 50.062002718861514, "clon": 82.83376374563348}, "geometry": {"type": "Point", "coordinates": [3772.738371796906, 1406.667194262147]}}, {"type": "Feature", "properties": {"num": 71, "osm_id": 981512026, "housenumber": null, "area_m2": 88.2, "px_x": 3776.4, "px_y": 1377.1, "clat": 50.06210455, "clon": 82.83378330000001}, "geometry": {"type": "Point", "coordinates": [3776.383569918573, 1377.0971716046333]}}, {"type": "Feature", "properties": {"num": 72, "osm_id": 981512018, "housenumber": null, "area_m2": 47.8, "px_x": 4123.1, "px_y": 1409.9, "clat": 50.06199145, "clon": 82.8356434}, "geometry": {"type": "Point", "coordinates": [4123.131341934204, 1409.9394752383232]}}, {"type": "Feature", "properties": {"num": 73, "osm_id": 981512017, "housenumber": null, "area_m2": 60.6, "px_x": 4126.2, "px_y": 1378.1, "clat": 50.0621012, "clon": 82.83565970000001}, "geometry": {"type": "Point", "coordinates": [4126.169882170856, 1378.0699553638697]}}, {"type": "Feature", "properties": {"num": 74, "osm_id": 981512021, "housenumber": null, "area_m2": 88.2, "px_x": 4194.7, "px_y": 1397.8, "clat": 50.062033150000005, "clon": 82.8360275}, "geometry": {"type": "Point", "coordinates": [4194.732771553099, 1397.8305181898177]}}, {"type": "Feature", "properties": {"num": 75, "osm_id": 981512160, "housenumber": null, "area_m2": 44.8, "px_x": 686.2, "px_y": 1456.9, "clat": 50.0618296, "clon": 82.8172064}, "geometry": {"type": "Point", "coordinates": [686.2254375889897, 1456.9378095529974]}}, {"type": "Feature", "properties": {"num": 76, "osm_id": 981512145, "housenumber": null, "area_m2": 43.2, "px_x": 931.6, "px_y": 1450.3, "clat": 50.06185255, "clon": 82.81852275}, "geometry": {"type": "Point", "coordinates": [931.6108629330993, 1450.273551221937]}}, {"type": "Feature", "properties": {"num": 77, "osm_id": 981512149, "housenumber": null, "area_m2": 111.8, "px_x": 1173.4, "px_y": 1413.9, "clat": 50.06197795, "clon": 82.81981975000001}, "geometry": {"type": "Point", "coordinates": [1173.3891868516803, 1413.8596389368176]}}, {"type": "Feature", "properties": {"num": 78, "osm_id": 981512134, "housenumber": null, "area_m2": 203.2, "px_x": 1293.5, "px_y": 1462.0, "clat": 50.0618121, "clon": 82.82046415}, "geometry": {"type": "Point", "coordinates": [1293.5140534117818, 1462.0194858759642]}}, {"type": "Feature", "properties": {"num": 79, "osm_id": 981512133, "housenumber": null, "area_m2": 93.7, "px_x": 1356.3, "px_y": 1415.4, "clat": 50.0619726959688, "clon": 82.82080114353347}, "geometry": {"type": "Point", "coordinates": [1356.3342012017965, 1415.3853173330426]}}, {"type": "Feature", "properties": {"num": 80, "osm_id": 981512099, "housenumber": null, "area_m2": 117.9, "px_x": 1660.8, "px_y": 1440.4, "clat": 50.061886440007164, "clon": 82.82243458886529}, "geometry": {"type": "Point", "coordinates": [1660.830480709672, 1440.4325099885464]}}, {"type": "Feature", "properties": {"num": 81, "osm_id": 981512098, "housenumber": null, "area_m2": 130.9, "px_x": 1721.1, "px_y": 1466.1, "clat": 50.06179798517977, "clon": 82.82275776949383}, "geometry": {"type": "Point", "coordinates": [1721.0757163986564, 1466.118167258799]}}, {"type": "Feature", "properties": {"num": 82, "osm_id": 981512096, "housenumber": null, "area_m2": 120.9, "px_x": 1782.5, "px_y": 1430.5, "clat": 50.061920599484296, "clon": 82.82308713304401}, "geometry": {"type": "Point", "coordinates": [1782.4735322222114, 1430.5132125392556]}}, {"type": "Feature", "properties": {"num": 83, "osm_id": 981200496, "housenumber": null, "area_m2": 106.1, "px_x": 3038.3, "px_y": 1457.9, "clat": 50.0618262, "clon": 82.82982399999999}, "geometry": {"type": "Point", "coordinates": [3038.3165553733706, 1457.9251068159938]}}, {"type": "Feature", "properties": {"num": 84, "osm_id": 981200495, "housenumber": null, "area_m2": 60.6, "px_x": 3069.6, "px_y": 1411.4, "clat": 50.06198635031331, "clon": 82.82999181669555}, "geometry": {"type": "Point", "coordinates": [3069.5998548194766, 1411.4203351177275]}}, {"type": "Feature", "properties": {"num": 85, "osm_id": 981134375, "housenumber": null, "area_m2": 67.6, "px_x": 3213.6, "px_y": 1419.8, "clat": 50.0619576, "clon": 82.83076435}, "geometry": {"type": "Point", "coordinates": [3213.6105005443096, 1419.7689206451178]}}, {"type": "Feature", "properties": {"num": 86, "osm_id": 981512033, "housenumber": null, "area_m2": 54.9, "px_x": 3610.2, "px_y": 1438.0, "clat": 50.06189471983456, "clon": 82.83289195675351}, "geometry": {"type": "Point", "coordinates": [3610.225145742297, 1438.0281977541745]}}, {"type": "Feature", "properties": {"num": 87, "osm_id": 981512032, "housenumber": null, "area_m2": 104.1, "px_x": 3617.0, "px_y": 1414.6, "clat": 50.06197546821389, "clon": 82.83292815573054}, "geometry": {"type": "Point", "coordinates": [3616.9731241464615, 1414.5803060606122]}}, {"type": "Feature", "properties": {"num": 88, "osm_id": 981512024, "housenumber": null, "area_m2": 42.9, "px_x": 3981.1, "px_y": 1453.3, "clat": 50.0618422, "clon": 82.83488175}, "geometry": {"type": "Point", "coordinates": [3981.1494912058115, 1453.2790014520288]}}, {"type": "Feature", "properties": {"num": 89, "osm_id": 981512022, "housenumber": null, "area_m2": 46.3, "px_x": 4209.2, "px_y": 1445.6, "clat": 50.06186869652575, "clon": 82.83610517541068}, "geometry": {"type": "Point", "coordinates": [4209.212517589331, 1445.5848948992789]}}, {"type": "Feature", "properties": {"num": 90, "osm_id": 981512020, "housenumber": null, "area_m2": 34.0, "px_x": 4238.7, "px_y": 1415.2, "clat": 50.061973252140156, "clon": 82.83626326845602}, "geometry": {"type": "Point", "coordinates": [4238.683197252452, 1415.2238149493933]}}, {"type": "Feature", "properties": {"num": 91, "osm_id": 981512019, "housenumber": null, "area_m2": 73.4, "px_x": 4259.0, "px_y": 1421.8, "clat": 50.0619506147659, "clon": 82.8363721244738}, "geometry": {"type": "Point", "coordinates": [4258.975429728627, 1421.7973090708256]}}, {"type": "Feature", "properties": {"num": 92, "osm_id": 981512161, "housenumber": null, "area_m2": 52.4, "px_x": 714.5, "px_y": 1472.4, "clat": 50.0617763, "clon": 82.81735825}, "geometry": {"type": "Point", "coordinates": [714.5323292389512, 1472.4151379540563]}}, {"type": "Feature", "properties": {"num": 93, "osm_id": 981512135, "housenumber": null, "area_m2": 65.7, "px_x": 1224.7, "px_y": 1510.5, "clat": 50.06164506756334, "clon": 82.82009499772842}, "geometry": {"type": "Point", "coordinates": [1224.6990823224187, 1510.5225227996707]}}, {"type": "Feature", "properties": {"num": 94, "osm_id": 981512100, "housenumber": null, "area_m2": 181.6, "px_x": 1548.2, "px_y": 1473.9, "clat": 50.06177116090191, "clon": 82.82183059888537}, "geometry": {"type": "Point", "coordinates": [1548.2385878786445, 1473.9074355214834]}}, {"type": "Feature", "properties": {"num": 95, "osm_id": 981512173, "housenumber": null, "area_m2": 146.4, "px_x": 2272.0, "px_y": 1525.5, "clat": 50.06159355, "clon": 82.8257131}, "geometry": {"type": "Point", "coordinates": [2271.9892525598407, 1525.4822074845433]}}, {"type": "Feature", "properties": {"num": 96, "osm_id": 981200502, "housenumber": null, "area_m2": 41.3, "px_x": 2425.2, "px_y": 1526.3, "clat": 50.0615907, "clon": 82.82653505}, "geometry": {"type": "Point", "coordinates": [2425.211838014424, 1526.3097908198833]}}, {"type": "Feature", "properties": {"num": 97, "osm_id": 981200503, "housenumber": null, "area_m2": 77.2, "px_x": 2499.5, "px_y": 1514.7, "clat": 50.06163075, "clon": 82.8269336}, "geometry": {"type": "Point", "coordinates": [2499.5069428682327, 1514.680062521249]}}, {"type": "Feature", "properties": {"num": 98, "osm_id": 981200489, "housenumber": null, "area_m2": 59.2, "px_x": 2892.8, "px_y": 1504.7, "clat": 50.06166516393514, "clon": 82.82904335515443}, "geometry": {"type": "Point", "coordinates": [2892.793808788061, 1504.6869282834232]}}, {"type": "Feature", "properties": {"num": 99, "osm_id": 981200498, "housenumber": null, "area_m2": 86.3, "px_x": 2948.2, "px_y": 1529.0, "clat": 50.06158153582697, "clon": 82.82934072375018}, "geometry": {"type": "Point", "coordinates": [2948.227332815528, 1528.9708841517568]}}, {"type": "Feature", "properties": {"num": 100, "osm_id": 981200497, "housenumber": null, "area_m2": 104.2, "px_x": 2983.0, "px_y": 1486.5, "clat": 50.06172780199789, "clon": 82.82952747913087}, "geometry": {"type": "Point", "coordinates": [2983.0410590469837, 1486.4980405569077]}}, {"type": "Feature", "properties": {"num": 101, "osm_id": 981512034, "housenumber": null, "area_m2": 172.9, "px_x": 3614.2, "px_y": 1476.8, "clat": 50.061761115866304, "clon": 82.832913104978}, "geometry": {"type": "Point", "coordinates": [3614.167460516095, 1476.8243247419596]}}, {"type": "Feature", "properties": {"num": 102, "osm_id": 981512025, "housenumber": null, "area_m2": 237.0, "px_x": 4039.1, "px_y": 1509.0, "clat": 50.061650194437824, "clon": 82.83519242096573}, "geometry": {"type": "Point", "coordinates": [4039.062756717205, 1509.0337786488235]}}, {"type": "Feature", "properties": {"num": 103, "osm_id": 981512016, "housenumber": null, "area_m2": 79.4, "px_x": 4205.6, "px_y": 1497.3, "clat": 50.061690675901566, "clon": 82.83608577973105}, "geometry": {"type": "Point", "coordinates": [4205.596900843084, 1497.2787471711636]}}, {"type": "Feature", "properties": {"num": 104, "osm_id": 981512023, "housenumber": null, "area_m2": 127.0, "px_x": 4244.8, "px_y": 1476.7, "clat": 50.061761494582875, "clon": 82.83629602715706}, "geometry": {"type": "Point", "coordinates": [4244.789861731231, 1476.714352592826]}}, {"type": "Feature", "properties": {"num": 105, "osm_id": 981512147, "housenumber": null, "area_m2": 87.4, "px_x": 971.7, "px_y": 1545.6, "clat": 50.06152428270917, "clon": 82.81873775508564}, "geometry": {"type": "Point", "coordinates": [971.6907158568501, 1545.596037760377]}}, {"type": "Feature", "properties": {"num": 106, "osm_id": 981512146, "housenumber": null, "area_m2": 32.3, "px_x": 999.4, "px_y": 1532.4, "clat": 50.06156976736534, "clon": 82.81888654440554}, "geometry": {"type": "Point", "coordinates": [999.427055388689, 1532.3882102742791]}}, {"type": "Feature", "properties": {"num": 107, "osm_id": 981512136, "housenumber": null, "area_m2": 165.6, "px_x": 1190.1, "px_y": 1533.5, "clat": 50.06156606353127, "clon": 82.8199095732513}, "geometry": {"type": "Point", "coordinates": [1190.1334544941783, 1533.4637295156717]}}, {"type": "Feature", "properties": {"num": 108, "osm_id": 981512132, "housenumber": null, "area_m2": 114.3, "px_x": 1233.2, "px_y": 1589.7, "clat": 50.06137251037424, "clon": 82.82014047637702}, "geometry": {"type": "Point", "coordinates": [1233.1769168823957, 1589.6675745025277]}}, {"type": "Feature", "properties": {"num": 109, "osm_id": 981512131, "housenumber": null, "area_m2": 28.8, "px_x": 1327.7, "px_y": 1552.3, "clat": 50.06150105, "clon": 82.82064745}, "geometry": {"type": "Point", "coordinates": [1327.683649994433, 1552.3423434570432]}}, {"type": "Feature", "properties": {"num": 110, "osm_id": 981512102, "housenumber": null, "area_m2": 149.2, "px_x": 1580.8, "px_y": 1555.9, "clat": 50.06148865, "clon": 82.82200524999999}, "geometry": {"type": "Point", "coordinates": [1580.7959153726697, 1555.9430496394634]}}, {"type": "Feature", "properties": {"num": 111, "osm_id": 981512101, "housenumber": null, "area_m2": 111.8, "px_x": 1610.2, "px_y": 1538.5, "clat": 50.06154871585414, "clon": 82.82216300899073}, "geometry": {"type": "Point", "coordinates": [1610.2043227478862, 1538.501146428287]}}, {"type": "Feature", "properties": {"num": 112, "osm_id": 981512175, "housenumber": null, "area_m2": 118.4, "px_x": 2138.6, "px_y": 1554.8, "clat": 50.06149255, "clon": 82.82499775}, "geometry": {"type": "Point", "coordinates": [2138.6383473724127, 1554.8105695694685]}}, {"type": "Feature", "properties": {"num": 113, "osm_id": 981512174, "housenumber": null, "area_m2": 286.4, "px_x": 2217.7, "px_y": 1550.8, "clat": 50.06150638361907, "clon": 82.82542176130431}, "geometry": {"type": "Point", "coordinates": [2217.6797833666205, 1550.7935693711042]}}, {"type": "Feature", "properties": {"num": 114, "osm_id": 981200504, "housenumber": null, "area_m2": 78.3, "px_x": 2467.7, "px_y": 1535.0, "clat": 50.06156063269611, "clon": 82.82676295538205}, "geometry": {"type": "Point", "coordinates": [2467.696480475366, 1535.0407351329923]}}, {"type": "Feature", "properties": {"num": 115, "osm_id": 981200490, "housenumber": null, "area_m2": 50.3, "px_x": 2917.4, "px_y": 1545.7, "clat": 50.061523933224954, "clon": 82.82917525025215}, "geometry": {"type": "Point", "coordinates": [2917.38083704561, 1545.6975208893418]}}, {"type": "Feature", "properties": {"num": 116, "osm_id": 981512035, "housenumber": null, "area_m2": 163.4, "px_x": 3640.9, "px_y": 1586.3, "clat": 50.06138396935111, "clon": 82.8330566044597}, "geometry": {"type": "Point", "coordinates": [3640.917702741921, 1586.3401302620769]}}, {"type": "Feature", "properties": {"num": 117, "osm_id": 981512036, "housenumber": null, "area_m2": 206.1, "px_x": 3770.4, "px_y": 1574.2, "clat": 50.06142574220315, "clon": 82.83375098245953}, "geometry": {"type": "Point", "coordinates": [3770.3591437339783, 1574.210171841085]}}, {"type": "Feature", "properties": {"num": 118, "osm_id": 981511981, "housenumber": null, "area_m2": 117.7, "px_x": 4150.8, "px_y": 1567.2, "clat": 50.06144990607093, "clon": 82.83579206519971}, "geometry": {"type": "Point", "coordinates": [4150.844543799758, 1567.1934875920415]}}, {"type": "Feature", "properties": {"num": 119, "osm_id": 981512140, "housenumber": "4", "area_m2": 242.8, "px_x": 1002.4, "px_y": 1638.1, "clat": 50.06120585, "clon": 82.81890225000001}, "geometry": {"type": "Point", "coordinates": [1002.354790404439, 1638.0621283128858]}}, {"type": "Feature", "properties": {"num": 120, "osm_id": 981512167, "housenumber": null, "area_m2": 39.7, "px_x": 2075.3, "px_y": 1605.8, "clat": 50.061316783037064, "clon": 82.82465790098144}, "geometry": {"type": "Point", "coordinates": [2075.285898581147, 1605.8496018648148]}}, {"type": "Feature", "properties": {"num": 121, "osm_id": 981512176, "housenumber": null, "area_m2": 275.5, "px_x": 2139.2, "px_y": 1627.0, "clat": 50.06124404954914, "clon": 82.8250006909231}, "geometry": {"type": "Point", "coordinates": [2139.1865751817822, 1626.9698235616088]}}, {"type": "Feature", "properties": {"num": 122, "osm_id": 981200505, "housenumber": null, "area_m2": 56.1, "px_x": 2357.1, "px_y": 1627.8, "clat": 50.0612412, "clon": 82.82616945000001}, "geometry": {"type": "Point", "coordinates": [2357.0590583458543, 1627.7972699515522]}}, {"type": "Feature", "properties": {"num": 123, "osm_id": 981200512, "housenumber": null, "area_m2": 203.1, "px_x": 2600.5, "px_y": 1609.5, "clat": 50.06130417369377, "clon": 82.82747551665206}, "geometry": {"type": "Point", "coordinates": [2600.527528695762, 1609.5110829807818]}}, {"type": "Feature", "properties": {"num": 124, "osm_id": 981200510, "housenumber": null, "area_m2": 108.8, "px_x": 2649.3, "px_y": 1616.1, "clat": 50.06128149955969, "clon": 82.82773718300363}, "geometry": {"type": "Point", "coordinates": [2649.305672042072, 1616.0951596722007]}}, {"type": "Feature", "properties": {"num": 125, "osm_id": 981512038, "housenumber": null, "area_m2": 129.7, "px_x": 3825.3, "px_y": 1647.1, "clat": 50.06117475, "clon": 82.83404575}, "geometry": {"type": "Point", "coordinates": [3825.307795904577, 1647.092874392867]}}, {"type": "Feature", "properties": {"num": 126, "osm_id": 981512039, "housenumber": null, "area_m2": 99.1, "px_x": 3912.0, "px_y": 1633.2, "clat": 50.06122275, "clon": 82.83451065}, "geometry": {"type": "Point", "coordinates": [3911.9714372232556, 1633.1547429412603]}}, {"type": "Feature", "properties": {"num": 127, "osm_id": 981512040, "housenumber": null, "area_m2": 129.8, "px_x": 3962.9, "px_y": 1633.4, "clat": 50.0612220229178, "clon": 82.83478377801667}, "geometry": {"type": "Point", "coordinates": [3962.886189803481, 1633.365871526301]}}, {"type": "Feature", "properties": {"num": 128, "osm_id": 981512042, "housenumber": null, "area_m2": 250.3, "px_x": 4049.4, "px_y": 1641.4, "clat": 50.06119448123329, "clon": 82.8352478159541}, "geometry": {"type": "Point", "coordinates": [4049.389131002128, 1641.3633651807904]}}, {"type": "Feature", "properties": {"num": 129, "osm_id": 981511983, "housenumber": null, "area_m2": 95.1, "px_x": 4141.2, "px_y": 1618.3, "clat": 50.06127381936262, "clon": 82.83574058666396}, "geometry": {"type": "Point", "coordinates": [4141.248249202967, 1618.3253215998411]}}, {"type": "Feature", "properties": {"num": 130, "osm_id": 981511982, "housenumber": null, "area_m2": 34.4, "px_x": 4164.8, "px_y": 1604.5, "clat": 50.0613215, "clon": 82.83586675000001}, "geometry": {"type": "Point", "coordinates": [4164.766799651086, 1604.4798973985016]}}, {"type": "Feature", "properties": {"num": 131, "osm_id": 981512143, "housenumber": null, "area_m2": 36.3, "px_x": 717.9, "px_y": 1700.1, "clat": 50.060992282805145, "clon": 82.81737636020326}, "geometry": {"type": "Point", "coordinates": [717.9083158150315, 1700.0771585255861]}}, {"type": "Feature", "properties": {"num": 132, "osm_id": 981512144, "housenumber": null, "area_m2": 96.8, "px_x": 779.9, "px_y": 1655.5, "clat": 50.061145830362314, "clon": 82.81770883754606}, "geometry": {"type": "Point", "coordinates": [779.886584661901, 1655.490486651659]}}, {"type": "Feature", "properties": {"num": 133, "osm_id": 981512139, "housenumber": null, "area_m2": 28.4, "px_x": 955.3, "px_y": 1685.4, "clat": 50.06104285, "clon": 82.81864985}, "geometry": {"type": "Point", "coordinates": [955.3040201961994, 1685.3936262950301]}}, {"type": "Feature", "properties": {"num": 134, "osm_id": 981512104, "housenumber": null, "area_m2": 146.1, "px_x": 1369.3, "px_y": 1687.5, "clat": 50.0610357, "clon": 82.82087095}, "geometry": {"type": "Point", "coordinates": [1369.3470697179437, 1687.469820227474]}}, {"type": "Feature", "properties": {"num": 135, "osm_id": 981512103, "housenumber": null, "area_m2": 80.6, "px_x": 1403.0, "px_y": 1683.5, "clat": 50.06104933851403, "clon": 82.82105148987007}, "geometry": {"type": "Point", "coordinates": [1403.0021407976747, 1683.5095122605562]}}, {"type": "Feature", "properties": {"num": 136, "osm_id": 981512182, "housenumber": null, "area_m2": 91.1, "px_x": 1791.3, "px_y": 1688.7, "clat": 50.06103140102896, "clon": 82.82313458391481}, "geometry": {"type": "Point", "coordinates": [1791.3190156519413, 1688.718141414225]}}, {"type": "Feature", "properties": {"num": 137, "osm_id": 981512177, "housenumber": null, "area_m2": 49.4, "px_x": 1975.2, "px_y": 1681.1, "clat": 50.06105760486688, "clon": 82.82412096650098}, "geometry": {"type": "Point", "coordinates": [1975.1940568387508, 1681.1091546788812]}}, {"type": "Feature", "properties": {"num": 138, "osm_id": 981512178, "housenumber": null, "area_m2": 267.1, "px_x": 2054.8, "px_y": 1693.3, "clat": 50.06101567721188, "clon": 82.82454807596304}, "geometry": {"type": "Point", "coordinates": [2054.813031293452, 1693.2839711867273]}}, {"type": "Feature", "properties": {"num": 139, "osm_id": 981512168, "housenumber": null, "area_m2": 52.3, "px_x": 2095.1, "px_y": 1674.2, "clat": 50.06108145, "clon": 82.82476395}, "geometry": {"type": "Point", "coordinates": [2095.054868489504, 1674.1850775033236]}}, {"type": "Feature", "properties": {"num": 140, "osm_id": 981512169, "housenumber": null, "area_m2": 43.0, "px_x": 2119.1, "px_y": 1671.5, "clat": 50.06109079396169, "clon": 82.82489313465463}, "geometry": {"type": "Point", "coordinates": [2119.136633530259, 1671.471805408597]}}, {"type": "Feature", "properties": {"num": 141, "osm_id": 981200506, "housenumber": null, "area_m2": 116.4, "px_x": 2304.1, "px_y": 1669.5, "clat": 50.06109748320737, "clon": 82.82588520401946}, "geometry": {"type": "Point", "coordinates": [2304.0717670992017, 1669.5294016078115]}}, {"type": "Feature", "properties": {"num": 142, "osm_id": 1174022684, "housenumber": null, "area_m2": 203.5, "px_x": 2483.9, "px_y": 1661.4, "clat": 50.061125350000005, "clon": 82.82685}, "geometry": {"type": "Point", "coordinates": [2483.9227733314037, 1661.4375201128423]}}, {"type": "Feature", "properties": {"num": 143, "osm_id": 981200511, "housenumber": null, "area_m2": 176.0, "px_x": 2642.1, "px_y": 1685.9, "clat": 50.061041002184425, "clon": 82.82769832961998}, "geometry": {"type": "Point", "coordinates": [2642.0628763735294, 1685.930189050734]}}, {"type": "Feature", "properties": {"num": 144, "osm_id": 981200509, "housenumber": null, "area_m2": 65.0, "px_x": 2693.8, "px_y": 1677.2, "clat": 50.061071141323595, "clon": 82.82797578651203}, "geometry": {"type": "Point", "coordinates": [2693.7845897972584, 1677.178480003029]}}, {"type": "Feature", "properties": {"num": 145, "osm_id": 981134367, "housenumber": null, "area_m2": 78.4, "px_x": 3035.9, "px_y": 1709.9, "clat": 50.060958566590365, "clon": 82.82981080142368}, "geometry": {"type": "Point", "coordinates": [3035.8561624214053, 1709.867551151663]}}, {"type": "Feature", "properties": {"num": 146, "osm_id": 981512037, "housenumber": null, "area_m2": 200.5, "px_x": 3747.2, "px_y": 1651.9, "clat": 50.061158345308314, "clon": 82.83362686083353}, "geometry": {"type": "Point", "coordinates": [3747.2211956232786, 1651.8564284667373]}}, {"type": "Feature", "properties": {"num": 147, "osm_id": 981511986, "housenumber": null, "area_m2": 32.2, "px_x": 4135.4, "px_y": 1705.3, "clat": 50.060974449999996, "clon": 82.8357094}, "geometry": {"type": "Point", "coordinates": [4135.434633664787, 1705.2553849071264]}}, {"type": "Feature", "properties": {"num": 148, "osm_id": 981511985, "housenumber": null, "area_m2": 69.1, "px_x": 4251.2, "px_y": 1690.7, "clat": 50.061024645445194, "clon": 82.83633037508474}, "geometry": {"type": "Point", "coordinates": [4251.192779533565, 1690.6798055693507]}}, {"type": "Feature", "properties": {"num": 149, "osm_id": 981511984, "housenumber": null, "area_m2": 111.3, "px_x": 4290.4, "px_y": 1702.3, "clat": 50.06098445710155, "clon": 82.83654067160168}, "geometry": {"type": "Point", "coordinates": [4290.3948916345835, 1702.349558673799]}}, {"type": "Feature", "properties": {"num": 150, "osm_id": 981512138, "housenumber": null, "area_m2": 277.4, "px_x": 883.5, "px_y": 1737.9, "clat": 50.060861916825964, "clon": 82.8182647883545}, "geometry": {"type": "Point", "coordinates": [883.5233268663287, 1737.9323223903775]}}, {"type": "Feature", "properties": {"num": 151, "osm_id": 981512137, "housenumber": null, "area_m2": 50.1, "px_x": 927.1, "px_y": 1723.4, "clat": 50.06091203496255, "clon": 82.81849864646736}, "geometry": {"type": "Point", "coordinates": [927.1176387816668, 1723.3792258054018]}}, {"type": "Feature", "properties": {"num": 152, "osm_id": 981512141, "housenumber": null, "area_m2": 320.3, "px_x": 1047.0, "px_y": 1721.2, "clat": 50.06091967100229, "clon": 82.81914184193559}, "geometry": {"type": "Point", "coordinates": [1047.0179643407464, 1721.1619029305875]}}, {"type": "Feature", "properties": {"num": 153, "osm_id": 981512107, "housenumber": null, "area_m2": 169.6, "px_x": 1240.2, "px_y": 1768.9, "clat": 50.060755097780834, "clon": 82.8201783326383}, "geometry": {"type": "Point", "coordinates": [1240.2338354736567, 1768.9499428346753]}}, {"type": "Feature", "properties": {"num": 154, "osm_id": 981512105, "housenumber": null, "area_m2": 108.4, "px_x": 1317.9, "px_y": 1726.9, "clat": 50.06089993252207, "clon": 82.82059515484572}, "geometry": {"type": "Point", "coordinates": [1317.9351266622543, 1726.8934836611152]}}, {"type": "Feature", "properties": {"num": 155, "osm_id": 981512179, "housenumber": null, "area_m2": 236.8, "px_x": 1969.3, "px_y": 1753.1, "clat": 50.060809839321216, "clon": 82.82408928339711}, "geometry": {"type": "Point", "coordinates": [1969.2878982126713, 1753.0543560683727]}}, {"type": "Feature", "properties": {"num": 156, "osm_id": 981512170, "housenumber": null, "area_m2": 71.7, "px_x": 2136.2, "px_y": 1714.7, "clat": 50.06094195935644, "clon": 82.8249847953549}, "geometry": {"type": "Point", "coordinates": [2136.2234264984727, 1714.6898972056806]}}, {"type": "Feature", "properties": {"num": 157, "osm_id": 981200507, "housenumber": "41", "area_m2": 106.6, "px_x": 2245.2, "px_y": 1720.3, "clat": 50.0609227670139, "clon": 82.82556919548155}, "geometry": {"type": "Point", "coordinates": [2245.163506001234, 1720.262895282358]}}, {"type": "Feature", "properties": {"num": 158, "osm_id": 981200515, "housenumber": null, "area_m2": 159.8, "px_x": 2414.2, "px_y": 1718.9, "clat": 50.06092749524451, "clon": 82.82647616291061}, "geometry": {"type": "Point", "coordinates": [2414.2344889119267, 1718.889930203557]}}, {"type": "Feature", "properties": {"num": 159, "osm_id": 981134368, "housenumber": null, "area_m2": 120.7, "px_x": 3074.8, "px_y": 1732.3, "clat": 50.060881429207676, "clon": 82.83001946576329}, "geometry": {"type": "Point", "coordinates": [3074.754014611244, 1732.266399744898]}}, {"type": "Feature", "properties": {"num": 160, "osm_id": 981512041, "housenumber": null, "area_m2": 272.9, "px_x": 4058.9, "px_y": 1728.3, "clat": 50.060895, "clon": 82.8352989}, "geometry": {"type": "Point", "coordinates": [4058.9118873625994, 1728.3257692679763]}}, {"type": "Feature", "properties": {"num": 161, "osm_id": 981511987, "housenumber": null, "area_m2": 62.7, "px_x": 4123.5, "px_y": 1737.0, "clat": 50.0608651, "clon": 82.83564535}, "geometry": {"type": "Point", "coordinates": [4123.494848281145, 1737.0080059692264]}}, {"type": "Feature", "properties": {"num": 162, "osm_id": 981512142, "housenumber": null, "area_m2": 305.4, "px_x": 934.0, "px_y": 1796.8, "clat": 50.06065935, "clon": 82.81853535}, "geometry": {"type": "Point", "coordinates": [933.9596731737256, 1796.7526820451021]}}, {"type": "Feature", "properties": {"num": 163, "osm_id": 981512108, "housenumber": null, "area_m2": 149.3, "px_x": 1167.8, "px_y": 1814.5, "clat": 50.06059814648053, "clon": 82.81978978265295}, "geometry": {"type": "Point", "coordinates": [1167.802868463099, 1814.5246104598045]}}, {"type": "Feature", "properties": {"num": 164, "osm_id": 981512106, "housenumber": null, "area_m2": 46.4, "px_x": 1281.9, "px_y": 1773.6, "clat": 50.06073895, "clon": 82.82040190000001}, "geometry": {"type": "Point", "coordinates": [1281.9098123311996, 1773.638854764402]}}, {"type": "Feature", "properties": {"num": 165, "osm_id": 981512166, "housenumber": null, "area_m2": 55.4, "px_x": 1815.3, "px_y": 1771.5, "clat": 50.06074644985839, "clon": 82.82326301688832}, "geometry": {"type": "Point", "coordinates": [1815.260657183826, 1771.4610835462809]}}, {"type": "Feature", "properties": {"num": 166, "osm_id": 981512180, "housenumber": null, "area_m2": 54.3, "px_x": 1927.7, "px_y": 1820.1, "clat": 50.06057881822751, "clon": 82.82386641581314}, "geometry": {"type": "Point", "coordinates": [1927.7423693686724, 1820.1370334662497]}}, {"type": "Feature", "properties": {"num": 167, "osm_id": 981512172, "housenumber": null, "area_m2": 203.9, "px_x": 2007.8, "px_y": 1805.3, "clat": 50.060629756298866, "clon": 82.82429611998944}, "geometry": {"type": "Point", "coordinates": [2007.8450336009264, 1805.3459347859025]}}, {"type": "Feature", "properties": {"num": 168, "osm_id": 981512171, "housenumber": null, "area_m2": 56.2, "px_x": 2054.3, "px_y": 1771.7, "clat": 50.06074566959149, "clon": 82.8245454165674}, "geometry": {"type": "Point", "coordinates": [2054.3172840103507, 1771.6876535490155]}}, {"type": "Feature", "properties": {"num": 169, "osm_id": 1174022683, "housenumber": "37", "area_m2": 85.5, "px_x": 2124.1, "px_y": 1825.0, "clat": 50.0605622166367, "clon": 82.82491961503113}, "geometry": {"type": "Point", "coordinates": [2124.0729334950447, 1824.9577027335763]}}, {"type": "Feature", "properties": {"num": 170, "osm_id": 981200508, "housenumber": "39", "area_m2": 94.6, "px_x": 2185.9, "px_y": 1771.7, "clat": 50.06074549981095, "clon": 82.82525138328599}, "geometry": {"type": "Point", "coordinates": [2185.919018752873, 1771.7369535714388]}}, {"type": "Feature", "properties": {"num": 171, "osm_id": 981200524, "housenumber": null, "area_m2": 71.8, "px_x": 2246.7, "px_y": 1821.0, "clat": 50.06057571622887, "clon": 82.82557735303216}, "geometry": {"type": "Point", "coordinates": [2246.6841836497188, 1821.0377731472254]}}, {"type": "Feature", "properties": {"num": 172, "osm_id": 981200520, "housenumber": null, "area_m2": 194.5, "px_x": 2348.3, "px_y": 1787.0, "clat": 50.0606929290976, "clon": 82.82612270190127}, "geometry": {"type": "Point", "coordinates": [2348.3445811271667, 1787.002165839076]}}, {"type": "Feature", "properties": {"num": 173, "osm_id": 981200519, "housenumber": null, "area_m2": 42.8, "px_x": 2389.6, "px_y": 1826.9, "clat": 50.0605554, "clon": 82.82634415}, "geometry": {"type": "Point", "coordinates": [2389.625498741865, 1826.9370758756995]}}, {"type": "Feature", "properties": {"num": 174, "osm_id": 981200518, "housenumber": null, "area_m2": 56.3, "px_x": 2398.5, "px_y": 1792.3, "clat": 50.06067459584066, "clon": 82.82639188453996}, "geometry": {"type": "Point", "coordinates": [2398.5238619297743, 1792.3256783857942]}}, {"type": "Feature", "properties": {"num": 175, "osm_id": 981200517, "housenumber": null, "area_m2": 251.9, "px_x": 2523.9, "px_y": 1826.3, "clat": 50.06055761992704, "clon": 82.82706461204917}, "geometry": {"type": "Point", "coordinates": [2523.9293589517474, 1826.2924671173096]}}, {"type": "Feature", "properties": {"num": 176, "osm_id": 981134370, "housenumber": null, "area_m2": 37.7, "px_x": 2980.0, "px_y": 1822.1, "clat": 50.06057205, "clon": 82.82951095}, "geometry": {"type": "Point", "coordinates": [2979.9598057195544, 1822.1023505292833]}}, {"type": "Feature", "properties": {"num": 177, "osm_id": 981134369, "housenumber": null, "area_m2": 108.4, "px_x": 3002.8, "px_y": 1771.4, "clat": 50.060746746229924, "clon": 82.82963357656013}, "geometry": {"type": "Point", "coordinates": [3002.819053351879, 1771.3750246614218]}}, {"type": "Feature", "properties": {"num": 178, "osm_id": 981512000, "housenumber": null, "area_m2": 53.6, "px_x": 3731.0, "px_y": 1779.5, "clat": 50.0607188, "clon": 82.83354005}, "geometry": {"type": "Point", "coordinates": [3731.0384833440185, 1779.489908888936]}}, {"type": "Feature", "properties": {"num": 179, "osm_id": 981512043, "housenumber": null, "area_m2": 283.3, "px_x": 4061.8, "px_y": 1824.5, "clat": 50.06056389647062, "clon": 82.83531439165836}, "geometry": {"type": "Point", "coordinates": [4061.7997417896986, 1824.4699228182435]}}, {"type": "Feature", "properties": {"num": 180, "osm_id": 981511988, "housenumber": null, "area_m2": 50.0, "px_x": 4167.4, "px_y": 1812.5, "clat": 50.06060525, "clon": 82.8358811}, "geometry": {"type": "Point", "coordinates": [4167.441833525896, 1812.461932208389]}}, {"type": "Feature", "properties": {"num": 181, "osm_id": 981512109, "housenumber": null, "area_m2": 187.7, "px_x": 1089.4, "px_y": 1860.5, "clat": 50.06043982516641, "clon": 82.81936897493277}, "geometry": {"type": "Point", "coordinates": [1089.3586238473654, 1860.496944207698]}}, {"type": "Feature", "properties": {"num": 182, "osm_id": 981512183, "housenumber": null, "area_m2": 214.6, "px_x": 1774.7, "px_y": 1878.1, "clat": 50.06037915002102, "clon": 82.82304566669038}, "geometry": {"type": "Point", "coordinates": [1774.743643656373, 1878.1153658479452]}}, {"type": "Feature", "properties": {"num": 183, "osm_id": 981200525, "housenumber": null, "area_m2": 122.5, "px_x": 2177.9, "px_y": 1879.5, "clat": 50.06037455080052, "clon": 82.82520833337084}, "geometry": {"type": "Point", "coordinates": [2177.893932916224, 1879.450854215771]}}, {"type": "Feature", "properties": {"num": 184, "osm_id": 981200521, "housenumber": null, "area_m2": 167.6, "px_x": 2426.7, "px_y": 1880.4, "clat": 50.0603712, "clon": 82.8265432}, "geometry": {"type": "Point", "coordinates": [2426.731108121574, 1880.4238353446126]}}, {"type": "Feature", "properties": {"num": 185, "osm_id": 981200527, "housenumber": null, "area_m2": 88.5, "px_x": 2735.5, "px_y": 1848.8, "clat": 50.06047999779779, "clon": 82.82819983256275}, "geometry": {"type": "Point", "coordinates": [2735.5498007684946, 1848.8318860046566]}}, {"type": "Feature", "properties": {"num": 186, "osm_id": 981134371, "housenumber": null, "area_m2": 133.3, "px_x": 2927.6, "px_y": 1842.3, "clat": 50.06050255, "clon": 82.8292299}, "geometry": {"type": "Point", "coordinates": [2927.568288423121, 1842.2833251021802]}}, {"type": "Feature", "properties": {"num": 187, "osm_id": 981511990, "housenumber": null, "area_m2": 32.3, "px_x": 4151.2, "px_y": 1868.9, "clat": 50.06041099166712, "clon": 82.8357938242478}, "geometry": {"type": "Point", "coordinates": [4151.172454126179, 1868.8694155588746]}}, {"type": "Feature", "properties": {"num": 188, "osm_id": 981511989, "housenumber": null, "area_m2": 26.0, "px_x": 4160.9, "px_y": 1835.4, "clat": 50.0605264215876, "clon": 82.83584609407337}, "geometry": {"type": "Point", "coordinates": [4160.916255831718, 1835.351646348834]}}, {"type": "Feature", "properties": {"num": 189, "osm_id": 981512110, "housenumber": null, "area_m2": 138.1, "px_x": 1029.5, "px_y": 1900.2, "clat": 50.0603031, "clon": 82.819048}, "geometry": {"type": "Point", "coordinates": [1029.5245596468449, 1900.198204189539]}}, {"type": "Feature", "properties": {"num": 190, "osm_id": 981512184, "housenumber": null, "area_m2": 228.2, "px_x": 1688.7, "px_y": 1937.1, "clat": 50.06017606087176, "clon": 82.82258410174926}, "geometry": {"type": "Point", "coordinates": [1688.7017023712397, 1937.0868014097214]}}, {"type": "Feature", "properties": {"num": 191, "osm_id": 981200526, "housenumber": null, "area_m2": 63.6, "px_x": 2123.1, "px_y": 1941.1, "clat": 50.060162101751, "clon": 82.82491433403784}, "geometry": {"type": "Point", "coordinates": [2123.0884849876165, 1941.1401323340833]}}, {"type": "Feature", "properties": {"num": 192, "osm_id": 981200522, "housenumber": null, "area_m2": 60.6, "px_x": 2352.2, "px_y": 1899.2, "clat": 50.06030654546404, "clon": 82.82614341253486}, "geometry": {"type": "Point", "coordinates": [2352.205323047936, 1899.1977367773652]}}, {"type": "Feature", "properties": {"num": 193, "osm_id": 981200528, "housenumber": null, "area_m2": 64.8, "px_x": 2676.9, "px_y": 1929.0, "clat": 50.060204000543784, "clon": 82.8278849669695}, "geometry": {"type": "Point", "coordinates": [2676.854600004852, 1928.9739132225513]}}, {"type": "Feature", "properties": {"num": 194, "osm_id": 1174022681, "housenumber": "48/1", "area_m2": 103.4, "px_x": 2807.0, "px_y": 1950.0, "clat": 50.06013159971889, "clon": 82.82858313330979}, "geometry": {"type": "Point", "coordinates": [2807.002238832414, 1949.9970492348075]}}, {"type": "Feature", "properties": {"num": 195, "osm_id": 981512044, "housenumber": null, "area_m2": 40.1, "px_x": 4097.2, "px_y": 1896.5, "clat": 50.06031585, "clon": 82.83550405}, "geometry": {"type": "Point", "coordinates": [4097.154619164765, 1896.4959566518664]}}, {"type": "Feature", "properties": {"num": 196, "osm_id": 981511991, "housenumber": null, "area_m2": 114.9, "px_x": 4178.6, "px_y": 1937.6, "clat": 50.060174275508054, "clon": 82.83594083764473}, "geometry": {"type": "Point", "coordinates": [4178.577737629414, 1937.6052202284336]}}, {"type": "Feature", "properties": {"num": 197, "osm_id": 981512185, "housenumber": null, "area_m2": 239.7, "px_x": 1612.2, "px_y": 1990.5, "clat": 50.059991980404206, "clon": 82.82217376789781}, "geometry": {"type": "Point", "coordinates": [1612.209928393364, 1990.5384292677045]}}, {"type": "Feature", "properties": {"num": 198, "osm_id": 981512203, "housenumber": null, "area_m2": 53.7, "px_x": 1956.3, "px_y": 2006.4, "clat": 50.0599372, "clon": 82.82401975}, "geometry": {"type": "Point", "coordinates": [1956.325933508575, 2006.4450299441814]}}, {"type": "Feature", "properties": {"num": 199, "osm_id": 981512202, "housenumber": null, "area_m2": 51.9, "px_x": 1976.1, "px_y": 1968.8, "clat": 50.06006698389229, "clon": 82.82412572758291}, "geometry": {"type": "Point", "coordinates": [1976.0815868377686, 1968.7596168331802]}}, {"type": "Feature", "properties": {"num": 200, "osm_id": 1174022686, "housenumber": null, "area_m2": 191.4, "px_x": 2355.0, "px_y": 1957.2, "clat": 50.06010666111247, "clon": 82.82615847540639}, "geometry": {"type": "Point", "coordinates": [2355.0132458135486, 1957.2385024055839]}}, {"type": "Feature", "properties": {"num": 201, "osm_id": 981200529, "housenumber": null, "area_m2": 79.6, "px_x": 2633.2, "px_y": 1959.0, "clat": 50.06010045, "clon": 82.82765105}, "geometry": {"type": "Point", "coordinates": [2633.2493164092302, 1959.0420300252736]}}, {"type": "Feature", "properties": {"num": 202, "osm_id": 981134332, "housenumber": null, "area_m2": 160.1, "px_x": 2776.9, "px_y": 1998.1, "clat": 50.05996586694455, "clon": 82.82842174651238}, "geometry": {"type": "Point", "coordinates": [2776.9175592809916, 1998.1210038214922]}}, {"type": "Feature", "properties": {"num": 203, "osm_id": 981134331, "housenumber": null, "area_m2": 97.1, "px_x": 2830.0, "px_y": 1992.3, "clat": 50.05998597051062, "clon": 82.82870671944923}, "geometry": {"type": "Point", "coordinates": [2830.0403650105, 1992.2835245653987]}}, {"type": "Feature", "properties": {"num": 204, "osm_id": 981512046, "housenumber": null, "area_m2": 287.9, "px_x": 4037.4, "px_y": 1961.5, "clat": 50.060092040468604, "clon": 82.83518353891976}, "geometry": {"type": "Point", "coordinates": [4037.407023347914, 1961.4839146137238]}}, {"type": "Feature", "properties": {"num": 205, "osm_id": 981512045, "housenumber": null, "area_m2": 278.4, "px_x": 4079.8, "px_y": 1955.9, "clat": 50.06011139071698, "clon": 82.83541111641391}, "geometry": {"type": "Point", "coordinates": [4079.8305430859327, 1955.8651617392898]}}, {"type": "Feature", "properties": {"num": 206, "osm_id": 981512187, "housenumber": null, "area_m2": 34.8, "px_x": 1394.0, "px_y": 2065.9, "clat": 50.05973259673086, "clon": 82.82100308239235}, "geometry": {"type": "Point", "coordinates": [1393.978332914412, 2065.855575531721]}}, {"type": "Feature", "properties": {"num": 207, "osm_id": 981512186, "housenumber": null, "area_m2": 274.0, "px_x": 1533.2, "px_y": 2046.1, "clat": 50.0598005227642, "clon": 82.82175009288628}, "geometry": {"type": "Point", "coordinates": [1533.2311819270253, 2046.1319564059377]}}, {"type": "Feature", "properties": {"num": 208, "osm_id": 981512204, "housenumber": null, "area_m2": 66.1, "px_x": 1894.0, "px_y": 2049.4, "clat": 50.0597891, "clon": 82.82368525}, "geometry": {"type": "Point", "coordinates": [1893.9706140384078, 2049.4487757757306]}}, {"type": "Feature", "properties": {"num": 209, "osm_id": 981200475, "housenumber": null, "area_m2": 94.2, "px_x": 2043.3, "px_y": 2024.1, "clat": 50.05987640218104, "clon": 82.82448631653581}, "geometry": {"type": "Point", "coordinates": [2043.3002396151423, 2024.0988876968622]}}, {"type": "Feature", "properties": {"num": 210, "osm_id": 981200530, "housenumber": null, "area_m2": 95.9, "px_x": 2576.5, "px_y": 2017.3, "clat": 50.059899766585396, "clon": 82.82734649192142}, "geometry": {"type": "Point", "coordinates": [2576.4755756407976, 2017.3145701438189]}}, {"type": "Feature", "properties": {"num": 211, "osm_id": 981134333, "housenumber": null, "area_m2": 126.9, "px_x": 2674.9, "px_y": 2044.5, "clat": 50.05980615, "clon": 82.82787450000001}, "geometry": {"type": "Point", "coordinates": [2674.9034154713154, 2044.4979799315333]}}, {"type": "Feature", "properties": {"num": 212, "osm_id": 981512051, "housenumber": null, "area_m2": 310.8, "px_x": 4010.6, "px_y": 2043.0, "clat": 50.059811164421646, "clon": 82.8350398729586}, "geometry": {"type": "Point", "coordinates": [4010.625747099519, 2043.0419457033277]}}, {"type": "Feature", "properties": {"num": 213, "osm_id": 981512052, "housenumber": null, "area_m2": 272.3, "px_x": 4091.8, "px_y": 2043.0, "clat": 50.0598114, "clon": 82.8354755}, "geometry": {"type": "Point", "coordinates": [4091.8325134292245, 2042.973540969193]}}, {"type": "Feature", "properties": {"num": 214, "osm_id": 981511992, "housenumber": null, "area_m2": 143.8, "px_x": 4196.8, "px_y": 2017.4, "clat": 50.0598996, "clon": 82.83603855}, "geometry": {"type": "Point", "coordinates": [4196.7926408573985, 2017.3629415258765]}}, {"type": "Feature", "properties": {"num": 215, "osm_id": 981512190, "housenumber": null, "area_m2": 105.9, "px_x": 1384.1, "px_y": 2107.5, "clat": 50.059589249999995, "clon": 82.82094995}, "geometry": {"type": "Point", "coordinates": [1384.0737370997667, 2107.478940796107]}}, {"type": "Feature", "properties": {"num": 216, "osm_id": 981512189, "housenumber": null, "area_m2": 296.4, "px_x": 1448.9, "px_y": 2105.7, "clat": 50.05959529716251, "clon": 82.82129744459405}, "geometry": {"type": "Point", "coordinates": [1448.8514244705439, 2105.7230382189155]}}, {"type": "Feature", "properties": {"num": 217, "osm_id": 981512209, "housenumber": null, "area_m2": 29.0, "px_x": 1723.1, "px_y": 2122.2, "clat": 50.05953845, "clon": 82.8227685}, "geometry": {"type": "Point", "coordinates": [1723.0760277360678, 2122.2296272218227]}}, {"type": "Feature", "properties": {"num": 218, "osm_id": 981512207, "housenumber": null, "area_m2": 75.5, "px_x": 1786.9, "px_y": 2126.7, "clat": 50.059523, "clon": 82.8231107}, "geometry": {"type": "Point", "coordinates": [1786.8667312413454, 2126.7158072963357]}}, {"type": "Feature", "properties": {"num": 219, "osm_id": 981512206, "housenumber": null, "area_m2": 59.6, "px_x": 1799.1, "px_y": 2085.7, "clat": 50.05966425542141, "clon": 82.82317631405894}, "geometry": {"type": "Point", "coordinates": [1799.0980783477426, 2085.6997498087585]}}, {"type": "Feature", "properties": {"num": 220, "osm_id": 981512205, "housenumber": null, "area_m2": 34.0, "px_x": 1826.6, "px_y": 2112.8, "clat": 50.05957075318795, "clon": 82.82332376592683}, "geometry": {"type": "Point", "coordinates": [1826.5850987508893, 2112.849822022021]}}, {"type": "Feature", "properties": {"num": 221, "osm_id": 981200476, "housenumber": null, "area_m2": 90.1, "px_x": 1973.6, "px_y": 2078.9, "clat": 50.05968775, "clon": 82.8241124}, "geometry": {"type": "Point", "coordinates": [1973.5971453115344, 2078.8776637539268]}}, {"type": "Feature", "properties": {"num": 222, "osm_id": 1174022680, "housenumber": "34a", "area_m2": 179.1, "px_x": 2190.3, "px_y": 2092.5, "clat": 50.05964097179422, "clon": 82.82527462289573}, "geometry": {"type": "Point", "coordinates": [2190.2511960044503, 2092.4605789259076]}}, {"type": "Feature", "properties": {"num": 223, "osm_id": 981200532, "housenumber": null, "area_m2": 75.6, "px_x": 2427.8, "px_y": 2129.6, "clat": 50.05951315, "clon": 82.82654905}, "geometry": {"type": "Point", "coordinates": [2427.821627162397, 2129.575927823782]}}, {"type": "Feature", "properties": {"num": 224, "osm_id": 981200531, "housenumber": null, "area_m2": 92.5, "px_x": 2492.5, "px_y": 2084.2, "clat": 50.05966940197037, "clon": 82.8268957670037}, "geometry": {"type": "Point", "coordinates": [2492.4543611854315, 2084.20535428077]}}, {"type": "Feature", "properties": {"num": 225, "osm_id": 981134335, "housenumber": null, "area_m2": 101.5, "px_x": 2610.9, "px_y": 2099.6, "clat": 50.059616409927855, "clon": 82.82753116392576}, "geometry": {"type": "Point", "coordinates": [2610.900932379067, 2099.5925647206604]}}, {"type": "Feature", "properties": {"num": 226, "osm_id": 981134334, "housenumber": null, "area_m2": 75.7, "px_x": 2652.1, "px_y": 2102.6, "clat": 50.059606198069936, "clon": 82.82775206564615}, "geometry": {"type": "Point", "coordinates": [2652.079997688532, 2102.5577628090978]}}, {"type": "Feature", "properties": {"num": 227, "osm_id": 981512050, "housenumber": null, "area_m2": 98.2, "px_x": 4011.4, "px_y": 2090.9, "clat": 50.05964645285415, "clon": 82.83504397372222}, "geometry": {"type": "Point", "coordinates": [4011.3901848495007, 2090.86905272305]}}, {"type": "Feature", "properties": {"num": 228, "osm_id": 981512049, "housenumber": null, "area_m2": 85.3, "px_x": 4049.6, "px_y": 2105.4, "clat": 50.05959638742227, "clon": 82.83524900657945}, "geometry": {"type": "Point", "coordinates": [4049.611079648137, 2105.406461633742]}}, {"type": "Feature", "properties": {"num": 229, "osm_id": 981512048, "housenumber": null, "area_m2": 27.4, "px_x": 4087.4, "px_y": 2082.1, "clat": 50.059676550000006, "clon": 82.83545155}, "geometry": {"type": "Point", "coordinates": [4087.367909833789, 2082.129791609943]}}, {"type": "Feature", "properties": {"num": 230, "osm_id": 981512047, "housenumber": null, "area_m2": 33.3, "px_x": 4120.1, "px_y": 2076.6, "clat": 50.059695725127526, "clon": 82.83562736675654}, "geometry": {"type": "Point", "coordinates": [4120.142528727651, 2076.561937004328]}}, {"type": "Feature", "properties": {"num": 231, "osm_id": 981511993, "housenumber": null, "area_m2": 41.4, "px_x": 4163.3, "px_y": 2074.4, "clat": 50.05970322237936, "clon": 82.83585878176865}, "geometry": {"type": "Point", "coordinates": [4163.281413659453, 2074.3849700056016]}}, {"type": "Feature", "properties": {"num": 232, "osm_id": 981512193, "housenumber": null, "area_m2": 41.1, "px_x": 1246.9, "px_y": 2173.0, "clat": 50.0593636, "clon": 82.82021424999999}, "geometry": {"type": "Point", "coordinates": [1246.9293169751763, 2173.0003251731396]}}, {"type": "Feature", "properties": {"num": 233, "osm_id": 981512191, "housenumber": null, "area_m2": 302.9, "px_x": 1368.7, "px_y": 2161.8, "clat": 50.05940206636181, "clon": 82.82086773873586}, "geometry": {"type": "Point", "coordinates": [1368.7484466955066, 2161.8309728056192]}}, {"type": "Feature", "properties": {"num": 234, "osm_id": 981512188, "housenumber": null, "area_m2": 193.4, "px_x": 1435.6, "px_y": 2161.5, "clat": 50.05940332870902, "clon": 82.8212266185413}, "geometry": {"type": "Point", "coordinates": [1435.6484913006425, 2161.4644290059805]}}, {"type": "Feature", "properties": {"num": 235, "osm_id": 981512211, "housenumber": null, "area_m2": 40.6, "px_x": 1692.5, "px_y": 2166.6, "clat": 50.0593855, "clon": 82.8226047}, "geometry": {"type": "Point", "coordinates": [1692.541494615376, 2166.641294501722]}}, {"type": "Feature", "properties": {"num": 236, "osm_id": 981512210, "housenumber": null, "area_m2": 117.8, "px_x": 1744.9, "px_y": 2161.0, "clat": 50.059404799999996, "clon": 82.82288535}, "geometry": {"type": "Point", "coordinates": [1744.8584465011954, 2161.0372148416936]}}, {"type": "Feature", "properties": {"num": 237, "osm_id": 981200477, "housenumber": null, "area_m2": 67.0, "px_x": 1901.3, "px_y": 2134.9, "clat": 50.0594948, "clon": 82.82372480000001}, "geometry": {"type": "Point", "coordinates": [1901.343268416822, 2134.9041710942984]}}, {"type": "Feature", "properties": {"num": 238, "osm_id": 981200479, "housenumber": null, "area_m2": 270.4, "px_x": 2128.4, "px_y": 2144.3, "clat": 50.0594623761902, "clon": 82.82494261820251}, "geometry": {"type": "Point", "coordinates": [2128.3610354289412, 2144.3189860731363]}}, {"type": "Feature", "properties": {"num": 239, "osm_id": 981200481, "housenumber": null, "area_m2": 139.0, "px_x": 2182.5, "px_y": 2178.1, "clat": 50.059346060358735, "clon": 82.82523315463709}, "geometry": {"type": "Point", "coordinates": [2182.520952306688, 2178.0932507887483]}}, {"type": "Feature", "properties": {"num": 240, "osm_id": 981200533, "housenumber": null, "area_m2": 70.1, "px_x": 2363.3, "px_y": 2164.3, "clat": 50.05939366639973, "clon": 82.82620298692025}, "geometry": {"type": "Point", "coordinates": [2363.310793399811, 2164.2700432427227]}}, {"type": "Feature", "properties": {"num": 241, "osm_id": 981134337, "housenumber": null, "area_m2": 91.9, "px_x": 2579.9, "px_y": 2146.3, "clat": 50.05945549782702, "clon": 82.82736507555158}, "geometry": {"type": "Point", "coordinates": [2579.9398153945804, 2146.3162371851504]}}, {"type": "Feature", "properties": {"num": 242, "osm_id": 981134336, "housenumber": null, "area_m2": 40.8, "px_x": 2619.1, "px_y": 2132.5, "clat": 50.059503050000004, "clon": 82.82757515}, "geometry": {"type": "Point", "coordinates": [2619.100530922413, 2132.5086396299303]}}, {"type": "Feature", "properties": {"num": 243, "osm_id": 981512053, "housenumber": null, "area_m2": 101.6, "px_x": 4057.3, "px_y": 2189.2, "clat": 50.059307744644585, "clon": 82.83529020099934}, "geometry": {"type": "Point", "coordinates": [4057.2902761027217, 2189.2188471108675]}}, {"type": "Feature", "properties": {"num": 244, "osm_id": 981512055, "housenumber": null, "area_m2": 248.6, "px_x": 4103.1, "px_y": 2137.0, "clat": 50.05948764787605, "clon": 82.83553611410736}, "geometry": {"type": "Point", "coordinates": [4103.131802000105, 2136.9809147566557]}}, {"type": "Feature", "properties": {"num": 245, "osm_id": 981512054, "housenumber": null, "area_m2": 52.2, "px_x": 4106.7, "px_y": 2187.9, "clat": 50.059312170987965, "clon": 82.83555529920909}, "geometry": {"type": "Point", "coordinates": [4106.708164170384, 2187.9335861317813]}}, {"type": "Feature", "properties": {"num": 246, "osm_id": 981511995, "housenumber": null, "area_m2": 155.7, "px_x": 4208.2, "px_y": 2152.1, "clat": 50.0594355, "clon": 82.8361}, "geometry": {"type": "Point", "coordinates": [4208.247751109302, 2152.122948758304]}}, {"type": "Feature", "properties": {"num": 247, "osm_id": 981512192, "housenumber": null, "area_m2": 81.9, "px_x": 1163.3, "px_y": 2224.6, "clat": 50.05918595, "clon": 82.81976585}, "geometry": {"type": "Point", "coordinates": [1163.3414985984564, 2224.583861671388]}}, {"type": "Feature", "properties": {"num": 248, "osm_id": 981512194, "housenumber": null, "area_m2": 293.0, "px_x": 1288.9, "px_y": 2215.8, "clat": 50.0592163, "clon": 82.8204396}, "geometry": {"type": "Point", "coordinates": [1288.9376017004251, 2215.7712642624974]}}, {"type": "Feature", "properties": {"num": 249, "osm_id": 981512208, "housenumber": null, "area_m2": 67.8, "px_x": 1696.3, "px_y": 2202.4, "clat": 50.05926250146523, "clon": 82.82262475189825}, "geometry": {"type": "Point", "coordinates": [1696.2794393748045, 2202.3559351861477]}}, {"type": "Feature", "properties": {"num": 250, "osm_id": 981200478, "housenumber": null, "area_m2": 83.1, "px_x": 1797.4, "px_y": 2233.2, "clat": 50.0591563, "clon": 82.82316715}, "geometry": {"type": "Point", "coordinates": [1797.3897739425302, 2233.1931977421045]}}, {"type": "Feature", "properties": {"num": 251, "osm_id": 981200480, "housenumber": null, "area_m2": 49.6, "px_x": 2111.4, "px_y": 2218.1, "clat": 50.0592082, "clon": 82.82485150000001}, "geometry": {"type": "Point", "coordinates": [2111.3753713816404, 2218.1232265532017]}}, {"type": "Feature", "properties": {"num": 252, "osm_id": 981200482, "housenumber": null, "area_m2": 278.8, "px_x": 2224.9, "px_y": 2237.6, "clat": 50.05914106578531, "clon": 82.82546036427469}, "geometry": {"type": "Point", "coordinates": [2224.875898614526, 2237.6166855171323]}}, {"type": "Feature", "properties": {"num": 253, "osm_id": 981200535, "housenumber": null, "area_m2": 78.3, "px_x": 2283.3, "px_y": 2217.5, "clat": 50.0592104, "clon": 82.8257738}, "geometry": {"type": "Point", "coordinates": [2283.3045526742935, 2217.484422020614]}}, {"type": "Feature", "properties": {"num": 254, "osm_id": 981200534, "housenumber": null, "area_m2": 55.7, "px_x": 2310.6, "px_y": 2204.1, "clat": 50.0592566, "clon": 82.82592}, "geometry": {"type": "Point", "coordinates": [2310.5582079961896, 2204.069520048797]}}, {"type": "Feature", "properties": {"num": 255, "osm_id": 1174022687, "housenumber": null, "area_m2": 95.7, "px_x": 2476.9, "px_y": 2210.2, "clat": 50.0592356, "clon": 82.8268123}, "geometry": {"type": "Point", "coordinates": [2476.894983969629, 2210.1672043651342]}}, {"type": "Feature", "properties": {"num": 256, "osm_id": 981200596, "housenumber": null, "area_m2": 83.1, "px_x": 2499.2, "px_y": 2245.9, "clat": 50.05911245, "clon": 82.8269317}, "geometry": {"type": "Point", "coordinates": [2499.152757190168, 2245.925713673234]}}, {"type": "Feature", "properties": {"num": 257, "osm_id": 981134338, "housenumber": null, "area_m2": 74.6, "px_x": 2714.9, "px_y": 2249.4, "clat": 50.05910045, "clon": 82.82808925}, "geometry": {"type": "Point", "coordinates": [2714.9357169792056, 2249.410094574094]}}, {"type": "Feature", "properties": {"num": 258, "osm_id": 981511994, "housenumber": null, "area_m2": 37.7, "px_x": 4176.8, "px_y": 2203.0, "clat": 50.05926015, "clon": 82.8359314}, "geometry": {"type": "Point", "coordinates": [4176.818433135748, 2203.038720767945]}}, {"type": "Feature", "properties": {"num": 259, "osm_id": 981512195, "housenumber": null, "area_m2": 281.8, "px_x": 1212.0, "px_y": 2266.5, "clat": 50.05904145034193, "clon": 82.82002698358005}, "geometry": {"type": "Point", "coordinates": [1212.0203261300921, 2266.5415220186114]}}, {"type": "Feature", "properties": {"num": 260, "osm_id": 981512214, "housenumber": null, "area_m2": 36.3, "px_x": 1544.9, "px_y": 2255.0, "clat": 50.059081250000006, "clon": 82.8218129}, "geometry": {"type": "Point", "coordinates": [1544.9392765164375, 2254.9851021915674]}}, {"type": "Feature", "properties": {"num": 261, "osm_id": 981512215, "housenumber": null, "area_m2": 80.1, "px_x": 1559.3, "px_y": 2303.5, "clat": 50.05891406667907, "clon": 82.82188968850902}, "geometry": {"type": "Point", "coordinates": [1559.253692097962, 2303.529189579189]}}, {"type": "Feature", "properties": {"num": 262, "osm_id": 981512213, "housenumber": null, "area_m2": 36.2, "px_x": 1588.1, "px_y": 2280.5, "clat": 50.05899355, "clon": 82.8220446}, "geometry": {"type": "Point", "coordinates": [1588.1312870457768, 2280.450082592666]}}, {"type": "Feature", "properties": {"num": 263, "osm_id": 981512212, "housenumber": null, "area_m2": 63.5, "px_x": 1606.1, "px_y": 2253.7, "clat": 50.05908555, "clon": 82.822141}, "geometry": {"type": "Point", "coordinates": [1606.1015495061874, 2253.736532971263]}}, {"type": "Feature", "properties": {"num": 264, "osm_id": 981200447, "housenumber": null, "area_m2": 216.1, "px_x": 1686.1, "px_y": 2307.0, "clat": 50.058902249999996, "clon": 82.82256995}, "geometry": {"type": "Point", "coordinates": [1686.0636251047254, 2306.9603262990713]}}, {"type": "Feature", "properties": {"num": 265, "osm_id": 981200446, "housenumber": null, "area_m2": 58.3, "px_x": 1722.1, "px_y": 2251.8, "clat": 50.05909218322162, "clon": 82.82276301378363}, "geometry": {"type": "Point", "coordinates": [1722.0533228740096, 2251.810477785766]}}, {"type": "Feature", "properties": {"num": 266, "osm_id": 981200488, "housenumber": null, "area_m2": 138.3, "px_x": 1828.1, "px_y": 2308.5, "clat": 50.058896916000805, "clon": 82.8233318525812}, "geometry": {"type": "Point", "coordinates": [1828.0925603881478, 2308.5091266930103]}}, {"type": "Feature", "properties": {"num": 267, "osm_id": 981200483, "housenumber": null, "area_m2": 73.9, "px_x": 2208.7, "px_y": 2277.4, "clat": 50.05900408292331, "clon": 82.82537345417727}, "geometry": {"type": "Point", "coordinates": [2208.6746822074056, 2277.3916963897645]}}, {"type": "Feature", "properties": {"num": 268, "osm_id": 981200594, "housenumber": null, "area_m2": 59.8, "px_x": 2388.3, "px_y": 2283.9, "clat": 50.05898158287594, "clon": 82.82633705412752}, "geometry": {"type": "Point", "coordinates": [2388.3027322366834, 2283.9249088540673]}}, {"type": "Feature", "properties": {"num": 269, "osm_id": 981200595, "housenumber": null, "area_m2": 55.0, "px_x": 2440.5, "px_y": 2265.8, "clat": 50.05904406590227, "clon": 82.82661688622353}, "geometry": {"type": "Point", "coordinates": [2440.467215768993, 2265.7820556536317]}}, {"type": "Feature", "properties": {"num": 270, "osm_id": 981134339, "housenumber": null, "area_m2": 128.1, "px_x": 2674.1, "px_y": 2282.8, "clat": 50.05898551623306, "clon": 82.82787041036214}, "geometry": {"type": "Point", "coordinates": [2674.1410517171025, 2282.782802246511]}}, {"type": "Feature", "properties": {"num": 271, "osm_id": 981134344, "housenumber": null, "area_m2": 101.8, "px_x": 2852.6, "px_y": 2309.6, "clat": 50.058893302348544, "clon": 82.82882796788529}, "geometry": {"type": "Point", "coordinates": [2852.6427116915584, 2309.5584004819393]}}, {"type": "Feature", "properties": {"num": 272, "osm_id": 981512057, "housenumber": null, "area_m2": 36.3, "px_x": 4079.6, "px_y": 2293.5, "clat": 50.0589486, "clon": 82.83541}, "geometry": {"type": "Point", "coordinates": [4079.622428447008, 2293.5019558668137]}}, {"type": "Feature", "properties": {"num": 273, "osm_id": 981512056, "housenumber": null, "area_m2": 85.7, "px_x": 4123.5, "px_y": 2284.3, "clat": 50.05898035360247, "clon": 82.83564547446782}, "geometry": {"type": "Point", "coordinates": [4123.518050767481, 2284.2818460017443]}}, {"type": "Feature", "properties": {"num": 274, "osm_id": 981511996, "housenumber": null, "area_m2": 21.7, "px_x": 4177.4, "px_y": 2285.4, "clat": 50.058976674848445, "clon": 82.83593470837133}, "geometry": {"type": "Point", "coordinates": [4177.435158252716, 2285.350024841726]}}, {"type": "Feature", "properties": {"num": 275, "osm_id": 981512196, "housenumber": null, "area_m2": 317.1, "px_x": 1120.3, "px_y": 2320.5, "clat": 50.05885551910989, "clon": 82.8195350720667}, "geometry": {"type": "Point", "coordinates": [1120.3213737607002, 2320.529280334711]}}, {"type": "Feature", "properties": {"num": 276, "osm_id": 981512216, "housenumber": null, "area_m2": 103.7, "px_x": 1473.8, "px_y": 2311.5, "clat": 50.05888675468518, "clon": 82.82143145036866}, "geometry": {"type": "Point", "coordinates": [1473.8319114297628, 2311.459604665637]}}, {"type": "Feature", "properties": {"num": 277, "osm_id": 981512218, "housenumber": null, "area_m2": 89.5, "px_x": 1480.9, "px_y": 2353.0, "clat": 50.05874385, "clon": 82.8214696}, "geometry": {"type": "Point", "coordinates": [1480.943518154323, 2352.9538824409246]}}, {"type": "Feature", "properties": {"num": 278, "osm_id": 981512217, "housenumber": null, "area_m2": 68.2, "px_x": 1516.7, "px_y": 2325.9, "clat": 50.058837039241226, "clon": 82.82166140612146}, "geometry": {"type": "Point", "coordinates": [1516.6987707018852, 2325.8951596803963]}}, {"type": "Feature", "properties": {"num": 279, "osm_id": 981200448, "housenumber": null, "area_m2": 182.3, "px_x": 1610.6, "px_y": 2361.9, "clat": 50.05871319666427, "clon": 82.82216521326804}, "geometry": {"type": "Point", "coordinates": [1610.6152298152447, 2361.854470446706]}}, {"type": "Feature", "properties": {"num": 280, "osm_id": 981200484, "housenumber": null, "area_m2": 136.6, "px_x": 2137.0, "px_y": 2327.8, "clat": 50.05883033354571, "clon": 82.82498894911393}, "geometry": {"type": "Point", "coordinates": [2136.997743308544, 2327.8422483876348]}}, {"type": "Feature", "properties": {"num": 281, "osm_id": 981200593, "housenumber": null, "area_m2": 77.2, "px_x": 2382.9, "px_y": 2351.3, "clat": 50.0587496, "clon": 82.8263083}, "geometry": {"type": "Point", "coordinates": [2382.942574366927, 2351.2842957787216]}}, {"type": "Feature", "properties": {"num": 282, "osm_id": 981134340, "housenumber": null, "area_m2": 26.3, "px_x": 2679.2, "px_y": 2324.4, "clat": 50.058842283969035, "clon": 82.8278976076723}, "geometry": {"type": "Point", "coordinates": [2679.210997790098, 2324.3722823634744]}}, {"type": "Feature", "properties": {"num": 283, "osm_id": 981134342, "housenumber": null, "area_m2": 57.1, "px_x": 2708.7, "px_y": 2341.2, "clat": 50.05878423288159, "clon": 82.82805555705376}, "geometry": {"type": "Point", "coordinates": [2708.6548965647817, 2341.2281876951456]}}, {"type": "Feature", "properties": {"num": 284, "osm_id": 981134341, "housenumber": null, "area_m2": 33.7, "px_x": 2738.4, "px_y": 2310.7, "clat": 50.05888935513395, "clon": 82.82821523756581}, "geometry": {"type": "Point", "coordinates": [2738.421501480043, 2310.7045285999775]}}, {"type": "Feature", "properties": {"num": 285, "osm_id": 981512058, "housenumber": null, "area_m2": 87.8, "px_x": 4093.2, "px_y": 2324.6, "clat": 50.05884158812434, "clon": 82.83548280217408}, "geometry": {"type": "Point", "coordinates": [4093.1937373280525, 2324.5743302479386]}}, {"type": "Feature", "properties": {"num": 286, "osm_id": 981511997, "housenumber": null, "area_m2": 62.3, "px_x": 4223.8, "px_y": 2314.2, "clat": 50.0588772257138, "clon": 82.83618345696712}, "geometry": {"type": "Point", "coordinates": [4223.805257372558, 2314.2264722064137]}}, {"type": "Feature", "properties": {"num": 287, "osm_id": 981512197, "housenumber": null, "area_m2": 286.7, "px_x": 1027.1, "px_y": 2395.1, "clat": 50.058598800000006, "clon": 82.81903475}, "geometry": {"type": "Point", "coordinates": [1027.0545806214213, 2395.0709545351565]}}, {"type": "Feature", "properties": {"num": 288, "osm_id": 981512220, "housenumber": null, "area_m2": 50.7, "px_x": 1406.7, "px_y": 2421.6, "clat": 50.058507389568554, "clon": 82.82107118105108}, "geometry": {"type": "Point", "coordinates": [1406.6728429868817, 2421.613045156002]}}, {"type": "Feature", "properties": {"num": 289, "osm_id": 981512219, "housenumber": null, "area_m2": 73.3, "px_x": 1417.4, "px_y": 2392.4, "clat": 50.05860791727991, "clon": 82.82112899082908}, "geometry": {"type": "Point", "coordinates": [1417.4493666887283, 2392.4236426353455]}}, {"type": "Feature", "properties": {"num": 290, "osm_id": 981200449, "housenumber": null, "area_m2": 202.5, "px_x": 1526.4, "px_y": 2424.7, "clat": 50.05849674162881, "clon": 82.82171347317471}, "geometry": {"type": "Point", "coordinates": [1526.404772914946, 2424.704796027392]}}, {"type": "Feature", "properties": {"num": 291, "osm_id": 981200474, "housenumber": null, "area_m2": 274.4, "px_x": 1760.3, "px_y": 2391.3, "clat": 50.05861193502956, "clon": 82.82296794516023}, "geometry": {"type": "Point", "coordinates": [1760.2553003281355, 2391.257040530443]}}, {"type": "Feature", "properties": {"num": 292, "osm_id": 981200487, "housenumber": null, "area_m2": 205.0, "px_x": 1920.8, "px_y": 2421.6, "clat": 50.05850755, "clon": 82.823829}, "geometry": {"type": "Point", "coordinates": [1920.7675562649965, 2421.566462047398]}}, {"type": "Feature", "properties": {"num": 293, "osm_id": 981200485, "housenumber": null, "area_m2": 94.5, "px_x": 2067.0, "px_y": 2379.8, "clat": 50.058651285005176, "clon": 82.8246132636437}, "geometry": {"type": "Point", "coordinates": [2066.9648957252502, 2379.831295005977]}}, {"type": "Feature", "properties": {"num": 294, "osm_id": 981134343, "housenumber": null, "area_m2": 180.3, "px_x": 2743.6, "px_y": 2378.4, "clat": 50.058656054652744, "clon": 82.82824321607637}, "geometry": {"type": "Point", "coordinates": [2743.637073867023, 2378.44636900723]}}, {"type": "Feature", "properties": {"num": 295, "osm_id": 981134345, "housenumber": null, "area_m2": 39.7, "px_x": 2811.8, "px_y": 2393.2, "clat": 50.05860535, "clon": 82.82860889999999}, "geometry": {"type": "Point", "coordinates": [2811.8054980263114, 2393.1690832935274]}}, {"type": "Feature", "properties": {"num": 296, "osm_id": 981511998, "housenumber": null, "area_m2": 86.6, "px_x": 4239.3, "px_y": 2378.0, "clat": 50.0586577, "clon": 82.83626635}, "geometry": {"type": "Point", "coordinates": [4239.257638685405, 2377.9686221033335]}}, {"type": "Feature", "properties": {"num": 297, "osm_id": 981512198, "housenumber": null, "area_m2": 322.8, "px_x": 931.1, "px_y": 2455.4, "clat": 50.058391076951686, "clon": 82.81851984117037}, "geometry": {"type": "Point", "coordinates": [931.0686177909374, 2455.3857041969895]}}, {"type": "Feature", "properties": {"num": 298, "osm_id": 981200452, "housenumber": null, "area_m2": 115.3, "px_x": 1445.2, "px_y": 2482.3, "clat": 50.058298447153014, "clon": 82.82127771404677}, "geometry": {"type": "Point", "coordinates": [1445.173383884132, 2482.2817355953157]}}, {"type": "Feature", "properties": {"num": 299, "osm_id": 981200450, "housenumber": null, "area_m2": 187.3, "px_x": 1551.4, "px_y": 2484.1, "clat": 50.0582923, "clon": 82.8218477}, "geometry": {"type": "Point", "coordinates": [1551.4264667108655, 2484.066623967141]}}, {"type": "Feature", "properties": {"num": 300, "osm_id": 1174022679, "housenumber": "27", "area_m2": 90.7, "px_x": 1987.3, "px_y": 2452.8, "clat": 50.05840003804831, "clon": 82.82418604922407}, "geometry": {"type": "Point", "coordinates": [1987.3263557627797, 2452.783753257245]}}, {"type": "Feature", "properties": {"num": 301, "osm_id": 980751689, "housenumber": null, "area_m2": 383.6, "px_x": 2112.1, "px_y": 2485.5, "clat": 50.05828735728457, "clon": 82.82485558989939}, "geometry": {"type": "Point", "coordinates": [2112.1377838775516, 2485.501791473478]}}, {"type": "Feature", "properties": {"num": 302, "osm_id": 981134347, "housenumber": null, "area_m2": 74.4, "px_x": 2760.9, "px_y": 2459.4, "clat": 50.05837711738881, "clon": 82.82833573709628}, "geometry": {"type": "Point", "coordinates": [2760.8842420354486, 2459.439012683928]}}, {"type": "Feature", "properties": {"num": 303, "osm_id": 981134346, "housenumber": null, "area_m2": 142.3, "px_x": 2766.6, "px_y": 2431.5, "clat": 50.05847336051901, "clon": 82.82836616295526}, "geometry": {"type": "Point", "coordinates": [2766.5560332387686, 2431.49376578629]}}, {"type": "Feature", "properties": {"num": 304, "osm_id": 981512059, "housenumber": null, "area_m2": 44.6, "px_x": 4128.4, "px_y": 2483.7, "clat": 50.05829345, "clon": 82.83567155}, "geometry": {"type": "Point", "coordinates": [4128.378882281482, 2483.7327097915113]}}, {"type": "Feature", "properties": {"num": 305, "osm_id": 981511999, "housenumber": null, "area_m2": 64.1, "px_x": 4209.6, "px_y": 2436.4, "clat": 50.0584565650729, "clon": 82.83610724538254}, "geometry": {"type": "Point", "coordinates": [4209.598388314247, 2436.370511546731]}}, {"type": "Feature", "properties": {"num": 306, "osm_id": 981512199, "housenumber": null, "area_m2": 323.4, "px_x": 832.8, "px_y": 2521.2, "clat": 50.058164428215704, "clon": 82.81799251804225}, "geometry": {"type": "Point", "coordinates": [832.7684619873762, 2521.195444613695]}}, {"type": "Feature", "properties": {"num": 307, "osm_id": 981512223, "housenumber": null, "area_m2": 46.4, "px_x": 1193.9, "px_y": 2547.2, "clat": 50.0580747, "clon": 82.81992964999999}, "geometry": {"type": "Point", "coordinates": [1193.8760317191482, 2547.2488487437367]}}, {"type": "Feature", "properties": {"num": 308, "osm_id": 981512222, "housenumber": null, "area_m2": 118.5, "px_x": 1241.6, "px_y": 2519.9, "clat": 50.058168933485895, "clon": 82.82018551240115}, "geometry": {"type": "Point", "coordinates": [1241.5722402781248, 2519.8872971236706]}}, {"type": "Feature", "properties": {"num": 309, "osm_id": 981512221, "housenumber": null, "area_m2": 89.7, "px_x": 1274.9, "px_y": 2494.2, "clat": 50.05825724893629, "clon": 82.82036441605027}, "geometry": {"type": "Point", "coordinates": [1274.922297656536, 2494.2440522685647]}}, {"type": "Feature", "properties": {"num": 310, "osm_id": 981200454, "housenumber": null, "area_m2": 141.7, "px_x": 1359.6, "px_y": 2545.8, "clat": 50.05807968466358, "clon": 82.8208187633599}, "geometry": {"type": "Point", "coordinates": [1359.6187749132514, 2545.8015075810254]}}, {"type": "Feature", "properties": {"num": 311, "osm_id": 981200453, "housenumber": null, "area_m2": 47.6, "px_x": 1373.5, "px_y": 2495.0, "clat": 50.05825479879669, "clon": 82.82089311588535}, "geometry": {"type": "Point", "coordinates": [1373.479090243578, 2494.955474626273]}}, {"type": "Feature", "properties": {"num": 312, "osm_id": 981200460, "housenumber": null, "area_m2": 102.1, "px_x": 1868.4, "px_y": 2530.3, "clat": 50.05813313831742, "clon": 82.82354813284424}, "geometry": {"type": "Point", "coordinates": [1868.4101236015558, 2530.2807569131255]}}, {"type": "Feature", "properties": {"num": 313, "osm_id": 981134349, "housenumber": null, "area_m2": 61.6, "px_x": 2776.2, "px_y": 2491.5, "clat": 50.05826675, "clon": 82.82841765}, "geometry": {"type": "Point", "coordinates": [2776.153914026916, 2491.485323753208]}}, {"type": "Feature", "properties": {"num": 314, "osm_id": 981134350, "housenumber": null, "area_m2": 41.3, "px_x": 2784.0, "px_y": 2509.3, "clat": 50.058205550000004, "clon": 82.8284596}, "geometry": {"type": "Point", "coordinates": [2783.9739608094096, 2509.2553439699113]}}, {"type": "Feature", "properties": {"num": 315, "osm_id": 981134352, "housenumber": null, "area_m2": 73.0, "px_x": 2788.9, "px_y": 2547.0, "clat": 50.0580756756137, "clon": 82.82848604074873}, "geometry": {"type": "Point", "coordinates": [2788.902873620391, 2546.9655706882477]}}, {"type": "Feature", "properties": {"num": 316, "osm_id": 981134351, "housenumber": null, "area_m2": 137.6, "px_x": 2821.5, "px_y": 2492.9, "clat": 50.058261719706195, "clon": 82.8286611082545}, "geometry": {"type": "Point", "coordinates": [2821.5378220528364, 2492.945919752121]}}, {"type": "Feature", "properties": {"num": 317, "osm_id": 981134348, "housenumber": null, "area_m2": 93.5, "px_x": 2831.3, "px_y": 2540.0, "clat": 50.05809961806444, "clon": 82.82871329757495}, "geometry": {"type": "Point", "coordinates": [2831.266616523266, 2540.013666816056]}}, {"type": "Feature", "properties": {"num": 318, "osm_id": 981512060, "housenumber": null, "area_m2": 90.7, "px_x": 4163.1, "px_y": 2506.3, "clat": 50.058215605396704, "clon": 82.83585782391923}, "geometry": {"type": "Point", "coordinates": [4163.102857589722, 2506.3356624767184]}}, {"type": "Feature", "properties": {"num": 319, "osm_id": 981512200, "housenumber": null, "area_m2": 286.2, "px_x": 737.1, "px_y": 2590.1, "clat": 50.05792696556415, "clon": 82.81747952905866}, "geometry": {"type": "Point", "coordinates": [737.1403843984008, 2590.1447807066143]}}, {"type": "Feature", "properties": {"num": 320, "osm_id": 981512224, "housenumber": null, "area_m2": 70.7, "px_x": 1108.8, "px_y": 2607.4, "clat": 50.0578676, "clon": 82.819473}, "geometry": {"type": "Point", "coordinates": [1108.7503018677235, 2607.382032737136]}}, {"type": "Feature", "properties": {"num": 321, "osm_id": 981200451, "housenumber": null, "area_m2": 146.2, "px_x": 1428.1, "px_y": 2571.1, "clat": 50.05799250582823, "clon": 82.82118596543016}, "geometry": {"type": "Point", "coordinates": [1428.0702021196485, 2571.1146318838]}}, {"type": "Feature", "properties": {"num": 322, "osm_id": 981200461, "housenumber": null, "area_m2": 89.9, "px_x": 1812.9, "px_y": 2573.4, "clat": 50.05798466669508, "clon": 82.8232503997531}, "geometry": {"type": "Point", "coordinates": [1812.9086527079344, 2573.3907893300056]}}, {"type": "Feature", "properties": {"num": 323, "osm_id": 980751688, "housenumber": null, "area_m2": 578.2, "px_x": 2059.9, "px_y": 2588.0, "clat": 50.057934450000005, "clon": 82.8245756}, "geometry": {"type": "Point", "coordinates": [2059.943883664906, 2587.9716151878238]}}, {"type": "Feature", "properties": {"num": 324, "osm_id": 981512201, "housenumber": null, "area_m2": 107.7, "px_x": 719.0, "px_y": 2666.8, "clat": 50.0576628, "clon": 82.8173824}, "geometry": {"type": "Point", "coordinates": [719.0342155322433, 2666.847137607634]}}, {"type": "Feature", "properties": {"num": 325, "osm_id": 981512226, "housenumber": null, "area_m2": 93.3, "px_x": 1047.9, "px_y": 2631.3, "clat": 50.05778525, "clon": 82.8191468}, "geometry": {"type": "Point", "coordinates": [1047.9422145411372, 2631.292958691716]}}, {"type": "Feature", "properties": {"num": 326, "osm_id": 981512225, "housenumber": null, "area_m2": 49.2, "px_x": 1066.4, "px_y": 2654.3, "clat": 50.05770616545998, "clon": 82.81924565358861}, "geometry": {"type": "Point", "coordinates": [1066.369859084487, 2654.255695782602]}}, {"type": "Feature", "properties": {"num": 327, "osm_id": 981200455, "housenumber": null, "area_m2": 175.3, "px_x": 1276.7, "px_y": 2612.1, "clat": 50.05785140170119, "clon": 82.82037399658847}, "geometry": {"type": "Point", "coordinates": [1276.708239428699, 2612.0853307396173]}}, {"type": "Feature", "properties": {"num": 328, "osm_id": 981200462, "housenumber": null, "area_m2": 83.8, "px_x": 1737.1, "px_y": 2628.2, "clat": 50.057795999999996, "clon": 82.82284355}, "geometry": {"type": "Point", "coordinates": [1737.066361747682, 2628.171619746834]}}, {"type": "Feature", "properties": {"num": 329, "osm_id": 981134356, "housenumber": null, "area_m2": 62.9, "px_x": 2892.0, "px_y": 2648.0, "clat": 50.05772755, "clon": 82.8290393}, "geometry": {"type": "Point", "coordinates": [2892.037873201072, 2648.046552054584]}}, {"type": "Feature", "properties": {"num": 330, "osm_id": 981134358, "housenumber": null, "area_m2": 117.9, "px_x": 2937.0, "px_y": 2652.9, "clat": 50.05771083114667, "clon": 82.82928045670229}, "geometry": {"type": "Point", "coordinates": [2936.9927408099174, 2652.9009827896953]}}, {"type": "Feature", "properties": {"num": 331, "osm_id": 981134359, "housenumber": null, "area_m2": 171.8, "px_x": 3006.2, "px_y": 2619.6, "clat": 50.05782535090838, "clon": 82.82965151818017}, "geometry": {"type": "Point", "coordinates": [3006.16361374408, 2619.649371214211]}}, {"type": "Feature", "properties": {"num": 332, "osm_id": 981512068, "housenumber": null, "area_m2": 143.1, "px_x": 4115.3, "px_y": 2643.0, "clat": 50.05774495, "clon": 82.83560130000001}, "geometry": {"type": "Point", "coordinates": [4115.28333312273, 2642.994344048202]}}, {"type": "Feature", "properties": {"num": 333, "osm_id": 981512069, "housenumber": null, "area_m2": 78.9, "px_x": 4159.0, "px_y": 2660.8, "clat": 50.057683673587796, "clon": 82.8358355574145}, "geometry": {"type": "Point", "coordinates": [4158.952080257237, 2660.786357782781]}}, {"type": "Feature", "properties": {"num": 334, "osm_id": 981512227, "housenumber": null, "area_m2": 186.7, "px_x": 972.3, "px_y": 2706.4, "clat": 50.05752665652567, "clon": 82.81874079701129}, "geometry": {"type": "Point", "coordinates": [972.2577718943357, 2706.377202130854]}}, {"type": "Feature", "properties": {"num": 335, "osm_id": 981200456, "housenumber": null, "area_m2": 156.9, "px_x": 1188.6, "px_y": 2671.6, "clat": 50.05764635, "clon": 82.81990114999999}, "geometry": {"type": "Point", "coordinates": [1188.5632466450334, 2671.623498544097]}}, {"type": "Feature", "properties": {"num": 336, "osm_id": 981200465, "housenumber": null, "area_m2": 74.6, "px_x": 1586.4, "px_y": 2725.5, "clat": 50.05746095, "clon": 82.82203510000001}, "geometry": {"type": "Point", "coordinates": [1586.360358685255, 2725.455441083759]}}, {"type": "Feature", "properties": {"num": 337, "osm_id": 981200464, "housenumber": null, "area_m2": 79.5, "px_x": 1652.7, "px_y": 2687.9, "clat": 50.05759013281347, "clon": 82.82239075683191}, "geometry": {"type": "Point", "coordinates": [1652.6595974713564, 2687.9464997835457]}}, {"type": "Feature", "properties": {"num": 338, "osm_id": 981200463, "housenumber": null, "area_m2": 85.3, "px_x": 1684.4, "px_y": 2671.4, "clat": 50.05764718328619, "clon": 82.82256110025013}, "geometry": {"type": "Point", "coordinates": [1684.4139121621847, 2671.381548702717]}}, {"type": "Feature", "properties": {"num": 339, "osm_id": 981134495, "housenumber": null, "area_m2": 494.2, "px_x": 1839.0, "px_y": 2721.5, "clat": 50.057474500000005, "clon": 82.82339035000001}, "geometry": {"type": "Point", "coordinates": [1838.9972696229815, 2721.521128706634]}}, {"type": "Feature", "properties": {"num": 340, "osm_id": 981200603, "housenumber": null, "area_m2": 539.2, "px_x": 2161.1, "px_y": 2705.2, "clat": 50.05753085, "clon": 82.825118}, "geometry": {"type": "Point", "coordinates": [2161.054572083056, 2705.1596036851406]}}, {"type": "Feature", "properties": {"num": 341, "osm_id": 981200598, "housenumber": null, "area_m2": 182.3, "px_x": 2677.1, "px_y": 2726.7, "clat": 50.05745674036652, "clon": 82.82788638052463}, "geometry": {"type": "Point", "coordinates": [2677.1181057840586, 2726.677729651332]}}, {"type": "Feature", "properties": {"num": 342, "osm_id": 981200597, "housenumber": null, "area_m2": 124.6, "px_x": 2740.2, "px_y": 2725.2, "clat": 50.05746189452342, "clon": 82.8282245783518}, "geometry": {"type": "Point", "coordinates": [2740.1627501919866, 2725.1811938732862]}}, {"type": "Feature", "properties": {"num": 343, "osm_id": 981134354, "housenumber": null, "area_m2": 76.9, "px_x": 2813.6, "px_y": 2683.2, "clat": 50.0576065930119, "clon": 82.82861832712325}, "geometry": {"type": "Point", "coordinates": [2813.562841169536, 2683.1671832688153]}}, {"type": "Feature", "properties": {"num": 344, "osm_id": 981134353, "housenumber": null, "area_m2": 49.2, "px_x": 2833.3, "px_y": 2711.5, "clat": 50.0575089, "clon": 82.828724}, "geometry": {"type": "Point", "coordinates": [2833.261693149805, 2711.53290630877]}}, {"type": "Feature", "properties": {"num": 345, "osm_id": 981134355, "housenumber": null, "area_m2": 113.9, "px_x": 2877.4, "px_y": 2693.2, "clat": 50.05757201447879, "clon": 82.82896097171005}, "geometry": {"type": "Point", "coordinates": [2877.436421662569, 2693.207264121622]}}, {"type": "Feature", "properties": {"num": 346, "osm_id": 981134357, "housenumber": null, "area_m2": 57.1, "px_x": 2909.2, "px_y": 2682.9, "clat": 50.057607600000004, "clon": 82.82913135000001}, "geometry": {"type": "Point", "coordinates": [2909.1972369104624, 2682.874798230827]}}, {"type": "Feature", "properties": {"num": 347, "osm_id": 981134360, "housenumber": null, "area_m2": 123.5, "px_x": 3013.9, "px_y": 2680.8, "clat": 50.05761485, "clon": 82.82969295}, "geometry": {"type": "Point", "coordinates": [3013.8870647400618, 2680.7697170451283]}}, {"type": "Feature", "properties": {"num": 348, "osm_id": 981134361, "housenumber": null, "area_m2": 97.3, "px_x": 3031.8, "px_y": 2729.1, "clat": 50.05744856863914, "clon": 82.82978889459443}, "geometry": {"type": "Point", "coordinates": [3031.77243347466, 2729.050432089716]}}, {"type": "Feature", "properties": {"num": 349, "osm_id": 981512228, "housenumber": null, "area_m2": 190.9, "px_x": 903.7, "px_y": 2756.2, "clat": 50.05735491693394, "clon": 82.81837299263415}, "geometry": {"type": "Point", "coordinates": [903.6940665543079, 2756.242650270462]}}, {"type": "Feature", "properties": {"num": 350, "osm_id": 981200458, "housenumber": null, "area_m2": 159.7, "px_x": 1030.6, "px_y": 2787.5, "clat": 50.0572471364559, "clon": 82.81905382902727}, "geometry": {"type": "Point", "coordinates": [1030.6111690849066, 2787.5371591821313]}}, {"type": "Feature", "properties": {"num": 351, "osm_id": 981200457, "housenumber": null, "area_m2": 188.5, "px_x": 1107.0, "px_y": 2735.7, "clat": 50.05742557263376, "clon": 82.81946357206606}, "geometry": {"type": "Point", "coordinates": [1106.992807596922, 2735.727436579764]}}, {"type": "Feature", "properties": {"num": 352, "osm_id": 981200466, "housenumber": null, "area_m2": 77.7, "px_x": 1516.4, "px_y": 2766.4, "clat": 50.05731991727143, "clon": 82.82165999417535}, "geometry": {"type": "Point", "coordinates": [1516.4355648681521, 2766.404955178499]}}, {"type": "Feature", "properties": {"num": 353, "osm_id": 981134496, "housenumber": null, "area_m2": 43.7, "px_x": 1753.6, "px_y": 2756.4, "clat": 50.05735434949292, "clon": 82.8229323830913}, "geometry": {"type": "Point", "coordinates": [1753.626050196588, 2756.407409310341]}}, {"type": "Feature", "properties": {"num": 354, "osm_id": 981200600, "housenumber": null, "area_m2": 71.0, "px_x": 2534.4, "px_y": 2768.1, "clat": 50.05731419507619, "clon": 82.82712092609911}, "geometry": {"type": "Point", "coordinates": [2534.4270587190986, 2768.0664188601077]}}, {"type": "Feature", "properties": {"num": 355, "osm_id": 981200599, "housenumber": null, "area_m2": 102.7, "px_x": 2630.3, "px_y": 2747.3, "clat": 50.05738582848089, "clon": 82.82763516008633}, "geometry": {"type": "Point", "coordinates": [2630.287221811712, 2747.267341412604]}}, {"type": "Feature", "properties": {"num": 356, "osm_id": 981134362, "housenumber": null, "area_m2": 54.4, "px_x": 3044.2, "px_y": 2758.5, "clat": 50.05734725, "clon": 82.82985550000001}, "geometry": {"type": "Point", "coordinates": [3044.188580982387, 2758.468778669834]}}, {"type": "Feature", "properties": {"num": 357, "osm_id": 981134363, "housenumber": null, "area_m2": 70.4, "px_x": 3067.4, "px_y": 2788.8, "clat": 50.057242617909296, "clon": 82.82997981112642}, "geometry": {"type": "Point", "coordinates": [3067.3618545234203, 2788.8491363935173]}}, {"type": "Feature", "properties": {"num": 358, "osm_id": 981512070, "housenumber": null, "area_m2": 49.2, "px_x": 4131.7, "px_y": 2773.7, "clat": 50.05729468317971, "clon": 82.83568923344474}, "geometry": {"type": "Point", "coordinates": [4131.67531529814, 2773.731779348105]}}, {"type": "Feature", "properties": {"num": 359, "osm_id": 981512229, "housenumber": null, "area_m2": 193.9, "px_x": 831.1, "px_y": 2804.2, "clat": 50.057189870022654, "clon": 82.81798348803994}, "geometry": {"type": "Point", "coordinates": [831.0851475521922, 2804.164677031338]}}, {"type": "Feature", "properties": {"num": 360, "osm_id": 981200470, "housenumber": null, "area_m2": 194.0, "px_x": 1303.0, "px_y": 2842.1, "clat": 50.057059264610054, "clon": 82.82051504746282}, "geometry": {"type": "Point", "coordinates": [1303.0020281597972, 2842.0863609090447]}}, {"type": "Feature", "properties": {"num": 361, "osm_id": 981200469, "housenumber": null, "area_m2": 214.1, "px_x": 1349.6, "px_y": 2833.6, "clat": 50.0570886, "clon": 82.82076485}, "geometry": {"type": "Point", "coordinates": [1349.5685961917043, 2833.5687490552664]}}, {"type": "Feature", "properties": {"num": 362, "osm_id": 981200468, "housenumber": null, "area_m2": 103.5, "px_x": 1422.0, "px_y": 2800.5, "clat": 50.05720233019606, "clon": 82.82115335654649}, "geometry": {"type": "Point", "coordinates": [1421.991465613246, 2800.5468219071627]}}, {"type": "Feature", "properties": {"num": 363, "osm_id": 981200467, "housenumber": null, "area_m2": 108.5, "px_x": 1461.8, "px_y": 2800.5, "clat": 50.05720233193833, "clon": 82.82136681182322}, "geometry": {"type": "Point", "coordinates": [1461.7824132144451, 2800.546316035092]}}, {"type": "Feature", "properties": {"num": 364, "osm_id": 981134497, "housenumber": null, "area_m2": 96.2, "px_x": 1655.6, "px_y": 2831.2, "clat": 50.05709664849004, "clon": 82.82240676368912}, "geometry": {"type": "Point", "coordinates": [1655.643491923809, 2831.2318467386067]}}, {"type": "Feature", "properties": {"num": 365, "osm_id": 981200604, "housenumber": null, "area_m2": 114.5, "px_x": 2109.1, "px_y": 2816.8, "clat": 50.05714635, "clon": 82.8248392}, "geometry": {"type": "Point", "coordinates": [2109.082485191524, 2816.8008611425757]}}, {"type": "Feature", "properties": {"num": 366, "osm_id": 981200602, "housenumber": null, "area_m2": 87.5, "px_x": 2292.3, "px_y": 2806.5, "clat": 50.05718195, "clon": 82.82582215}, "geometry": {"type": "Point", "coordinates": [2292.317645944655, 2806.464282952249]}}, {"type": "Feature", "properties": {"num": 367, "osm_id": 981200601, "housenumber": null, "area_m2": 70.4, "px_x": 2368.2, "px_y": 2794.2, "clat": 50.057224149999996, "clon": 82.82622935}, "geometry": {"type": "Point", "coordinates": [2368.225227661431, 2794.211362913251]}}, {"type": "Feature", "properties": {"num": 368, "osm_id": 981200592, "housenumber": null, "area_m2": 80.6, "px_x": 2755.2, "px_y": 2792.6, "clat": 50.057229650000004, "clon": 82.82830545}, "geometry": {"type": "Point", "coordinates": [2755.2383180856705, 2792.6144175603986]}}, {"type": "Feature", "properties": {"num": 369, "osm_id": 981134365, "housenumber": null, "area_m2": 66.8, "px_x": 3097.7, "px_y": 2846.5, "clat": 50.057044049999995, "clon": 82.8301428}, "geometry": {"type": "Point", "coordinates": [3097.7451827153563, 2846.5039630942047]}}, {"type": "Feature", "properties": {"num": 370, "osm_id": 981512071, "housenumber": null, "area_m2": 122.1, "px_x": 4074.3, "px_y": 2847.5, "clat": 50.05704045007944, "clon": 82.83538167463942}, "geometry": {"type": "Point", "coordinates": [4074.342198520899, 2847.549209319055]}}, {"type": "Feature", "properties": {"num": 371, "osm_id": 981512230, "housenumber": null, "area_m2": 155.9, "px_x": 753.8, "px_y": 2856.8, "clat": 50.05700871162473, "clon": 82.81756863423533}, "geometry": {"type": "Point", "coordinates": [753.7507932335138, 2856.76454821229]}}, {"type": "Feature", "properties": {"num": 372, "osm_id": 981200459, "housenumber": null, "area_m2": 123.4, "px_x": 909.3, "px_y": 2889.2, "clat": 50.05689713594408, "clon": 82.81840314339229}, "geometry": {"type": "Point", "coordinates": [909.314575240016, 2889.1607748940587]}}, {"type": "Feature", "properties": {"num": 373, "osm_id": 981200473, "housenumber": null, "area_m2": 224.5, "px_x": 1074.3, "px_y": 2879.3, "clat": 50.05693101632282, "clon": 82.8192881140123}, "geometry": {"type": "Point", "coordinates": [1074.2850557416677, 2879.3235457204282]}}, {"type": "Feature", "properties": {"num": 374, "osm_id": 981200472, "housenumber": null, "area_m2": 37.8, "px_x": 1143.9, "px_y": 2896.7, "clat": 50.05687105, "clon": 82.8196615}, "geometry": {"type": "Point", "coordinates": [1143.889248713851, 2896.7348711565137]}}, {"type": "Feature", "properties": {"num": 375, "osm_id": 981200471, "housenumber": null, "area_m2": 161.0, "px_x": 1208.9, "px_y": 2870.0, "clat": 50.056962957748645, "clon": 82.82001034132632}, "geometry": {"type": "Point", "coordinates": [1208.9179851710796, 2870.049288660288]}}, {"type": "Feature", "properties": {"num": 376, "osm_id": 981134480, "housenumber": null, "area_m2": 165.8, "px_x": 1507.1, "px_y": 2905.1, "clat": 50.05684213412402, "clon": 82.8216097750137}, "geometry": {"type": "Point", "coordinates": [1507.0740346238017, 2905.1306379288435]}}, {"type": "Feature", "properties": {"num": 377, "osm_id": 981134498, "housenumber": null, "area_m2": 129.5, "px_x": 1701.1, "px_y": 2905.3, "clat": 50.056841421610635, "clon": 82.8226506567671}, "geometry": {"type": "Point", "coordinates": [1701.1084569320083, 2905.3375171646476]}}, {"type": "Feature", "properties": {"num": 378, "osm_id": 981134493, "housenumber": null, "area_m2": 51.7, "px_x": 1800.4, "px_y": 2905.8, "clat": 50.05683966250926, "clon": 82.82318335216128}, "geometry": {"type": "Point", "coordinates": [1800.4100757092237, 2905.8482746444643]}}, {"type": "Feature", "properties": {"num": 379, "osm_id": 981134494, "housenumber": null, "area_m2": 53.6, "px_x": 1879.0, "px_y": 2868.4, "clat": 50.0569688, "clon": 82.8236047}, "geometry": {"type": "Point", "coordinates": [1878.9550057277083, 2868.352978594601]}}, {"type": "Feature", "properties": {"num": 380, "osm_id": 981134381, "housenumber": null, "area_m2": 75.0, "px_x": 2205.9, "px_y": 2887.3, "clat": 50.0569036, "clon": 82.82535865}, "geometry": {"type": "Point", "coordinates": [2205.9149835407734, 2887.283925116062]}}, {"type": "Feature", "properties": {"num": 381, "osm_id": 981134382, "housenumber": null, "area_m2": 70.4, "px_x": 2295.5, "px_y": 2879.0, "clat": 50.0569323, "clon": 82.82583939999999}, "geometry": {"type": "Point", "coordinates": [2295.5332790091634, 2878.950827591121]}}, {"type": "Feature", "properties": {"num": 382, "osm_id": 981134383, "housenumber": null, "area_m2": 78.5, "px_x": 2345.4, "px_y": 2862.9, "clat": 50.05698774191969, "clon": 82.82610702910102}, "geometry": {"type": "Point", "coordinates": [2345.4229594022036, 2862.8531506322324]}}, {"type": "Feature", "properties": {"num": 383, "osm_id": 981200581, "housenumber": null, "area_m2": 35.3, "px_x": 2499.8, "px_y": 2877.5, "clat": 50.0569374, "clon": 82.8269353}, "geometry": {"type": "Point", "coordinates": [2499.82384583354, 2877.470032736659]}}, {"type": "Feature", "properties": {"num": 384, "osm_id": 981200582, "housenumber": null, "area_m2": 77.8, "px_x": 2521.9, "px_y": 2850.1, "clat": 50.0570318, "clon": 82.8270539}, "geometry": {"type": "Point", "coordinates": [2521.932488247752, 2850.060781903565]}}, {"type": "Feature", "properties": {"num": 385, "osm_id": 981200591, "housenumber": null, "area_m2": 89.9, "px_x": 2799.4, "px_y": 2856.1, "clat": 50.05701085, "clon": 82.8285424}, "geometry": {"type": "Point", "coordinates": [2799.4089995399117, 2856.1436658501625]}}, {"type": "Feature", "properties": {"num": 386, "osm_id": 981200590, "housenumber": null, "area_m2": 75.4, "px_x": 2854.7, "px_y": 2901.7, "clat": 50.05685385, "clon": 82.82883925}, "geometry": {"type": "Point", "coordinates": [2854.7458503097296, 2901.7289168536663]}}, {"type": "Feature", "properties": {"num": 387, "osm_id": 981134482, "housenumber": null, "area_m2": 162.6, "px_x": 1316.2, "px_y": 2966.1, "clat": 50.05663202424285, "clon": 82.82058571720113}, "geometry": {"type": "Point", "coordinates": [1316.1758222058415, 2966.1361964717507]}}, {"type": "Feature", "properties": {"num": 388, "osm_id": 981134481, "housenumber": null, "area_m2": 113.8, "px_x": 1390.2, "px_y": 2957.2, "clat": 50.05666287490262, "clon": 82.82098293856727}, "geometry": {"type": "Point", "coordinates": [1390.2232517525554, 2957.1787014491856]}}, {"type": "Feature", "properties": {"num": 389, "osm_id": 981134492, "housenumber": null, "area_m2": 103.2, "px_x": 1760.8, "px_y": 2910.6, "clat": 50.05682339651414, "clon": 82.82297102859901}, "geometry": {"type": "Point", "coordinates": [1760.8300949707627, 2910.571127589792]}}, {"type": "Feature", "properties": {"num": 390, "osm_id": 1378995761, "housenumber": null, "area_m2": 33.4, "px_x": 1774.8, "px_y": 2964.0, "clat": 50.056639249999996, "clon": 82.82304615}, "geometry": {"type": "Point", "coordinates": [1774.8337390869856, 2964.0381970070302]}}, {"type": "Feature", "properties": {"num": 391, "osm_id": 1378995762, "housenumber": null, "area_m2": 53.2, "px_x": 1821.6, "px_y": 2951.1, "clat": 50.056683799999995, "clon": 82.82329684999999}, "geometry": {"type": "Point", "coordinates": [1821.567606329918, 2951.103092107922]}}, {"type": "Feature", "properties": {"num": 392, "osm_id": 1378995759, "housenumber": null, "area_m2": 31.7, "px_x": 1883.2, "px_y": 2937.0, "clat": 50.05673227150548, "clon": 82.82362733508708}, "geometry": {"type": "Point", "coordinates": [1883.174491778016, 2937.0293633565307]}}, {"type": "Feature", "properties": {"num": 393, "osm_id": 981134378, "housenumber": null, "area_m2": 233.7, "px_x": 2013.3, "px_y": 2932.1, "clat": 50.056749200154464, "clon": 82.82432529789922}, "geometry": {"type": "Point", "coordinates": [2013.284190222621, 2932.11411729455]}}, {"type": "Feature", "properties": {"num": 394, "osm_id": 981134379, "housenumber": null, "area_m2": 78.9, "px_x": 2060.3, "px_y": 2920.8, "clat": 50.056788, "clon": 82.82457765000001}, "geometry": {"type": "Point", "coordinates": [2060.3260313645005, 2920.848546203226]}}, {"type": "Feature", "properties": {"num": 395, "osm_id": 981134380, "housenumber": null, "area_m2": 44.6, "px_x": 2136.1, "px_y": 2926.6, "clat": 50.056768250000005, "clon": 82.82498389999999}, "geometry": {"type": "Point", "coordinates": [2136.05652025342, 2926.582978133112]}}, {"type": "Feature", "properties": {"num": 396, "osm_id": 981200589, "housenumber": null, "area_m2": 84.1, "px_x": 2913.6, "px_y": 2958.9, "clat": 50.056656986821054, "clon": 82.82915485284452}, "geometry": {"type": "Point", "coordinates": [2913.5784846693277, 2958.8883075118065]}}, {"type": "Feature", "properties": {"num": 397, "osm_id": 981134366, "housenumber": null, "area_m2": 62.9, "px_x": 3190.9, "px_y": 2922.0, "clat": 50.056784132975984, "clon": 82.83064254361233}, "geometry": {"type": "Point", "coordinates": [3190.904144152999, 2921.9713406190276]}}, {"type": "Feature", "properties": {"num": 398, "osm_id": 981512072, "housenumber": null, "area_m2": 60.0, "px_x": 4081.3, "px_y": 2912.4, "clat": 50.05681724152487, "clon": 82.83541897301623}, "geometry": {"type": "Point", "coordinates": [4081.295119896531, 2912.358236350119]}}, {"type": "Feature", "properties": {"num": 399, "osm_id": 981512073, "housenumber": null, "area_m2": 93.7, "px_x": 4108.3, "px_y": 2944.3, "clat": 50.05670715, "clon": 82.83556365}, "geometry": {"type": "Point", "coordinates": [4108.264864422381, 2944.3234083093703]}}, {"type": "Feature", "properties": {"num": 400, "osm_id": 981134489, "housenumber": null, "area_m2": 135.7, "px_x": 821.1, "px_y": 3004.3, "clat": 50.05650062673085, "clon": 82.81792974754455}, "geometry": {"type": "Point", "coordinates": [821.0671931132674, 3004.2874249592423]}}, {"type": "Feature", "properties": {"num": 401, "osm_id": 981134485, "housenumber": null, "area_m2": 161.8, "px_x": 944.2, "px_y": 2997.6, "clat": 50.05652372083407, "clon": 82.81859028668141}, "geometry": {"type": "Point", "coordinates": [944.2006128430367, 2997.5820665359497]}}, {"type": "Feature", "properties": {"num": 402, "osm_id": 981134484, "housenumber": null, "area_m2": 149.7, "px_x": 1091.4, "px_y": 2985.3, "clat": 50.05656587891759, "clon": 82.819379877877}, "geometry": {"type": "Point", "coordinates": [1091.391079954803, 2985.341485030949]}}, {"type": "Feature", "properties": {"num": 403, "osm_id": 981134483, "housenumber": null, "area_m2": 198.2, "px_x": 1218.4, "px_y": 2978.1, "clat": 50.05659086388605, "clon": 82.82006094695438}, "geometry": {"type": "Point", "coordinates": [1218.3515579849482, 2978.087105050683]}}, {"type": "Feature", "properties": {"num": 404, "osm_id": 981134499, "housenumber": null, "area_m2": 208.6, "px_x": 1682.8, "px_y": 2985.2, "clat": 50.056566480750874, "clon": 82.82255256192474}, "geometry": {"type": "Point", "coordinates": [1682.8222529441118, 2985.1667429096997]}}, {"type": "Feature", "properties": {"num": 405, "osm_id": 981134491, "housenumber": null, "area_m2": 107.3, "px_x": 1726.1, "px_y": 2981.6, "clat": 50.056578849999994, "clon": 82.8227848}, "geometry": {"type": "Point", "coordinates": [1726.114567965269, 2981.575334638357]}}, {"type": "Feature", "properties": {"num": 406, "osm_id": 1378995760, "housenumber": null, "area_m2": 45.8, "px_x": 1758.2, "px_y": 2998.3, "clat": 50.0565214, "clon": 82.82295715}, "geometry": {"type": "Point", "coordinates": [1758.242936603725, 2998.2559193968773]}}, {"type": "Feature", "properties": {"num": 407, "osm_id": 1378995763, "housenumber": null, "area_m2": 72.0, "px_x": 1812.0, "px_y": 2984.9, "clat": 50.05656725, "clon": 82.82324565}, "geometry": {"type": "Point", "coordinates": [1812.0232345610857, 2984.9433916546404]}}, {"type": "Feature", "properties": {"num": 408, "osm_id": 981134490, "housenumber": null, "area_m2": 153.0, "px_x": 1861.9, "px_y": 2979.0, "clat": 50.05658787162497, "clon": 82.82351343744176}, "geometry": {"type": "Point", "coordinates": [1861.942431807518, 2978.9559075832367]}}, {"type": "Feature", "properties": {"num": 409, "osm_id": 981134384, "housenumber": null, "area_m2": 29.7, "px_x": 2381.0, "px_y": 3016.3, "clat": 50.056459100000005, "clon": 82.82629785}, "geometry": {"type": "Point", "coordinates": [2380.9945531710982, 3016.344677168876]}}, {"type": "Feature", "properties": {"num": 410, "osm_id": 981200580, "housenumber": null, "area_m2": 402.1, "px_x": 2467.5, "px_y": 2970.6, "clat": 50.05661652819119, "clon": 82.82676214566355}, "geometry": {"type": "Point", "coordinates": [2467.5455380156636, 2970.6354758925736]}}, {"type": "Feature", "properties": {"num": 411, "osm_id": 981200572, "housenumber": null, "area_m2": 508.7, "px_x": 2748.1, "px_y": 3000.9, "clat": 50.056512402821184, "clon": 82.82826709013555}, "geometry": {"type": "Point", "coordinates": [2748.087521068752, 3000.8682449012995]}}, {"type": "Feature", "properties": {"num": 412, "osm_id": 981200588, "housenumber": null, "area_m2": 76.3, "px_x": 2944.1, "px_y": 3015.9, "clat": 50.056460547314074, "clon": 82.82931878462568}, "geometry": {"type": "Point", "coordinates": [2944.1375835835934, 3015.92445088923]}}, {"type": "Feature", "properties": {"num": 413, "osm_id": 981134488, "housenumber": null, "area_m2": 65.0, "px_x": 771.7, "px_y": 3050.2, "clat": 50.056342626755985, "clon": 82.81766490590007}, "geometry": {"type": "Point", "coordinates": [771.6971322819591, 3050.1625322662294]}}, {"type": "Feature", "properties": {"num": 414, "osm_id": 981134487, "housenumber": null, "area_m2": 67.1, "px_x": 843.9, "px_y": 3047.3, "clat": 50.05635265, "clon": 82.8180521}, "geometry": {"type": "Point", "coordinates": [843.8753439262509, 3047.2522996142507]}}, {"type": "Feature", "properties": {"num": 415, "osm_id": 981134468, "housenumber": null, "area_m2": 241.9, "px_x": 1516.7, "px_y": 3072.7, "clat": 50.05626515, "clon": 82.8216614}, "geometry": {"type": "Point", "coordinates": [1516.6976295784116, 3072.657762259245]}}, {"type": "Feature", "properties": {"num": 416, "osm_id": 981200579, "housenumber": null, "area_m2": 200.5, "px_x": 2549.1, "px_y": 3077.2, "clat": 50.05624935, "clon": 82.8271999}, "geometry": {"type": "Point", "coordinates": [2549.1488608643413, 3077.2452580034733]}}, {"type": "Feature", "properties": {"num": 417, "osm_id": 981200573, "housenumber": null, "area_m2": 406.5, "px_x": 2832.4, "px_y": 3087.1, "clat": 50.0562152859413, "clon": 82.82871951457898}, "geometry": {"type": "Point", "coordinates": [2832.425550080836, 3087.1356784552336]}}, {"type": "Feature", "properties": {"num": 418, "osm_id": 981200571, "housenumber": null, "area_m2": 108.5, "px_x": 2905.6, "px_y": 3055.1, "clat": 50.0563257643266, "clon": 82.82911184875695}, "geometry": {"type": "Point", "coordinates": [2905.5619417205453, 3055.0585099346936]}}, {"type": "Feature", "properties": {"num": 419, "osm_id": 981200587, "housenumber": null, "area_m2": 36.2, "px_x": 2983.1, "px_y": 3031.2, "clat": 50.05640795, "clon": 82.82952800000001}, "geometry": {"type": "Point", "coordinates": [2983.1381560862064, 3031.1960233338177]}}, {"type": "Feature", "properties": {"num": 420, "osm_id": 981200586, "housenumber": null, "area_m2": 65.1, "px_x": 3034.3, "px_y": 3077.6, "clat": 50.05624796648544, "clon": 82.82980255472663}, "geometry": {"type": "Point", "coordinates": [3034.318866662681, 3077.646958388388]}}, {"type": "Feature", "properties": {"num": 421, "osm_id": 981134486, "housenumber": null, "area_m2": 120.0, "px_x": 804.3, "px_y": 3096.4, "clat": 50.05618327753452, "clon": 82.81783965697525}, "geometry": {"type": "Point", "coordinates": [804.2730937749147, 3096.429238740355]}}, {"type": "Feature", "properties": {"num": 422, "osm_id": 981200578, "housenumber": null, "area_m2": 149.6, "px_x": 2656.3, "px_y": 3132.1, "clat": 50.05606041288712, "clon": 82.82777468853374}, "geometry": {"type": "Point", "coordinates": [2656.2972095906734, 3132.102622061968]}}, {"type": "Feature", "properties": {"num": 423, "osm_id": 981200570, "housenumber": null, "area_m2": 154.6, "px_x": 2924.8, "px_y": 3112.1, "clat": 50.05612926682817, "clon": 82.82921490926454}, "geometry": {"type": "Point", "coordinates": [2924.7738127931952, 3112.111097227782]}}, {"type": "Feature", "properties": {"num": 424, "osm_id": 981200569, "housenumber": null, "area_m2": 150.4, "px_x": 2967.8, "px_y": 3136.5, "clat": 50.05604529552711, "clon": 82.82944546630031}, "geometry": {"type": "Point", "coordinates": [2967.7527593374252, 3136.4918960630894]}}, {"type": "Feature", "properties": {"num": 425, "osm_id": 981200585, "housenumber": null, "area_m2": 55.1, "px_x": 3079.5, "px_y": 3106.5, "clat": 50.05614874841632, "clon": 82.83004511702482}, "geometry": {"type": "Point", "coordinates": [3079.535756342113, 3106.45467428118]}}, {"type": "Feature", "properties": {"num": 426, "osm_id": 981200584, "housenumber": null, "area_m2": 69.0, "px_x": 3128.1, "px_y": 3131.5, "clat": 50.0560625, "clon": 82.8303057}, "geometry": {"type": "Point", "coordinates": [3128.1119436770678, 3131.4966358318925]}}, {"type": "Feature", "properties": {"num": 427, "osm_id": 981134479, "housenumber": null, "area_m2": 76.5, "px_x": 885.5, "px_y": 3183.8, "clat": 50.05588245, "clon": 82.81827525}, "geometry": {"type": "Point", "coordinates": [885.4735189303756, 3183.773452706635]}}, {"type": "Feature", "properties": {"num": 428, "osm_id": 981134478, "housenumber": null, "area_m2": 50.4, "px_x": 1026.7, "px_y": 3188.2, "clat": 50.05586714574713, "clon": 82.81903277602783}, "geometry": {"type": "Point", "coordinates": [1026.6866055354476, 3188.2169739231467]}}, {"type": "Feature", "properties": {"num": 429, "osm_id": 981134477, "housenumber": null, "area_m2": 57.5, "px_x": 1078.4, "px_y": 3190.3, "clat": 50.05586007488992, "clon": 82.8193100624779}, "geometry": {"type": "Point", "coordinates": [1078.376546278596, 3190.2699651420116]}}, {"type": "Feature", "properties": {"num": 430, "osm_id": 981134476, "housenumber": null, "area_m2": 66.4, "px_x": 1135.9, "px_y": 3191.7, "clat": 50.05585523121557, "clon": 82.8196184637561}, "geometry": {"type": "Point", "coordinates": [1135.8667113855481, 3191.6763037741184]}}, {"type": "Feature", "properties": {"num": 431, "osm_id": 981134475, "housenumber": null, "area_m2": 47.2, "px_x": 1138.1, "px_y": 3157.5, "clat": 50.05597295, "clon": 82.81963055}, "geometry": {"type": "Point", "coordinates": [1138.1197505444288, 3157.4971543885767]}}, {"type": "Feature", "properties": {"num": 432, "osm_id": 1174022676, "housenumber": "11", "area_m2": 98.0, "px_x": 1209.4, "px_y": 3205.9, "clat": 50.055806106224196, "clon": 82.82001301210089}, "geometry": {"type": "Point", "coordinates": [1209.4158536344767, 3205.9395117089152]}}, {"type": "Feature", "properties": {"num": 433, "osm_id": 981134474, "housenumber": null, "area_m2": 60.1, "px_x": 1294.1, "px_y": 3157.9, "clat": 50.05597155, "clon": 82.8204674}, "geometry": {"type": "Point", "coordinates": [1294.119897313416, 3157.9036389365792]}}, {"type": "Feature", "properties": {"num": 434, "osm_id": 981134472, "housenumber": null, "area_m2": 118.7, "px_x": 1349.4, "px_y": 3203.2, "clat": 50.05581547423038, "clon": 82.82076412170271}, "geometry": {"type": "Point", "coordinates": [1349.4328317418694, 3203.219556733966]}}, {"type": "Feature", "properties": {"num": 435, "osm_id": 981134470, "housenumber": null, "area_m2": 71.5, "px_x": 1470.8, "px_y": 3207.5, "clat": 50.055800725363525, "clon": 82.82141538496394}, "geometry": {"type": "Point", "coordinates": [1470.837102919817, 3207.5018181577325]}}, {"type": "Feature", "properties": {"num": 436, "osm_id": 981134377, "housenumber": null, "area_m2": 58.9, "px_x": 2081.8, "px_y": 3182.2, "clat": 50.0558879, "clon": 82.8246926}, "geometry": {"type": "Point", "coordinates": [2081.754264459014, 3182.191069290042]}}, {"type": "Feature", "properties": {"num": 437, "osm_id": 981134376, "housenumber": null, "area_m2": 27.0, "px_x": 2127.6, "px_y": 3180.3, "clat": 50.05589441521979, "clon": 82.82493828025183}, "geometry": {"type": "Point", "coordinates": [2127.5523828193545, 3180.2994037792087]}}, {"type": "Feature", "properties": {"num": 438, "osm_id": 981134388, "housenumber": null, "area_m2": 475.6, "px_x": 2224.5, "px_y": 3183.9, "clat": 50.0558819, "clon": 82.8254583}, "geometry": {"type": "Point", "coordinates": [2224.4910899177194, 3183.9331427663565]}}, {"type": "Feature", "properties": {"num": 439, "osm_id": 981134385, "housenumber": null, "area_m2": 51.7, "px_x": 2386.3, "px_y": 3181.4, "clat": 50.055890773640876, "clon": 82.82632649243298}, "geometry": {"type": "Point", "coordinates": [2386.3338896781206, 3181.356720291078]}}, {"type": "Feature", "properties": {"num": 440, "osm_id": 981200576, "housenumber": null, "area_m2": 65.3, "px_x": 2698.0, "px_y": 3182.0, "clat": 50.05588849809262, "clon": 82.82799856839837}, "geometry": {"type": "Point", "coordinates": [2698.031441219151, 3182.0174157321453]}}, {"type": "Feature", "properties": {"num": 441, "osm_id": 981200577, "housenumber": null, "area_m2": 93.3, "px_x": 2729.6, "px_y": 3171.5, "clat": 50.05592455, "clon": 82.8281681}, "geometry": {"type": "Point", "coordinates": [2729.634422324598, 3171.5498991012573]}}, {"type": "Feature", "properties": {"num": 442, "osm_id": 981200574, "housenumber": null, "area_m2": 120.6, "px_x": 2828.1, "px_y": 3195.7, "clat": 50.05584125416133, "clon": 82.82869611649438}, "geometry": {"type": "Point", "coordinates": [2828.063830971718, 3195.7344765774906]}}, {"type": "Feature", "properties": {"num": 443, "osm_id": 981200568, "housenumber": null, "area_m2": 69.4, "px_x": 3025.3, "px_y": 3164.6, "clat": 50.05594860785613, "clon": 82.82975418272733}, "geometry": {"type": "Point", "coordinates": [3025.301672451198, 3164.564799413085]}}, {"type": "Feature", "properties": {"num": 444, "osm_id": 981200583, "housenumber": null, "area_m2": 55.9, "px_x": 3161.9, "px_y": 3151.3, "clat": 50.05599428310024, "clon": 82.83048709707538}, "geometry": {"type": "Point", "coordinates": [3161.9268094077706, 3151.3031703084707]}}, {"type": "Feature", "properties": {"num": 445, "osm_id": 981134473, "housenumber": null, "area_m2": 55.4, "px_x": 1305.1, "px_y": 3227.2, "clat": 50.0557329, "clon": 82.82052645}, "geometry": {"type": "Point", "coordinates": [1305.127615146339, 3227.1945641189814]}}, {"type": "Feature", "properties": {"num": 446, "osm_id": 981134471, "housenumber": null, "area_m2": 117.0, "px_x": 1417.6, "px_y": 3211.9, "clat": 50.05578558976939, "clon": 82.82112955459594}, "geometry": {"type": "Point", "coordinates": [1417.5544604435563, 3211.89636259526]}}, {"type": "Feature", "properties": {"num": 447, "osm_id": 1174022677, "housenumber": "17/1", "area_m2": 92.0, "px_x": 1564.7, "px_y": 3234.5, "clat": 50.055707663082, "clon": 82.82191864864123}, "geometry": {"type": "Point", "coordinates": [1564.6522520259023, 3234.5219665430486]}}, {"type": "Feature", "properties": {"num": 448, "osm_id": 981134501, "housenumber": null, "area_m2": 159.1, "px_x": 2013.4, "px_y": 3258.4, "clat": 50.055625554597036, "clon": 82.82432590197958}, "geometry": {"type": "Point", "coordinates": [2013.3967989608645, 3258.361693672836]}}, {"type": "Feature", "properties": {"num": 449, "osm_id": 981134387, "housenumber": null, "area_m2": 97.5, "px_x": 2153.5, "px_y": 3248.8, "clat": 50.055658516679685, "clon": 82.82507722815049}, "geometry": {"type": "Point", "coordinates": [2153.454148463905, 3248.7913471497595]}}, {"type": "Feature", "properties": {"num": 450, "osm_id": 981200552, "housenumber": null, "area_m2": 283.3, "px_x": 2602.7, "px_y": 3245.6, "clat": 50.05566949999999, "clon": 82.82748720000001}, "geometry": {"type": "Point", "coordinates": [2602.7054626122117, 3245.602403342724]}}, {"type": "Feature", "properties": {"num": 451, "osm_id": 981200575, "housenumber": null, "area_m2": 125.6, "px_x": 2824.2, "px_y": 3238.9, "clat": 50.055692535619514, "clon": 82.82867529825091}, "geometry": {"type": "Point", "coordinates": [2824.1830291077495, 3238.9141414761543]}}, {"type": "Feature", "properties": {"num": 452, "osm_id": 981200567, "housenumber": null, "area_m2": 75.7, "px_x": 3092.0, "px_y": 3267.1, "clat": 50.0555954153179, "clon": 82.8301119973947}, "geometry": {"type": "Point", "coordinates": [3092.0031609088182, 3267.112450070679]}}, {"type": "Feature", "properties": {"num": 453, "osm_id": 981134452, "housenumber": null, "area_m2": 100.7, "px_x": 871.7, "px_y": 3301.4, "clat": 50.055477185364246, "clon": 82.8182014191942}, "geometry": {"type": "Point", "coordinates": [871.710459202528, 3301.4397449940443]}}, {"type": "Feature", "properties": {"num": 454, "osm_id": 981134450, "housenumber": null, "area_m2": 68.9, "px_x": 1040.9, "px_y": 3322.4, "clat": 50.055405, "clon": 82.81910895}, "geometry": {"type": "Point", "coordinates": [1040.8864631429315, 3322.3982524983585]}}, {"type": "Feature", "properties": {"num": 455, "osm_id": 981134448, "housenumber": null, "area_m2": 103.1, "px_x": 1097.8, "px_y": 3324.5, "clat": 50.05539762555091, "clon": 82.81941437713017}, "geometry": {"type": "Point", "coordinates": [1097.8222068697214, 3324.5393696054816]}}, {"type": "Feature", "properties": {"num": 456, "osm_id": 981134447, "housenumber": null, "area_m2": 81.3, "px_x": 1162.0, "px_y": 3322.5, "clat": 50.05540452462805, "clon": 82.81975841226932}, "geometry": {"type": "Point", "coordinates": [1161.9550051018596, 3322.5362732559443]}}, {"type": "Feature", "properties": {"num": 457, "osm_id": 981134446, "housenumber": null, "area_m2": 103.8, "px_x": 1190.8, "px_y": 3306.8, "clat": 50.055458699999996, "clon": 82.81991289999999}, "geometry": {"type": "Point", "coordinates": [1190.7536053955555, 3306.806842133403]}}, {"type": "Feature", "properties": {"num": 458, "osm_id": 981134444, "housenumber": null, "area_m2": 27.4, "px_x": 1243.2, "px_y": 3303.3, "clat": 50.05547095, "clon": 82.8201945}, "geometry": {"type": "Point", "coordinates": [1243.2476501390338, 3303.250139929354]}}, {"type": "Feature", "properties": {"num": 459, "osm_id": 981134445, "housenumber": null, "area_m2": 67.9, "px_x": 1244.8, "px_y": 3324.6, "clat": 50.05539732463668, "clon": 82.82020256178221}, "geometry": {"type": "Point", "coordinates": [1244.7504752576351, 3324.6267378367484]}}, {"type": "Feature", "properties": {"num": 460, "osm_id": 981134438, "housenumber": null, "area_m2": 67.8, "px_x": 1287.4, "px_y": 3321.1, "clat": 50.05540933948589, "clon": 82.82043144525164}, "geometry": {"type": "Point", "coordinates": [1287.4174464344978, 3321.138314500451]}}, {"type": "Feature", "properties": {"num": 461, "osm_id": 981134439, "housenumber": null, "area_m2": 90.4, "px_x": 1366.9, "px_y": 3321.9, "clat": 50.05540655, "clon": 82.82085769999999}, "geometry": {"type": "Point", "coordinates": [1366.8770906999707, 3321.948221344501]}}, {"type": "Feature", "properties": {"num": 462, "osm_id": 981134432, "housenumber": null, "area_m2": 40.9, "px_x": 1584.9, "px_y": 3325.3, "clat": 50.05539485, "clon": 82.822027}, "geometry": {"type": "Point", "coordinates": [1584.8504092395306, 3325.3452303372324]}}, {"type": "Feature", "properties": {"num": 463, "osm_id": 981134386, "housenumber": null, "area_m2": 37.3, "px_x": 2238.7, "px_y": 3305.9, "clat": 50.05546187779279, "clon": 82.8255344481484}, "geometry": {"type": "Point", "coordinates": [2238.6861336305737, 3305.884192213416]}}, {"type": "Feature", "properties": {"num": 464, "osm_id": 981200550, "housenumber": null, "area_m2": 55.2, "px_x": 2489.2, "px_y": 3285.5, "clat": 50.0555322242461, "clon": 82.82687852158287}, "geometry": {"type": "Point", "coordinates": [2489.2395817413926, 3285.4595756083727]}}, {"type": "Feature", "properties": {"num": 465, "osm_id": 981200551, "housenumber": null, "area_m2": 205.0, "px_x": 2568.5, "px_y": 3300.8, "clat": 50.055479551194786, "clon": 82.82730381430592}, "geometry": {"type": "Point", "coordinates": [2568.5198914930224, 3300.7528423778713]}}, {"type": "Feature", "properties": {"num": 466, "osm_id": 981200549, "housenumber": null, "area_m2": 341.7, "px_x": 2725.5, "px_y": 3289.5, "clat": 50.05551830180473, "clon": 82.82814593070385}, "geometry": {"type": "Point", "coordinates": [2725.5017659962177, 3289.501864608377]}}, {"type": "Feature", "properties": {"num": 467, "osm_id": 981200548, "housenumber": null, "area_m2": 116.4, "px_x": 2795.0, "px_y": 3319.1, "clat": 50.055416205011554, "clon": 82.82851897949737}, "geometry": {"type": "Point", "coordinates": [2795.043101415038, 3319.14495909214]}}, {"type": "Feature", "properties": {"num": 468, "osm_id": 981200565, "housenumber": null, "area_m2": 108.5, "px_x": 2940.4, "px_y": 3295.4, "clat": 50.05549807853991, "clon": 82.82929855583565}, "geometry": {"type": "Point", "coordinates": [2940.3666638061404, 3295.3735540360212]}}, {"type": "Feature", "properties": {"num": 469, "osm_id": 981200566, "housenumber": null, "area_m2": 218.6, "px_x": 3032.4, "px_y": 3315.4, "clat": 50.05542911104852, "clon": 82.82979200809513}, "geometry": {"type": "Point", "coordinates": [3032.3528320640326, 3315.397784419358]}}, {"type": "Feature", "properties": {"num": 470, "osm_id": 981134451, "housenumber": null, "area_m2": 148.9, "px_x": 970.0, "px_y": 3346.0, "clat": 50.05532375, "clon": 82.8187285}, "geometry": {"type": "Point", "coordinates": [969.9654428511858, 3345.9885748550296]}}, {"type": "Feature", "properties": {"num": 471, "osm_id": 981134449, "housenumber": null, "area_m2": 42.1, "px_x": 1068.5, "px_y": 3354.1, "clat": 50.055295954930756, "clon": 82.81925717535634}, "geometry": {"type": "Point", "coordinates": [1068.5176722630858, 3354.058653604239]}}, {"type": "Feature", "properties": {"num": 472, "osm_id": 981134441, "housenumber": null, "area_m2": 65.0, "px_x": 1317.0, "px_y": 3343.6, "clat": 50.05533187462539, "clon": 82.82059016507776}, "geometry": {"type": "Point", "coordinates": [1317.0049665048718, 3343.6296531818807]}}, {"type": "Feature", "properties": {"num": 473, "osm_id": 981134440, "housenumber": null, "area_m2": 26.7, "px_x": 1339.9, "px_y": 3347.3, "clat": 50.0553194, "clon": 82.82071285}, "geometry": {"type": "Point", "coordinates": [1339.8750936165452, 3347.2515632919967]}}, {"type": "Feature", "properties": {"num": 474, "osm_id": 981134435, "housenumber": null, "area_m2": 79.6, "px_x": 1470.6, "px_y": 3334.5, "clat": 50.0553634, "clon": 82.82141385}, "geometry": {"type": "Point", "coordinates": [1470.5509649068117, 3334.4765025377274]}}, {"type": "Feature", "properties": {"num": 475, "osm_id": 981134434, "housenumber": null, "area_m2": 102.7, "px_x": 1531.1, "px_y": 3341.9, "clat": 50.05533777608694, "clon": 82.8217388341539}, "geometry": {"type": "Point", "coordinates": [1531.1324020922184, 3341.9162095561624]}}, {"type": "Feature", "properties": {"num": 476, "osm_id": 981134433, "housenumber": null, "area_m2": 43.3, "px_x": 1571.7, "px_y": 3359.9, "clat": 50.05527575, "clon": 82.82195645}, "geometry": {"type": "Point", "coordinates": [1571.6989360377192, 3359.9249926768243]}}, {"type": "Feature", "properties": {"num": 477, "osm_id": 981134431, "housenumber": null, "area_m2": 103.5, "px_x": 1648.4, "px_y": 3346.0, "clat": 50.05532362335182, "clon": 82.82236781014545}, "geometry": {"type": "Point", "coordinates": [1648.3820250853896, 3346.0253461673856]}}, {"type": "Feature", "properties": {"num": 478, "osm_id": 981134430, "housenumber": null, "area_m2": 72.0, "px_x": 1678.4, "px_y": 3346.6, "clat": 50.055321649999996, "clon": 82.8225286}, "geometry": {"type": "Point", "coordinates": [1678.355426415801, 3346.5982934236526]}}, {"type": "Feature", "properties": {"num": 479, "osm_id": 981134429, "housenumber": null, "area_m2": 78.4, "px_x": 1694.2, "px_y": 3345.1, "clat": 50.05532691235507, "clon": 82.82261343866277}, "geometry": {"type": "Point", "coordinates": [1694.1704994216561, 3345.0704097524285]}}, {"type": "Feature", "properties": {"num": 480, "osm_id": 981134428, "housenumber": null, "area_m2": 104.0, "px_x": 1723.9, "px_y": 3351.4, "clat": 50.05530520501992, "clon": 82.82277293885804}, "geometry": {"type": "Point", "coordinates": [1723.9034908488393, 3351.3729638159275]}}, {"type": "Feature", "properties": {"num": 481, "osm_id": 981134427, "housenumber": null, "area_m2": 69.1, "px_x": 1789.7, "px_y": 3360.9, "clat": 50.05527227018393, "clon": 82.82312611077036}, "geometry": {"type": "Point", "coordinates": [1789.7395070493221, 3360.9353290237486]}}, {"type": "Feature", "properties": {"num": 482, "osm_id": 981134426, "housenumber": null, "area_m2": 95.2, "px_x": 1857.3, "px_y": 3361.9, "clat": 50.05526907836096, "clon": 82.82348870471749}, "geometry": {"type": "Point", "coordinates": [1857.3319178372622, 3361.8620488494635]}}, {"type": "Feature", "properties": {"num": 483, "osm_id": 981134423, "housenumber": null, "area_m2": 133.3, "px_x": 1955.9, "px_y": 3378.3, "clat": 50.05521245, "clon": 82.8240172}, "geometry": {"type": "Point", "coordinates": [1955.850579060614, 3378.303622364998]}}, {"type": "Feature", "properties": {"num": 484, "osm_id": 981200538, "housenumber": null, "area_m2": 87.4, "px_x": 2721.4, "px_y": 3352.2, "clat": 50.05530237793659, "clon": 82.82812398403726}, "geometry": {"type": "Point", "coordinates": [2721.410610809922, 3352.193785022944]}}, {"type": "Feature", "properties": {"num": 485, "osm_id": 1174022671, "housenumber": "8", "area_m2": 93.0, "px_x": 2862.5, "px_y": 3344.2, "clat": 50.055329750000006, "clon": 82.82888085}, "geometry": {"type": "Point", "coordinates": [2862.5006523802876, 3344.2465216442943]}}, {"type": "Feature", "properties": {"num": 486, "osm_id": 981200547, "housenumber": null, "area_m2": 209.8, "px_x": 2928.0, "px_y": 3377.7, "clat": 50.055214645591555, "clon": 82.82923208803611}, "geometry": {"type": "Point", "coordinates": [2927.976167924702, 3377.666150983423]}}, {"type": "Feature", "properties": {"num": 487, "osm_id": 981512162, "housenumber": null, "area_m2": 62.4, "px_x": 3388.7, "px_y": 3363.4, "clat": 50.0552636155121, "clon": 82.83170369794026}, "geometry": {"type": "Point", "coordinates": [3388.717648252845, 3363.448142416775]}}, {"type": "Feature", "properties": {"num": 488, "osm_id": 981200555, "housenumber": null, "area_m2": 118.5, "px_x": 3668.0, "px_y": 3342.0, "clat": 50.05533753290402, "clon": 82.83320179882354}, "geometry": {"type": "Point", "coordinates": [3667.9838939011097, 3341.9868158362806]}}, {"type": "Feature", "properties": {"num": 489, "osm_id": 981200554, "housenumber": null, "area_m2": 165.3, "px_x": 3762.9, "px_y": 3388.2, "clat": 50.0551784, "clon": 82.83371079999999}, "geometry": {"type": "Point", "coordinates": [3762.86859036237, 3388.189747262746]}}, {"type": "Feature", "properties": {"num": 490, "osm_id": 981134453, "housenumber": null, "area_m2": 215.8, "px_x": 800.6, "px_y": 3449.0, "clat": 50.054969, "clon": 82.81782005}, "geometry": {"type": "Point", "coordinates": [800.6180886775255, 3448.987083591521]}}, {"type": "Feature", "properties": {"num": 491, "osm_id": 981134425, "housenumber": null, "area_m2": 76.9, "px_x": 1835.9, "px_y": 3410.4, "clat": 50.05510185559863, "clon": 82.8233737751592}, "geometry": {"type": "Point", "coordinates": [1835.9074953496456, 3410.4137308225036]}}, {"type": "Feature", "properties": {"num": 492, "osm_id": 981134424, "housenumber": null, "area_m2": 26.8, "px_x": 1878.7, "px_y": 3420.2, "clat": 50.05506822485891, "clon": 82.82360337755935}, "geometry": {"type": "Point", "coordinates": [1878.7084849253297, 3420.1781046390533]}}, {"type": "Feature", "properties": {"num": 493, "osm_id": 981134422, "housenumber": null, "area_m2": 82.3, "px_x": 2043.3, "px_y": 3407.6, "clat": 50.05511145, "clon": 82.82448605}, "geometry": {"type": "Point", "coordinates": [2043.2505537420511, 3407.6280839815736]}}, {"type": "Feature", "properties": {"num": 494, "osm_id": 981200546, "housenumber": null, "area_m2": 233.3, "px_x": 3016.8, "px_y": 3425.1, "clat": 50.055051302981624, "clon": 82.82970859602756}, "geometry": {"type": "Point", "coordinates": [3016.803695678711, 3425.091212399304]}}, {"type": "Feature", "properties": {"num": 495, "osm_id": 981200545, "housenumber": null, "area_m2": 63.4, "px_x": 3089.9, "px_y": 3436.5, "clat": 50.055011976843105, "clon": 82.83010076071967}, "geometry": {"type": "Point", "coordinates": [3089.908492870629, 3436.509179804474]}}, {"type": "Feature", "properties": {"num": 496, "osm_id": 981200564, "housenumber": null, "area_m2": 97.5, "px_x": 3126.0, "px_y": 3390.3, "clat": 50.055171202601265, "clon": 82.83029438114855}, "geometry": {"type": "Point", "coordinates": [3126.001956835389, 3390.279449239373]}}, {"type": "Feature", "properties": {"num": 497, "osm_id": 981200563, "housenumber": null, "area_m2": 60.2, "px_x": 3167.1, "px_y": 3393.3, "clat": 50.0551609, "clon": 82.83051465}, "geometry": {"type": "Point", "coordinates": [3167.0630468279123, 3393.270719151944]}}, {"type": "Feature", "properties": {"num": 498, "osm_id": 981200562, "housenumber": null, "area_m2": 75.8, "px_x": 3216.5, "px_y": 3436.6, "clat": 50.055011500668776, "clon": 82.83077983270843}, "geometry": {"type": "Point", "coordinates": [3216.496686592698, 3436.6474324017763]}}, {"type": "Feature", "properties": {"num": 499, "osm_id": 981512163, "housenumber": null, "area_m2": 106.6, "px_x": 3361.5, "px_y": 3419.6, "clat": 50.05507035565025, "clon": 82.83155785127529}, "geometry": {"type": "Point", "coordinates": [3361.5298593491316, 3419.5594493076205]}}, {"type": "Feature", "properties": {"num": 500, "osm_id": 981200553, "housenumber": null, "area_m2": 123.4, "px_x": 3793.4, "px_y": 3427.2, "clat": 50.055043933822176, "clon": 82.83387436975694}, "geometry": {"type": "Point", "coordinates": [3793.360203064978, 3427.2307779341936]}}, {"type": "Feature", "properties": {"num": 501, "osm_id": 981134454, "housenumber": null, "area_m2": 210.3, "px_x": 856.0, "px_y": 3500.2, "clat": 50.054792595586626, "clon": 82.81811727988459}, "geometry": {"type": "Point", "coordinates": [856.0257550626993, 3500.2042532861233]}}, {"type": "Feature", "properties": {"num": 502, "osm_id": 981134455, "housenumber": null, "area_m2": 55.0, "px_x": 934.6, "px_y": 3459.6, "clat": 50.05493241820331, "clon": 82.81853881513003}, "geometry": {"type": "Point", "coordinates": [934.6056202277541, 3459.6082397401333]}}, {"type": "Feature", "properties": {"num": 503, "osm_id": 981134459, "housenumber": null, "area_m2": 339.0, "px_x": 993.8, "px_y": 3509.6, "clat": 50.054760343734564, "clon": 82.81885635094541}, "geometry": {"type": "Point", "coordinates": [993.7985864728689, 3509.5682196244597]}}, {"type": "Feature", "properties": {"num": 504, "osm_id": 981134456, "housenumber": null, "area_m2": 116.1, "px_x": 1046.8, "px_y": 3475.9, "clat": 50.05487633120484, "clon": 82.81914083505896}, "geometry": {"type": "Point", "coordinates": [1046.8302689418197, 3475.8925189971924]}}, {"type": "Feature", "properties": {"num": 505, "osm_id": 981134463, "housenumber": null, "area_m2": 133.9, "px_x": 1182.0, "px_y": 3484.5, "clat": 50.05484665, "clon": 82.8198658}, "geometry": {"type": "Point", "coordinates": [1181.9735290333629, 3484.5101417824626]}}, {"type": "Feature", "properties": {"num": 506, "osm_id": 981134462, "housenumber": null, "area_m2": 196.1, "px_x": 1302.9, "px_y": 3494.7, "clat": 50.05481153312784, "clon": 82.8205144431417}, "geometry": {"type": "Point", "coordinates": [1302.8893745318055, 3494.705946005881]}}, {"type": "Feature", "properties": {"num": 507, "osm_id": 981134461, "housenumber": null, "area_m2": 117.6, "px_x": 1443.9, "px_y": 3504.7, "clat": 50.054776974083715, "clon": 82.82127109889629}, "geometry": {"type": "Point", "coordinates": [1443.9402304515243, 3504.739783603698]}}, {"type": "Feature", "properties": {"num": 508, "osm_id": 981200544, "housenumber": null, "area_m2": 126.2, "px_x": 3149.4, "px_y": 3455.4, "clat": 50.05494693470643, "clon": 82.8304199521707}, "geometry": {"type": "Point", "coordinates": [3149.410091973841, 3455.3935202658176]}}, {"type": "Feature", "properties": {"num": 509, "osm_id": 981512164, "housenumber": null, "area_m2": 74.2, "px_x": 3325.8, "px_y": 3478.7, "clat": 50.05486665, "clon": 82.83136635000001}, "geometry": {"type": "Point", "coordinates": [3325.8314342424273, 3478.7033546492457]}}, {"type": "Feature", "properties": {"num": 510, "osm_id": 981200561, "housenumber": null, "area_m2": 218.0, "px_x": 3370.3, "px_y": 3498.6, "clat": 50.05479800103678, "clon": 82.831605136879}, "geometry": {"type": "Point", "coordinates": [3370.3445347696543, 3498.63484037295]}}, {"type": "Feature", "properties": {"num": 511, "osm_id": 981134457, "housenumber": null, "area_m2": 59.4, "px_x": 930.6, "px_y": 3554.2, "clat": 50.0546066940299, "clon": 82.81851727401687}, "geometry": {"type": "Point", "coordinates": [930.5900656878948, 3554.178615089506]}}, {"type": "Feature", "properties": {"num": 512, "osm_id": 981134458, "housenumber": null, "area_m2": 50.5, "px_x": 1006.6, "px_y": 3564.0, "clat": 50.0545728757472, "clon": 82.81892514001142}, "geometry": {"type": "Point", "coordinates": [1006.6217977926135, 3563.9973389320076]}}, {"type": "Feature", "properties": {"num": 513, "osm_id": 981134460, "housenumber": null, "area_m2": 263.8, "px_x": 1115.9, "px_y": 3514.9, "clat": 50.054741899999996, "clon": 82.81951125}, "geometry": {"type": "Point", "coordinates": [1115.8806186690927, 3514.923149880022]}}, {"type": "Feature", "properties": {"num": 514, "osm_id": 981134464, "housenumber": null, "area_m2": 279.1, "px_x": 1249.6, "px_y": 3518.3, "clat": 50.05473026454742, "clon": 82.82022839215632}, "geometry": {"type": "Point", "coordinates": [1249.5656059905887, 3518.3013712093234]}}, {"type": "Feature", "properties": {"num": 515, "osm_id": 981134465, "housenumber": null, "area_m2": 254.0, "px_x": 1376.9, "px_y": 3521.5, "clat": 50.05471914704573, "clon": 82.8209116242957}, "geometry": {"type": "Point", "coordinates": [1376.9293080046773, 3521.5292106196284]}}, {"type": "Feature", "properties": {"num": 516, "osm_id": 1378995768, "housenumber": null, "area_m2": 618.1, "px_x": 2396.8, "px_y": 3521.1, "clat": 50.05472065, "clon": 82.82638245}, "geometry": {"type": "Point", "coordinates": [2396.7651362121105, 3521.0928450897336]}}, {"type": "Feature", "properties": {"num": 517, "osm_id": 981200537, "housenumber": null, "area_m2": 92.1, "px_x": 2925.8, "px_y": 3514.3, "clat": 50.05474415, "clon": 82.8292202}, "geometry": {"type": "Point", "coordinates": [2925.7600773721933, 3514.2698878720403]}}, {"type": "Feature", "properties": {"num": 518, "osm_id": 981200543, "housenumber": null, "area_m2": 207.8, "px_x": 3201.9, "px_y": 3525.0, "clat": 50.05470726325369, "clon": 82.83070127723784}, "geometry": {"type": "Point", "coordinates": [3201.8528854995966, 3524.9795328453183]}}, {"type": "Feature", "properties": {"num": 519, "osm_id": 981200560, "housenumber": null, "area_m2": 76.9, "px_x": 3437.3, "px_y": 3529.2, "clat": 50.05469271670043, "clon": 82.83196452244067}, "geometry": {"type": "Point", "coordinates": [3437.338859155774, 3529.2029559761286]}}, {"type": "Feature", "properties": {"num": 520, "osm_id": 981200559, "housenumber": null, "area_m2": 111.3, "px_x": 3503.3, "px_y": 3546.9, "clat": 50.05463165, "clon": 82.8323182}, "geometry": {"type": "Point", "coordinates": [3503.269134797156, 3546.932950645685]}}, {"type": "Feature", "properties": {"num": 521, "osm_id": 981134417, "housenumber": null, "area_m2": 214.9, "px_x": 1516.5, "px_y": 3621.1, "clat": 50.054376224998315, "clon": 82.82166043377119}, "geometry": {"type": "Point", "coordinates": [1516.517511472106, 3621.0923362262547]}}, {"type": "Feature", "properties": {"num": 522, "osm_id": 981134402, "housenumber": null, "area_m2": 1327.2, "px_x": 2710.0, "px_y": 3588.4, "clat": 50.054488660334904, "clon": 82.82806279315605}, "geometry": {"type": "Point", "coordinates": [2710.003803804517, 3588.448221512139]}}, {"type": "Feature", "properties": {"num": 523, "osm_id": 981200542, "housenumber": null, "area_m2": 152.8, "px_x": 3316.0, "px_y": 3575.2, "clat": 50.0545342, "clon": 82.83131375}, "geometry": {"type": "Point", "coordinates": [3316.0260835513473, 3575.226359564811]}}, {"type": "Feature", "properties": {"num": 524, "osm_id": 981200541, "housenumber": null, "area_m2": 154.8, "px_x": 3436.4, "px_y": 3606.4, "clat": 50.05442669000817, "clon": 82.8319595374463}, "geometry": {"type": "Point", "coordinates": [3436.409588858485, 3606.4404967166483]}}, {"type": "Feature", "properties": {"num": 525, "osm_id": 981200539, "housenumber": null, "area_m2": 70.8, "px_x": 3504.6, "px_y": 3617.9, "clat": 50.054387132103116, "clon": 82.83232533692123}, "geometry": {"type": "Point", "coordinates": [3504.5995533391833, 3617.9256057813764]}}, {"type": "Feature", "properties": {"num": 526, "osm_id": 981200558, "housenumber": null, "area_m2": 117.9, "px_x": 3564.3, "px_y": 3571.3, "clat": 50.05454781813851, "clon": 82.83264560380408}, "geometry": {"type": "Point", "coordinates": [3564.301627457142, 3571.2725039981306]}}, {"type": "Feature", "properties": {"num": 527, "osm_id": 981200557, "housenumber": null, "area_m2": 63.5, "px_x": 3646.2, "px_y": 3609.5, "clat": 50.05441628264441, "clon": 82.83308514387845}, "geometry": {"type": "Point", "coordinates": [3646.2378360033035, 3609.4621366113424]}}, {"type": "Feature", "properties": {"num": 528, "osm_id": 981511901, "housenumber": null, "area_m2": 34.7, "px_x": 4260.5, "px_y": 3613.3, "clat": 50.05440323159387, "clon": 82.8363803902911}, "geometry": {"type": "Point", "coordinates": [4260.516289755702, 3613.2513349428773]}}, {"type": "Feature", "properties": {"num": 529, "osm_id": 981134404, "housenumber": null, "area_m2": 738.2, "px_x": 2107.2, "px_y": 3686.8, "clat": 50.05415007196002, "clon": 82.82482893258472}, "geometry": {"type": "Point", "coordinates": [2107.168500266969, 3686.7526517659426]}}, {"type": "Feature", "properties": {"num": 530, "osm_id": 981134403, "housenumber": null, "area_m2": 1015.6, "px_x": 2416.6, "px_y": 3634.3, "clat": 50.05433065, "clon": 82.82648865}, "geometry": {"type": "Point", "coordinates": [2416.5622510910034, 3634.324413154274]}}, {"type": "Feature", "properties": {"num": 531, "osm_id": 981134401, "housenumber": null, "area_m2": 725.5, "px_x": 2722.2, "px_y": 3684.4, "clat": 50.054158184911365, "clon": 82.82812822799482}, "geometry": {"type": "Point", "coordinates": [2722.2017418518662, 3684.3971771746874]}}, {"type": "Feature", "properties": {"num": 532, "osm_id": 981134400, "housenumber": null, "area_m2": 846.5, "px_x": 2886.3, "px_y": 3635.2, "clat": 50.05432775, "clon": 82.82900839999999}, "geometry": {"type": "Point", "coordinates": [2886.277695722878, 3635.1663880348206]}}, {"type": "Feature", "properties": {"num": 533, "osm_id": 981200540, "housenumber": null, "area_m2": 75.4, "px_x": 3363.9, "px_y": 3652.3, "clat": 50.05426886843934, "clon": 82.83157030771017}, "geometry": {"type": "Point", "coordinates": [3363.851907119155, 3652.2618235610425]}}, {"type": "Feature", "properties": {"num": 534, "osm_id": 981200556, "housenumber": null, "area_m2": 163.6, "px_x": 3697.2, "px_y": 3654.0, "clat": 50.05426296510998, "clon": 82.83335839527354}, "geometry": {"type": "Point", "coordinates": [3697.1755879744887, 3653.9757713079453]}}, {"type": "Feature", "properties": {"num": 535, "osm_id": 981511902, "housenumber": null, "area_m2": 89.8, "px_x": 4292.0, "px_y": 3631.3, "clat": 50.054341102697364, "clon": 82.83654931714914}, "geometry": {"type": "Point", "coordinates": [4292.006538487971, 3631.2896166592836]}}, {"type": "Feature", "properties": {"num": 536, "osm_id": 981511899, "housenumber": null, "area_m2": 35.6, "px_x": 4459.5, "px_y": 3661.2, "clat": 50.05423815, "clon": 82.83744785}, "geometry": {"type": "Point", "coordinates": [4459.505202062428, 3661.1804833747447]}}, {"type": "Feature", "properties": {"num": 537, "osm_id": 981134416, "housenumber": null, "area_m2": 209.7, "px_x": 1391.6, "px_y": 3738.1, "clat": 50.053973215462754, "clon": 82.82099013590884}, "geometry": {"type": "Point", "coordinates": [1391.5649334713817, 3738.1002026870847]}}, {"type": "Feature", "properties": {"num": 538, "osm_id": 981134405, "housenumber": null, "area_m2": 455.1, "px_x": 2308.7, "px_y": 3698.8, "clat": 50.05410862651051, "clon": 82.8259100673662}, "geometry": {"type": "Point", "coordinates": [2308.7066308557987, 3698.7857145294547]}}, {"type": "Feature", "properties": {"num": 539, "osm_id": 1378995758, "housenumber": null, "area_m2": 104.4, "px_x": 2596.3, "px_y": 3741.2, "clat": 50.05396245, "clon": 82.8274529}, "geometry": {"type": "Point", "coordinates": [2596.311479188502, 3741.225782327354]}}, {"type": "Feature", "properties": {"num": 540, "osm_id": 981134399, "housenumber": null, "area_m2": 1653.4, "px_x": 2816.1, "px_y": 3729.5, "clat": 50.0540027, "clon": 82.82863175}, "geometry": {"type": "Point", "coordinates": [2816.0650467574596, 3729.539836086333]}}, {"type": "Feature", "properties": {"num": 541, "osm_id": 981511897, "housenumber": null, "area_m2": 56.5, "px_x": 4358.2, "px_y": 3726.3, "clat": 50.054013848794504, "clon": 82.83690431590348}, "geometry": {"type": "Point", "coordinates": [4358.183102726936, 3726.3029594905674]}}, {"type": "Feature", "properties": {"num": 542, "osm_id": 981511898, "housenumber": null, "area_m2": 100.7, "px_x": 4420.5, "px_y": 3719.8, "clat": 50.05403629283408, "clon": 82.8372385818922}, "geometry": {"type": "Point", "coordinates": [4420.494799315929, 3719.7866844050586]}}, {"type": "Feature", "properties": {"num": 543, "osm_id": 981511900, "housenumber": null, "area_m2": 121.6, "px_x": 4479.8, "px_y": 3694.8, "clat": 50.0541222027919, "clon": 82.83755696671379}, "geometry": {"type": "Point", "coordinates": [4479.846031799912, 3694.844046615064]}}, {"type": "Feature", "properties": {"num": 544, "osm_id": 981134415, "housenumber": null, "area_m2": 608.0, "px_x": 1554.4, "px_y": 3785.8, "clat": 50.053808849999996, "clon": 82.8218638}, "geometry": {"type": "Point", "coordinates": [1554.4277242347598, 3785.8210051059723]}}, {"type": "Feature", "properties": {"num": 545, "osm_id": 981134412, "housenumber": null, "area_m2": 78.0, "px_x": 1758.3, "px_y": 3802.5, "clat": 50.05375153283615, "clon": 82.82295755977714}, "geometry": {"type": "Point", "coordinates": [1758.3193245977163, 3802.462060265243]}}, {"type": "Feature", "properties": {"num": 546, "osm_id": 981134406, "housenumber": null, "area_m2": 878.5, "px_x": 2087.5, "px_y": 3804.3, "clat": 50.053745076779954, "clon": 82.82472346717023}, "geometry": {"type": "Point", "coordinates": [2087.5083220377564, 3804.336464177817]}}, {"type": "Feature", "properties": {"num": 547, "osm_id": 981134398, "housenumber": null, "area_m2": 728.6, "px_x": 2784.5, "px_y": 3805.9, "clat": 50.05373955507637, "clon": 82.8284622083445}, "geometry": {"type": "Point", "coordinates": [2784.460191473365, 3805.939594812691]}}, {"type": "Feature", "properties": {"num": 548, "osm_id": 981134394, "housenumber": null, "area_m2": 145.7, "px_x": 3070.5, "px_y": 3793.1, "clat": 50.053783712949674, "clon": 82.8299966705393}, "geometry": {"type": "Point", "coordinates": [3070.5046768710017, 3793.119118846953]}}, {"type": "Feature", "properties": {"num": 549, "osm_id": 981134395, "housenumber": null, "area_m2": 975.2, "px_x": 3170.0, "px_y": 3760.1, "clat": 50.0538976, "clon": 82.83053029999999}, "geometry": {"type": "Point", "coordinates": [3169.9804182723165, 3760.0539260208607]}}, {"type": "Feature", "properties": {"num": 550, "osm_id": 75615105, "housenumber": null, "area_m2": 71.1, "px_x": 3967.5, "px_y": 3809.5, "clat": 50.05372742899783, "clon": 82.83480834054346}, "geometry": {"type": "Point", "coordinates": [3967.4649766609073, 3809.4601902514696]}}, {"type": "Feature", "properties": {"num": 551, "osm_id": 981511895, "housenumber": null, "area_m2": 25.3, "px_x": 4313.3, "px_y": 3757.6, "clat": 50.05390618344782, "clon": 82.83666357441182}, "geometry": {"type": "Point", "coordinates": [4313.305635996163, 3757.561862885952]}}, {"type": "Feature", "properties": {"num": 552, "osm_id": 981511896, "housenumber": null, "area_m2": 38.4, "px_x": 4380.6, "px_y": 3755.1, "clat": 50.053914716836, "clon": 82.83702449811099}, "geometry": {"type": "Point", "coordinates": [4380.586689993739, 3755.084333308041]}}, {"type": "Feature", "properties": {"num": 553, "osm_id": 981134414, "housenumber": null, "area_m2": 85.0, "px_x": 1545.0, "px_y": 3824.1, "clat": 50.05367697936768, "clon": 82.82181320092732}, "geometry": {"type": "Point", "coordinates": [1544.995373427868, 3824.107351023704]}}, {"type": "Feature", "properties": {"num": 554, "osm_id": 981134397, "housenumber": null, "area_m2": 1138.1, "px_x": 2778.9, "px_y": 3860.6, "clat": 50.05355125, "clon": 82.82843235}, "geometry": {"type": "Point", "coordinates": [2778.8941926434636, 3860.6105895265937]}}, {"type": "Feature", "properties": {"num": 555, "osm_id": 981134396, "housenumber": null, "area_m2": 653.3, "px_x": 2942.3, "px_y": 3822.6, "clat": 50.0536822, "clon": 82.82930895}, "geometry": {"type": "Point", "coordinates": [2942.30427647382, 3822.5916331745684]}}, {"type": "Feature", "properties": {"num": 556, "osm_id": 981134389, "housenumber": null, "area_m2": 777.3, "px_x": 3307.0, "px_y": 3849.5, "clat": 50.05358945074711, "clon": 82.83126544550962}, "geometry": {"type": "Point", "coordinates": [3307.0214739069343, 3849.5197064876556]}}, {"type": "Feature", "properties": {"num": 557, "osm_id": 980488616, "housenumber": null, "area_m2": 61.9, "px_x": 3950.9, "px_y": 3853.6, "clat": 50.05357528276822, "clon": 82.83471939398258}, "geometry": {"type": "Point", "coordinates": [3950.8841359466314, 3853.6331191286445]}}, {"type": "Feature", "properties": {"num": 558, "osm_id": 981511894, "housenumber": null, "area_m2": 51.2, "px_x": 4423.1, "px_y": 3818.3, "clat": 50.05369688325376, "clon": 82.83725240135182}, "geometry": {"type": "Point", "coordinates": [4423.070933312178, 3818.3286104127765]}}, {"type": "Feature", "properties": {"num": 559, "osm_id": 981511893, "housenumber": null, "area_m2": 74.3, "px_x": 4448.7, "px_y": 3845.8, "clat": 50.0536021, "clon": 82.83738985}, "geometry": {"type": "Point", "coordinates": [4448.693218424916, 3845.8472270444036]}}, {"type": "Feature", "properties": {"num": 560, "osm_id": 981134413, "housenumber": null, "area_m2": 685.0, "px_x": 1850.2, "px_y": 3879.3, "clat": 50.053486762129914, "clon": 82.82345039604097}, "geometry": {"type": "Point", "coordinates": [1850.1906629428267, 3879.3334343098104]}}, {"type": "Feature", "properties": {"num": 561, "osm_id": 981200536, "housenumber": null, "area_m2": 663.4, "px_x": 2585.7, "px_y": 3882.1, "clat": 50.05347714681845, "clon": 82.8273961384383}, "geometry": {"type": "Point", "coordinates": [2585.730357170105, 3882.1250576786697]}}, {"type": "Feature", "properties": {"num": 562, "osm_id": 981134393, "housenumber": null, "area_m2": 1343.6, "px_x": 3162.8, "px_y": 3928.6, "clat": 50.053317231443124, "clon": 82.83049180405867}, "geometry": {"type": "Point", "coordinates": [3162.8042546883225, 3928.553372748196]}}, {"type": "Feature", "properties": {"num": 563, "osm_id": 981511892, "housenumber": null, "area_m2": 57.5, "px_x": 4443.4, "px_y": 3885.5, "clat": 50.05346555, "clon": 82.8373612}, "geometry": {"type": "Point", "coordinates": [4443.352471329272, 3885.4919732883573]}}, {"type": "Feature", "properties": {"num": 564, "osm_id": 981511891, "housenumber": null, "area_m2": 95.7, "px_x": 4491.8, "px_y": 3897.0, "clat": 50.05342595, "clon": 82.8376212}, "geometry": {"type": "Point", "coordinates": [4491.819984212518, 3896.9890737608075]}}, {"type": "Feature", "properties": {"num": 565, "osm_id": 981511890, "housenumber": null, "area_m2": 32.4, "px_x": 4516.0, "px_y": 3923.5, "clat": 50.0533346, "clon": 82.83775075}, "geometry": {"type": "Point", "coordinates": [4515.969854578376, 3923.510757982731]}}, {"type": "Feature", "properties": {"num": 566, "osm_id": 981511856, "housenumber": null, "area_m2": 28.1, "px_x": 4545.9, "px_y": 3887.1, "clat": 50.05345985, "clon": 82.83791145}, "geometry": {"type": "Point", "coordinates": [4545.9265058115125, 3887.1468595415354]}}, {"type": "Feature", "properties": {"num": 567, "osm_id": 981511857, "housenumber": null, "area_m2": 64.1, "px_x": 4562.6, "px_y": 3892.6, "clat": 50.05344113990532, "clon": 82.83800102436079}, "geometry": {"type": "Point", "coordinates": [4562.624376907945, 3892.57897721231]}}, {"type": "Feature", "properties": {"num": 568, "osm_id": 981134419, "housenumber": null, "area_m2": 1155.9, "px_x": 1442.5, "px_y": 3963.6, "clat": 50.05319634838235, "clon": 82.82126343608506}, "geometry": {"type": "Point", "coordinates": [1442.5117789059877, 3963.649312712252]}}, {"type": "Feature", "properties": {"num": 569, "osm_id": 981134411, "housenumber": null, "area_m2": 94.6, "px_x": 1826.4, "px_y": 3989.8, "clat": 50.05310615165518, "clon": 82.82332281248506}, "geometry": {"type": "Point", "coordinates": [1826.4073643237352, 3989.83604176715]}}, {"type": "Feature", "properties": {"num": 570, "osm_id": 981134407, "housenumber": null, "area_m2": 485.7, "px_x": 2154.4, "px_y": 3940.8, "clat": 50.0532749, "clon": 82.82508204999999}, "geometry": {"type": "Point", "coordinates": [2154.353006362915, 3940.8434570133686]}}, {"type": "Feature", "properties": {"num": 571, "osm_id": 981134390, "housenumber": null, "area_m2": 111.7, "px_x": 3382.8, "px_y": 3971.3, "clat": 50.05316995, "clon": 82.83167205000001}, "geometry": {"type": "Point", "coordinates": [3382.81804458797, 3971.3135347664356]}}, {"type": "Feature", "properties": {"num": 572, "osm_id": 1378995773, "housenumber": null, "area_m2": 327.8, "px_x": 3462.3, "px_y": 3964.1, "clat": 50.053194899999994, "clon": 82.8320983}, "geometry": {"type": "Point", "coordinates": [3462.2768036946654, 3964.069820560515]}}, {"type": "Feature", "properties": {"num": 573, "osm_id": 981511889, "housenumber": null, "area_m2": 34.0, "px_x": 4511.9, "px_y": 3956.8, "clat": 50.053220100000004, "clon": 82.83772915}, "geometry": {"type": "Point", "coordinates": [4511.943322733045, 3956.753520220518]}}, {"type": "Feature", "properties": {"num": 574, "osm_id": 981511888, "housenumber": null, "area_m2": 118.5, "px_x": 4545.3, "px_y": 3973.0, "clat": 50.05316415940862, "clon": 82.8379081741832}, "geometry": {"type": "Point", "coordinates": [4545.315849304199, 3972.994712151587]}}, {"type": "Feature", "properties": {"num": 575, "osm_id": 981511858, "housenumber": null, "area_m2": 105.1, "px_x": 4610.2, "px_y": 3960.2, "clat": 50.05320816595135, "clon": 82.83825620478427}, "geometry": {"type": "Point", "coordinates": [4610.1934556216, 3960.2183256298304]}}, {"type": "Feature", "properties": {"num": 576, "osm_id": 981511860, "housenumber": null, "area_m2": 52.3, "px_x": 4867.6, "px_y": 3969.5, "clat": 50.0531761, "clon": 82.8396373}, "geometry": {"type": "Point", "coordinates": [4867.648263961077, 3969.5280103757977]}}, {"type": "Feature", "properties": {"num": 577, "osm_id": 981134410, "housenumber": null, "area_m2": 1176.6, "px_x": 1987.0, "px_y": 4047.6, "clat": 50.0529072, "clon": 82.82418405}, "geometry": {"type": "Point", "coordinates": [1986.9536733850837, 4047.597310449928]}}, {"type": "Feature", "properties": {"num": 578, "osm_id": 981134392, "housenumber": null, "area_m2": 1393.8, "px_x": 3136.9, "px_y": 4020.6, "clat": 50.05300032418334, "clon": 82.8303529401474}, "geometry": {"type": "Point", "coordinates": [3136.9181454256177, 4020.560767132789]}}, {"type": "Feature", "properties": {"num": 579, "osm_id": 981511887, "housenumber": null, "area_m2": 79.4, "px_x": 4563.6, "px_y": 4027.4, "clat": 50.05297670294572, "clon": 82.8380063173664}, "geometry": {"type": "Point", "coordinates": [4563.611064679921, 4027.418675072491]}}, {"type": "Feature", "properties": {"num": 580, "osm_id": 981511859, "housenumber": null, "area_m2": 91.8, "px_x": 4634.5, "px_y": 3996.6, "clat": 50.05308275, "clon": 82.8383867}, "geometry": {"type": "Point", "coordinates": [4634.519526965916, 3996.63021376729]}}, {"type": "Feature", "properties": {"num": 581, "osm_id": 981511861, "housenumber": null, "area_m2": 29.2, "px_x": 4845.7, "px_y": 3991.9, "clat": 50.053098932673414, "clon": 82.83951970272554}, "geometry": {"type": "Point", "coordinates": [4845.72654312849, 3991.931919671595]}}, {"type": "Feature", "properties": {"num": 582, "osm_id": 981511862, "housenumber": null, "area_m2": 69.7, "px_x": 4861.7, "px_y": 4026.3, "clat": 50.05298065, "clon": 82.83960545}, "geometry": {"type": "Point", "coordinates": [4861.710993640125, 4026.27273472026]}}, {"type": "Feature", "properties": {"num": 583, "osm_id": 981511863, "housenumber": null, "area_m2": 26.3, "px_x": 4960.1, "px_y": 4038.6, "clat": 50.052938234417915, "clon": 82.84013350983479}, "geometry": {"type": "Point", "coordinates": [4960.14848151803, 4038.587160654366]}}, {"type": "Feature", "properties": {"num": 584, "osm_id": 981134418, "housenumber": null, "area_m2": 1448.7, "px_x": 1694.3, "px_y": 4073.1, "clat": 50.05281924538253, "clon": 82.82261396980414}, "geometry": {"type": "Point", "coordinates": [1694.2695113494992, 4073.132936678827]}}, {"type": "Feature", "properties": {"num": 585, "osm_id": 981134391, "housenumber": null, "area_m2": 732.0, "px_x": 3470.9, "px_y": 4063.6, "clat": 50.05285222385349, "clon": 82.83214447578139}, "geometry": {"type": "Point", "coordinates": [3470.884593233466, 4063.5583918727934]}}, {"type": "Feature", "properties": {"num": 586, "osm_id": 981511886, "housenumber": null, "area_m2": 107.2, "px_x": 4520.2, "px_y": 4050.4, "clat": 50.0528977, "clon": 82.83777334999999}, "geometry": {"type": "Point", "coordinates": [4520.182799935341, 4050.3554220087826]}}, {"type": "Feature", "properties": {"num": 587, "osm_id": 981511884, "housenumber": null, "area_m2": 65.6, "px_x": 4655.7, "px_y": 4087.5, "clat": 50.052769663445744, "clon": 82.83850038733297}, "geometry": {"type": "Point", "coordinates": [4655.7123818695545, 4087.527905665338]}}, {"type": "Feature", "properties": {"num": 588, "osm_id": 981511864, "housenumber": null, "area_m2": 62.9, "px_x": 4957.3, "px_y": 4100.7, "clat": 50.05272418356858, "clon": 82.84011830255687}, "geometry": {"type": "Point", "coordinates": [4957.313639447093, 4100.731923405081]}}, {"type": "Feature", "properties": {"num": 589, "osm_id": 981134420, "housenumber": null, "area_m2": 1970.7, "px_x": 1338.2, "px_y": 4148.1, "clat": 50.05256115936105, "clon": 82.82070404139832}, "geometry": {"type": "Point", "coordinates": [1338.2330512478948, 4148.062083166093]}}, {"type": "Feature", "properties": {"num": 590, "osm_id": 981134409, "housenumber": null, "area_m2": 58.6, "px_x": 1933.3, "px_y": 4142.8, "clat": 50.05257924704199, "clon": 82.82389616924155}, "geometry": {"type": "Point", "coordinates": [1933.2888104245067, 4142.810767740011]}}, {"type": "Feature", "properties": {"num": 591, "osm_id": 981512165, "housenumber": null, "area_m2": 62.1, "px_x": 2280.9, "px_y": 4136.5, "clat": 50.0526011, "clon": 82.8257607}, "geometry": {"type": "Point", "coordinates": [2280.8625356778502, 4136.466293640435]}}, {"type": "Feature", "properties": {"num": 592, "osm_id": 1378995757, "housenumber": null, "area_m2": 62.4, "px_x": 2768.3, "px_y": 4111.7, "clat": 50.0526863, "clon": 82.82837570000001}, "geometry": {"type": "Point", "coordinates": [2768.3338672444224, 4111.730521209538]}}, {"type": "Feature", "properties": {"num": 593, "osm_id": 981511885, "housenumber": null, "area_m2": 128.7, "px_x": 4634.1, "px_y": 4117.7, "clat": 50.052665615867525, "clon": 82.83838419405167}, "geometry": {"type": "Point", "coordinates": [4634.052384346724, 4117.735666021705]}}, {"type": "Feature", "properties": {"num": 594, "osm_id": 981511883, "housenumber": null, "area_m2": 74.6, "px_x": 4672.1, "px_y": 4114.6, "clat": 50.05267635, "clon": 82.83858835}, "geometry": {"type": "Point", "coordinates": [4672.109811484814, 4114.6192668527365]}}, {"type": "Feature", "properties": {"num": 595, "osm_id": 981511882, "housenumber": null, "area_m2": 174.7, "px_x": 4801.5, "px_y": 4131.7, "clat": 50.05261752729581, "clon": 82.83928245714608}, "geometry": {"type": "Point", "coordinates": [4801.500761665404, 4131.697026509792]}}, {"type": "Feature", "properties": {"num": 596, "osm_id": 981511881, "housenumber": null, "area_m2": 120.7, "px_x": 4844.2, "px_y": 4148.4, "clat": 50.052559900950094, "clon": 82.83951173303696}, "geometry": {"type": "Point", "coordinates": [4844.24088550359, 4148.42743191123]}}, {"type": "Feature", "properties": {"num": 597, "osm_id": 981511879, "housenumber": null, "area_m2": 99.9, "px_x": 4892.7, "px_y": 4153.1, "clat": 50.05254365, "clon": 82.8397719}, "geometry": {"type": "Point", "coordinates": [4892.739522561431, 4153.145495682955]}}, {"type": "Feature", "properties": {"num": 598, "osm_id": 981134408, "housenumber": null, "area_m2": 79.7, "px_x": 1971.0, "px_y": 4178.3, "clat": 50.05245699421979, "clon": 82.82409847663412}, "geometry": {"type": "Point", "coordinates": [1971.0016417950392, 4178.303843740374]}}, {"type": "Feature", "properties": {"num": 599, "osm_id": 981511880, "housenumber": null, "area_m2": 87.3, "px_x": 4818.8, "px_y": 4179.3, "clat": 50.0524535, "clon": 82.8393754}, "geometry": {"type": "Point", "coordinates": [4818.826565399766, 4179.318302497268]}}, {"type": "Feature", "properties": {"num": 600, "osm_id": 981511878, "housenumber": null, "area_m2": 206.2, "px_x": 4926.9, "px_y": 4207.8, "clat": 50.05235522845263, "clon": 82.83995509090103}, "geometry": {"type": "Point", "coordinates": [4926.888781622052, 4207.84894226864]}}, {"type": "Feature", "properties": {"num": 601, "osm_id": 981134421, "housenumber": null, "area_m2": 2090.6, "px_x": 1281.3, "px_y": 4263.3, "clat": 50.05216412827892, "clon": 82.82039858432024}, "geometry": {"type": "Point", "coordinates": [1281.2917248308659, 4263.329841095954]}}, {"type": "Feature", "properties": {"num": 602, "osm_id": 981511877, "housenumber": null, "area_m2": 115.7, "px_x": 4975.2, "px_y": 4234.0, "clat": 50.05226499989054, "clon": 82.84021441667943}, "geometry": {"type": "Point", "coordinates": [4975.230610497296, 4234.044454753399]}}, {"type": "Feature", "properties": {"num": 603, "osm_id": 981511876, "housenumber": null, "area_m2": 69.9, "px_x": 5029.4, "px_y": 4256.7, "clat": 50.05218685132769, "clon": 82.84050526655986}, "geometry": {"type": "Point", "coordinates": [5029.448957912624, 4256.732814345509]}}, {"type": "Feature", "properties": {"num": 604, "osm_id": 75615152, "housenumber": null, "area_m2": 2782.9, "px_x": 2216.4, "px_y": 4311.6, "clat": 50.05199800051592, "clon": 82.82541503271179}, "geometry": {"type": "Point", "coordinates": [2216.425482816994, 4311.560479126871]}}, {"type": "Feature", "properties": {"num": 605, "osm_id": 981511875, "housenumber": null, "area_m2": 58.9, "px_x": 5004.9, "px_y": 4299.8, "clat": 50.052038499297225, "clon": 82.84037358333549}, "geometry": {"type": "Point", "coordinates": [5004.90142570436, 4299.802784509957]}}, {"type": "Feature", "properties": {"num": 606, "osm_id": 981511874, "housenumber": null, "area_m2": 75.6, "px_x": 5035.9, "px_y": 4317.4, "clat": 50.05197774164208, "clon": 82.840539776634}, "geometry": {"type": "Point", "coordinates": [5035.882102005184, 4317.442075897008]}}, {"type": "Feature", "properties": {"num": 607, "osm_id": 981511873, "housenumber": null, "area_m2": 64.2, "px_x": 5072.0, "px_y": 4315.1, "clat": 50.051985755171934, "clon": 82.84073376770999}, "geometry": {"type": "Point", "coordinates": [5072.044659607112, 4315.115572176874]}}, {"type": "Feature", "properties": {"num": 608, "osm_id": 980751691, "housenumber": null, "area_m2": 656.6, "px_x": 1870.6, "px_y": 4399.0, "clat": 50.05169689880245, "clon": 82.82355983524909}, "geometry": {"type": "Point", "coordinates": [1870.5916099771857, 4398.976674918085]}}, {"type": "Feature", "properties": {"num": 609, "osm_id": 981511872, "housenumber": null, "area_m2": 53.6, "px_x": 5094.3, "px_y": 4352.2, "clat": 50.051858133326576, "clon": 82.84085295001644}, "geometry": {"type": "Point", "coordinates": [5094.261851809919, 4352.166950635612]}}, {"type": "Feature", "properties": {"num": 610, "osm_id": 981511871, "housenumber": null, "area_m2": 105.3, "px_x": 5059.6, "px_y": 4422.3, "clat": 50.0516165862584, "clon": 82.84066692334429}, "geometry": {"type": "Point", "coordinates": [5059.583966702223, 4422.2930124253035]}}, {"type": "Feature", "properties": {"num": 611, "osm_id": 981511870, "housenumber": null, "area_m2": 185.7, "px_x": 5112.0, "px_y": 4422.5, "clat": 50.05161583571109, "clon": 82.84094816151236}, "geometry": {"type": "Point", "coordinates": [5112.010561063886, 4422.510911136866]}}, {"type": "Feature", "properties": {"num": 612, "osm_id": 981511869, "housenumber": null, "area_m2": 66.8, "px_x": 5140.1, "px_y": 4461.1, "clat": 50.051482993240526, "clon": 82.84109888184848}, "geometry": {"type": "Point", "coordinates": [5140.106868118048, 4461.077650465071]}}, {"type": "Feature", "properties": {"num": 613, "osm_id": 75615072, "housenumber": null, "area_m2": 1523.2, "px_x": 1809.0, "px_y": 4493.1, "clat": 50.05137281869412, "clon": 82.82322960511813}, "geometry": {"type": "Point", "coordinates": [1809.032251790166, 4493.063371866941]}}, {"type": "Feature", "properties": {"num": 614, "osm_id": 980751694, "housenumber": null, "area_m2": 1400.8, "px_x": 2117.2, "px_y": 4496.4, "clat": 50.051361251042636, "clon": 82.82488296489137}, "geometry": {"type": "Point", "coordinates": [2117.240852251649, 4496.421672131866]}}, {"type": "Feature", "properties": {"num": 615, "osm_id": 981511868, "housenumber": null, "area_m2": 35.7, "px_x": 5123.2, "px_y": 4471.0, "clat": 50.05144885, "clon": 82.841008}, "geometry": {"type": "Point", "coordinates": [5123.165263645351, 4470.990076523274]}}, {"type": "Feature", "properties": {"num": 616, "osm_id": 981511867, "housenumber": null, "area_m2": 58.2, "px_x": 5166.5, "px_y": 4488.5, "clat": 50.05138841238443, "clon": 82.84124062701474}, "geometry": {"type": "Point", "coordinates": [5166.53008223325, 4488.536237798631]}}, {"type": "Feature", "properties": {"num": 617, "osm_id": 981511866, "housenumber": null, "area_m2": 56.3, "px_x": 5136.9, "px_y": 4563.5, "clat": 50.05113025, "clon": 82.8410816}, "geometry": {"type": "Point", "coordinates": [5136.885298058391, 4563.4853196665645]}}, {"type": "Feature", "properties": {"num": 618, "osm_id": 1378995774, "housenumber": null, "area_m2": 84.9, "px_x": 1813.4, "px_y": 4647.0, "clat": 50.05084274976966, "clon": 82.82325316749578}, "geometry": {"type": "Point", "coordinates": [1813.424597337842, 4646.951219797134]}}, {"type": "Feature", "properties": {"num": 619, "osm_id": 980751693, "housenumber": null, "area_m2": 1896.0, "px_x": 2061.5, "px_y": 4608.6, "clat": 50.05097483195797, "clon": 82.82458390303883}, "geometry": {"type": "Point", "coordinates": [2061.4916822835803, 4608.60571699962]}}, {"type": "Feature", "properties": {"num": 620, "osm_id": 981511865, "housenumber": null, "area_m2": 29.6, "px_x": 5081.4, "px_y": 4619.9, "clat": 50.050936, "clon": 82.8407842}, "geometry": {"type": "Point", "coordinates": [5081.44591986388, 4619.879246145487]}}, {"type": "Feature", "properties": {"num": 621, "osm_id": 1378995775, "housenumber": null, "area_m2": 812.5, "px_x": 1999.8, "px_y": 4673.6, "clat": 50.05075105, "clon": 82.82425295}, "geometry": {"type": "Point", "coordinates": [1999.797564305365, 4673.573019608855]}}, {"type": "Feature", "properties": {"num": 622, "osm_id": 980751692, "housenumber": null, "area_m2": 1121.0, "px_x": 1975.0, "px_y": 4772.7, "clat": 50.0504095, "clon": 82.82412005}, "geometry": {"type": "Point", "coordinates": [1975.0232086852193, 4772.729590192437]}}, {"type": "Feature", "properties": {"num": 623, "osm_id": 981511944, "housenumber": null, "area_m2": 80.9, "px_x": 5250.5, "px_y": 4790.1, "clat": 50.05034961600206, "clon": 82.84169089452057}, "geometry": {"type": "Point", "coordinates": [5250.466028943658, 4790.114649578929]}}, {"type": "Feature", "properties": {"num": 624, "osm_id": 981511945, "housenumber": null, "area_m2": 53.8, "px_x": 5291.8, "px_y": 4928.6, "clat": 50.04987265, "clon": 82.8419126}, "geometry": {"type": "Point", "coordinates": [5291.794925794005, 4928.5829579383135]}}, {"type": "Feature", "properties": {"num": 625, "osm_id": 981511943, "housenumber": null, "area_m2": 150.2, "px_x": 5167.9, "px_y": 4996.1, "clat": 50.049640213691596, "clon": 82.84124799792104}, "geometry": {"type": "Point", "coordinates": [5167.904118768871, 4996.061194144189]}}, {"type": "Feature", "properties": {"num": 626, "osm_id": 981511946, "housenumber": null, "area_m2": 57.7, "px_x": 5307.2, "px_y": 4957.9, "clat": 50.049771516179945, "clon": 82.84199516097675}, "geometry": {"type": "Point", "coordinates": [5307.185407355428, 4957.94300577417]}}, {"type": "Feature", "properties": {"num": 627, "osm_id": 981511947, "housenumber": null, "area_m2": 91.2, "px_x": 5322.1, "px_y": 4983.4, "clat": 50.04968383298355, "clon": 82.84207500093528}, "geometry": {"type": "Point", "coordinates": [5322.068654343486, 4983.398167811334]}}, {"type": "Feature", "properties": {"num": 628, "osm_id": 981511948, "housenumber": null, "area_m2": 26.2, "px_x": 5317.7, "px_y": 5047.9, "clat": 50.04946175, "clon": 82.84205180000001}, "geometry": {"type": "Point", "coordinates": [5317.7436865493655, 5047.870499100536]}}, {"type": "Feature", "properties": {"num": 629, "osm_id": 981511949, "housenumber": null, "area_m2": 97.4, "px_x": 5357.9, "px_y": 5050.4, "clat": 50.04945305, "clon": 82.84226745}, "geometry": {"type": "Point", "coordinates": [5357.943760216236, 5050.396167319268]}}, {"type": "Feature", "properties": {"num": 630, "osm_id": 981511950, "housenumber": null, "area_m2": 52.0, "px_x": 5334.4, "px_y": 5084.0, "clat": 50.04933735, "clon": 82.8421412}, "geometry": {"type": "Point", "coordinates": [5334.40905443579, 5083.984608035535]}}, {"type": "Feature", "properties": {"num": 631, "osm_id": 981511951, "housenumber": null, "area_m2": 99.2, "px_x": 5360.8, "px_y": 5106.6, "clat": 50.04925959570853, "clon": 82.84228278440482}, "geometry": {"type": "Point", "coordinates": [5360.802300453186, 5106.557124428451]}}, {"type": "Feature", "properties": {"num": 632, "osm_id": 981511952, "housenumber": null, "area_m2": 35.2, "px_x": 5359.9, "px_y": 5137.9, "clat": 50.04915155, "clon": 82.8422781}, "geometry": {"type": "Point", "coordinates": [5359.929064102471, 5137.923352055252]}}, {"type": "Feature", "properties": {"num": 633, "osm_id": 981511953, "housenumber": null, "area_m2": 88.4, "px_x": 5398.6, "px_y": 5161.3, "clat": 50.049070854871566, "clon": 82.84248561697679}, "geometry": {"type": "Point", "coordinates": [5398.613032363355, 5161.349518857896]}}, {"type": "Feature", "properties": {"num": 634, "osm_id": 981511954, "housenumber": null, "area_m2": 76.1, "px_x": 5429.3, "px_y": 5231.4, "clat": 50.048829600000005, "clon": 82.8426501}, "geometry": {"type": "Point", "coordinates": [5429.274890244007, 5231.386682391167]}}, {"type": "Feature", "properties": {"num": 635, "osm_id": 981511956, "housenumber": null, "area_m2": 56.6, "px_x": 5421.7, "px_y": 5285.0, "clat": 50.048644917907694, "clon": 82.84260944335794}, "geometry": {"type": "Point", "coordinates": [5421.695942848921, 5285.00032518059]}}, {"type": "Feature", "properties": {"num": 636, "osm_id": 981511955, "housenumber": null, "area_m2": 50.6, "px_x": 5459.3, "px_y": 5276.7, "clat": 50.04867363173143, "clon": 82.84281096043502}, "geometry": {"type": "Point", "coordinates": [5459.261448733509, 5276.664648622274]}}, {"type": "Feature", "properties": {"num": 637, "osm_id": 981511903, "housenumber": null, "area_m2": 26.9, "px_x": 5751.9, "px_y": 5269.4, "clat": 50.04869863445507, "clon": 82.84438060666739}, "geometry": {"type": "Point", "coordinates": [5751.864714115858, 5269.406307276338]}}, {"type": "Feature", "properties": {"num": 638, "osm_id": 981511905, "housenumber": null, "area_m2": 90.5, "px_x": 5771.8, "px_y": 5302.4, "clat": 50.0485849, "clon": 82.8444876}, "geometry": {"type": "Point", "coordinates": [5771.809716902673, 5302.423619557172]}}, {"type": "Feature", "properties": {"num": 639, "osm_id": 981511957, "housenumber": null, "area_m2": 99.5, "px_x": 5416.8, "px_y": 5336.2, "clat": 50.0484685, "clon": 82.84258305}, "geometry": {"type": "Point", "coordinates": [5416.775864325464, 5336.214663203806]}}, {"type": "Feature", "properties": {"num": 640, "osm_id": 981511958, "housenumber": null, "area_m2": 55.6, "px_x": 5461.6, "px_y": 5334.2, "clat": 50.048475432522494, "clon": 82.84282345791917}, "geometry": {"type": "Point", "coordinates": [5461.591148629785, 5334.202146850526]}}, {"type": "Feature", "properties": {"num": 641, "osm_id": 981511904, "housenumber": null, "area_m2": 32.8, "px_x": 5744.2, "px_y": 5318.9, "clat": 50.0485281147308, "clon": 82.84433955990998}, "geometry": {"type": "Point", "coordinates": [5744.2130439430475, 5318.908453766257]}}, {"type": "Feature", "properties": {"num": 642, "osm_id": 981511960, "housenumber": null, "area_m2": 38.6, "px_x": 5468.1, "px_y": 5422.4, "clat": 50.04817150039028, "clon": 82.84285816707565}, "geometry": {"type": "Point", "coordinates": [5468.06140435487, 5422.433594062924]}}, {"type": "Feature", "properties": {"num": 643, "osm_id": 981511959, "housenumber": null, "area_m2": 56.3, "px_x": 5479.1, "px_y": 5388.4, "clat": 50.04828880200719, "clon": 82.84291716809318}, "geometry": {"type": "Point", "coordinates": [5479.0599912032485, 5388.381020478904]}}, {"type": "Feature", "properties": {"num": 644, "osm_id": 981511968, "housenumber": null, "area_m2": 35.2, "px_x": 5660.8, "px_y": 5421.2, "clat": 50.0481756956442, "clon": 82.84389218239913}, "geometry": {"type": "Point", "coordinates": [5660.815831355751, 5421.215716354549]}}, {"type": "Feature", "properties": {"num": 645, "osm_id": 981511906, "housenumber": null, "area_m2": 83.3, "px_x": 5842.1, "px_y": 5374.9, "clat": 50.04833521387159, "clon": 82.84486471111792}, "geometry": {"type": "Point", "coordinates": [5842.108324475586, 5374.9076672159135]}}, {"type": "Feature", "properties": {"num": 646, "osm_id": 981511907, "housenumber": null, "area_m2": 68.1, "px_x": 5881.5, "px_y": 5395.7, "clat": 50.048263746782574, "clon": 82.84507606539857}, "geometry": {"type": "Point", "coordinates": [5881.507618024945, 5395.654540847987]}}, {"type": "Feature", "properties": {"num": 647, "osm_id": 981511962, "housenumber": null, "area_m2": 82.6, "px_x": 5452.1, "px_y": 5451.7, "clat": 50.048070814229305, "clon": 82.8427724259021}, "geometry": {"type": "Point", "coordinates": [5452.078091152012, 5451.662646569312]}}, {"type": "Feature", "properties": {"num": 648, "osm_id": 981511961, "housenumber": null, "area_m2": 76.5, "px_x": 5490.8, "px_y": 5444.0, "clat": 50.048097332463904, "clon": 82.84298020141985}, "geometry": {"type": "Point", "coordinates": [5490.81025493145, 5443.964445896447]}}, {"type": "Feature", "properties": {"num": 649, "osm_id": 981511963, "housenumber": null, "area_m2": 63.1, "px_x": 5516.6, "px_y": 5481.4, "clat": 50.0479683, "clon": 82.8431185}, "geometry": {"type": "Point", "coordinates": [5516.590978845954, 5481.4223217740655]}}, {"type": "Feature", "properties": {"num": 650, "osm_id": 981511965, "housenumber": null, "area_m2": 45.0, "px_x": 5561.7, "px_y": 5462.8, "clat": 50.04803251484797, "clon": 82.84336035420637}, "geometry": {"type": "Point", "coordinates": [5561.675870627165, 5462.78088761121]}}, {"type": "Feature", "properties": {"num": 651, "osm_id": 981511966, "housenumber": null, "area_m2": 64.4, "px_x": 5594.0, "px_y": 5437.9, "clat": 50.04811838281102, "clon": 82.84353370251765}, "geometry": {"type": "Point", "coordinates": [5593.990337982774, 5437.853561095893]}}, {"type": "Feature", "properties": {"num": 652, "osm_id": 981511969, "housenumber": null, "area_m2": 40.5, "px_x": 5651.8, "px_y": 5442.4, "clat": 50.0481026656195, "clon": 82.84384370568813}, "geometry": {"type": "Point", "coordinates": [5651.779117450118, 5442.416238922626]}}, {"type": "Feature", "properties": {"num": 653, "osm_id": 981511967, "housenumber": null, "area_m2": 87.1, "px_x": 5677.5, "px_y": 5478.1, "clat": 50.0479796, "clon": 82.8439819}, "geometry": {"type": "Point", "coordinates": [5677.540404342115, 5478.141957551241]}}, {"type": "Feature", "properties": {"num": 654, "osm_id": 981511908, "housenumber": null, "area_m2": 86.2, "px_x": 5966.6, "px_y": 5462.5, "clat": 50.04803365, "clon": 82.84553245}, "geometry": {"type": "Point", "coordinates": [5966.5838739946485, 5462.451355159283]}}, {"type": "Feature", "properties": {"num": 655, "osm_id": 981511964, "housenumber": null, "area_m2": 80.1, "px_x": 5493.1, "px_y": 5494.2, "clat": 50.04792439216322, "clon": 82.84299223667449}, "geometry": {"type": "Point", "coordinates": [5493.053789012134, 5494.168659299612]}}, {"type": "Feature", "properties": {"num": 656, "osm_id": 981511971, "housenumber": null, "area_m2": 84.8, "px_x": 5656.9, "px_y": 5536.1, "clat": 50.04778003571373, "clon": 82.84387131914684}, "geometry": {"type": "Point", "coordinates": [5656.92663923651, 5536.074901003391]}}, {"type": "Feature", "properties": {"num": 657, "osm_id": 981511909, "housenumber": null, "area_m2": 63.3, "px_x": 5945.6, "px_y": 5502.6, "clat": 50.04789545, "clon": 82.84541970000001}, "geometry": {"type": "Point", "coordinates": [5945.565750606358, 5502.570492055267]}}, {"type": "Feature", "properties": {"num": 658, "osm_id": 981511910, "housenumber": null, "area_m2": 45.0, "px_x": 5990.8, "px_y": 5513.3, "clat": 50.0478584, "clon": 82.8456625}, "geometry": {"type": "Point", "coordinates": [5990.826951108873, 5513.326000794768]}}, {"type": "Feature", "properties": {"num": 659, "osm_id": 981511912, "housenumber": null, "area_m2": 106.1, "px_x": 6164.3, "px_y": 5514.7, "clat": 50.04785371443095, "clon": 82.84659299126966}, "geometry": {"type": "Point", "coordinates": [6164.283095739782, 5514.686207462102]}}, {"type": "Feature", "properties": {"num": 660, "osm_id": 981511976, "housenumber": null, "area_m2": 53.7, "px_x": 5443.8, "px_y": 5572.2, "clat": 50.04765554940179, "clon": 82.84272813292728}, "geometry": {"type": "Point", "coordinates": [5443.821282193065, 5572.212800517678]}}, {"type": "Feature", "properties": {"num": 661, "osm_id": 981511975, "housenumber": null, "area_m2": 25.2, "px_x": 5464.1, "px_y": 5586.1, "clat": 50.0476076, "clon": 82.8428371}, "geometry": {"type": "Point", "coordinates": [5464.134216815233, 5586.132303185761]}}, {"type": "Feature", "properties": {"num": 662, "osm_id": 981511972, "housenumber": null, "area_m2": 56.5, "px_x": 5565.9, "px_y": 5550.3, "clat": 50.047731, "clon": 82.84338325}, "geometry": {"type": "Point", "coordinates": [5565.9439559057355, 5550.30979205668]}}, {"type": "Feature", "properties": {"num": 663, "osm_id": 981511974, "housenumber": null, "area_m2": 63.5, "px_x": 5600.4, "px_y": 5583.4, "clat": 50.04761685, "clon": 82.84356805}, "geometry": {"type": "Point", "coordinates": [5600.393172763288, 5583.447069521993]}}, {"type": "Feature", "properties": {"num": 664, "osm_id": 981511973, "housenumber": null, "area_m2": 34.3, "px_x": 5633.1, "px_y": 5595.2, "clat": 50.047576251666705, "clon": 82.84374326729657}, "geometry": {"type": "Point", "coordinates": [5633.056044228375, 5595.232580401003]}}, {"type": "Feature", "properties": {"num": 665, "osm_id": 981511970, "housenumber": null, "area_m2": 75.8, "px_x": 5701.4, "px_y": 5579.0, "clat": 50.04763229698903, "clon": 82.84410963197244}, "geometry": {"type": "Point", "coordinates": [5701.351369805634, 5578.962876487523]}}, {"type": "Feature", "properties": {"num": 666, "osm_id": 981511911, "housenumber": null, "area_m2": 224.8, "px_x": 6060.3, "px_y": 5562.1, "clat": 50.04769034853401, "clon": 82.8460350165452}, "geometry": {"type": "Point", "coordinates": [6060.26906824857, 5562.110755171627]}}, {"type": "Feature", "properties": {"num": 667, "osm_id": 981511977, "housenumber": null, "area_m2": 111.8, "px_x": 5505.9, "px_y": 5661.2, "clat": 50.047348952320725, "clon": 82.84306101696862}, "geometry": {"type": "Point", "coordinates": [5505.875365130603, 5661.216359041631]}}, {"type": "Feature", "properties": {"num": 668, "osm_id": 1378995756, "housenumber": null, "area_m2": 90.2, "px_x": 6158.8, "px_y": 5863.9, "clat": 50.04665074135782, "clon": 82.84656353349722}, "geometry": {"type": "Point", "coordinates": [6158.791768953204, 5863.901295252144]}}, {"type": "Feature", "properties": {"num": 669, "osm_id": 981511923, "housenumber": null, "area_m2": 113.0, "px_x": 6065.5, "px_y": 5967.5, "clat": 50.046293719498046, "clon": 82.84606317258351}, "geometry": {"type": "Point", "coordinates": [6065.517734207213, 5967.540684003383]}}, {"type": "Feature", "properties": {"num": 670, "osm_id": 981511922, "housenumber": null, "area_m2": 75.2, "px_x": 6164.4, "px_y": 5937.1, "clat": 50.04639855204027, "clon": 82.84659348680445}, "geometry": {"type": "Point", "coordinates": [6164.375470131636, 5937.109068244696]}}, {"type": "Feature", "properties": {"num": 671, "osm_id": 981511924, "housenumber": null, "area_m2": 93.7, "px_x": 6041.7, "px_y": 6021.7, "clat": 50.04610731800412, "clon": 82.8459353466963}, "geometry": {"type": "Point", "coordinates": [6041.689261764288, 6021.65061314404]}}, {"type": "Feature", "properties": {"num": 672, "osm_id": 981511914, "housenumber": null, "area_m2": 81.7, "px_x": 6394.5, "px_y": 6002.9, "clat": 50.0461718, "clon": 82.84782795000001}, "geometry": {"type": "Point", "coordinates": [6394.49608875066, 6002.932352237403]}}, {"type": "Feature", "properties": {"num": 673, "osm_id": 981511915, "housenumber": null, "area_m2": 87.8, "px_x": 6430.0, "px_y": 6008.7, "clat": 50.0461521, "clon": 82.84801855}, "geometry": {"type": "Point", "coordinates": [6430.026503965259, 6008.651001401246]}}, {"type": "Feature", "properties": {"num": 674, "osm_id": 981511926, "housenumber": null, "area_m2": 265.0, "px_x": 6071.1, "px_y": 6068.7, "clat": 50.045945313974414, "clon": 82.84609292692909}, "geometry": {"type": "Point", "coordinates": [6071.064346238971, 6068.678105078638]}}, {"type": "Feature", "properties": {"num": 675, "osm_id": 981511917, "housenumber": null, "area_m2": 75.0, "px_x": 6460.2, "px_y": 6061.2, "clat": 50.04597099581923, "clon": 82.84818033360283}, "geometry": {"type": "Point", "coordinates": [6460.185153409839, 6061.223037220538]}}, {"type": "Feature", "properties": {"num": 676, "osm_id": 981511913, "housenumber": null, "area_m2": 22.0, "px_x": 6510.0, "px_y": 6077.0, "clat": 50.045916500000004, "clon": 82.84844765}, "geometry": {"type": "Point", "coordinates": [6510.016541585326, 6077.042380079627]}}, {"type": "Feature", "properties": {"num": 677, "osm_id": 981511932, "housenumber": null, "area_m2": 94.5, "px_x": 5905.7, "px_y": 6101.5, "clat": 50.0458322, "clon": 82.84520605}, "geometry": {"type": "Point", "coordinates": [5905.738503962755, 6101.513407289982]}}, {"type": "Feature", "properties": {"num": 678, "osm_id": 981511933, "housenumber": null, "area_m2": 95.6, "px_x": 5952.6, "px_y": 6140.3, "clat": 50.045698417432476, "clon": 82.84545729778128}, "geometry": {"type": "Point", "coordinates": [5952.5744850337505, 6140.348394390196]}}, {"type": "Feature", "properties": {"num": 679, "osm_id": 981511925, "housenumber": null, "area_m2": 67.5, "px_x": 6075.9, "px_y": 6121.2, "clat": 50.045764477838034, "clon": 82.84611878841831}, "geometry": {"type": "Point", "coordinates": [6075.885277248919, 6121.172105319798]}}, {"type": "Feature", "properties": {"num": 680, "osm_id": 981511937, "housenumber": null, "area_m2": 62.2, "px_x": 5762.2, "px_y": 6196.5, "clat": 50.04550493326809, "clon": 82.84443630196944}, "geometry": {"type": "Point", "coordinates": [5762.247070915997, 6196.513629902154]}}, {"type": "Feature", "properties": {"num": 681, "osm_id": 981511935, "housenumber": null, "area_m2": 37.0, "px_x": 5826.9, "px_y": 6193.6, "clat": 50.04551485412533, "clon": 82.84478322112875}, "geometry": {"type": "Point", "coordinates": [5826.917489476502, 6193.633775524795]}}, {"type": "Feature", "properties": {"num": 682, "osm_id": 981511934, "housenumber": null, "area_m2": 68.0, "px_x": 5859.2, "px_y": 6208.6, "clat": 50.04546321950352, "clon": 82.84495628302214}, "geometry": {"type": "Point", "coordinates": [5859.178564667702, 6208.622412443161]}}, {"type": "Feature", "properties": {"num": 683, "osm_id": 981511927, "housenumber": null, "area_m2": 29.9, "px_x": 5981.3, "px_y": 6206.3, "clat": 50.045471347773336, "clon": 82.84561123190853}, "geometry": {"type": "Point", "coordinates": [5981.269886173308, 6206.262917481363]}}, {"type": "Feature", "properties": {"num": 684, "osm_id": 981511920, "housenumber": null, "area_m2": 37.3, "px_x": 6209.1, "px_y": 6167.6, "clat": 50.045604584177674, "clon": 82.8468335265673}, "geometry": {"type": "Point", "coordinates": [6209.122125126421, 6167.5866561979055]}}, {"type": "Feature", "properties": {"num": 685, "osm_id": 981511919, "housenumber": null, "area_m2": 45.4, "px_x": 6250.3, "px_y": 6205.5, "clat": 50.0454739, "clon": 82.84705455}, "geometry": {"type": "Point", "coordinates": [6250.323879249394, 6205.522050514817]}}, {"type": "Feature", "properties": {"num": 686, "osm_id": 981511938, "housenumber": null, "area_m2": 99.0, "px_x": 5751.9, "px_y": 6255.7, "clat": 50.0453011, "clon": 82.844381}, "geometry": {"type": "Point", "coordinates": [5751.938036620617, 6255.682793237269]}}, {"type": "Feature", "properties": {"num": 687, "osm_id": 981511936, "housenumber": null, "area_m2": 78.2, "px_x": 5826.6, "px_y": 6227.2, "clat": 50.04539930365462, "clon": 82.84478131873277}, "geometry": {"type": "Point", "coordinates": [5826.562857158482, 6227.176054660231]}}, {"type": "Feature", "properties": {"num": 688, "osm_id": 981511928, "housenumber": null, "area_m2": 34.1, "px_x": 5941.3, "px_y": 6237.5, "clat": 50.0453638632686, "clon": 82.84539655646896}, "geometry": {"type": "Point", "coordinates": [5941.251483723521, 6237.463762223721]}}, {"type": "Feature", "properties": {"num": 689, "osm_id": 981511939, "housenumber": null, "area_m2": 56.3, "px_x": 5649.1, "px_y": 6272.3, "clat": 50.04524389997999, "clon": 82.84382921664276}, "geometry": {"type": "Point", "coordinates": [5649.07816362381, 6272.286894012243]}}, {"type": "Feature", "properties": {"num": 690, "osm_id": 981511941, "housenumber": null, "area_m2": 52.7, "px_x": 5661.5, "px_y": 6307.0, "clat": 50.0451244, "clon": 82.84389595}, "geometry": {"type": "Point", "coordinates": [5661.5181630551815, 6306.975449323654]}}, {"type": "Feature", "properties": {"num": 691, "osm_id": 981511940, "housenumber": null, "area_m2": 75.4, "px_x": 5688.7, "px_y": 6309.4, "clat": 50.0451161, "clon": 82.84404155}, "geometry": {"type": "Point", "coordinates": [5688.659970276058, 6309.384777136147]}}, {"type": "Feature", "properties": {"num": 692, "osm_id": 981511930, "housenumber": null, "area_m2": 44.1, "px_x": 5854.1, "px_y": 6293.2, "clat": 50.04517183174518, "clon": 82.8449292084212}, "geometry": {"type": "Point", "coordinates": [5854.131493240595, 6293.206932529807]}}, {"type": "Feature", "properties": {"num": 693, "osm_id": 981511929, "housenumber": null, "area_m2": 32.3, "px_x": 5868.0, "px_y": 6272.4, "clat": 50.045243378734256, "clon": 82.84500348482538}, "geometry": {"type": "Point", "coordinates": [5867.977618537843, 6272.438201852143]}}, {"type": "Feature", "properties": {"num": 694, "osm_id": 981511942, "housenumber": null, "area_m2": 77.7, "px_x": 5627.7, "px_y": 6341.3, "clat": 50.0450061, "clon": 82.84371449999999}, "geometry": {"type": "Point", "coordinates": [5627.693431459367, 6341.31558835879]}}, {"type": "Feature", "properties": {"num": 695, "osm_id": 981511931, "housenumber": null, "area_m2": 22.3, "px_x": 5812.5, "px_y": 6342.0, "clat": 50.0450036, "clon": 82.84470565000001}, "geometry": {"type": "Point", "coordinates": [5812.457183010876, 6342.041287764907]}}]}